game_id,action_number,year,month,day,api_game_id,uuid
22500868,101,2026,3,1,22500868,63a23097-3fdf-bf83-d694-62a1c2094af7
22500868,103,2026,3,1,22500868,3d52762a-0371-e66f-4579-19cf4adf2a20
22500868,132,2026,3,1,22500868,0d3f9c00-483a-9e22-0813-8eb399b04f7f
22500868,176,2026,3,1,22500868,a1cc1fe6-1b9e-0dd6-9cec-fcafd44aa2f0
22500868,199,2026,3,1,22500868,813b86da-f748-6de4-6b07-9bc3fb4b4cc2
22500868,228,2026,3,1,22500868,d041755b-faaf-8bce-20c7-0f1a52951798
22500868,24,2026,3,1,22500868,fc8a8934-692a-2ef1-f522-41c60eba08b3
22500868,241,2026,3,1,22500868,93153b91-e3e2-06fa-d114-7505a1dda1b3
22500868,246,2026,3,1,22500868,aec2ba82-09ad-b822-74ce-f1fa1a875b3c
22500868,254,2026,3,1,22500868,b0476057-81ea-5191-753e-a1c608429b1a
22500868,276,2026,3,1,22500868,d1f102ac-9878-83e2-c4ac-2b86c170dbbb
22500868,285,2026,3,1,22500868,584442db-b81a-73d6-29bd-346ba0db466a
22500868,287,2026,3,1,22500868,71180a6c-74c9-06f2-dc81-b1a3e98203dc
22500868,291,2026,3,1,22500868,dfed4d12-2fe7-c280-20c7-6ecf70168fa0
22500868,294,2026,3,1,22500868,a622e618-d2b0-d3b7-4bca-d2e893b96e8a
22500868,296,2026,3,1,22500868,07717471-4020-efd0-3f3f-d8e0d3592f50
22500868,330,2026,3,1,22500868,9907b425-d343-183e-761b-b92b917a3c1d
22500868,344,2026,3,1,22500868,e06d0795-5ad3-791a-579f-966fc2f47c61
22500868,353,2026,3,1,22500868,a0fb286b-0bef-750a-f802-1ef2a6b06721
22500868,364,2026,3,1,22500868,424cb77b-f079-7eb6-7a08-47be785c10f1
22500868,372,2026,3,1,22500868,1d61d0b8-b9fc-abce-527e-c09aef4a01b1
22500868,374,2026,3,1,22500868,530d8619-53a8-0299-29b6-0771cd4d1c25
22500868,379,2026,3,1,22500868,a456fee2-e3a7-9651-b382-3a07e2aaf873
22500868,381,2026,3,1,22500868,d5c86e07-b6b0-ba41-89c3-8a858375d1c6
22500868,385,2026,3,1,22500868,fd43ef0b-b704-2780-096f-2d6d5cf0802c
22500868,391,2026,3,1,22500868,62d2d30e-d8b7-53eb-d984-f4ecc605062e
22500868,393,2026,3,1,22500868,63de11f5-1ef9-e013-0ae5-ad5550c2e004
22500868,398,2026,3,1,22500868,dd618e1d-7cd2-8378-b16b-400bbb01f72a
22500868,43,2026,3,1,22500868,b87a552e-5388-dc98-ef69-a205b86ffe85
22500868,449,2026,3,1,22500868,1cb3c4f8-a9b3-afa7-e8a9-29de02413cf2
22500868,46,2026,3,1,22500868,b39be94d-bb36-da46-331e-104a6751a546
22500868,475,2026,3,1,22500868,50a1f195-1c70-d10d-10b6-5289e15cbc88
22500868,485,2026,3,1,22500868,a25b74f1-b086-9b59-043a-97c06714ae0c
22500868,490,2026,3,1,22500868,3de5f9a8-48b0-9800-5839-099f9aba1f01
22500868,505,2026,3,1,22500868,a34509d8-c837-e4c8-8121-b785e0734cb0
22500868,51,2026,3,1,22500868,b0455051-cbec-e1d4-7ea6-a491ebbc2bde
22500868,543,2026,3,1,22500868,f2d99972-fc96-5e04-7514-69a359313ca9
22500868,547,2026,3,1,22500868,ba936214-3977-7305-6015-55a6da863d6d
22500868,574,2026,3,1,22500868,4737ed15-2464-e309-5a21-c4c6ff51787b
22500868,584,2026,3,1,22500868,b42f8783-ab98-9f95-f7c6-f93f52151b3a
22500868,605,2026,3,1,22500868,2450de3c-fc39-c617-6f2c-947a84e3d864
22500868,635,2026,3,1,22500868,a5f1417e-ee72-3952-e061-d81f549050e4
22500868,639,2026,3,1,22500868,4272608c-0fa1-b0cd-a629-7e62c13b79e3
22500868,644,2026,3,1,22500868,45ff6c09-dcd8-2f87-bf43-26c2b34ecf76
22500868,660,2026,3,1,22500868,98791304-96cf-567d-755e-91c28f32bf8a
22500868,672,2026,3,1,22500868,90f724e8-0c6d-a102-9160-3346cb56ca7d
22500868,685,2026,3,1,22500868,f424813b-50be-36c8-8a5c-c598a91cfeec
22500868,70,2026,3,1,22500868,c0123154-b2e0-dba5-ae74-0cd8db20cd73
22500868,704,2026,3,1,22500868,c46c352c-47ea-0bbe-c55a-7d40292229eb
22500868,714,2026,3,1,22500868,4d91c7f9-0ecb-983c-7ff9-0bf54f7d1450
22500868,91,2026,3,1,22500868,fa05b100-0007-8cb7-5a1f-037e1dd945e8
22500868,93,2026,3,1,22500868,2dd22ba4-ca3c-6db5-f4e9-fc38e7d43607
22500868,116,2026,3,1,22500868,959aad04-d1e7-a672-e521-07dc1b1c0abe
22500868,327,2026,3,1,22500868,26f14485-4b43-44ed-f463-fb40584323d8
22500868,346,2026,3,1,22500868,bd36d75d-f4bc-0683-0a9d-5b6f06ae3d12
22500868,38,2026,3,1,22500868,eb1d5906-794a-8040-1e57-5f9bb8c2f1c4
22500868,440,2026,3,1,22500868,a7338354-82c8-8703-6ea8-7e71a1f9e207
22500868,53,2026,3,1,22500868,ef60439a-24fd-e8a6-eb43-493252a9f149
22500868,576,2026,3,1,22500868,bba1b5c8-d5a6-4fb3-a599-a274ecbbeab3
22500868,653,2026,3,1,22500868,64ddece7-914d-ca70-26c2-c191dbddfb38
22500868,105,2026,3,1,22500868,bc5bf11e-a219-8869-0fc4-81216f43db11
22500868,119,2026,3,1,22500868,7ac5754d-1d0e-f43d-fcfc-e5cc82139679
22500868,125,2026,3,1,22500868,5d1fb93a-6cbb-5021-a2e0-b5e4f51c298c
22500868,129,2026,3,1,22500868,f4b9a630-2760-9e22-c76a-87e1f123dff9
22500868,131,2026,3,1,22500868,fd6376bd-f2ba-3726-1b59-ce3d1033c9e1
22500868,149,2026,3,1,22500868,fb46b8cc-5488-5a80-d77b-e50c70ffde7e
22500868,15,2026,3,1,22500868,65088877-9bd6-2328-530a-2cad54654240
22500868,153,2026,3,1,22500868,5b2b08e7-4735-cf4b-eefb-89c6e4ab84ee
22500868,155,2026,3,1,22500868,afb678d6-f7b2-6085-e42f-7109299a44ae
22500868,158,2026,3,1,22500868,d1180408-959a-b3a5-37f2-a780129ed8ac
22500868,17,2026,3,1,22500868,19b87a30-e220-2651-d72a-815aa3d92e73
22500868,174,2026,3,1,22500868,e123cc02-9bd8-7475-4dd2-e9292a5c6b05
22500868,178,2026,3,1,22500868,bf675517-3912-342a-2649-0b744d6cc07d
22500868,180,2026,3,1,22500868,deef811f-1215-8fde-ff29-3ffb1dbe2184
22500868,183,2026,3,1,22500868,d3c72406-a13b-35f6-4817-8af8ff4bc56f
22500868,189,2026,3,1,22500868,e416384d-3d6a-13a7-5ea0-a3e351ddcd1d
22500868,192,2026,3,1,22500868,1fba6f60-2331-ef26-9219-4b199dc0e259
22500868,196,2026,3,1,22500868,df848562-10db-e4e3-fc90-7eb97d9654e1
22500868,197,2026,3,1,22500868,539e6468-9a47-b1c0-b57a-4ae89c931109
22500868,201,2026,3,1,22500868,a0aabca7-3fc2-e8af-d1d0-2da093f16062
22500868,203,2026,3,1,22500868,fb03c8eb-d522-d28c-c965-205205ada225
22500868,205,2026,3,1,22500868,2a1acaf9-79d8-5471-fb56-1d73c10db9fa
22500868,21,2026,3,1,22500868,3dac3c5b-256a-b020-4d04-7f48fd1e7ee2
22500868,217,2026,3,1,22500868,e5144ad8-e8b8-aa9d-36c4-5536f8fda0f1
22500868,222,2026,3,1,22500868,6faa80f9-7e41-5818-cb71-a3832ff66e27
22500868,224,2026,3,1,22500868,5e87b8e3-b8d8-eb1a-dad9-d8913aef85d0
22500868,226,2026,3,1,22500868,81c2a504-7b55-7185-9a94-6a04102c9b1a
22500868,23,2026,3,1,22500868,f9fd3556-7f9d-2609-5647-de995a1ac986
22500868,230,2026,3,1,22500868,45fb34b7-cf5f-6669-5965-38b9515403ea
22500868,232,2026,3,1,22500868,ca0bb05f-85ed-68bf-7939-75c04e7750ac
22500868,256,2026,3,1,22500868,e42897ed-4dd5-f2f4-1dcc-f3e071fb1bde
22500868,26,2026,3,1,22500868,c09747b0-3799-2875-3c14-63c269a493d4
22500868,261,2026,3,1,22500868,1972cc38-81ce-3f44-97e3-b7acb46cab46
22500868,274,2026,3,1,22500868,de9bc46d-1ce5-5010-f330-639e2122bdc6
22500868,280,2026,3,1,22500868,05370b69-8409-9602-af58-b2da6e55f9b0
22500868,289,2026,3,1,22500868,23b7fe31-7297-6574-ffb9-096e0c44f121
22500868,295,2026,3,1,22500868,3e68b984-0218-e287-3248-b6857a9dc331
22500868,298,2026,3,1,22500868,3dee51f3-8f77-0028-9d2d-8a41f8262b16
22500868,303,2026,3,1,22500868,2fa2a2f7-908f-3893-7552-ec5fb9ef2ca7
22500868,305,2026,3,1,22500868,e4f02ec9-76f5-d9fc-b089-098855d60737
22500868,307,2026,3,1,22500868,8b964749-b558-d559-6c4a-398eb3de653e
22500868,317,2026,3,1,22500868,9db4adf3-b465-6fde-5494-97ba57c1214d
22500868,319,2026,3,1,22500868,6a06ade4-5ac2-3ef0-07dc-0d7ff2f158a9
22500868,32,2026,3,1,22500868,607a478a-27a7-d0d5-d068-c727f3cc515a
22500868,321,2026,3,1,22500868,49bc413d-cd54-9a69-40a3-252e110c6cf1
22500868,349,2026,3,1,22500868,2005fc68-1c6d-6319-6e95-e721a3b43bac
22500868,35,2026,3,1,22500868,a2809319-7162-6635-df28-fcfbf7e7f30a
22500868,351,2026,3,1,22500868,30659728-16e4-2d8e-bc70-f44573f80a5d
22500868,355,2026,3,1,22500868,48f07a2d-9c5f-0390-f058-00363fa961f0
22500868,367,2026,3,1,22500868,49324d44-ee3a-1e2d-5773-314ef9031489
22500868,376,2026,3,1,22500868,2a450b89-d226-1f4c-4752-f6ecb0506236
22500868,383,2026,3,1,22500868,f5083a28-93ed-bfb0-e88c-863ef54672f1
22500868,389,2026,3,1,22500868,5bedc8d4-1e91-f9e6-cf86-e7bf2075fcbc
22500868,400,2026,3,1,22500868,a7d980db-5370-e74b-2397-87de637dc6f7
22500868,402,2026,3,1,22500868,05b4d503-4575-28b4-fd94-ce9000b4d45d
22500868,41,2026,3,1,22500868,9d86bb44-c336-c032-0d60-8490d3bb3255
22500868,420,2026,3,1,22500868,4c7feb9b-8f03-fcc9-e165-0fae25a5fe72
22500868,427,2026,3,1,22500868,dd52ede8-8138-aaa7-cb09-7d4aca040e9c
22500868,429,2026,3,1,22500868,3c1d9399-de4e-9df2-8a92-f2490d5129ed
22500868,433,2026,3,1,22500868,a73c5dbb-ce8e-0e6a-1875-faff6fddea51
22500868,437,2026,3,1,22500868,2ec79feb-0051-67cf-f5aa-68542f19e70f
22500868,445,2026,3,1,22500868,58c393b5-d51e-2703-9360-cb33fe36259f
22500868,453,2026,3,1,22500868,e55ffe87-0eaf-8069-e5c6-0e9dea28ceea
22500868,455,2026,3,1,22500868,77a92397-4f25-4f6b-c527-7dcefe4a9884
22500868,467,2026,3,1,22500868,21dc6d1c-936a-25a1-ebe6-71fffa6ab2a8
22500868,477,2026,3,1,22500868,2e944570-74d5-a522-0772-46f9b384c545
22500868,479,2026,3,1,22500868,7bc2210c-1c1c-fa40-3585-496c6bf1ca8d
22500868,48,2026,3,1,22500868,c0424c4c-4e90-9e64-c48c-e122de242a04
22500868,481,2026,3,1,22500868,1f34c89e-cd5d-4237-88d9-20d593e289fd
22500868,49,2026,3,1,22500868,fcac39b1-8a2d-63f0-d186-5f3493ddedc1
22500868,492,2026,3,1,22500868,e70a6fa6-0195-d22e-3431-2e76e4247c7d
22500868,494,2026,3,1,22500868,c0e51a1b-0fd0-66b6-c771-8a82ba33c04a
22500868,507,2026,3,1,22500868,71499c23-38b3-87eb-dfd8-99ebf2ea4912
22500868,509,2026,3,1,22500868,05f49bb0-720e-11f6-4573-af3e52020469
22500868,527,2026,3,1,22500868,2af89b18-7694-1693-8581-9da784b0175a
22500868,545,2026,3,1,22500868,60ff62d6-e1fe-0cbe-b226-18d8d92f0262
22500868,552,2026,3,1,22500868,188804b8-4346-d9fe-f23a-05e8d07ec7d0
22500868,559,2026,3,1,22500868,df02152f-befc-edef-3396-ea384be2b971
22500868,56,2026,3,1,22500868,ccf2d537-06b3-0ff5-0dbc-3c87f47661e7
22500868,561,2026,3,1,22500868,e6ae250c-b1c5-70b9-3a4c-1c27eed6ef40
22500868,562,2026,3,1,22500868,6248592e-c292-1808-b7ff-12d26e2de308
22500868,566,2026,3,1,22500868,66ef25b3-4171-99af-5f78-dd8c5398966d
22500868,579,2026,3,1,22500868,b3df35c6-4757-1386-0d5d-e5218d1a1d95
22500868,58,2026,3,1,22500868,1fedf576-0035-d934-108e-060fbec96857
22500868,598,2026,3,1,22500868,91dfe7d1-8fe9-db0e-e0c1-e3619a60f9e6
22500868,60,2026,3,1,22500868,ef827ef5-aa12-b9d6-659d-632e248587ff
22500868,609,2026,3,1,22500868,5d9be377-42d0-4bcf-c7e9-5bc463f36437
22500868,620,2026,3,1,22500868,eb9b60cd-44de-cbb7-015e-915e4c30cbc3
22500868,626,2026,3,1,22500868,8a89c2ab-9989-9334-b1ee-83b02b826bad
22500868,641,2026,3,1,22500868,1dcfe1de-1c26-867e-4a02-e566cd490631
22500868,643,2026,3,1,22500868,ba80da65-2d4d-46ea-19ce-98fe7533d12c
22500868,645,2026,3,1,22500868,153a3b01-86d5-a9ae-0e32-2f1b5e0885ce
22500868,647,2026,3,1,22500868,a376ba54-dec6-9718-d509-339aaaaa1bf1
22500868,662,2026,3,1,22500868,006ce639-2a9e-d905-5f70-9e5f52d17f49
22500868,666,2026,3,1,22500868,05f54a90-6b66-1e46-af1e-c0f11cd8ac23
22500868,668,2026,3,1,22500868,993415d7-cc9e-d898-4fea-9712bdd59fc8
22500868,67,2026,3,1,22500868,c7e21ac4-92fc-9447-cc16-423df81bb847
22500868,670,2026,3,1,22500868,feec4402-7667-1e47-6b44-ba7ebb56e6ad
22500868,687,2026,3,1,22500868,6350fdac-7827-05bd-7e2c-1f81d3ca65f4
22500868,688,2026,3,1,22500868,3539761f-75b6-aeba-44bc-a7074b6a72e8
22500868,690,2026,3,1,22500868,99226677-d344-c034-1df2-815d6e8f5517
22500868,7,2026,3,1,22500868,5f964acf-d5b4-d89a-ca3f-5b950e86ac88
22500868,703,2026,3,1,22500868,c8bf73f7-03cb-c86f-ae08-2db0f272fa00
22500868,708,2026,3,1,22500868,cd2683a0-8f72-23b3-c4da-da9c022a6467
22500868,711,2026,3,1,22500868,505c6b02-50fe-838f-198a-ee0a35fcaa32
22500868,713,2026,3,1,22500868,16b538b6-f160-897a-ab83-0335a648e9f5
22500868,716,2026,3,1,22500868,81d90ea4-5a49-8e43-8012-b88faf7637f9
22500868,72,2026,3,1,22500868,36f54b17-6e12-34a3-a008-fbb946af733b
22500868,723,2026,3,1,22500868,abf6f91f-7539-7900-244b-97aa306f7625
22500868,87,2026,3,1,22500868,c783aef6-dc4c-7b18-d8f7-ab5b2c24f5cd
22500868,89,2026,3,1,22500868,97f8f130-c282-7d46-4f97-a98d1ae1a749
22500868,94,2026,3,1,22500868,b392cbaf-2a6a-c13a-20cc-af8ca3b12631
22500868,97,2026,3,1,22500868,14729e83-37ea-f9e0-7e12-8fb9cd77981c
22500868,99,2026,3,1,22500868,f24c9a17-3fae-396c-0079-20ba45fa34e6
22500868,100,2026,3,1,22500868,13af15b3-bae7-ffa9-0077-18c9ff364ad8
22500868,106,2026,3,1,22500868,6de6842e-0b28-8884-f732-f926c0f91d5b
22500868,118,2026,3,1,22500868,d2778caa-755c-3371-8bf0-6113ed12fa88
22500868,126,2026,3,1,22500868,1625fbb7-a5d2-fd02-05a3-06eb97870e8c
22500868,130,2026,3,1,22500868,7b3ff439-69b5-7002-eee8-3deddbee3afb
22500868,141,2026,3,1,22500868,9474a43b-3906-aff2-fb42-186acc744664
22500868,154,2026,3,1,22500868,75d5b1b0-42e6-19bc-7600-fca97d621bd3
22500868,159,2026,3,1,22500868,61c1131e-116d-15c3-4cec-565a96665c31
22500868,16,2026,3,1,22500868,02f76340-14f3-8043-77e0-7dba1e925a63
22500868,175,2026,3,1,22500868,aad5febc-4fc7-2b24-b43c-7e0de8dccfdc
22500868,179,2026,3,1,22500868,fd51e3eb-913a-f31a-9a36-d0d990b13ef9
22500868,18,2026,3,1,22500868,0d54b55d-2135-5939-e8aa-8fd521c11406
22500868,198,2026,3,1,22500868,8d73423d-4786-d798-756f-e8ee3e7c207f
22500868,202,2026,3,1,22500868,d9397f47-d37e-c64b-656c-aca4fbf46c45
22500868,204,2026,3,1,22500868,7eeabd4d-4dca-ca37-236e-583c6f46ec04
22500868,22,2026,3,1,22500868,6f1587c9-9117-2174-7647-bdf54178d489
22500868,221,2026,3,1,22500868,775326c8-3765-98cc-81f9-60b28746e720
22500868,223,2026,3,1,22500868,25e9b407-7a93-d5a5-784d-898d73dcef8f
22500868,225,2026,3,1,22500868,2b0794f9-7b74-22b5-dbc5-a5e7e1b87d9e
22500868,227,2026,3,1,22500868,935f4202-fe01-b65b-bd35-552e465e732f
22500868,231,2026,3,1,22500868,80bbe147-5875-53a6-5139-0afb632678d7
22500868,233,2026,3,1,22500868,ffba8752-fa75-9728-6b77-915c5739bba7
22500868,257,2026,3,1,22500868,802f4bce-e909-02a8-3deb-299392d026fb
22500868,262,2026,3,1,22500868,d21cde4b-c1e8-f89b-99ef-9e4e4b7ef2e1
22500868,27,2026,3,1,22500868,097a822c-64f5-51d9-1867-1ae17eeac8f5
22500868,275,2026,3,1,22500868,db078a56-08d9-6e6c-7ee3-4fd92f93e79d
22500868,290,2026,3,1,22500868,222b334d-9935-ec5c-7bfb-7606a2ff7172
22500868,304,2026,3,1,22500868,10e6c91b-e544-95af-a8df-b1df738166d5
22500868,306,2026,3,1,22500868,37a7a837-4bc9-d08f-bdfd-ffb5551cbe54
22500868,308,2026,3,1,22500868,d9d3a395-75de-c4bc-cea9-26cf2fb0650d
22500868,318,2026,3,1,22500868,45a39ef9-9eab-d26d-a77d-666ac31894e4
22500868,320,2026,3,1,22500868,82acf972-a9fa-fd4b-fe1e-0373e3efef64
22500868,322,2026,3,1,22500868,1d5eacbe-2cc6-5746-6ce4-7249ddca3489
22500868,329,2026,3,1,22500868,0a897db3-0ad8-3822-35af-08b9160b0577
22500868,33,2026,3,1,22500868,605abdf1-a981-4244-71e4-9e1be8695e03
22500868,348,2026,3,1,22500868,5f7fc95e-7447-71d0-877e-fe6fe93308c4
22500868,350,2026,3,1,22500868,3d1d1a16-fd95-41e7-6c01-17caaaf608a4
22500868,352,2026,3,1,22500868,e6592775-4d56-15b1-72c0-2445a7e62e2e
22500868,356,2026,3,1,22500868,130e7e5a-1eb1-8bb7-dcd4-d7afe8a65221
22500868,368,2026,3,1,22500868,357ee0fe-03ed-a8c6-11dd-58ea3134bb97
22500868,377,2026,3,1,22500868,c84855bd-2e61-3c72-af0f-769c6dd9d93f
22500868,384,2026,3,1,22500868,e425f38c-17c4-95b0-0828-9aa94b25c3cc
22500868,390,2026,3,1,22500868,d57eef53-e4e8-b76c-ca79-fc203022d15b
22500868,40,2026,3,1,22500868,3e2149e0-629e-7dc0-b2a2-02c4563f0968
22500868,401,2026,3,1,22500868,9ca8d9a6-2750-7cd4-794a-731349e9e63e
22500868,403,2026,3,1,22500868,c9f76cfe-f6a6-be02-d7f0-b72dcd384be5
22500868,419,2026,3,1,22500868,7ac080db-a2f1-6af9-d833-750372da7ad1
22500868,42,2026,3,1,22500868,478eb46d-cbde-f912-fc05-cf057f6fa537
22500868,426,2026,3,1,22500868,9e4c5197-a26f-3d2d-6fc9-db299b4a7b94
22500868,428,2026,3,1,22500868,7ca0241c-f71b-62c5-2076-14fb3335d2f1
22500868,434,2026,3,1,22500868,c5c053c2-a787-0e22-22ae-5d4710219bf2
22500868,442,2026,3,1,22500868,295cfdd4-151c-7823-c4d1-ae33290ef104
22500868,444,2026,3,1,22500868,26a705ef-446b-cbda-8c3f-e25bdb8a616b
22500868,454,2026,3,1,22500868,82f14dcc-75e9-0eaf-1d75-3e0b7983e398
22500868,468,2026,3,1,22500868,b767d3cc-7876-efb6-f9a3-27021de3a498
22500868,478,2026,3,1,22500868,d6d9c14e-34ca-0df3-4d3a-b4b149b2b9d2
22500868,480,2026,3,1,22500868,5d94333f-cfbd-d288-4c77-1050f38b1127
22500868,493,2026,3,1,22500868,9f555826-56c2-599e-8e9e-5aac47ccba1b
22500868,50,2026,3,1,22500868,c53b82e2-3891-e972-66ec-e06f35ac545e
22500868,504,2026,3,1,22500868,de22b37f-d038-fa31-c0b2-99f69c2545ad
22500868,508,2026,3,1,22500868,a6c6d221-3dd0-7920-be9a-9c746f4a6c7b
22500868,510,2026,3,1,22500868,28663870-5542-4bd4-3fed-07b773f9054f
22500868,528,2026,3,1,22500868,3568dc59-784c-c6c9-1add-a724f8ccad97
22500868,546,2026,3,1,22500868,e7f106e3-bd7a-94aa-8efc-0b17d3ae52ff
22500868,55,2026,3,1,22500868,6ac1f976-0077-60b3-fd53-889f7c38e1ca
22500868,553,2026,3,1,22500868,6e664676-75c1-57bb-eae5-f32a109cba89
22500868,560,2026,3,1,22500868,34a93375-ae2b-e20e-fe0d-2e4e3ffaea0f
22500868,563,2026,3,1,22500868,ef59c32a-2600-f0fd-ff74-e591168d0c07
22500868,567,2026,3,1,22500868,8eeac9df-6faf-ab8f-16f1-a6933db642fc
22500868,57,2026,3,1,22500868,14c2e455-1401-2a30-fdf4-59d56536f0af
22500868,578,2026,3,1,22500868,5ded8d8d-7fd7-7f3a-0099-5dd67fa71423
22500868,580,2026,3,1,22500868,44c0d438-aac9-8a72-ecae-6d321114c2fe
22500868,59,2026,3,1,22500868,be8d22d5-99fe-2834-c150-921da1d09f0c
22500868,597,2026,3,1,22500868,1c14d01e-69e9-b426-b0e3-155e6351839a
22500868,599,2026,3,1,22500868,f76b87b2-ae65-ceee-c591-fe6dcdfca553
22500868,61,2026,3,1,22500868,ada96237-b7be-7717-0635-829eb6c9d9a0
22500868,610,2026,3,1,22500868,ee8f3665-e93c-2975-edac-28e700d5450d
22500868,627,2026,3,1,22500868,20a8f648-dd21-f82f-9816-c8f0ffc433c9
22500868,642,2026,3,1,22500868,34c586fb-e386-319f-8305-4cc75246eff0
22500868,646,2026,3,1,22500868,52df4482-734a-cc76-a273-e2af6dd7f8a7
22500868,648,2026,3,1,22500868,face5881-ea2c-135c-5760-aa9be618eb09
22500868,663,2026,3,1,22500868,44c4883b-482a-43e6-6d07-871415135f5e
22500868,667,2026,3,1,22500868,e12c946e-8277-0b73-5d18-e43ff8ceb9d2
22500868,669,2026,3,1,22500868,915762cb-8aeb-bfb1-5ae2-c9f2ea970c90
22500868,671,2026,3,1,22500868,0e6d767e-a809-4964-7171-e02a664ed841
22500868,689,2026,3,1,22500868,8b0c2ce2-7c6b-3443-0215-78ff895ce569
22500868,709,2026,3,1,22500868,35cbb395-4b20-86ef-c157-971c7897a750
22500868,712,2026,3,1,22500868,2ee1a2e9-2ad7-9b50-aa8a-88f99ea5195e
22500868,717,2026,3,1,22500868,9442a640-8ecf-9903-f108-0e59bf3d0e90
22500868,724,2026,3,1,22500868,04330121-b7ce-7f46-a08c-6c285e18da64
22500868,73,2026,3,1,22500868,558854ec-a0ca-dc60-c7b5-0052b6aad348
22500868,88,2026,3,1,22500868,507eabf5-ca1f-c3fb-5619-3812d0b34562
22500868,90,2026,3,1,22500868,eaa037df-cb38-90b2-44e8-26a580406843
22500868,95,2026,3,1,22500868,231772eb-cc3a-f38d-0ac4-2b49de7f4e2a
22500868,98,2026,3,1,22500868,8e66982d-302c-b462-1c3c-356c9404603f
22500868,127,2026,3,1,22500868,52a9a49e-444f-85f4-600b-f5511f34715b
22500868,156,2026,3,1,22500868,a59ce76c-e2a5-b2c8-854c-3fb3e8f71e74
22500868,172,2026,3,1,22500868,e3dfcaa0-de86-1ec8-255c-544722b21391
22500868,181,2026,3,1,22500868,7a990453-ee85-011a-1a48-1f38557f6d9d
22500868,19,2026,3,1,22500868,dacec404-efe3-b2e2-d975-2ba2f259e1ff
22500868,237,2026,3,1,22500868,f0550824-b544-03e2-bd0e-bc1e4d726ba1
22500868,270,2026,3,1,22500868,89405780-6e45-b030-0c43-ecb6cbc31529
22500868,278,2026,3,1,22500868,959e225f-0d18-481b-da2f-3527ead73a88
22500868,299,2026,3,1,22500868,7a740748-567d-e4b0-8f3a-f3cafa5373f8
22500868,301,2026,3,1,22500868,9c1856e6-2fd8-1b05-8b73-6ec35a3d9e56
22500868,387,2026,3,1,22500868,f9524e12-c9b5-4c58-1439-f9c5f52b088f
22500868,396,2026,3,1,22500868,f5170f8b-859a-f0ba-c08d-96c2d823ccd1
22500868,564,2026,3,1,22500868,5f3ce473-db66-d466-37fd-4c1dc702ad26
22500868,607,2026,3,1,22500868,4baf65b7-7aff-9014-38d7-4956e37ec7ba
22500868,618,2026,3,1,22500868,adc19473-a291-fb8e-c60c-6d5305480f50
22500868,637,2026,3,1,22500868,67d76173-7e58-43d1-0583-0a2fc244e0e6
22500868,658,2026,3,1,22500868,768846f0-7dc6-c973-fc82-82f3f2866606
22500868,706,2026,3,1,22500868,f5ae02fd-21c8-3fcb-8017-4e4d1eb07bd7
22500868,85,2026,3,1,22500868,bd3b2831-c976-d047-d434-30041604df61
22500868,109,2026,3,1,22500868,e1326568-b4b6-7b73-558b-a89b0433aeff
22500868,34,2026,3,1,22500868,078c3e12-203d-20b6-378c-4da76de0beda
22500868,343,2026,3,1,22500868,2d9f4544-f263-82db-8074-2ee6b3741eaf
22500868,359,2026,3,1,22500868,6735e3cf-ef52-7cd8-6616-bf753a1519cc
22500868,366,2026,3,1,22500868,7c224f3d-55fb-465d-9aa9-f234e86f5417
22500868,371,2026,3,1,22500868,f5627147-2cd1-4d0e-f545-dd5afebd5348
22500868,378,2026,3,1,22500868,23d02961-4836-3bf1-da12-fd28ab5610bd
22500868,460,2026,3,1,22500868,954acc7f-77d5-43c8-7dfd-a8cebfec9343
22500868,484,2026,3,1,22500868,4c0ec00a-7ba0-cb7d-f4a1-e1845fb1fcde
22500868,489,2026,3,1,22500868,a8dfa0ed-7fde-bb53-a0cb-75edab58d0a2
22500868,520,2026,3,1,22500868,11222c64-9cbb-74c3-5180-4816955bd434
22500868,583,2026,3,1,22500868,049e5fb5-d3b1-5bdc-9c6c-092a3a57cfa7
22500868,604,2026,3,1,22500868,b6dfa12d-cfdd-dfae-be21-6aa7ce10a12c
22500868,710,2026,3,1,22500868,6eaf03e0-267d-8c40-c831-e9d49c5387e6
22500868,74,2026,3,1,22500868,92f269ad-d096-4193-0827-28c327ba38ec
22500869,101,2026,3,1,22500869,4d325e22-3feb-d184-4a8e-cc94edb175d8
22500869,114,2026,3,1,22500869,3cad7b01-e835-fe94-57ee-5521e0821a72
22500869,124,2026,3,1,22500869,c769c5e0-1a1d-d5bb-83e3-7c3f6c09a3d6
22500869,128,2026,3,1,22500869,a878d76f-2ceb-5223-5309-2f311a20cd25
22500869,131,2026,3,1,22500869,f3bef4e4-33d0-f853-9209-d6e19cb906cb
22500869,137,2026,3,1,22500869,3509dfb5-67ed-35b5-40b4-baf3e0bb7091
22500869,145,2026,3,1,22500869,abca639f-4ab0-9f6c-d62b-1290cbf3fcea
22500869,151,2026,3,1,22500869,971d5f9e-f516-bd83-b4ec-83cfe9d62b3a
22500869,156,2026,3,1,22500869,8aeb8503-f2e4-66bf-1045-a8e54f30861c
22500869,167,2026,3,1,22500869,fb515247-03f7-0897-24e3-5b5f28844269
22500869,175,2026,3,1,22500869,f0e50655-0bc4-ff8f-3b2e-7917485008ee
22500869,188,2026,3,1,22500869,60ef8165-eb2f-b6f4-93ec-cd115a3fb71c
22500869,193,2026,3,1,22500869,fb9e61d5-2fcb-22f8-92eb-b2a1a6596f9e
22500869,195,2026,3,1,22500869,2ee3ca2c-d0ed-0c75-6638-3bbca0ec09b1
22500869,217,2026,3,1,22500869,9f7f0547-fa33-58eb-17f7-99a6a2d5b20f
22500869,265,2026,3,1,22500869,5208efdc-9347-e3d5-ec8c-c680accd7916
22500869,280,2026,3,1,22500869,01a2cedc-f1ff-93ac-407d-ae74d564174d
22500869,287,2026,3,1,22500869,8d9a9f0f-2382-a977-48fc-0315fc10fb76
22500869,291,2026,3,1,22500869,c9c7f1d4-f2fa-ab20-e535-dc9011247247
22500869,300,2026,3,1,22500869,bd7d667d-9b03-23c6-3b50-d40d1647babe
22500869,312,2026,3,1,22500869,d0c4c1d3-59d9-1c0d-df87-2fcea8f061ec
22500869,322,2026,3,1,22500869,5c3a4b63-0187-8b4d-97bd-5fe94c9dcf4f
22500869,324,2026,3,1,22500869,3c548e38-c52e-2f9e-a267-2d9f9c7c5214
22500869,348,2026,3,1,22500869,85760989-3283-2b31-1de4-4e45ac08088b
22500869,350,2026,3,1,22500869,f6f85a84-5883-2a1f-33ca-12c990e9f349
22500869,352,2026,3,1,22500869,a11e648f-92ee-6934-3b46-087c1be60cb9
22500869,354,2026,3,1,22500869,73685655-6dad-0167-eb1a-dcc3c418f287
22500869,356,2026,3,1,22500869,2a57e549-9a2b-d584-27ca-3cd9279aa9e7
22500869,368,2026,3,1,22500869,af73e31c-bb7a-6ddb-c274-343deaff5ff0
22500869,396,2026,3,1,22500869,7a1f60d3-2cc9-2d97-65ee-82059cda0615
22500869,398,2026,3,1,22500869,cfe0ae71-e8a6-5784-67c7-21b96d873a79
22500869,420,2026,3,1,22500869,481cd633-0aff-63b2-2080-9fac59fbf50e
22500869,43,2026,3,1,22500869,2008e264-7b03-fb69-0eac-b0dca51ff339
22500869,459,2026,3,1,22500869,687ddaa2-944d-0042-b06f-276ef75f170e
22500869,46,2026,3,1,22500869,f9b348d4-52e9-3a1f-760a-b00685b46e72
22500869,50,2026,3,1,22500869,e039270f-3752-50c2-13cb-4832821ed1b4
22500869,504,2026,3,1,22500869,572a882e-21be-0d71-52d1-4e468526278f
22500869,509,2026,3,1,22500869,a2c95826-0127-789a-88ce-70e30478c0b6
22500869,523,2026,3,1,22500869,05f40e81-bc80-6e3e-5484-76ea4f0fdb3b
22500869,536,2026,3,1,22500869,9f90f129-7f06-bce8-6d10-e7df64531483
22500869,571,2026,3,1,22500869,4ab1a728-268d-29e0-436a-47287968b24a
22500869,573,2026,3,1,22500869,32ae0f3f-6075-b9aa-2bc6-5878ef91679d
22500869,579,2026,3,1,22500869,d35ae2a7-31c1-c9e6-27a9-f67024f095d3
22500869,592,2026,3,1,22500869,cd91e00a-66b6-256a-e570-a92e4ecb3172
22500869,611,2026,3,1,22500869,8c8472bf-278c-edc7-840c-f8f16e84a3a4
22500869,62,2026,3,1,22500869,b527e942-e833-bf77-81ee-5d0d8bbe3e84
22500869,632,2026,3,1,22500869,2891d0c2-62d9-bb51-e0d8-3ad84d48530b
22500869,638,2026,3,1,22500869,5711bde9-18d3-e35a-e850-d53f30c30cc7
22500869,7,2026,3,1,22500869,d5353a08-0e3b-572f-4182-bc1ed4e07a10
22500869,71,2026,3,1,22500869,2073435a-916c-a9a7-cb05-0afda92b253c
22500869,78,2026,3,1,22500869,4b456dce-bfef-49fb-afed-557beb61fdd3
22500869,82,2026,3,1,22500869,a6dcc269-bcfc-54ce-a56a-3c6c7fa80881
22500869,118,2026,3,1,22500869,c946700d-f37d-d902-4aea-8023e9ea0782
22500869,197,2026,3,1,22500869,37b4d124-4b6d-e5b0-70f2-4c07493daada
22500869,234,2026,3,1,22500869,e9888fde-b924-3e70-dd2f-bdc724e6cabf
22500869,273,2026,3,1,22500869,d5be47e6-92f9-0b2c-0f0f-101334361be1
22500869,315,2026,3,1,22500869,6315d650-bd57-d46d-6043-dd9c96324460
22500869,374,2026,3,1,22500869,ba719826-ff02-2fdf-a95d-065b62a8d2a5
22500869,480,2026,3,1,22500869,d9f97885-c961-94ed-36a4-a742f8866621
22500869,515,2026,3,1,22500869,630fd1bd-df36-1ae6-0109-da02ab563a19
22500869,533,2026,3,1,22500869,e34ef09a-22c4-d628-055e-34cad5181107
22500869,542,2026,3,1,22500869,6452f2d8-78f6-cbbd-dbdf-753ecba88671
22500869,597,2026,3,1,22500869,04b44127-7279-dd1c-44b2-def0e8582dab
22500869,105,2026,3,1,22500869,483226fb-7a42-cfd3-8b0c-15f55657660d
22500869,116,2026,3,1,22500869,8da9c9b2-38a4-b850-7cb3-b22d2f82745d
22500869,126,2026,3,1,22500869,67a11a98-7cad-b6ca-70aa-e4890a3dd040
22500869,13,2026,3,1,22500869,1ef1d631-bfde-9510-6502-4b8ae0de9042
22500869,147,2026,3,1,22500869,8b97931c-8c5c-437e-cb31-6e4688f50fe8
22500869,15,2026,3,1,22500869,302befb9-8e03-d678-c349-c4e047655206
22500869,173,2026,3,1,22500869,e7fd3eb8-6940-c86a-efd9-389d9cada0f2
22500869,179,2026,3,1,22500869,a6959a03-6dca-18fa-b035-d10e930ead61
22500869,18,2026,3,1,22500869,cebe349f-2e6e-e084-a862-0e3f5450d53e
22500869,186,2026,3,1,22500869,fa66c4e9-ff49-a0d8-ef6a-ede9d60c4063
22500869,20,2026,3,1,22500869,57a54241-48ad-f1c0-06aa-8025d3fd2c6c
22500869,205,2026,3,1,22500869,b93369e7-568b-f9e4-d2c4-c38c253e4931
22500869,215,2026,3,1,22500869,49ba8c8a-77e0-db70-8225-477d83e6f7f6
22500869,221,2026,3,1,22500869,4d07a1d9-9aa6-f116-fe69-0ec91d5d75ee
22500869,23,2026,3,1,22500869,1cee31e1-c121-c787-a220-faeffd40113d
22500869,230,2026,3,1,22500869,116ef517-e6a4-216c-33ce-714512b1ce24
22500869,232,2026,3,1,22500869,73e1ee0d-1e5c-1b99-cb12-600cd064de92
22500869,242,2026,3,1,22500869,ea04e868-3014-b852-dc97-6459126a5f0f
22500869,244,2026,3,1,22500869,c2aa32e9-a573-a51e-1453-6162ceb58a43
22500869,248,2026,3,1,22500869,21cd363f-cd18-9deb-382e-0b1ca14d2277
22500869,25,2026,3,1,22500869,0bb6cd49-9266-3017-07c0-0bd95ed5d112
22500869,258,2026,3,1,22500869,60de96aa-e4ea-c1b3-a6df-c29e6fcd372e
22500869,26,2026,3,1,22500869,29521ee1-af03-5420-3b20-54cdadc8abdf
22500869,260,2026,3,1,22500869,a9ed3bcd-6b19-7eee-fa55-16bf879a1d2b
22500869,262,2026,3,1,22500869,0bc28975-9f8e-74a0-707f-a31c242a77ea
22500869,263,2026,3,1,22500869,7782de71-aaa7-52f3-7b01-b2299748f12a
22500869,282,2026,3,1,22500869,11b46ea8-e183-7c62-6542-cc35ce715dd9
22500869,289,2026,3,1,22500869,9d4e231d-2214-ff01-9615-d90a3ebcf49f
22500869,302,2026,3,1,22500869,f63b4ea6-a669-9e0c-6c41-10e751735a3a
22500869,308,2026,3,1,22500869,df55576c-8c83-27ab-e375-b5cc1bdb1037
22500869,310,2026,3,1,22500869,40f71885-d39b-7e71-ebf0-44303d1f3ac5
22500869,318,2026,3,1,22500869,b9515306-7828-2361-9911-6556df750d78
22500869,320,2026,3,1,22500869,50d45a9f-f5fe-251e-d34c-62d6ea6aaae4
22500869,341,2026,3,1,22500869,7592168c-7b60-6cfe-a334-7c4edfcf2f68
22500869,343,2026,3,1,22500869,6777b1fe-1447-40d4-6733-c1d942a6c4f6
22500869,358,2026,3,1,22500869,751ea785-8403-d121-7108-91922d38eef8
22500869,364,2026,3,1,22500869,68f37a48-420b-e51b-71ae-4cdb0cc2518c
22500869,369,2026,3,1,22500869,ab6421c6-1771-2d36-6de1-5ed32d88345f
22500869,382,2026,3,1,22500869,c9ea4158-7ffc-fa52-7a4a-49465ccf15e0
22500869,39,2026,3,1,22500869,fe801d02-9282-b95c-90ea-e32ba1242ff3
22500869,394,2026,3,1,22500869,0b66fcbf-80d6-499f-79b0-1258a101f13b
22500869,403,2026,3,1,22500869,0970b564-3f7a-a1dd-7a02-fc9c3b0b09a8
22500869,405,2026,3,1,22500869,23c665a4-e537-9313-44d3-1b8433412c92
22500869,41,2026,3,1,22500869,17b83460-3739-9eb8-3213-539606762c4f
22500869,418,2026,3,1,22500869,94fcbdc8-90a7-1af6-5727-9f1c60bb6c8a
22500869,422,2026,3,1,22500869,32ad3f9d-ae27-8465-db23-78764f6160d3
22500869,424,2026,3,1,22500869,fc5c586c-18ec-d826-d2b2-004bc990f909
22500869,436,2026,3,1,22500869,c6f5b26b-8a34-6d51-d3be-7af60b162f2f
22500869,444,2026,3,1,22500869,1d36d714-c0f0-8925-53a1-cad21d262104
22500869,447,2026,3,1,22500869,c147c90a-f935-916c-dcf5-040dc59415bc
22500869,449,2026,3,1,22500869,73607786-a017-a341-f1c8-658ba821760b
22500869,457,2026,3,1,22500869,15f91f41-0cb8-cc2d-c20c-b2df704195fe
22500869,461,2026,3,1,22500869,cb94c955-b16f-6479-0b2b-403c37362892
22500869,471,2026,3,1,22500869,6eb3af2e-fbaf-4377-ee6f-7caca121b257
22500869,472,2026,3,1,22500869,0e9ae8f4-0e16-0000-eef8-9056889a8597
22500869,478,2026,3,1,22500869,323ab714-5eaa-ce4d-d75e-d58de86148f6
22500869,48,2026,3,1,22500869,a9813990-57f2-62dc-dea9-54a2146bc9be
22500869,494,2026,3,1,22500869,4f4ea396-1334-99ff-fe1a-4d51317acdbd
22500869,510,2026,3,1,22500869,b2a46906-7a73-5e11-9fcb-a2283efba80a
22500869,513,2026,3,1,22500869,73aacd6d-39c9-59ac-9fe5-99ff8565e9ad
22500869,538,2026,3,1,22500869,f4060eb1-4f4a-3cdc-bcb1-bb18c42cd65e
22500869,549,2026,3,1,22500869,5901bf87-a949-7f81-90d5-bfcad54c7b4f
22500869,550,2026,3,1,22500869,7153f055-6161-7d36-e76f-b6bf219520dd
22500869,551,2026,3,1,22500869,d7f2f0cc-7097-994d-81d1-3e1a013a2939
22500869,553,2026,3,1,22500869,c4a5bba6-411f-9fb5-fbe0-4ce58b10c56c
22500869,555,2026,3,1,22500869,c8715650-f5eb-d559-b5bc-ec8d3d7eb71e
22500869,557,2026,3,1,22500869,fca8996e-a69b-0d5b-c6cf-69e5a06e4218
22500869,581,2026,3,1,22500869,ff5bd9e5-a054-e43f-e020-ae335528c6be
22500869,582,2026,3,1,22500869,1c66c03d-7075-eff1-704c-f8dd60c755e7
22500869,584,2026,3,1,22500869,7c9a9a1a-2010-fb5e-9fcf-770cc6c63b29
22500869,623,2026,3,1,22500869,54b26126-a919-dbd6-0072-aa04881e4874
22500869,624,2026,3,1,22500869,ba0899ff-b991-2cf1-5881-f5ea1d296d3e
22500869,628,2026,3,1,22500869,19b5f43e-9f4e-a68d-feb9-53af1454917a
22500869,630,2026,3,1,22500869,61147150-a58e-43e9-0e6f-56767eb83cdd
22500869,634,2026,3,1,22500869,dc86b011-e0a3-ad77-6b0e-e60c69095dd4
22500869,64,2026,3,1,22500869,b2d8f3a6-84a0-fc16-4f4d-19ca1917e3b8
22500869,640,2026,3,1,22500869,b270a995-3360-caf8-8515-e11f0b317277
22500869,647,2026,3,1,22500869,dee89ff9-fc89-d5a5-b742-46b9eb3e758c
22500869,69,2026,3,1,22500869,ca5d2ec2-25e0-514e-0bf4-582755c9576e
22500869,9,2026,3,1,22500869,1d564eda-12cc-00e8-e370-3b6b76c01e22
22500869,95,2026,3,1,22500869,fa4763c3-92e6-314a-0dce-bcd21e28bb0f
22500869,97,2026,3,1,22500869,5a97f7fa-3327-71cb-b088-868a8358a111
22500869,10,2026,3,1,22500869,c568f28c-1ec0-6037-990a-fb3b4f2b63f2
22500869,106,2026,3,1,22500869,6a3d56ea-1ed8-bac8-0b3d-ed6368e50049
22500869,117,2026,3,1,22500869,87981cc6-2058-8ea2-5a50-38a1a59bd755
22500869,127,2026,3,1,22500869,e2aab811-8393-a1c3-957b-d8d7b713987f
22500869,14,2026,3,1,22500869,7bd7ceff-b826-e89b-7435-e03eb69cc86c
22500869,16,2026,3,1,22500869,23eaa1d6-1d70-cdc2-036b-a44ebfccb301
22500869,174,2026,3,1,22500869,dc223b3b-c062-a2b5-0cb9-9bf02c6f41c3
22500869,180,2026,3,1,22500869,33db2dca-6036-437e-2296-7c07fe70a29f
22500869,187,2026,3,1,22500869,c0069a3d-e20f-55fb-b08f-ea64c2773215
22500869,19,2026,3,1,22500869,66d6e5a4-0e83-05b8-bfb2-c0a359386fa1
22500869,206,2026,3,1,22500869,bac94351-ffd0-3696-c523-87f7545bc509
22500869,21,2026,3,1,22500869,0d751c9d-3ff1-7704-2bf2-297d55c9a298
22500869,216,2026,3,1,22500869,6af24bf3-b2d5-5bc6-96bd-218fc206d2c9
22500869,222,2026,3,1,22500869,bfda8cd8-1766-8fa2-e020-8693c696ffb4
22500869,231,2026,3,1,22500869,82c307de-508b-f4f6-0787-9c6ae81aea7d
22500869,233,2026,3,1,22500869,47096c34-4c4c-2575-04b6-824bc9d04cba
22500869,24,2026,3,1,22500869,9f679e0c-8122-3813-7f62-63915eeecaaa
22500869,243,2026,3,1,22500869,7a44c1a5-06b0-12d9-df3e-2dc364553d7b
22500869,245,2026,3,1,22500869,d3ebebc8-5513-3285-a591-1ac118c542fc
22500869,259,2026,3,1,22500869,e92f6ffa-ca89-e3e8-3d97-7107c2b71033
22500869,261,2026,3,1,22500869,8237b3b3-31b3-6441-d06b-f528bc21d77e
22500869,264,2026,3,1,22500869,d18d3ca3-b094-2790-1222-d66ce37c9c50
22500869,27,2026,3,1,22500869,f4126425-a59f-5beb-6e4d-9182868b09f2
22500869,283,2026,3,1,22500869,e301dc87-a0e2-506d-d414-cdf90a2af9fb
22500869,290,2026,3,1,22500869,236420dd-c41f-0812-6e17-c96f4c71ef33
22500869,303,2026,3,1,22500869,e1957992-d06f-b287-c7aa-56920947aeec
22500869,309,2026,3,1,22500869,e371eaa2-8abc-5690-4326-e7caf8010ade
22500869,311,2026,3,1,22500869,bb03a9a7-d2a5-aa54-d248-2b234150a4b4
22500869,317,2026,3,1,22500869,80405e8f-e3d5-93df-ea6f-d7628e9b6403
22500869,319,2026,3,1,22500869,44077ad7-b7d9-69a1-e60a-6c9ba913afe7
22500869,33,2026,3,1,22500869,4feee9f9-c44e-7305-9658-23b18985b762
22500869,342,2026,3,1,22500869,7e61ef40-fce7-a064-0669-73bc5090a8ec
22500869,344,2026,3,1,22500869,5be21a3c-81bf-af00-661e-02a25f0186cf
22500869,365,2026,3,1,22500869,2faa8745-f704-8b58-6f9a-706b17ca185f
22500869,376,2026,3,1,22500869,a02d477d-0db0-4b67-10e1-ea2aa6e0fd79
22500869,395,2026,3,1,22500869,f97b37c9-f4b9-01e2-bc3d-a599d89db8ce
22500869,40,2026,3,1,22500869,f77a4dd5-02d8-3e35-996e-996f7ae20136
22500869,404,2026,3,1,22500869,7fbf85b6-6a5f-a53e-1a52-af623c33493d
22500869,406,2026,3,1,22500869,fe9e6c4f-0bcd-def9-a134-bce1cde8f7dc
22500869,419,2026,3,1,22500869,207efaf7-c4fd-04f6-a4b7-f050f5dbc7d3
22500869,42,2026,3,1,22500869,af5c3cb8-1f8f-2b47-5de4-fd9e684d28cf
22500869,423,2026,3,1,22500869,023f76e4-5ae6-be7d-34a7-6494af38d8e1
22500869,437,2026,3,1,22500869,b099ed15-9837-53f5-340a-2e44e5c76fe8
22500869,445,2026,3,1,22500869,bf605276-25b2-f652-8f95-05d69f0b5f25
22500869,448,2026,3,1,22500869,d40e93d4-374a-48c7-e113-db0ebebd77cb
22500869,458,2026,3,1,22500869,29c8be01-e1c9-8e25-8a19-e1238ab4c5ef
22500869,462,2026,3,1,22500869,bce749dc-a5f4-b414-d87b-1cae9a175302
22500869,470,2026,3,1,22500869,9efdf36d-8c1b-acf1-dbc1-a08fe6356400
22500869,479,2026,3,1,22500869,5b1a505c-610a-281a-f922-571ab60946f2
22500869,482,2026,3,1,22500869,07ec4525-2400-c452-3279-3a2ab05f10d7
22500869,487,2026,3,1,22500869,c65877d6-453b-6b88-556f-15e67c6244d7
22500869,495,2026,3,1,22500869,c6ab78eb-9129-1b35-b166-5bcb4946a883
22500869,511,2026,3,1,22500869,2dcd0418-83f2-8dc0-b24c-7ecbdb1181b6
22500869,514,2026,3,1,22500869,b418da87-24d6-dcd5-161b-df479ecf7f9e
22500869,517,2026,3,1,22500869,57819d0e-c334-13eb-4fdc-76e09e89a743
22500869,535,2026,3,1,22500869,48936241-916a-de77-a9f3-9181f8961de1
22500869,539,2026,3,1,22500869,78f322a9-6408-1e21-1256-232bf7b509af
22500869,552,2026,3,1,22500869,5a0438b6-02e9-782e-4f6e-49d864abae9c
22500869,554,2026,3,1,22500869,3675722b-da05-563c-62fe-3c25018c895e
22500869,556,2026,3,1,22500869,bc3b2bd6-5aad-309f-f134-7d715265a9ec
22500869,583,2026,3,1,22500869,818a88cd-e838-6531-48d7-eaecfb82769d
22500869,599,2026,3,1,22500869,8a8aaea2-e166-cd32-c58c-c9b39e3fc545
22500869,604,2026,3,1,22500869,fa561fe7-1314-b24b-dfb2-d6b56ed591be
22500869,629,2026,3,1,22500869,b31b6772-c821-bcb4-940e-65b57f36f4f7
22500869,635,2026,3,1,22500869,be2b5683-d9a2-f843-46ec-7a2cfc1d6a2f
22500869,641,2026,3,1,22500869,d47df9e7-ccdb-78e4-9beb-26445b3893cb
22500869,693,2026,3,1,22500869,d4e50ac7-a83b-bf9b-3b53-eb3d3d3d7e91
22500869,70,2026,3,1,22500869,df46810c-eaa7-6158-fcbc-eb3f381def6d
22500869,96,2026,3,1,22500869,58aa32c1-363e-286f-33c8-ca5908ce7d6e
22500869,98,2026,3,1,22500869,0137e99b-cf0b-c564-6b7d-c5ef898fb165
22500869,103,2026,3,1,22500869,27f99b53-0237-7218-1c4e-7ce81a8856d3
22500869,11,2026,3,1,22500869,dc4efe91-ec5c-bb21-f581-3b94aa24ca06
22500869,133,2026,3,1,22500869,131acf18-ca9d-bd78-0508-e661f518bbf4
22500869,135,2026,3,1,22500869,f53fdff0-b09a-3c65-0051-80885f2cca4c
22500869,177,2026,3,1,22500869,114d71ec-a6e6-6bfc-79dc-c1bab0428721
22500869,201,2026,3,1,22500869,2b7a66b8-3676-1afe-cf9b-4ddb384f3666
22500869,246,2026,3,1,22500869,8445f7ca-2a37-b279-c5b5-9a6e431b433f
22500869,293,2026,3,1,22500869,2ca61a7b-eeb6-d485-69c5-29f139dc4244
22500869,338,2026,3,1,22500869,52241f4c-0336-7cc1-e6b9-fc82e0c41473
22500869,366,2026,3,1,22500869,95e1e705-d6ac-57d8-3fe5-8d17c8ad4bab
22500869,372,2026,3,1,22500869,ca089e6e-3627-d813-2899-10a4b3f255eb
22500869,385,2026,3,1,22500869,d76b015b-8524-08d7-5a5a-526765ea234f
22500869,455,2026,3,1,22500869,5ac75128-9cd9-5816-2acb-bb8b42d19ea2
22500869,609,2026,3,1,22500869,fc6cc697-900f-5f54-2cad-12372db86e16
22500869,626,2026,3,1,22500869,e264f1cd-9524-3604-8a3c-f82d86da539f
22500869,636,2026,3,1,22500869,b57a1e73-a945-4632-9187-dca4814f8ae1
22500869,65,2026,3,1,22500869,86e3d23e-d669-66b3-e419-03de02fbeebe
22500869,67,2026,3,1,22500869,5f6984f2-135a-ee55-b852-19c22378b500
22500869,99,2026,3,1,22500869,ab7f075d-22b0-0a6c-6177-193c320e2a94
22500869,140,2026,3,1,22500869,b55f92e8-0a82-9477-3d47-86b216446bb4
22500869,144,2026,3,1,22500869,a9c9fa85-5845-9cc1-2dd9-5217d15f9d32
22500869,279,2026,3,1,22500869,75ebc764-6dff-d01d-cff6-5c42f13e59bd
22500869,286,2026,3,1,22500869,c26d581b-f63c-def3-b5de-74034f1ec7f3
22500869,314,2026,3,1,22500869,8b489a13-e904-2b17-bbbb-ccbd62272674
22500869,337,2026,3,1,22500869,5b2b8d2d-87f2-382d-5ede-e4b355c3d51f
22500869,389,2026,3,1,22500869,02d584c7-da26-32dc-8044-ee4600f31009
22500869,400,2026,3,1,22500869,805c20c3-e53e-3991-25e9-3dd3ca0ef4bb
22500869,45,2026,3,1,22500869,52b1d81b-f4b3-03f2-5729-22f554612483
22500869,512,2026,3,1,22500869,442aa782-a256-16be-6754-363902732afb
22500869,575,2026,3,1,22500869,07af418d-93fa-6c32-6b07-4366af4a0ae3
22500869,578,2026,3,1,22500869,2ff0c8c9-74ff-73d4-d593-43eebddf22ca
22500869,625,2026,3,1,22500869,e9ea6e0a-93ee-741a-c23f-d4990b3ea8db
22500870,101,2026,3,1,22500870,5e428203-75d1-8878-14c3-c606b56a4f89
22500870,107,2026,3,1,22500870,30e3d9ab-64c1-87d2-29e2-1af1a53db4fb
22500870,109,2026,3,1,22500870,691e7fb0-5035-8436-f32e-715376b4f714
22500870,11,2026,3,1,22500870,041ee1c1-1086-fcca-ce78-edda6d86e9a1
22500870,111,2026,3,1,22500870,d3217283-2eeb-c979-412d-5b0f05c11e53
22500870,13,2026,3,1,22500870,97f3c22c-38ac-17b2-1531-fdfbda3946fe
22500870,138,2026,3,1,22500870,d0b7e649-d670-d898-3667-ef543d341549
22500870,140,2026,3,1,22500870,6fd8466d-5d9a-aa3e-8206-9bd97ba1596d
22500870,151,2026,3,1,22500870,56fd7221-c461-5609-8ecb-d974e592e5f6
22500870,155,2026,3,1,22500870,751e0b3e-ed91-1411-0b35-e47d4482b31c
22500870,164,2026,3,1,22500870,37d234d7-a795-964f-daab-89fc624e4a4d
22500870,166,2026,3,1,22500870,680e63bc-87d5-8d1d-81e6-30ad550b9e70
22500870,17,2026,3,1,22500870,d74763f2-746c-91f6-e9f6-81fe9bc57b1a
22500870,176,2026,3,1,22500870,1dc6943b-d69b-b396-aa3a-1aba7ef1eff6
22500870,203,2026,3,1,22500870,7a22d494-38e3-3f83-4454-193bb64c8a73
22500870,22,2026,3,1,22500870,a74d6134-fcd6-d232-6649-bdd7729be58e
22500870,220,2026,3,1,22500870,a8490be7-657b-055d-3102-0f2bc38bc471
22500870,224,2026,3,1,22500870,9f36765a-d9d6-b023-ec87-79675dfc9cfb
22500870,227,2026,3,1,22500870,3ebc5637-b3de-6ef9-8f66-a353b4a539e0
22500870,24,2026,3,1,22500870,d91e4b22-7ce8-cd90-95d1-b383b525782f
22500870,245,2026,3,1,22500870,9c8580df-42c5-3c44-6234-11e2305d6d10
22500870,247,2026,3,1,22500870,a37a6f12-ebbe-4985-ea07-7d7c4ffa1c1f
22500870,249,2026,3,1,22500870,249d2f16-4b8c-45c2-f181-f0b992b832d3
22500870,268,2026,3,1,22500870,ddfb3e5b-290d-e984-e7f8-d050d8364ff8
22500870,282,2026,3,1,22500870,8de0c6b9-fbca-aa83-44c8-e6642e9ed5c4
22500870,298,2026,3,1,22500870,ba48724e-02fc-80d7-c2d4-88cb9bbbfb7c
22500870,304,2026,3,1,22500870,d5a720e6-fe85-4e23-a575-345b77321ce2
22500870,308,2026,3,1,22500870,2ea276eb-45d9-e47a-1df9-895236108b48
22500870,312,2026,3,1,22500870,3c287363-c081-870c-ff75-48f2fdfada1d
22500870,326,2026,3,1,22500870,25c06645-2a83-acf5-1ece-ed0432abdfb0
22500870,328,2026,3,1,22500870,2c931afd-c3b2-fec1-7bf0-2fdeba22da24
22500870,333,2026,3,1,22500870,446a31fa-9fe6-7346-df55-763f5e1a6b48
22500870,381,2026,3,1,22500870,6f837d3d-e3f2-cd2a-3031-031065235ad6
22500870,390,2026,3,1,22500870,ca2201cb-1718-3947-e447-d96745e33cb3
22500870,409,2026,3,1,22500870,727905cf-e01c-da26-5607-7006cc732391
22500870,413,2026,3,1,22500870,ae42dcce-39a1-03ea-46cf-37ef0be3a251
22500870,434,2026,3,1,22500870,ad74607a-71de-1f1d-80ed-ef0c4bed28ad
22500870,454,2026,3,1,22500870,d4d4a966-2747-70e1-4f16-75306da9fbea
22500870,475,2026,3,1,22500870,f8e94c20-eef3-df82-a946-44993ae8f405
22500870,479,2026,3,1,22500870,bff1b560-0737-023d-baa4-1545ca711041
22500870,489,2026,3,1,22500870,0bf42ced-4b43-00f2-10dc-029359806a31
22500870,491,2026,3,1,22500870,af3eae04-cbfb-4a3f-b105-9a496ce206b9
22500870,501,2026,3,1,22500870,9a0f1832-f145-eb08-bce0-de697fa0599f
22500870,512,2026,3,1,22500870,baf2c1b3-68f2-34ef-40b0-4609a2806ef8
22500870,516,2026,3,1,22500870,7f4ab556-821f-8ab7-a78d-fce023305817
22500870,524,2026,3,1,22500870,ac2fd963-0a15-1980-6193-04f764bc8b61
22500870,54,2026,3,1,22500870,41992140-7f3a-7deb-b387-ab5e858e3d0d
22500870,540,2026,3,1,22500870,3366a903-c9e4-b25e-00e0-216f7519e42d
22500870,545,2026,3,1,22500870,dc4c361f-bb34-0a54-2696-c09beb2182ca
22500870,550,2026,3,1,22500870,fa3f96c5-80d2-08e3-0aa9-8a3a989d6fce
22500870,56,2026,3,1,22500870,41c5d3cf-74e0-61db-888d-4c5a02ef2c61
22500870,571,2026,3,1,22500870,08b38163-1913-2f0c-0902-bb0ceed85cee
22500870,611,2026,3,1,22500870,0a7b9b07-e5d4-ad14-2e5f-3e633ff337d7
22500870,633,2026,3,1,22500870,0bd649ad-1946-db88-6585-aca70a65d5b2
22500870,66,2026,3,1,22500870,ee8ca9d6-5311-590f-0634-828b533303df
22500870,663,2026,3,1,22500870,d4f91ff1-4039-16b9-9bda-e26cc44fcb53
22500870,671,2026,3,1,22500870,904b3ae9-078f-aca8-c595-c2575d2784c7
22500870,694,2026,3,1,22500870,b7a00fc0-f320-0ebf-f161-0d6a2edfc7c2
22500870,93,2026,3,1,22500870,94d84844-586c-9181-6446-44cec2947245
22500870,97,2026,3,1,22500870,19455db7-5f90-b1dc-b7c6-a03eab066b48
22500870,113,2026,3,1,22500870,bd2eb027-b749-17c8-a75d-d463822cca3f
22500870,192,2026,3,1,22500870,0ddc1d8d-0ab2-fd54-27d7-5f9a7bfff500
22500870,197,2026,3,1,22500870,53929553-5a37-8556-af84-3b3504fe875a
22500870,265,2026,3,1,22500870,4091c229-b880-5165-9050-7ae3a6cb7a3c
22500870,346,2026,3,1,22500870,ece14336-1174-cba1-25a0-1721c35186ad
22500870,349,2026,3,1,22500870,17ffb0e5-c0e0-a784-4973-e09c1786fec9
22500870,43,2026,3,1,22500870,d4516cad-3e35-24a2-ff15-71f1fcc8de17
22500870,451,2026,3,1,22500870,e9abfeb7-5103-32f0-923d-89f97c32bd64
22500870,461,2026,3,1,22500870,fd43530d-8411-d447-527e-80e78ad3df8f
22500870,649,2026,3,1,22500870,8fd9b0ac-05b8-b15d-0c92-ddccd8948ef3
22500870,85,2026,3,1,22500870,0c4e2926-10fa-e898-1c40-cf30c2424c11
22500870,103,2026,3,1,22500870,457ce1f4-0626-6372-8db6-4911f86387b1
22500870,105,2026,3,1,22500870,a685dd8a-3292-af27-2c16-4dcb6cf31d8a
22500870,130,2026,3,1,22500870,fc3655cb-842f-dbd1-ec61-9bca7d16f1db
22500870,132,2026,3,1,22500870,121ab5f4-015a-9e77-81d9-00cab77c1a29
22500870,142,2026,3,1,22500870,d77b859e-4bd6-2463-34a5-9a773bdf60b7
22500870,145,2026,3,1,22500870,1947c76d-320c-f17b-83d8-2992b9d52565
22500870,149,2026,3,1,22500870,2dd67fbd-7373-0b1a-64f8-672cda23c290
22500870,15,2026,3,1,22500870,637801d7-293e-da6a-7bb9-c8db9a75fb05
22500870,162,2026,3,1,22500870,2d5edafe-390c-8740-e0c8-239bdec7fff7
22500870,174,2026,3,1,22500870,5a487589-2e65-6c85-cdeb-b755c5dda82a
22500870,179,2026,3,1,22500870,483c1410-8695-1921-c7be-2aff341c475a
22500870,181,2026,3,1,22500870,e43e15cd-7214-0d0c-f265-c43b34c7d357
22500870,183,2026,3,1,22500870,3e4eb5f6-ab5c-9664-cdad-fd23ec906cca
22500870,19,2026,3,1,22500870,2a98d154-4243-6296-f9cf-d155273e23b2
22500870,195,2026,3,1,22500870,e13317dc-dff4-4e27-56a9-d4eb488a3cd8
22500870,201,2026,3,1,22500870,d5f52abf-0452-01d6-1f56-5ee9a74519ad
22500870,21,2026,3,1,22500870,bc2a909c-171e-76cb-5271-6ad9bd8a64e2
22500870,218,2026,3,1,22500870,541786e9-7128-699a-8c8d-cde78fe4bd8e
22500870,222,2026,3,1,22500870,0e17d456-fa1a-aa99-e699-01d412a28a7a
22500870,234,2026,3,1,22500870,345db6ab-9300-4b4b-b143-0156a0936c0e
22500870,253,2026,3,1,22500870,7f9ba5a0-c723-b612-9036-3def15cb6bf3
22500870,255,2026,3,1,22500870,6337bd3a-ce96-5e28-7cc8-7e59b73c7d4a
22500870,26,2026,3,1,22500870,e40fa466-37b9-d770-9734-76796baeb618
22500870,28,2026,3,1,22500870,743619c1-5361-4614-2579-a4a0f9cc4459
22500870,287,2026,3,1,22500870,4af6b441-a7a8-7f85-22b7-805deb65a393
22500870,289,2026,3,1,22500870,8e8132aa-7d4a-3733-c16d-c3e3043e0aee
22500870,291,2026,3,1,22500870,90ef20b9-a0b5-01c1-fedc-2596513f9c7b
22500870,294,2026,3,1,22500870,df0b8f58-455f-c06e-4a19-a16f90eb50d9
22500870,296,2026,3,1,22500870,0af0ede8-6d82-ba55-a7ce-2b04d2652e9c
22500870,30,2026,3,1,22500870,dcbd9b7b-f383-df41-89cc-1ef59d66887d
22500870,300,2026,3,1,22500870,703f0b76-cb60-3c8b-3ff7-fb3f9596758c
22500870,302,2026,3,1,22500870,ded9d3df-0595-b0e2-e6c0-0341463ab20c
22500870,306,2026,3,1,22500870,f05b46a2-e69a-0203-c549-4249f11a98e0
22500870,310,2026,3,1,22500870,36b69cd7-65ba-a056-542c-ca2e31cacf37
22500870,314,2026,3,1,22500870,661eb178-7364-9f05-83bb-5837877a6374
22500870,316,2026,3,1,22500870,1ff401bd-87b4-e7e9-cdd5-237fa0c347bb
22500870,32,2026,3,1,22500870,d952247c-31a5-5ab8-0914-3d9941203710
22500870,324,2026,3,1,22500870,cee90f28-6f78-58ad-b4da-4f5cc502ac70
22500870,339,2026,3,1,22500870,50585c75-e647-a48e-a737-a2701592e5fd
22500870,34,2026,3,1,22500870,3660b011-fd90-b63e-1b5a-95ca9222553e
22500870,353,2026,3,1,22500870,963e1865-f453-fbdb-84fe-8e8fc8b58995
22500870,355,2026,3,1,22500870,e17489c8-b624-4bd5-5c79-5a2ed041610a
22500870,364,2026,3,1,22500870,8967204c-64a4-1a31-ff29-bbf6d16bcae5
22500870,374,2026,3,1,22500870,d8f1d272-4028-5c4f-c071-412eedc2d19a
22500870,383,2026,3,1,22500870,92d25bb3-17f2-3ba0-12d1-7069e7b3e067
22500870,386,2026,3,1,22500870,9b26a9f0-1c1d-5cb0-ce07-f8d70db75b11
22500870,39,2026,3,1,22500870,d6f31fe7-379f-6a81-b945-e68daabb86ba
22500870,394,2026,3,1,22500870,69280435-f57a-1b05-4f6e-a0df70de8686
22500870,403,2026,3,1,22500870,64f93e77-b1ca-942a-c34e-ee5132627438
22500870,407,2026,3,1,22500870,8b21e5c7-271c-4477-443c-b846e7aee9fa
22500870,41,2026,3,1,22500870,5853ec8c-6ab6-8624-a68f-d162af85d081
22500870,411,2026,3,1,22500870,d3b4ba51-4ca0-aabb-52b2-7586a1d877b4
22500870,415,2026,3,1,22500870,6e92db93-d3e7-8110-8ffe-d74b3a882fc4
22500870,417,2026,3,1,22500870,7ed59ea3-209a-0ff1-493c-52ffddbc4c89
22500870,419,2026,3,1,22500870,422ee9ef-6668-1062-fbab-46c4f704231d
22500870,421,2026,3,1,22500870,9015f786-9658-3547-ba72-308f75f876b3
22500870,436,2026,3,1,22500870,42421045-2083-e11f-7114-39119ed31149
22500870,449,2026,3,1,22500870,62d9b0f4-5032-3017-8d7d-df8f03864ba7
22500870,471,2026,3,1,22500870,ed70f3ab-9dc7-0ec1-7830-ce6978db24db
22500870,473,2026,3,1,22500870,eb6b78dc-964a-e5b5-0c92-f59fa0c3cf3f
22500870,477,2026,3,1,22500870,3ca53221-529e-74bd-4b00-e2cef372f4ed
22500870,495,2026,3,1,22500870,a8284823-8a8e-a837-fa20-d84f7adf9433
22500870,50,2026,3,1,22500870,d6ea6fd2-b387-e72f-e5a1-43972c869c08
22500870,510,2026,3,1,22500870,0ff2cc8b-a9bd-62ce-a021-554742c597c5
22500870,514,2026,3,1,22500870,644c38aa-08ef-01b9-bbda-e5acfa004e69
22500870,518,2026,3,1,22500870,54a4ab9d-5c6a-b8b9-5936-d879c26d6b9b
22500870,52,2026,3,1,22500870,7a554b4f-0db7-6cbf-5793-3374c50640ce
22500870,526,2026,3,1,22500870,58211e57-cb4c-60fc-ad23-caffdde0c596
22500870,529,2026,3,1,22500870,7492b792-d410-342f-7b98-c3ecb16f0a66
22500870,530,2026,3,1,22500870,b37b5d6e-1b56-8f17-3143-2cb2df214c1f
22500870,532,2026,3,1,22500870,dd7db8d4-29b6-d179-5a86-e5b0ca8137ca
22500870,538,2026,3,1,22500870,b408fca1-8f7c-e078-5d71-33e0e7be755b
22500870,542,2026,3,1,22500870,de9c5023-501a-acc7-0d00-400b813644fc
22500870,548,2026,3,1,22500870,b7f8d595-68e5-f5c8-565e-d9fe46215232
22500870,551,2026,3,1,22500870,8e163a4b-8a52-8397-d9a2-a231be661692
22500870,558,2026,3,1,22500870,2d9f9ab2-3390-2e3b-a3d5-23e424d18c69
22500870,560,2026,3,1,22500870,c818491b-9f82-b7b5-3d32-bd11eb47dc11
22500870,562,2026,3,1,22500870,b88163b3-7720-8736-b2a0-0f8e18c95062
22500870,569,2026,3,1,22500870,37d30cc4-7201-2860-8760-ac03347fa354
22500870,573,2026,3,1,22500870,5ee01e4b-3785-897b-80bc-781f07102b2d
22500870,575,2026,3,1,22500870,933b0d27-f172-8f2b-24da-1a6ed91b8593
22500870,587,2026,3,1,22500870,590e41ba-dd79-fa92-d138-298fb7bca13d
22500870,592,2026,3,1,22500870,11d4ea79-45ab-f361-f250-1f2b7d2ed694
22500870,594,2026,3,1,22500870,b9c940c4-71c1-8e7a-bd48-03b65e61f9ba
22500870,609,2026,3,1,22500870,a75b3ec1-bae9-743e-4901-1d99355174da
22500870,615,2026,3,1,22500870,37580fa3-2e19-6af6-5034-f8958e866d6c
22500870,627,2026,3,1,22500870,fda8410e-5f9f-f72a-7d9e-40c64087479b
22500870,629,2026,3,1,22500870,9f11321b-9a93-9535-3e28-cd04b70d1507
22500870,631,2026,3,1,22500870,10ce84b9-ddee-47bf-59cc-f860e54fe902
22500870,640,2026,3,1,22500870,8e25c2fd-c2b1-4d4a-947e-6ef34fb05126
22500870,642,2026,3,1,22500870,f9d0ef78-f5fd-3f1a-d2f3-31ebb8910f9e
22500870,646,2026,3,1,22500870,efb8ac96-546f-bd29-6792-957ecbcfcafb
22500870,659,2026,3,1,22500870,dd0d0a90-7bac-f2f6-8908-ed730ff591be
22500870,661,2026,3,1,22500870,43111a19-12a0-7b7c-accb-421fb08b89cb
22500870,667,2026,3,1,22500870,92c53fb9-9a0d-d31a-c12a-8526c3442ee2
22500870,669,2026,3,1,22500870,d590a071-5cda-acd6-3abf-e6c51b8f2bce
22500870,673,2026,3,1,22500870,2863e81d-d65d-343c-320f-bfc6762b6608
22500870,682,2026,3,1,22500870,61825bd5-3630-b9cb-c4f7-92fa713e2a1a
22500870,692,2026,3,1,22500870,247d9e70-4ec7-54b7-430e-f12135bf8ade
22500870,82,2026,3,1,22500870,09aebfb2-8b1b-5f3f-a47c-405a9478466b
22500870,83,2026,3,1,22500870,af8528f4-2719-8dc2-8193-5a2800464839
22500870,88,2026,3,1,22500870,df24e072-aabc-f9d5-ac6e-a93201614456
22500870,9,2026,3,1,22500870,6e53e31f-1529-7edf-37be-fcc03cfae0ea
22500870,90,2026,3,1,22500870,0c7ee1aa-4d63-86c3-e7ac-1b844588eaaa
22500870,91,2026,3,1,22500870,4571719a-e6fb-4255-2ce4-932c21078343
22500870,95,2026,3,1,22500870,9d06be60-38b6-9dce-baa5-706404402568
22500870,96,2026,3,1,22500870,6912b8f4-7b8f-1f29-4cec-b38289235efd
22500870,99,2026,3,1,22500870,1c3773ce-7faf-f718-fcb7-fb674a1ae654
22500870,10,2026,3,1,22500870,e026c822-c769-babb-765c-5aa003031836
22500870,100,2026,3,1,22500870,a6d98e13-673d-5562-f845-1e614a1b9fec
22500870,104,2026,3,1,22500870,7840be8d-a656-101c-19fd-7e923a900b72
22500870,131,2026,3,1,22500870,39fe2ebc-2f12-f938-015f-75e9de4b3f1e
22500870,143,2026,3,1,22500870,e47d8e9f-fa51-5fec-ec7b-7275e7ab61a4
22500870,150,2026,3,1,22500870,2a5094f5-545f-39f9-2176-5adf4ff7cda8
22500870,16,2026,3,1,22500870,870fa903-170e-581c-05a7-d28a11403a36
22500870,175,2026,3,1,22500870,48de1a09-891b-092e-5d6f-278d5a88bb29
22500870,180,2026,3,1,22500870,2cff6c38-d6e6-b657-4549-e34c5c25044b
22500870,182,2026,3,1,22500870,76eb04d6-e1a3-318e-54dd-ff7985d90c56
22500870,184,2026,3,1,22500870,c0e1861f-0b3e-e166-be95-7e35d90c3940
22500870,194,2026,3,1,22500870,6f2fd5d1-1736-9df1-e311-b0a23a7ec921
22500870,196,2026,3,1,22500870,70fa2bef-4b6a-0fd5-ebf7-3a7e22f807c9
22500870,20,2026,3,1,22500870,5d555929-671d-9354-92f2-5672d117831b
22500870,202,2026,3,1,22500870,7d3edeff-fa6a-7fc4-dbdc-88a6d384117c
22500870,219,2026,3,1,22500870,5969711e-5943-c649-e003-bee02c012a77
22500870,223,2026,3,1,22500870,a07172b4-768f-0cd5-e971-9cf50ff6826f
22500870,235,2026,3,1,22500870,5caf6401-4be3-4144-765c-404a99ab31bd
22500870,254,2026,3,1,22500870,20e5f4b0-e15c-f109-1716-c5197e223435
22500870,267,2026,3,1,22500870,5d9b864a-9f60-6025-58f0-be120f346602
22500870,27,2026,3,1,22500870,c6815405-a61c-4e40-f1e4-e1083287b234
22500870,276,2026,3,1,22500870,08697eed-0bf6-908e-e95c-5ee05b8bb3c1
22500870,288,2026,3,1,22500870,af230034-360c-e742-3bf3-e81fa5111429
22500870,29,2026,3,1,22500870,734b1313-4717-4c57-c9bd-ae55a8d8b42e
22500870,290,2026,3,1,22500870,9a0300dc-7073-8484-6c33-5c2bfcf40ce8
22500870,293,2026,3,1,22500870,bcf3b077-3dbe-c990-a725-9a126538c293
22500870,295,2026,3,1,22500870,fda8404b-3625-cfe0-83e2-f2438be43fcb
22500870,297,2026,3,1,22500870,f1ab846b-cef5-2eb4-3490-4e9fc4ecb4d9
22500870,301,2026,3,1,22500870,cc956fb0-522d-2860-b257-b75dec8569cc
22500870,303,2026,3,1,22500870,2f5d92af-d6c8-5ba5-5cc1-4a49574121cb
22500870,307,2026,3,1,22500870,fbcb4697-69f5-cb4b-5f16-d8d6539a005f
22500870,31,2026,3,1,22500870,cd8143fb-dd93-4366-8b0f-1d4e6620e053
22500870,311,2026,3,1,22500870,683476eb-c868-2409-fd31-d5bc9ac2839d
22500870,315,2026,3,1,22500870,d757b764-e063-3d42-77fb-40a4935abbb5
22500870,325,2026,3,1,22500870,8e8f2a3d-c2ca-7094-1ed8-ad0527da8e52
22500870,33,2026,3,1,22500870,aa276e02-7386-5b74-4107-ce2bbf0b5f4b
22500870,340,2026,3,1,22500870,5683476a-ed7d-8b62-ab6e-1b02e7a81285
22500870,345,2026,3,1,22500870,7612acf6-702b-e4dd-0ec0-5446310c98a9
22500870,348,2026,3,1,22500870,e0d6fc24-4ea3-e53d-84b5-c3af1efd1697
22500870,35,2026,3,1,22500870,f1b3b409-bb3b-9c5b-3478-70d5af665910
22500870,354,2026,3,1,22500870,e3928beb-0f1e-2872-d9a6-b8a4b9c82d52
22500870,356,2026,3,1,22500870,5dc50645-779f-b9f5-56ca-28e27fd4e7a6
22500870,387,2026,3,1,22500870,156cbd7b-eecd-f988-2dad-0dd27d1cdc80
22500870,395,2026,3,1,22500870,546d9f05-bfc2-dfcf-5d4f-e649f7a929f1
22500870,40,2026,3,1,22500870,cd26dfcf-c17c-1888-542f-b2803389c23c
22500870,404,2026,3,1,22500870,142a6ef3-5e94-46fa-c7e6-356467b4cd7b
22500870,408,2026,3,1,22500870,96ae6586-2aac-2c99-fcca-45b08135dda9
22500870,412,2026,3,1,22500870,afeb23ea-ebe6-efbc-c97d-67c4e4e2eb3a
22500870,416,2026,3,1,22500870,abe389bd-4a8b-9681-82d6-9232d0f8a85e
22500870,418,2026,3,1,22500870,0802e58f-edb3-f5cc-100d-13cd589a0d40
22500870,42,2026,3,1,22500870,bee2b92f-d4bd-8a92-2c70-154335925c14
22500870,420,2026,3,1,22500870,920bbb59-d798-17dc-c565-74cbfe96f788
22500870,45,2026,3,1,22500870,508a8db6-be05-f483-d55d-e0d6d979b9ab
22500870,450,2026,3,1,22500870,58f95163-c144-8058-df47-eedd1946eea0
22500870,453,2026,3,1,22500870,fa325ef0-e294-387e-7595-c1312c8e7431
22500870,463,2026,3,1,22500870,50e590a6-e3f6-9f4e-eaae-176268b367f1
22500870,470,2026,3,1,22500870,d7852883-1ff6-d276-0b35-c2c34238e813
22500870,472,2026,3,1,22500870,73e5e367-cc0f-dd3e-157e-3fca064e265b
22500870,474,2026,3,1,22500870,1ef83f88-6dac-247d-7d27-40e6d724475a
22500870,478,2026,3,1,22500870,9084a77c-44d2-3d82-9c87-826504862218
22500870,496,2026,3,1,22500870,88d2b923-6eeb-3635-68ce-8f9b266f26b2
22500870,51,2026,3,1,22500870,447b9943-7c5c-684a-aec0-9e6bed5aca7d
22500870,511,2026,3,1,22500870,98b179b0-7cda-03c1-ea3d-301c6727d6ae
22500870,515,2026,3,1,22500870,aaaf64c5-0613-24be-3c8d-c11c3857dc7e
22500870,519,2026,3,1,22500870,69507503-8469-2ad7-815d-c1643729b6fe
22500870,53,2026,3,1,22500870,521daf78-5ae4-e26e-7ec5-788fb73f0732
22500870,531,2026,3,1,22500870,93a2f3bf-7b2f-4e74-6c76-9c3b8896a14f
22500870,539,2026,3,1,22500870,19a1427c-8667-34b6-20af-7f618516b69e
22500870,549,2026,3,1,22500870,511b9330-9b1c-4a6d-6ba8-b71fc62b50e8
22500870,552,2026,3,1,22500870,33687b23-84c3-bcd1-eda8-97408e0ef260
22500870,559,2026,3,1,22500870,bac9cc54-58f4-71c5-e5e6-83018d6d443f
22500870,563,2026,3,1,22500870,187c8cb8-e162-f815-da90-9d6e717ea251
22500870,570,2026,3,1,22500870,220ec0ce-9114-d84f-7b44-f19bb28df916
22500870,574,2026,3,1,22500870,f5b33fcc-c3c9-bb55-6f1a-dc7c2c15e9c2
22500870,576,2026,3,1,22500870,9963e253-5933-653f-e776-f5567104d3c1
22500870,593,2026,3,1,22500870,41e326ee-e31f-98de-18a6-fa01226b7a61
22500870,610,2026,3,1,22500870,06ed16ae-6c47-5200-509a-a742892cd95d
22500870,616,2026,3,1,22500870,0d2ca782-0edd-cfba-e790-5fdf88e9984b
22500870,628,2026,3,1,22500870,7305a647-35d4-4444-71ee-8a56e100bbf0
22500870,630,2026,3,1,22500870,9fdad91d-295a-85ae-622d-675c3b2c2af4
22500870,632,2026,3,1,22500870,076f9ed7-9951-0d41-e0e0-e73c33f69f7e
22500870,641,2026,3,1,22500870,5ebc205c-d982-ef57-319b-15586df60081
22500870,643,2026,3,1,22500870,2e98a31c-a305-b1f4-fce7-8d1a3b5db16a
22500870,660,2026,3,1,22500870,8f54eaf6-0663-6804-fd78-50da826d092c
22500870,662,2026,3,1,22500870,dd0f12d9-3a88-80bc-d7c4-720684aaefd0
22500870,668,2026,3,1,22500870,75ee42ee-8ca1-9eec-750d-4213bde0a772
22500870,670,2026,3,1,22500870,a99a05cb-ae55-a55a-6b7c-6da8390222a2
22500870,693,2026,3,1,22500870,da378e45-aa6c-5823-bf9a-41a6706521ea
22500870,74,2026,3,1,22500870,eba8e8fb-ffd5-3328-024c-fce26e8d0ff1
22500870,84,2026,3,1,22500870,51eb6f4d-b2df-f623-27d2-06769e6d871f
22500870,86,2026,3,1,22500870,fa7f1aaa-2c1a-fc68-8035-214d1da63bb1
22500870,89,2026,3,1,22500870,23f85efb-6411-8814-1810-dbdb697945ce
22500870,92,2026,3,1,22500870,de996388-05c5-a32a-add4-cb3eec1df7ad
22500870,126,2026,3,1,22500870,43fede2c-d887-bc34-233e-31392d6dbbd5
22500870,153,2026,3,1,22500870,37ff6d7a-ca9a-646a-0e18-3b2330a26445
22500870,232,2026,3,1,22500870,65784ba3-17f0-dee4-94fb-bf0566298411
22500870,236,2026,3,1,22500870,fdba4cb9-b03d-0e80-093e-67f9a82aa39e
22500870,243,2026,3,1,22500870,a095e630-7405-da21-c830-bc0187c118d1
22500870,251,2026,3,1,22500870,d5f0c8eb-a825-b868-90c2-16268daa0946
22500870,270,2026,3,1,22500870,18a0941a-564e-a0d2-7413-4ed80bb2bcfd
22500870,280,2026,3,1,22500870,e8334cf3-8d00-0751-2fa0-bf63c713e4e3
22500870,358,2026,3,1,22500870,349c0cc4-763d-18ff-f932-975a4d953478
22500870,37,2026,3,1,22500870,d5e566ba-b5d8-cfd8-f0e4-0ff2ddba3eb4
22500870,384,2026,3,1,22500870,b5f094b4-ad10-a056-c318-4a57e2929c4e
22500870,388,2026,3,1,22500870,467a2f8f-80ea-20cc-e5e6-ecaed6341f63
22500870,392,2026,3,1,22500870,13866121-6ac5-88f3-b214-63cded85d9a3
22500870,396,2026,3,1,22500870,6b251c76-d44e-e156-32da-94ef44ddf10a
22500870,398,2026,3,1,22500870,81d8c1be-ce05-70ee-a652-dfa92c10e82b
22500870,405,2026,3,1,22500870,77ebcae2-8ad5-c9a8-70a8-334bdcb80a11
22500870,493,2026,3,1,22500870,b4e8ff50-90a0-eea3-972a-9e68278d9b11
22500870,613,2026,3,1,22500870,012d8949-7747-ccd5-d8a1-f3e3e9fa58d7
22500870,644,2026,3,1,22500870,dd2c51a9-cc71-0aa8-5a19-446d419dc2d1
22500870,647,2026,3,1,22500870,2d38a970-b0fd-4dd6-fb90-f2d98c7a5dc3
22500870,680,2026,3,1,22500870,9a6193d6-d681-1520-6c0d-e14798f6de21
22500870,696,2026,3,1,22500870,9b94c2d5-0c1a-0186-d22f-f479aecd0bee
22500870,7,2026,3,1,22500870,070cacb3-3d75-2f7d-fa08-70a56a66e703
22500870,133,2026,3,1,22500870,f950cce1-cf5f-da8d-d717-58a17b5663a8
22500870,134,2026,3,1,22500870,291460dc-c33b-057d-57f3-787590ab3680
22500870,137,2026,3,1,22500870,c79f092c-770b-3600-ffa1-b0745f71aff2
22500870,163,2026,3,1,22500870,6633dbf5-8411-04d5-3fb1-7ec3ca070dab
22500870,226,2026,3,1,22500870,0dffb1c4-fd7f-a4f5-5820-1a2ca35a2cd0
22500870,279,2026,3,1,22500870,d1d8e992-9c6c-b37e-8e3e-18df38601bfd
22500870,338,2026,3,1,22500870,930f44ac-df8f-bcd5-8f66-69b0a24326be
22500870,373,2026,3,1,22500870,17a333ab-92d9-9db8-3708-1099c01cecbb
22500870,401,2026,3,1,22500870,9264d575-d422-452b-0c5d-b6ad2df619ba
22500870,465,2026,3,1,22500870,02af6825-25b8-a6f5-75d3-8083d85aeccd
22500870,553,2026,3,1,22500870,3b8d978f-133e-e84a-f193-ebdec6887fbb
22500870,605,2026,3,1,22500870,e6b33c82-1423-0132-0824-5c53eba82825
22500870,635,2026,3,1,22500870,25a6777c-8837-c270-5373-757f01707a66
22500870,77,2026,3,1,22500870,c0232e10-f1ed-d24d-622b-2d2b15aec37a
22500871,101,2026,3,1,22500871,5d123a83-ddf3-df34-4050-607686372ce2
22500871,107,2026,3,1,22500871,e75e4ecb-a7b8-fd6a-d271-02bd0b0536b4
22500871,109,2026,3,1,22500871,86d8ddc2-b8a7-d11a-490a-a33911e7e511
22500871,117,2026,3,1,22500871,44d0a374-55e6-e924-b925-367e68ee62c8
22500871,13,2026,3,1,22500871,0d01430e-cb65-6ffe-afa7-95d17ec4d911
22500871,132,2026,3,1,22500871,d4e5934f-c64d-2a53-2402-af2e43a13d7d
22500871,139,2026,3,1,22500871,ba086da9-5cc7-7cfe-b324-291ff9e3a919
22500871,164,2026,3,1,22500871,e1121077-3c0b-229d-67f4-6f14ed5d35a3
22500871,179,2026,3,1,22500871,66f7996a-847b-ca57-ba60-d358a5a8b950
22500871,196,2026,3,1,22500871,dbcf3b05-d7c5-a944-67a4-ae793625d752
22500871,222,2026,3,1,22500871,445d0b05-df04-d490-730a-eba545c6062d
22500871,234,2026,3,1,22500871,49ee50b3-34f1-ec4b-2aa1-94f8ccae2a91
22500871,248,2026,3,1,22500871,b39e9174-88b5-633a-9d46-0783e467a4c7
22500871,27,2026,3,1,22500871,af42145e-c747-8b6a-b92d-489ccbc20205
22500871,276,2026,3,1,22500871,b2196cb1-17e0-c4ce-7a46-b86271dec19b
22500871,280,2026,3,1,22500871,2fcf5a82-460d-c615-3f94-fe3dc0e908d3
22500871,288,2026,3,1,22500871,68042a54-3e79-7843-a204-45483db8ecdd
22500871,29,2026,3,1,22500871,904b6342-f09d-3d4c-750a-55f555a0600b
22500871,302,2026,3,1,22500871,c1c06346-6174-582a-dc66-13f5c5ba34a8
22500871,308,2026,3,1,22500871,cba27058-54a0-5ff7-0279-ad48dfbdc2ef
22500871,316,2026,3,1,22500871,30af69a0-f2eb-535f-ddd5-f6be5ab2124d
22500871,33,2026,3,1,22500871,4ed5b974-6b22-26b9-9bc8-1ea958d9f3fe
22500871,339,2026,3,1,22500871,6fc0cd20-927e-398e-b8bf-811bd54c1a2b
22500871,342,2026,3,1,22500871,071e3ff0-2b54-0af5-ccb6-5e169822fa76
22500871,343,2026,3,1,22500871,97b2e947-85b8-0403-7b5f-f5304a732cbd
22500871,346,2026,3,1,22500871,84c6d452-52cb-e06f-7b78-4fdbc0008b8f
22500871,368,2026,3,1,22500871,e3098d55-527d-7895-1c92-a340cc23241e
22500871,374,2026,3,1,22500871,99273620-4226-cdc1-eb5e-fdcd6002c0ff
22500871,383,2026,3,1,22500871,049a7d30-3301-fa49-b9cb-e1df958c1462
22500871,391,2026,3,1,22500871,7307569a-bd0e-5c26-28eb-cb3d701b23fe
22500871,395,2026,3,1,22500871,3cc3d379-91d5-c7d8-c8ea-96139d465c98
22500871,398,2026,3,1,22500871,e7a31e2e-f304-077c-66df-cde35117e383
22500871,419,2026,3,1,22500871,caa7351c-b270-8ff9-2419-c5666c4471fa
22500871,445,2026,3,1,22500871,4c10fc48-415e-bfba-7a28-bebbb2785753
22500871,447,2026,3,1,22500871,0881b86a-7b80-62af-4b7d-94303d395df4
22500871,464,2026,3,1,22500871,e8e05386-fdc3-637f-c562-e5c8cb560282
22500871,496,2026,3,1,22500871,4c5b90e6-36bc-ee75-aaf3-d42b6e90a6e2
22500871,521,2026,3,1,22500871,51bf1cdd-5ccb-d985-a29d-046a9a0a7520
22500871,53,2026,3,1,22500871,06abac30-b016-910a-e0fe-b4ddf0918982
22500871,543,2026,3,1,22500871,41b09674-aef0-e8ba-930d-262a3027121c
22500871,551,2026,3,1,22500871,24816ef4-5433-7eec-2d24-db66d8d74fca
22500871,564,2026,3,1,22500871,03f5fbda-b9cb-b475-1384-4b215929dc69
22500871,568,2026,3,1,22500871,1cea6ebd-02ac-6920-30eb-5cae4956d5d9
22500871,571,2026,3,1,22500871,5643f194-f0f7-f6ce-1238-5ac019883fad
22500871,583,2026,3,1,22500871,0b82c2d9-4e79-4355-fc07-60f01df9add8
22500871,592,2026,3,1,22500871,24981630-744f-8bd7-ca9b-82495acc8534
22500871,601,2026,3,1,22500871,d4d0c539-a2af-38fa-765e-54238a8fa8be
22500871,606,2026,3,1,22500871,31677cc2-f8f8-ec88-0411-9ad852025a4e
22500871,625,2026,3,1,22500871,77bd8f60-62e3-4a9c-c5b7-eff112fcaa79
22500871,649,2026,3,1,22500871,f94e20ec-c618-db5c-4a3f-6b7a6b12488d
22500871,74,2026,3,1,22500871,1596db18-6fa5-53ce-489d-9e551c0c8dbc
22500871,80,2026,3,1,22500871,3747e80b-e9ea-260d-f47e-174439809c3c
22500871,81,2026,3,1,22500871,d2b172e3-b236-508f-7f22-b86219f3c799
22500871,87,2026,3,1,22500871,958d13ab-73b3-9899-c666-89da9d019aa4
22500871,129,2026,3,1,22500871,c7eaa28c-e2ed-3a95-86fc-c6bf6c4c7ea9
22500871,160,2026,3,1,22500871,437a044b-d556-7928-c162-583b12476399
22500871,231,2026,3,1,22500871,b4789b89-5978-0e19-f407-e0fcd14fbf4c
22500871,355,2026,3,1,22500871,179c4baa-ccd0-6661-4809-7906d083a1e3
22500871,456,2026,3,1,22500871,585038c5-6e6e-066e-3cb0-a057981e0b5f
22500871,516,2026,3,1,22500871,441e9e04-9f65-dcc8-0819-e17fdbcd41a2
22500871,587,2026,3,1,22500871,0ce844e9-0c3d-9e25-ecf0-e60a03305c7b
22500871,608,2026,3,1,22500871,314193bc-bb92-a55d-91af-6a73ec67ae87
22500871,612,2026,3,1,22500871,87348b21-2f16-428d-80d6-d158e371d6db
22500871,11,2026,3,1,22500871,f25422b7-f4d5-2357-e771-7263ec853490
22500871,111,2026,3,1,22500871,590783de-dbe4-fbea-d33b-8dac38467b54
22500871,112,2026,3,1,22500871,6adc5dd7-8ccd-122f-d35a-be17860bb8af
22500871,122,2026,3,1,22500871,f6e18e06-3d94-02f6-9005-421f448223b7
22500871,141,2026,3,1,22500871,8be22a98-c822-61da-6e58-352794595d38
22500871,15,2026,3,1,22500871,72981f72-64be-8992-f5ff-bc7279684849
22500871,166,2026,3,1,22500871,c224aad8-247f-3c35-1e4a-ae890bfc4623
22500871,175,2026,3,1,22500871,e2dfcb92-f07b-7ebe-aa14-704ca2dffdb5
22500871,19,2026,3,1,22500871,99352c78-02e9-9166-acf8-3a644e9dccd5
22500871,190,2026,3,1,22500871,1e596fbd-5f4a-d9a6-d956-a2046a756c32
22500871,192,2026,3,1,22500871,beb20f5d-d96c-75db-0d7d-4f6204a27262
22500871,193,2026,3,1,22500871,66834dea-ea43-720c-8d13-da8f2ff3f363
22500871,195,2026,3,1,22500871,2ef3d9ed-123b-88a0-eed3-04c5d4ab740f
22500871,198,2026,3,1,22500871,61b5958f-732a-f962-7327-2d07239a03db
22500871,208,2026,3,1,22500871,c4f8596f-ba46-3f8e-4471-2f1aaef23127
22500871,210,2026,3,1,22500871,df71ba4a-cb9a-4ad0-1af6-4569e84352b7
22500871,211,2026,3,1,22500871,a0f8237e-85dd-c591-c995-3bd2fab5fee6
22500871,213,2026,3,1,22500871,11560dd3-8313-72a8-91e7-a15c64546239
22500871,218,2026,3,1,22500871,aae1e4b8-d0f5-f4ce-c421-3579b7a97f51
22500871,220,2026,3,1,22500871,5d3ec448-3959-c764-bfc4-880539271533
22500871,228,2026,3,1,22500871,afc7773d-266b-dd8e-572e-0dac3dc05a83
22500871,23,2026,3,1,22500871,82adc8e3-37e1-8a82-a65b-54b55156e2b6
22500871,230,2026,3,1,22500871,76124981-9aa8-b0ec-d4e3-475756a9b87f
22500871,241,2026,3,1,22500871,9139a1ed-f334-f440-74ac-140bd6746477
22500871,244,2026,3,1,22500871,8ed67d94-388c-ae41-16b5-b07c327a88fa
22500871,259,2026,3,1,22500871,01a0fa57-634d-6944-7b9c-06849c840661
22500871,261,2026,3,1,22500871,bc59f9f6-d4f6-a652-0550-1a4ea820d6d2
22500871,262,2026,3,1,22500871,352d4f12-2983-e19d-4946-a116a34447f3
22500871,265,2026,3,1,22500871,72dc29a2-a25c-51d6-55d5-eb74ad383f02
22500871,267,2026,3,1,22500871,603cc3da-0f4a-cf55-2428-213a1127fbbb
22500871,278,2026,3,1,22500871,151a967a-768b-f6d0-104a-a01da56c92c5
22500871,284,2026,3,1,22500871,0963ba5e-ed60-aa16-70a2-eed79b3407f4
22500871,290,2026,3,1,22500871,0da41bb2-4009-abf1-d008-d1010a0bfad3
22500871,300,2026,3,1,22500871,74dd611c-4d1b-7f0c-bb42-6e03016be29b
22500871,31,2026,3,1,22500871,b26ae65e-2659-a791-7dd2-d9ba0aeba20d
22500871,317,2026,3,1,22500871,408c4585-3847-bf3b-4849-7115a732baca
22500871,319,2026,3,1,22500871,5a4a5a11-b2ff-ea86-0902-b17ad2b7cbbe
22500871,322,2026,3,1,22500871,98b0328c-5eee-6e5a-b81f-8e3b57ff1372
22500871,336,2026,3,1,22500871,b6a797b2-ab4d-18c6-4f12-4acd1f0e0f4c
22500871,337,2026,3,1,22500871,15eb08c4-81b2-2bc9-9c9f-62d97c111b4d
22500871,341,2026,3,1,22500871,7c01ee08-1a2f-7e68-ae44-ad746560176e
22500871,35,2026,3,1,22500871,b5be65fe-0d26-4bc3-3e38-e7eaac067b23
22500871,353,2026,3,1,22500871,ae158025-5f7b-eaf9-93ea-7c0ab369512f
22500871,358,2026,3,1,22500871,55c8f225-22f7-fa12-1fe5-4a3998d24376
22500871,360,2026,3,1,22500871,c3acc4dd-de0b-23a7-a22e-ef786f739c11
22500871,362,2026,3,1,22500871,40caf5d9-4070-5954-89c4-3d4d8c2c2e97
22500871,364,2026,3,1,22500871,f0ba662a-a9af-1c91-fd97-14c582585876
22500871,37,2026,3,1,22500871,bd106af8-04a2-1c07-7bf7-525ae206d573
22500871,370,2026,3,1,22500871,bf65faba-f495-33c8-2fa2-3cf7cdbb8896
22500871,372,2026,3,1,22500871,7e63e984-b5e5-fc5f-d436-0a3b2257e984
22500871,375,2026,3,1,22500871,baddc69b-152b-10be-5e78-a69b1b2975e5
22500871,38,2026,3,1,22500871,38892092-603c-dfe4-8bad-78aeb3368bcb
22500871,389,2026,3,1,22500871,7abd08e8-389d-e237-2d7e-221231b100a6
22500871,397,2026,3,1,22500871,0eb968d8-7f6e-7f0d-5d8c-6af0f0b3fae2
22500871,400,2026,3,1,22500871,dd292df0-13e3-25da-cdad-f558ec86c398
22500871,402,2026,3,1,22500871,775b7c7f-b851-8c61-6f59-07e0c78c1406
22500871,403,2026,3,1,22500871,1773315e-1eae-711a-4478-f1527e597578
22500871,410,2026,3,1,22500871,bd7a2970-e22f-498d-5005-464f772520bd
22500871,417,2026,3,1,22500871,96cb6c63-b767-e58b-ff90-7c7c175a5d89
22500871,430,2026,3,1,22500871,905a4576-9dc7-d527-d930-6b22cb07b0d4
22500871,432,2026,3,1,22500871,b1fcdffb-8815-e646-9c33-4f1d68866da5
22500871,44,2026,3,1,22500871,fdc2525b-bd0d-cdf4-a102-caacd4330118
22500871,443,2026,3,1,22500871,b552f782-f1cb-3625-00d2-fb8460a1ec22
22500871,448,2026,3,1,22500871,74f1aff5-13e4-e274-c8af-fa3b7ac4f9b3
22500871,451,2026,3,1,22500871,50a181a6-6d1a-6ffd-e075-37f1f0311ff3
22500871,453,2026,3,1,22500871,f36a7315-8d5e-0292-4316-cb1fa7e4debf
22500871,459,2026,3,1,22500871,28192557-37ad-d68d-7bc3-e27604bbcbf3
22500871,462,2026,3,1,22500871,9f7c4e63-5f7d-b79b-316b-b00be4178b10
22500871,475,2026,3,1,22500871,ff71ec1c-b984-43f3-2d47-2fc1b8d42d74
22500871,499,2026,3,1,22500871,3f5769bc-3926-cf76-6ffa-7b051675a6b9
22500871,500,2026,3,1,22500871,6dac2d1a-3825-8c10-f3c8-349d0992dcb2
22500871,508,2026,3,1,22500871,cd204092-290b-d2b1-32aa-a96e87c820e1
22500871,509,2026,3,1,22500871,27626d4a-8ced-84c2-41cc-95d3ac3185ba
22500871,51,2026,3,1,22500871,36b60ec3-f461-644f-1f17-25312ea16d3f
22500871,511,2026,3,1,22500871,2e5e0728-f3b7-7bfd-8307-701cc38ebd45
22500871,512,2026,3,1,22500871,65bb6dc2-7458-8e60-7822-2685f0aadd3f
22500871,519,2026,3,1,22500871,59d7f5c1-e943-b7f8-b0f5-57d76e59e465
22500871,523,2026,3,1,22500871,39c1d00a-9cc5-b661-58c5-52a8ce57b242
22500871,532,2026,3,1,22500871,3aaeb9a9-d0ae-728c-929a-82c9cc8a7b51
22500871,534,2026,3,1,22500871,14c007e8-8371-0916-3884-98be9f1efef5
22500871,541,2026,3,1,22500871,21cbb7a6-7d2d-02d0-ea51-f7cfaeebe111
22500871,55,2026,3,1,22500871,1ea57b7c-2045-21b9-a2e3-c14220c90e4c
22500871,553,2026,3,1,22500871,24185152-e792-6350-3500-f930374b7178
22500871,555,2026,3,1,22500871,f67abd71-e1b5-35cd-77dc-08346108540c
22500871,566,2026,3,1,22500871,6f8836de-b5c8-33b6-d246-847dee0d9ce4
22500871,57,2026,3,1,22500871,3cfe85a7-6e95-2e79-1d36-e9c4de3848b9
22500871,573,2026,3,1,22500871,0e78850c-8c48-6424-fa12-3bb64e246484
22500871,581,2026,3,1,22500871,b381443b-f39d-2bed-b2bc-0caf071881d2
22500871,585,2026,3,1,22500871,e43ccec0-2a2e-dac8-6160-cf1db7ace86c
22500871,59,2026,3,1,22500871,ff527805-1b01-3d07-e1a0-145b2024a8ca
22500871,599,2026,3,1,22500871,15b840fa-a40f-8cf0-0f19-62141f378724
22500871,611,2026,3,1,22500871,41985840-d4e0-8a27-adc5-2b7d1fe8b564
22500871,623,2026,3,1,22500871,871767a5-2dfb-df0f-e6d1-1b633cfddd98
22500871,645,2026,3,1,22500871,8369ad72-a6ad-02da-f703-791ec4650d69
22500871,647,2026,3,1,22500871,1addaf6b-2119-0a9e-0399-e628242ea92f
22500871,7,2026,3,1,22500871,06581fc1-ff63-3154-8136-f2a9dc87f138
22500871,76,2026,3,1,22500871,5349f1ba-a8e9-0792-7f6b-e4ddca6f5d9c
22500871,78,2026,3,1,22500871,1196dc8a-cfb6-f033-2a6a-0d59059d1352
22500871,83,2026,3,1,22500871,2898f2fe-55ff-68f3-07d5-75ebe750241e
22500871,84,2026,3,1,22500871,c0857850-ddfa-b3fc-2213-79c59536958c
22500871,85,2026,3,1,22500871,6a0f04ba-7999-ec48-1ed8-8802f1989a47
22500871,9,2026,3,1,22500871,9867a6f7-0317-8621-0edc-fb67a60d9da6
22500871,90,2026,3,1,22500871,67fb7673-801d-7de3-f31b-6e24d09d1301
22500871,99,2026,3,1,22500871,28999022-9ee1-98e1-6212-83db7396a60e
22500871,10,2026,3,1,22500871,8aa757b4-f2b2-8ecc-5842-36d7cf3f449c
22500871,100,2026,3,1,22500871,df30782f-6067-a2e5-fbaa-06baaf4ab92d
22500871,113,2026,3,1,22500871,67374f13-7cba-9493-5abe-8a7a78f55c47
22500871,12,2026,3,1,22500871,b148ac3a-cc1c-4260-ef3e-d83e4d8a136b
22500871,123,2026,3,1,22500871,508349eb-01ae-9bec-0343-5b29a1728fcb
22500871,131,2026,3,1,22500871,b0670827-d746-6b97-5f82-b61443d7f82d
22500871,16,2026,3,1,22500871,bb1f78ca-285b-f729-c9d3-f4632294d0e0
22500871,167,2026,3,1,22500871,cfda7325-8c19-66b7-579e-fc9eb5bfc825
22500871,176,2026,3,1,22500871,2bcb99c5-a81f-a163-d8ba-4dbfbdd08bee
22500871,191,2026,3,1,22500871,cbeb8c4a-70a5-6804-7d50-fc2737c3cee9
22500871,199,2026,3,1,22500871,74b7d9f0-5c41-1eda-89e9-9808d03cded2
22500871,20,2026,3,1,22500871,91cb4c77-a626-57d8-36ff-2d62067f8c99
22500871,209,2026,3,1,22500871,2aecec27-6e34-66bc-42a1-7a6f232f1878
22500871,212,2026,3,1,22500871,ade8a730-0152-1468-1d8a-25cd87abca03
22500871,214,2026,3,1,22500871,74c8db08-fa57-3fff-7cf9-123d4f84f642
22500871,219,2026,3,1,22500871,2b9ccb4e-e7e8-c50f-0fce-82e27ca85f13
22500871,221,2026,3,1,22500871,598734f4-d66b-1d08-1f9b-23cdb9504483
22500871,229,2026,3,1,22500871,ca2215d4-8dd3-102f-4968-ca498e7dfa78
22500871,233,2026,3,1,22500871,bc5f1d5f-57bc-1264-6d7c-8d78c06d446e
22500871,242,2026,3,1,22500871,88f063ce-863c-4eb8-3a6d-60afadbe754c
22500871,260,2026,3,1,22500871,0ddcde38-e010-5089-5988-89991865bd08
22500871,266,2026,3,1,22500871,cfb738da-90b6-6603-1bd0-91d5455ea5a7
22500871,268,2026,3,1,22500871,9208cb70-dbf4-f85d-34f9-e6f6ed5016b6
22500871,279,2026,3,1,22500871,46fc0740-0f59-3c88-f854-1e974950ad25
22500871,285,2026,3,1,22500871,2861ad79-985b-b583-9782-14b9e66ce889
22500871,291,2026,3,1,22500871,c0a61ebf-4d75-0a4e-a5cd-974271562552
22500871,299,2026,3,1,22500871,b2b04d00-9c8d-faf6-8f94-75e7048b0df8
22500871,301,2026,3,1,22500871,8d4b890b-d5ea-502c-a91c-f7c0b957e737
22500871,318,2026,3,1,22500871,d7573b87-84fc-739d-186c-bceb909d0721
22500871,32,2026,3,1,22500871,623e09b1-209b-e815-f2a6-5635727d5991
22500871,320,2026,3,1,22500871,1fb52c00-bca6-985d-7e5c-3e875f1c9637
22500871,338,2026,3,1,22500871,db148b29-e26a-d648-b7bb-f1f62ee21e0b
22500871,354,2026,3,1,22500871,8ad632cb-d6c1-66ae-ac29-b01c1ac8b7e2
22500871,357,2026,3,1,22500871,3df73e88-9314-4bb9-6ae4-a8c4ffde9c9f
22500871,359,2026,3,1,22500871,06708de5-63f3-324c-25b4-6e8df41d11ba
22500871,36,2026,3,1,22500871,bbb57982-360a-41dc-bca4-183d5b9d6aa4
22500871,361,2026,3,1,22500871,afe5e9fd-7919-f927-3810-57b9cc2f848e
22500871,363,2026,3,1,22500871,793df52d-32f0-de76-b6af-cedd42779983
22500871,365,2026,3,1,22500871,d5f29c42-bed2-4633-1516-abe8531c53e6
22500871,371,2026,3,1,22500871,d3756e8b-95f8-128c-1dac-b946367937f9
22500871,390,2026,3,1,22500871,08aeff2f-edc5-63b7-3d94-b85ef8f37c7e
22500871,401,2026,3,1,22500871,ee4f018e-35bb-50ea-273d-b6d146a38c32
22500871,405,2026,3,1,22500871,82e92a0c-2cd7-da6b-53f1-115b6e9b4bf1
22500871,411,2026,3,1,22500871,d239855e-08a3-3e76-fb02-2a8d0df78839
22500871,418,2026,3,1,22500871,44b6b9b8-42a3-dfcc-d526-7afb5800edbe
22500871,43,2026,3,1,22500871,a22d43d3-166e-8118-5c6a-064cb355c777
22500871,431,2026,3,1,22500871,7e6b8b18-867f-c46d-4927-dd078dec9808
22500871,444,2026,3,1,22500871,5466f38c-7866-82f5-3c3b-33084e460811
22500871,45,2026,3,1,22500871,f1577def-870b-433d-ffc3-3a16794b3282
22500871,452,2026,3,1,22500871,23d23be5-b296-3b89-004c-2292d6c29156
22500871,458,2026,3,1,22500871,c18105b8-d193-cd1f-7fe6-3a6e1611c9e9
22500871,476,2026,3,1,22500871,1296c073-eaa6-538f-ff8a-af49c5318ab6
22500871,50,2026,3,1,22500871,6893b012-27b9-d8d0-0f9f-c0d23b7176fc
22500871,501,2026,3,1,22500871,d0fda454-d67b-0d3f-7c00-d4f58cd8409e
22500871,510,2026,3,1,22500871,605ad6c7-5e42-7295-12cf-59966435ffb8
22500871,513,2026,3,1,22500871,7cfe4486-30f9-1ec1-bd30-f408249b4fbf
22500871,518,2026,3,1,22500871,8e619187-6d5b-dfd0-1f71-fef15e543db9
22500871,52,2026,3,1,22500871,0725ea74-9bff-15a0-d00a-1e13e0868340
22500871,520,2026,3,1,22500871,50f7ae9f-4e1b-ccb5-22e6-33b38ebf6472
22500871,531,2026,3,1,22500871,3efabf72-3abc-c246-d01f-78c6e7c3c934
22500871,533,2026,3,1,22500871,fdc23403-c6de-ce3a-7c9e-09e444350bfc
22500871,538,2026,3,1,22500871,6f6d51ab-73ab-7866-72a9-c182e356f307
22500871,542,2026,3,1,22500871,d8174454-aca0-81db-f0c9-3d12c3993786
22500871,554,2026,3,1,22500871,06344738-acbf-f179-153d-8f293b35a25e
22500871,56,2026,3,1,22500871,5421ec00-5721-62b7-3f5b-696ecf74250f
22500871,567,2026,3,1,22500871,7c508fdf-aa3d-2577-b7be-5d5b4bc1cfda
22500871,574,2026,3,1,22500871,418056bd-32e0-3862-ae22-cc3a331cc07b
22500871,58,2026,3,1,22500871,9b3abd1f-e9bf-e8ff-5e8e-69a7020b0bdd
22500871,580,2026,3,1,22500871,56aced92-9cb7-3197-9531-ef38f40229e6
22500871,582,2026,3,1,22500871,6962b520-8aa5-e802-216b-b01bdda3ea1b
22500871,586,2026,3,1,22500871,f1bdcd32-2129-edee-2cdf-a60149f51534
22500871,589,2026,3,1,22500871,0293d0a2-a2d3-5133-68e3-f72cdeff3751
22500871,60,2026,3,1,22500871,1eda1211-9fc3-ac29-065e-2736da1a6f40
22500871,600,2026,3,1,22500871,3e539e0b-cf2f-6336-a153-5b127bd597cd
22500871,610,2026,3,1,22500871,d5f58580-5fb3-535b-bb6f-c9bbe62ea722
22500871,614,2026,3,1,22500871,d79245ba-c099-af58-3007-b4d7bcd68106
22500871,624,2026,3,1,22500871,bb4c8054-537a-9052-42bb-3e6ee81bb9b1
22500871,644,2026,3,1,22500871,f2536ca3-cf0d-597c-22aa-2b537fd7ca35
22500871,646,2026,3,1,22500871,f4b54b9d-447c-7a91-1857-aeb2cd3dd461
22500871,648,2026,3,1,22500871,d0e5848c-9b6a-c0d7-97d7-c4b05fce1731
22500871,77,2026,3,1,22500871,228d67a1-277f-9ce0-a540-42225ac3a416
22500871,79,2026,3,1,22500871,4cae922e-a4ee-67bb-4ac0-612ddfaad415
22500871,8,2026,3,1,22500871,935f6938-91f4-16e5-854a-738ab423f303
22500871,86,2026,3,1,22500871,29971d5f-c4cb-e52c-241d-58756bdeac12
22500871,91,2026,3,1,22500871,37e3ff80-8105-3a21-2d31-65d98ed45aac
22500871,177,2026,3,1,22500871,3a127ed0-5d8d-9d89-49df-c2f2a47789e8
22500871,286,2026,3,1,22500871,b4e15204-03b9-d485-0977-26a8b373477e
22500871,393,2026,3,1,22500871,bc8b571b-8ec1-e6e6-a241-62c0640fc523
22500871,441,2026,3,1,22500871,84de99a7-bcaf-7401-4d0f-48af450adf80
22500871,494,2026,3,1,22500871,69b264c2-9d2a-9c25-1a0d-f7a32c2dde8f
22500871,514,2026,3,1,22500871,e06994c3-99eb-bb7b-7005-8be0845fe3bf
22500871,539,2026,3,1,22500871,f0932df7-b3f7-7aa8-e512-0ed981f1d679
22500871,562,2026,3,1,22500871,e86c971c-6bde-9ba5-2069-e04622709a7d
22500871,590,2026,3,1,22500871,279ac36a-c207-2362-9737-40702b084c26
22500871,616,2026,3,1,22500871,7d644498-d54c-77e1-7a5e-3141f7159624
22500871,627,2026,3,1,22500871,03ae5c36-77bc-ef42-6d52-dc18def6f9d8
22500871,116,2026,3,1,22500871,4f8217ab-edfd-9349-5b29-0f57ec01a63a
22500871,128,2026,3,1,22500871,e54e7a04-e7e2-a265-a62e-4b1d4c4af499
22500871,168,2026,3,1,22500871,9831c7a6-9a27-bb95-3120-6845c853ac9e
22500871,171,2026,3,1,22500871,74c144a6-b5a3-0d52-0aa9-5f11be8e023b
22500871,18,2026,3,1,22500871,04b1a7ce-c521-1c46-1a58-3fd2b0ef3792
22500871,26,2026,3,1,22500871,1c7af33c-0c47-4f39-2b17-63a13fa38965
22500871,345,2026,3,1,22500871,ddd1bbd0-5460-9348-0352-e0ec0b36ceb3
22500871,376,2026,3,1,22500871,a5ac8785-fa43-0c57-3eab-0997575367e4
22500871,407,2026,3,1,22500871,162bce86-944b-3632-4c3e-f551ef70c2bf
22500871,427,2026,3,1,22500871,cdf11ad2-0a1f-3b08-e73b-79026deedecd
22500871,461,2026,3,1,22500871,80dd53f6-d2a1-f310-6881-2d00fc07744b
22500871,561,2026,3,1,22500871,6b525950-ee71-cf31-3172-dc0c0f978382
22500871,615,2026,3,1,22500871,2aff3427-2f0e-e8c4-a250-781039def0b7
22500872,102,2026,3,1,22500872,104a70aa-0132-4d07-74e7-d98688fb89c4
22500872,104,2026,3,1,22500872,5fc149a6-5857-cbf0-0db1-3b38d39eb739
22500872,108,2026,3,1,22500872,ca5f5383-c5d1-4664-714e-44c8d49d7695
22500872,11,2026,3,1,22500872,e6379323-4308-d216-c3ff-f74bb78ae9fd
22500872,118,2026,3,1,22500872,01b0798d-1084-5276-715f-d88be44092ff
22500872,120,2026,3,1,22500872,ad87da34-4d7e-54b4-77c6-609c436b1b23
22500872,143,2026,3,1,22500872,14211223-8684-d8e4-cdb5-c6fded94c455
22500872,145,2026,3,1,22500872,dbab0ad9-ee31-ebdf-5c5f-486c6685cf53
22500872,15,2026,3,1,22500872,28ae3a18-2630-81ce-faec-7aced6cec53a
22500872,17,2026,3,1,22500872,a3ceca68-18ba-c499-0ea1-987ad82f1569
22500872,184,2026,3,1,22500872,228c7f3e-1384-c05d-61ab-87d52bbffb6e
22500872,186,2026,3,1,22500872,98a2d812-6951-423d-e203-71f614a49781
22500872,190,2026,3,1,22500872,0ccbe455-a53b-f567-483a-e39c3a201419
22500872,192,2026,3,1,22500872,e1a38784-3ef6-3325-09aa-adf565d9ec67
22500872,200,2026,3,1,22500872,5aeda2b8-20a8-ec68-5f33-a6ff9ec132cc
22500872,202,2026,3,1,22500872,3aa48111-c7dc-910d-5eeb-516754e81bd8
22500872,204,2026,3,1,22500872,80c1b80c-ab5d-8e99-e26d-59ad1eefffab
22500872,208,2026,3,1,22500872,85513767-198f-d9b2-990e-ab198f0f0af4
22500872,21,2026,3,1,22500872,6db60b4a-49e9-8cf3-97bc-74c85d10c621
22500872,218,2026,3,1,22500872,00535ecb-5368-5b69-7f72-dd77886d236b
22500872,228,2026,3,1,22500872,0c086551-936e-00b7-159a-c81207f499ab
22500872,248,2026,3,1,22500872,d40084fe-b7cd-4eb6-6c23-264963de6754
22500872,256,2026,3,1,22500872,fdc486b0-078d-7c8a-d3ec-3f33e5bf1968
22500872,29,2026,3,1,22500872,ec1706f2-7c6c-a5f4-dcb1-498bd78640f4
22500872,309,2026,3,1,22500872,cfdb2c3a-28c5-471f-081c-9c7e32fffe66
22500872,31,2026,3,1,22500872,bbb3904b-5852-4b24-b1c3-28b9657a0b04
22500872,334,2026,3,1,22500872,f9bf0f90-9129-e404-5ae2-b24a36be2eae
22500872,336,2026,3,1,22500872,58f3fb8e-0ac6-c9c5-2a49-0074560c20cc
22500872,37,2026,3,1,22500872,10a5a4ba-8852-4c6f-05fb-c741ac880295
22500872,374,2026,3,1,22500872,891fe5ef-ab3e-7cfe-ab04-64112bcc4faf
22500872,392,2026,3,1,22500872,5772e97e-5c10-58a2-aa4c-994c93dc0b2c
22500872,395,2026,3,1,22500872,d138d344-2ead-648b-0013-73747f53e2e0
22500872,399,2026,3,1,22500872,4bd7c24a-d407-e379-517d-3b488ff4ff79
22500872,41,2026,3,1,22500872,9f1c9877-708c-15a9-4111-a97a16578ded
22500872,419,2026,3,1,22500872,942616ba-49d2-3e5e-ca69-2cec94eb36f5
22500872,421,2026,3,1,22500872,9279cc56-6aa1-9608-0eda-4f3e9cc39116
22500872,428,2026,3,1,22500872,5e6be1bb-2b48-9278-bf91-4a3cea21a557
22500872,43,2026,3,1,22500872,f5f334d8-1654-c3c8-ae8a-48952c2d7fd7
22500872,438,2026,3,1,22500872,633d46a2-2bf2-89fa-d8e4-efc4b10e3c1c
22500872,459,2026,3,1,22500872,5ddda17d-27f8-7fca-5c75-085211a86d9e
22500872,465,2026,3,1,22500872,cd6b4966-48df-29c7-a9d9-742dfa79be0a
22500872,474,2026,3,1,22500872,1ddc8b47-803c-ad8d-67a8-85cc24c95050
22500872,509,2026,3,1,22500872,98cc01ac-0c3f-bb1f-b524-a30e8b9518fc
22500872,513,2026,3,1,22500872,8317cd4e-1990-b5eb-39ec-f962f3b4973e
22500872,52,2026,3,1,22500872,1f2b153b-832c-4c67-d042-19c6dac628d6
22500872,520,2026,3,1,22500872,30729b18-ceae-dd9e-2ca5-4b3f141134da
22500872,526,2026,3,1,22500872,05b8c844-469a-629d-b388-2b035ec4e664
22500872,541,2026,3,1,22500872,ec86fc93-e706-d47c-781d-eba824ab5314
22500872,543,2026,3,1,22500872,ecb8a160-b607-6c83-b3d5-026e028cf44b
22500872,556,2026,3,1,22500872,416fdbda-c186-e5ee-63fc-c2bfe9fd4356
22500872,558,2026,3,1,22500872,629a685f-32ab-8f4b-e8fd-61a04004773c
22500872,56,2026,3,1,22500872,64832e8f-4b45-e054-eb1c-0bee722f3552
22500872,562,2026,3,1,22500872,36d7d80e-d990-630b-1499-0ed79c2c62fa
22500872,585,2026,3,1,22500872,147fb691-6ea2-3674-4680-c8aca9c066ab
22500872,590,2026,3,1,22500872,e8efc3db-69b2-d3fa-994e-dae2fd8103e1
22500872,606,2026,3,1,22500872,115e8710-9e44-ec35-c28f-2d2bb350d268
22500872,608,2026,3,1,22500872,8c512064-c467-e46d-af23-bd46c3ebf1e9
22500872,610,2026,3,1,22500872,30c9d4e8-c1bf-0025-4f1a-f4024cb0d328
22500872,615,2026,3,1,22500872,66df1d63-5bfe-f418-00d3-6ee6ed728b94
22500872,623,2026,3,1,22500872,2ade12cf-096f-d6e3-ec82-5f232547725c
22500872,636,2026,3,1,22500872,dfb00e40-428a-cef6-6e08-bd16e52670a8
22500872,655,2026,3,1,22500872,8bf7f1ac-789c-1e7d-6923-842e293d6c31
22500872,662,2026,3,1,22500872,8140aeb8-6c25-7f73-9b81-9495efbffc92
22500872,132,2026,3,1,22500872,a9ee2658-7176-7fd3-1e5c-555b8ff480e4
22500872,194,2026,3,1,22500872,83efd121-2d2a-492b-01bf-3864573cb28e
22500872,197,2026,3,1,22500872,06cbcdb2-a602-3de8-ba9b-67f6fbd90652
22500872,244,2026,3,1,22500872,1fdc1fc6-6900-17d5-9915-d3bad32d8307
22500872,288,2026,3,1,22500872,261e5734-c2af-d83b-a5da-e59ee6d6e559
22500872,295,2026,3,1,22500872,da022712-3ea9-31bf-32ed-304c99a74a5d
22500872,306,2026,3,1,22500872,53b2c577-7908-64c0-251b-86a5a0f45f0b
22500872,332,2026,3,1,22500872,544b5cc4-8ff9-00e6-0cc6-f9a7dfee3aee
22500872,340,2026,3,1,22500872,221d7b85-3e7e-5d62-fed7-7f42840ebdbd
22500872,384,2026,3,1,22500872,5362f766-605a-5fbe-f91e-a3476655fbff
22500872,423,2026,3,1,22500872,36025fe1-c4ee-c68f-4eed-4cd7f2b4ce11
22500872,469,2026,3,1,22500872,3a888b13-841a-e19b-5c63-393111e57ee2
22500872,545,2026,3,1,22500872,bceebef8-df4c-e171-4bb6-a76274ffb15c
22500872,587,2026,3,1,22500872,c8122850-e428-a35c-9022-353eaad44ab3
22500872,612,2026,3,1,22500872,2d4b757b-6071-99e5-96d1-b539ee3eac2e
22500872,670,2026,3,1,22500872,52f35edb-b222-2b8c-ab44-9ccd49473b1b
22500872,7,2026,3,1,22500872,ef26daf9-b8b4-4b41-7217-c66405cfedc0
22500872,89,2026,3,1,22500872,25a05e7c-ed77-b72e-bde8-825c678d49d1
22500872,100,2026,3,1,22500872,a87895d6-35c4-9d51-08b3-f0ba89a093fb
22500872,101,2026,3,1,22500872,17037054-4398-e1ee-d382-0f44fff5b70b
22500872,106,2026,3,1,22500872,9696ef23-024b-3f4a-1136-9c217fdbb611
22500872,111,2026,3,1,22500872,df9d6248-e2ee-73eb-dd6f-75598b3dd73e
22500872,113,2026,3,1,22500872,bad05cb8-19dc-a998-497d-33d4a6fb7f77
22500872,122,2026,3,1,22500872,840a6ef2-7cd8-c5ae-2481-b963703cfd23
22500872,128,2026,3,1,22500872,382b7578-3eba-ac2b-24de-f2c54d77bc21
22500872,130,2026,3,1,22500872,966914b4-805d-d42f-6fa8-4990c1175f80
22500872,136,2026,3,1,22500872,a13e9cd6-2d37-dfeb-4e8e-5a758d967738
22500872,138,2026,3,1,22500872,c7e02ff4-d458-dd7a-7536-7cc34ec5692a
22500872,151,2026,3,1,22500872,5172a578-744c-ab01-dd6e-b41061d63430
22500872,153,2026,3,1,22500872,1920611b-68ad-7ad4-1ecb-d6ad131ecdfe
22500872,154,2026,3,1,22500872,2f343353-1378-fcce-2faa-1898883c7d62
22500872,168,2026,3,1,22500872,abd80c3b-8729-f5e7-7683-9117c0dda098
22500872,172,2026,3,1,22500872,bcf226fd-56bd-afff-d49a-36e4de08847f
22500872,182,2026,3,1,22500872,9df40fa1-344c-6fe1-9b3b-7a115fd2d458
22500872,187,2026,3,1,22500872,9a81d617-dc78-6965-7ee0-e629907db390
22500872,206,2026,3,1,22500872,b239192e-c410-1110-9372-fad585e6b02c
22500872,210,2026,3,1,22500872,b919f5d4-d352-acd0-8cc7-8018bd58a4d5
22500872,222,2026,3,1,22500872,a79e0723-3d77-2141-9cdf-3e507de06916
22500872,226,2026,3,1,22500872,0f97980b-9c17-9faa-9086-54e3d01a1434
22500872,241,2026,3,1,22500872,fecb98f0-9e9f-0a71-3b50-16d8abc2fd53
22500872,243,2026,3,1,22500872,64f6c7e0-ce41-f1ae-d2a0-022ffecd79e1
22500872,258,2026,3,1,22500872,1b4f6d12-6f44-36d8-65e9-55c1885e6480
22500872,260,2026,3,1,22500872,a1082c7a-7491-69c9-618e-b45a40b6baf4
22500872,262,2026,3,1,22500872,23a61cbf-d77e-ad2a-c7de-06d31e4e1f80
22500872,264,2026,3,1,22500872,8b35ee19-571a-a15f-d55b-0a459c70badd
22500872,270,2026,3,1,22500872,b2a441c3-4222-38d2-914a-8e92362a2fd3
22500872,286,2026,3,1,22500872,f7ec0150-da1f-df36-f8f2-1323a0222de4
22500872,287,2026,3,1,22500872,e59cb48c-a438-1cd6-7810-cd53708a2156
22500872,291,2026,3,1,22500872,56195516-dec6-81f6-97cd-d5a5dd519a65
22500872,299,2026,3,1,22500872,e03e58ba-50aa-81d8-0fc6-45023404993a
22500872,300,2026,3,1,22500872,e2821296-2b9b-3068-d384-7a5ce80c212f
22500872,315,2026,3,1,22500872,ca22df85-737f-5715-a7ba-44d46b98e948
22500872,322,2026,3,1,22500872,5837249f-45f8-dfe4-932e-75ce4a479e41
22500872,33,2026,3,1,22500872,b3427cbe-c7e3-b63e-28ee-5c8d46147ace
22500872,338,2026,3,1,22500872,70df681c-cfcd-919c-832a-03b8fb6d6ae4
22500872,343,2026,3,1,22500872,18a9bfa6-98d8-ddfb-8bf8-3a9df311da7a
22500872,35,2026,3,1,22500872,53ad0c82-5d95-77cd-a4fa-9ef6506376ef
22500872,355,2026,3,1,22500872,48f59d14-c6d3-8872-855a-7174d76ee516
22500872,376,2026,3,1,22500872,24aceb3e-92c2-d658-44ea-9050a80448c3
22500872,378,2026,3,1,22500872,e5fa9996-d1fa-50fc-9a20-4e9f4f572afc
22500872,382,2026,3,1,22500872,3c77cbc6-a809-7095-1c63-87c6c1d7a53a
22500872,391,2026,3,1,22500872,a7c45c30-036d-65a3-b7bf-879c23aa7c32
22500872,397,2026,3,1,22500872,d34e3bf8-16ca-5132-3079-6289cf2bded7
22500872,401,2026,3,1,22500872,19f6f7f2-8c9d-b0bd-f2cf-d1e8be2964a2
22500872,403,2026,3,1,22500872,9154ef49-cef7-d0c0-8ad5-2d7522dd8064
22500872,426,2026,3,1,22500872,ae51b1ed-1035-33c8-b260-c5e31a22fb85
22500872,430,2026,3,1,22500872,088e4c92-2924-a9ba-ab61-8f3e30967e5e
22500872,433,2026,3,1,22500872,e9b16a12-96e3-0ac9-9f71-ae26080d9213
22500872,435,2026,3,1,22500872,49d65540-a496-573c-8a2c-097e249d4ad3
22500872,436,2026,3,1,22500872,9b4506e9-fbd1-d7b8-1399-1ac8f8bccc37
22500872,45,2026,3,1,22500872,4a21156e-6a7c-e536-b5fe-6aa9855646f4
22500872,457,2026,3,1,22500872,daafe493-f090-7209-adb7-61a6fe23ac18
22500872,472,2026,3,1,22500872,2d73dc97-ee76-80c5-42e2-773bdc5ba296
22500872,484,2026,3,1,22500872,4ef61cb7-00cd-5b21-263d-96ecc530d9b1
22500872,485,2026,3,1,22500872,b0668630-d964-1595-c830-d67b4fbd8307
22500872,487,2026,3,1,22500872,dee8b7bb-ea65-9365-17f0-b44ea82d2a50
22500872,492,2026,3,1,22500872,9ffca5fd-c6fd-6c11-53f9-9cd443a89705
22500872,50,2026,3,1,22500872,c3fde5ed-11fe-eb5d-373b-0e6cb00ab8c5
22500872,501,2026,3,1,22500872,45f7e4d6-f0ca-c4a9-ed36-f076772e152d
22500872,505,2026,3,1,22500872,e045f8d0-c057-6e91-6326-2627959eb229
22500872,507,2026,3,1,22500872,e39bc3c0-eeaa-c7d9-5ba1-2ce9adfc9f6d
22500872,517,2026,3,1,22500872,cf373468-7edd-592c-8c37-245891797fc2
22500872,522,2026,3,1,22500872,78e7e9c1-db52-21d6-d8b0-d6ac55ba98f8
22500872,54,2026,3,1,22500872,98758350-2ec0-e778-a03b-1384119c5b9b
22500872,551,2026,3,1,22500872,3802e93b-2b78-d5a2-7716-0e519d77ae1d
22500872,554,2026,3,1,22500872,75ef6deb-6f78-2d74-710a-6a22cc5d4931
22500872,560,2026,3,1,22500872,8564addf-38f0-90a7-2986-b7ba3eb0921a
22500872,564,2026,3,1,22500872,5debd5af-cc31-2db2-24f6-4463f657ea85
22500872,582,2026,3,1,22500872,ecb9cca6-6e5f-829b-c257-f66f9252e986
22500872,584,2026,3,1,22500872,d6921775-6d4d-4464-a360-a06eeb1caa5b
22500872,592,2026,3,1,22500872,8675f490-7d3a-87f8-38ca-22ad7a9e46e1
22500872,594,2026,3,1,22500872,26fd2f79-6f9e-4fe8-b786-1662356f4d95
22500872,596,2026,3,1,22500872,a8150b65-0ee9-093d-b84a-b5eb93160452
22500872,603,2026,3,1,22500872,ab4b37e1-e60f-9764-ce5e-e1f0d6ce7a7a
22500872,605,2026,3,1,22500872,f35f9230-aff4-d528-3403-e6f92d543c5a
22500872,63,2026,3,1,22500872,82f5b801-7656-2e75-6a25-590c03199fc1
22500872,647,2026,3,1,22500872,4c6d85db-fdd9-6a66-d289-4509f615728e
22500872,649,2026,3,1,22500872,20cfb56a-0dbd-3ae4-09bd-2a04500223b4
22500872,65,2026,3,1,22500872,54a59aef-240e-7de2-3f18-30c11dff6b50
22500872,653,2026,3,1,22500872,62ab4bf5-0971-fc71-5522-f42487456ffb
22500872,66,2026,3,1,22500872,a2557631-e6a8-3b59-bbcd-8a3e485cdeea
22500872,663,2026,3,1,22500872,1e2d5d6e-d147-5abf-d022-f52fcc7c41c2
22500872,67,2026,3,1,22500872,ad76e1d3-be9f-c8d7-13d0-bfa5d0bbfeed
22500872,677,2026,3,1,22500872,3afb6a15-0fd4-0556-f4e8-492703ab066f
22500872,678,2026,3,1,22500872,98b65614-60b4-9397-ffa5-adbed7f3d9f5
22500872,679,2026,3,1,22500872,53431ad8-2300-2d8b-3c5f-20ed493fc6b8
22500872,681,2026,3,1,22500872,ede51199-3662-8efa-c07d-e2eca78f8aab
22500872,87,2026,3,1,22500872,44b6ab06-084c-cd45-ab5a-ddd0b7e0b964
22500872,91,2026,3,1,22500872,99701cdb-2ece-68eb-1c50-ceb76bd04ba1
22500872,93,2026,3,1,22500872,ec4f7311-74e1-fc9e-0751-83a2c798b89a
22500872,98,2026,3,1,22500872,1eb2f216-9bb2-1bc0-7298-545379e3558e
22500872,107,2026,3,1,22500872,b9b2db2c-b0e8-0dd8-7c2d-3dad7c3c9ccf
22500872,112,2026,3,1,22500872,957c0358-692b-8877-639f-3aac71dfb041
22500872,129,2026,3,1,22500872,99dd3b24-6374-c816-28b5-ab238e6c60fc
22500872,131,2026,3,1,22500872,030e26e9-8121-47a6-d670-6adce7f1857b
22500872,134,2026,3,1,22500872,bb798226-f9e6-4912-9ffc-1a395c8cd7a9
22500872,137,2026,3,1,22500872,b8cf519b-f573-79ea-2320-eeb7cc9d3833
22500872,152,2026,3,1,22500872,f57bbeef-8e6b-9730-b0e3-a26fdad7132a
22500872,155,2026,3,1,22500872,12873883-3763-254e-b04a-cd5464cc53e9
22500872,169,2026,3,1,22500872,cdeab491-15b3-6de2-2c5c-8e56f94cb252
22500872,183,2026,3,1,22500872,01a5e176-736a-f300-af99-582b02292d3c
22500872,196,2026,3,1,22500872,8e72c217-8534-562b-c682-d002e3112394
22500872,199,2026,3,1,22500872,81a1e343-0313-87a6-3384-abf68057667b
22500872,207,2026,3,1,22500872,fcdba6b9-c8aa-bab1-8347-0fbd3a3f895a
22500872,223,2026,3,1,22500872,d81952df-0f46-26ba-cd21-e3962fe1f05c
22500872,227,2026,3,1,22500872,97a8b365-def7-dd43-ab7f-68cdbee9f434
22500872,242,2026,3,1,22500872,231a854f-8365-c1f3-c8b8-17d985dce688
22500872,255,2026,3,1,22500872,a894d0cb-e776-4cc5-0a9a-af0c9bfafd24
22500872,259,2026,3,1,22500872,7a1bc772-03ec-618c-7edc-8ad4d23b3d4d
22500872,261,2026,3,1,22500872,6a6bea72-8062-825c-3275-eba92cdb4415
22500872,263,2026,3,1,22500872,555ced5b-862c-f988-95ef-476cb1295a3d
22500872,265,2026,3,1,22500872,28e49ebc-5a9b-c4cb-fb67-8bc2018c4ecb
22500872,290,2026,3,1,22500872,8f259ed0-693c-d88d-5925-28438718d95c
22500872,292,2026,3,1,22500872,afe992f0-1b75-8c91-16f5-fb455f68184a
22500872,308,2026,3,1,22500872,ba256a0a-4ca9-a74d-ca94-c7052e530aa2
22500872,316,2026,3,1,22500872,415965ff-5cda-d1f1-660b-9d960749b87f
22500872,323,2026,3,1,22500872,c3b04b74-3ce0-d0dd-7de7-7f8d69bcc016
22500872,333,2026,3,1,22500872,1c89250b-9fe1-224d-a388-764917c23de1
22500872,339,2026,3,1,22500872,db673119-11ba-c4d0-eec9-512276335065
22500872,34,2026,3,1,22500872,16dc51d3-351b-79a7-3ebc-0c665bc286c0
22500872,342,2026,3,1,22500872,7228c781-7c88-ebb2-4991-aa9a47b85773
22500872,36,2026,3,1,22500872,deac6ca0-e7f5-132b-c291-f991d8f5cb01
22500872,377,2026,3,1,22500872,ff839db2-ffe2-8fb3-bd1e-1c4bb879e3fc
22500872,383,2026,3,1,22500872,3ffd6332-b9c1-3b75-95a3-c1a936024624
22500872,385,2026,3,1,22500872,0c2c4f6f-3fba-a954-8c43-8ff80d71c423
22500872,398,2026,3,1,22500872,38cf5bd9-74b2-ecd6-e75e-4961b1eb73e4
22500872,402,2026,3,1,22500872,6feb627c-d589-0fc6-e633-27a7ff82b939
22500872,404,2026,3,1,22500872,b835e6ed-df7e-8051-87e9-340507ca7abe
22500872,425,2026,3,1,22500872,4dda6da8-03c8-1eb3-5024-857f46514bae
22500872,427,2026,3,1,22500872,67415d9f-17bf-3de7-f2cc-7a7e8b477c48
22500872,431,2026,3,1,22500872,27f29b5f-a57a-600a-b100-9e384cbf7004
22500872,434,2026,3,1,22500872,defadcdb-43a1-4c22-a9c3-972df35d3e68
22500872,437,2026,3,1,22500872,29134951-4acf-379d-cc4e-5937d2ad38f4
22500872,458,2026,3,1,22500872,585745f6-413e-2690-0d52-3c06669c15a5
22500872,471,2026,3,1,22500872,bd050e16-1475-7bf1-0ec1-e6d1cb9674d3
22500872,473,2026,3,1,22500872,d579ed33-beac-564f-e8b6-149915970ce6
22500872,486,2026,3,1,22500872,cea8197c-43d7-bad2-0f30-93aaedf1663b
22500872,488,2026,3,1,22500872,70c03c79-a9df-6eb9-41c6-3a251b235ef2
22500872,506,2026,3,1,22500872,7790ee1f-9721-88a3-0df3-48c61a904dba
22500872,508,2026,3,1,22500872,0a0fb365-5846-76b7-87bd-0dfeeaca35ed
22500872,51,2026,3,1,22500872,6ff5dd8d-cb1d-de12-afee-ad2061e7c714
22500872,523,2026,3,1,22500872,d9dfe49b-f177-3684-6481-552688436630
22500872,55,2026,3,1,22500872,402baa26-d66f-6e4f-9a3d-656026fefac7
22500872,555,2026,3,1,22500872,d44e308d-2aa2-3e3d-5450-930faa6f2540
22500872,561,2026,3,1,22500872,b5b3061f-65f2-b591-0dd1-2cc5fd13e4c8
22500872,565,2026,3,1,22500872,f26c1772-1c83-817a-257c-bc880b493fb4
22500872,583,2026,3,1,22500872,e5e6b343-1911-95ab-9908-fd886c91f238
22500872,589,2026,3,1,22500872,1440be2f-8fe5-b882-4151-45446dee4dbf
22500872,593,2026,3,1,22500872,538b9782-a781-7dbd-4a73-84154e726a0b
22500872,595,2026,3,1,22500872,b7bf2b67-7706-dac6-a5b0-8ac3598283f4
22500872,604,2026,3,1,22500872,4afd3551-96c5-68f0-8944-8ac953e672f0
22500872,614,2026,3,1,22500872,05fa3e97-2abb-17b4-de27-7542695c7053
22500872,629,2026,3,1,22500872,f61d0652-2fb2-83a1-d03f-8f3f3835a727
22500872,64,2026,3,1,22500872,787445de-97e9-8260-4968-aab470ef4854
22500872,648,2026,3,1,22500872,ec1ce603-4e9f-53c3-7b1c-c21a04a12cf7
22500872,654,2026,3,1,22500872,6ba6d3cd-4901-45f2-52c6-c6d3d45e819b
22500872,664,2026,3,1,22500872,07d80c9c-76c3-2b55-3ce7-ee7c317dc5da
22500872,68,2026,3,1,22500872,a4e9772b-c73c-0fee-e68c-28b810b27f9e
22500872,682,2026,3,1,22500872,ea33ce05-d13b-5d5c-07cc-23ffb4a855d2
22500872,88,2026,3,1,22500872,c93290d2-5a7e-f3e7-1692-4207cc7dfe7d
22500872,90,2026,3,1,22500872,1a4bc847-f61f-5dae-774c-a9981efe6c68
22500872,99,2026,3,1,22500872,f9ddec4a-f1c9-7845-f2d6-8ec9d300c7b7
22500872,13,2026,3,1,22500872,3e966f0d-ce54-bd5d-9818-3b9174f04793
22500872,170,2026,3,1,22500872,fe20e416-0c55-d6af-13d8-7c7d430f6e96
22500872,19,2026,3,1,22500872,fc5eb681-82c5-9877-aa01-0f5a797310a6
22500872,220,2026,3,1,22500872,91f6c32d-8e8a-fb67-b216-9d274d0e2a79
22500872,224,2026,3,1,22500872,a61ff32b-54b0-feb4-8f4e-ea7e76a01e18
22500872,27,2026,3,1,22500872,b3bba931-ff13-483b-273d-2984f5d0d100
22500872,293,2026,3,1,22500872,40b35725-8737-d12f-c64f-927f3df54b00
22500872,304,2026,3,1,22500872,520d92f4-2238-af8f-cbe9-eed8d5fdac06
22500872,324,2026,3,1,22500872,a1e05263-b1ab-09ca-7654-8354b57ca4fb
22500872,389,2026,3,1,22500872,62abe339-801d-9941-3bd9-a7a6bf9cf577
22500872,39,2026,3,1,22500872,00a213d0-1a0e-bef6-e97a-1ae7d4621ae8
22500872,467,2026,3,1,22500872,7823217c-9cc6-6f6e-32a7-93ab7150855c
22500872,482,2026,3,1,22500872,f6d59ebd-5ac3-c06c-4d1e-4db955ea0d0f
22500872,511,2026,3,1,22500872,f9915ecc-cb08-c2b6-8a59-85dbb5b21c9c
22500872,634,2026,3,1,22500872,d83aede1-715e-d0ca-ab1d-5b5cf2500496
22500872,660,2026,3,1,22500872,0893ed34-c6d5-ae05-d8f4-b885adef9bc0
22500872,675,2026,3,1,22500872,f071d7c8-9f48-cc60-4e3d-93af863e9b9b
22500872,240,2026,3,1,22500872,0ee7a69d-a153-e615-5ec0-edb1630b5be3
22500872,311,2026,3,1,22500872,14521853-df72-2425-08dc-c488938da58b
22500872,314,2026,3,1,22500872,52d84981-0514-d7ad-9b16-84022e3ed5ab
22500872,394,2026,3,1,22500872,2cec3cbc-01ae-2e9b-7992-68af28d23ee6
22500872,491,2026,3,1,22500872,1997e5c0-2974-cca2-393e-65d10f793e3f
22500872,504,2026,3,1,22500872,cad60254-a51f-ad08-97bf-e32bfcb4aebd
22500872,516,2026,3,1,22500872,bb797564-5032-dcda-aa58-c831faa8136a
22500872,597,2026,3,1,22500872,8d83270d-a6ae-5846-8a2f-e320bbc369ea
22500872,620,2026,3,1,22500872,3d485ddc-9227-f95f-009c-13ee1af3749f
22500872,640,2026,3,1,22500872,d6b6058d-4e5c-c72f-1dfe-9fea2520f51e
22500872,652,2026,3,1,22500872,dc96098c-1e61-3888-bdd4-aaaf8824b9a3
22500872,674,2026,3,1,22500872,8a0a1c9d-d7dc-07ab-0387-f6bf27127d97
22500872,92,2026,3,1,22500872,f46767a5-9fc6-3ada-58bc-9742df9afedb
22500873,11,2026,3,1,22500873,859483a8-fb9b-c28b-0bf3-515e6f0f2a51
22500873,122,2026,3,1,22500873,01020127-4704-a57e-3331-adbbcdf16624
22500873,13,2026,3,1,22500873,d24753cc-d103-de2a-bad8-6afe37c6a64f
22500873,162,2026,3,1,22500873,44bd296b-8245-3d1f-d41f-e750be41e029
22500873,176,2026,3,1,22500873,28f29433-2910-d877-e58b-114a7c5527fc
22500873,189,2026,3,1,22500873,570d361f-df35-a77e-a08c-6a4381972cb2
22500873,202,2026,3,1,22500873,872561d3-9b70-a8f7-fa73-8a51d21e4c2a
22500873,21,2026,3,1,22500873,40f0f44c-0750-7b17-9456-8fb6fefb060a
22500873,210,2026,3,1,22500873,58ade3de-88b5-0f85-3d66-fc65aec1ef50
22500873,214,2026,3,1,22500873,e6172d33-e588-d35f-8a1e-322ed4b21b07
22500873,216,2026,3,1,22500873,c432c137-9e00-2005-6590-0cbbaba5052d
22500873,23,2026,3,1,22500873,a4277c39-8c59-63e1-bde8-f3f2cb6c82b9
22500873,243,2026,3,1,22500873,d4c3bc26-b187-056a-59e7-b613b6404bfa
22500873,25,2026,3,1,22500873,dd16b2db-15b6-6c7d-ad75-e661c51a66a9
22500873,250,2026,3,1,22500873,d309a16f-75ad-da52-08e0-dd679df2a7bf
22500873,258,2026,3,1,22500873,3a718f3f-b08e-9762-7bb0-3d7a44368a83
22500873,283,2026,3,1,22500873,3a325f3d-9677-d982-0d07-ed34ed2b4114
22500873,284,2026,3,1,22500873,c0a41887-060d-6043-729b-552971885797
22500873,288,2026,3,1,22500873,6cd58a1f-e1f2-034d-d728-dbbae9516d66
22500873,293,2026,3,1,22500873,bd4d540c-1f19-f229-67ad-83b895f1cd58
22500873,31,2026,3,1,22500873,1e72729f-45d2-b30a-67b4-9e54a7d74e97
22500873,323,2026,3,1,22500873,37157f7d-c223-85e4-6991-fef5f1b799c9
22500873,328,2026,3,1,22500873,00a7f9af-304d-5f59-c186-924dccb3d4f2
22500873,330,2026,3,1,22500873,66e08400-1570-b56c-47fe-defec9583a37
22500873,337,2026,3,1,22500873,9fcedbcf-a3ca-185e-8f65-91d2f6f529be
22500873,346,2026,3,1,22500873,322623fa-0aa7-b988-9e07-6a8dab605361
22500873,393,2026,3,1,22500873,bff9fb35-23f6-642d-df23-de7721e20444
22500873,397,2026,3,1,22500873,ff728a64-4d2a-7530-feb6-ad6953ab8afc
22500873,399,2026,3,1,22500873,61bb44ae-03b6-ff78-f650-d30cf064b0ba
22500873,422,2026,3,1,22500873,604735ab-4566-e2a5-5683-65f43ac268ce
22500873,438,2026,3,1,22500873,52da632b-692d-cfd1-3b48-b02f3a0bc8ab
22500873,440,2026,3,1,22500873,447c4e72-775a-3e15-eb37-6cddf51d7721
22500873,442,2026,3,1,22500873,5683af5a-afe7-85a0-aaf6-2ed2ee2ef260
22500873,455,2026,3,1,22500873,cb38ade7-8cf6-f479-ef4e-b4da8f46ec91
22500873,457,2026,3,1,22500873,79d3257d-690b-4fe6-7fe4-7daa3da62c7d
22500873,459,2026,3,1,22500873,13a60ce6-3adf-abae-b9f4-c5ce71c04011
22500873,463,2026,3,1,22500873,8ba8d2c1-c507-ca9a-4eaa-938afe573b0b
22500873,475,2026,3,1,22500873,817d1ee3-ff8e-55b3-cc95-91dcaf6768b5
22500873,487,2026,3,1,22500873,6fbb9414-9fde-037a-1df6-9716fcbe2464
22500873,511,2026,3,1,22500873,12c5eff5-200c-8116-10ca-3333cd2a45ba
22500873,522,2026,3,1,22500873,cb22d7fb-d3e8-14a3-ccf4-4c3d09768290
22500873,527,2026,3,1,22500873,fec444da-b8b4-abda-d1f8-80299fac8023
22500873,544,2026,3,1,22500873,bf105232-ad67-c58c-b6b7-837274deed30
22500873,546,2026,3,1,22500873,bafe2eba-bf5e-0de7-9dbf-43039402d9ca
22500873,560,2026,3,1,22500873,8ae6155c-c0d6-3ec7-1b35-cc4b57dde24b
22500873,574,2026,3,1,22500873,140b9e61-afb0-9d22-5f6e-67b2ad8755ca
22500873,576,2026,3,1,22500873,2aaa8d17-dbff-d47d-5f12-b6c5ab7a826d
22500873,578,2026,3,1,22500873,4bdd3b3e-b7e9-0c50-0434-888b15a80cf0
22500873,595,2026,3,1,22500873,39d7432c-065e-32e2-a10c-ac089ef61593
22500873,606,2026,3,1,22500873,c2dd6f54-cee1-b4ed-3362-2ff81c7843cb
22500873,627,2026,3,1,22500873,b02aac24-37b3-c0b4-944b-5a9cd3633df0
22500873,639,2026,3,1,22500873,36642237-d569-c4b3-a5ef-1ff6f8cf6101
22500873,641,2026,3,1,22500873,32ee631f-4306-164e-e572-c29114121e64
22500873,663,2026,3,1,22500873,1b21ba46-73e4-e613-c470-fe60cda9d7ef
22500873,674,2026,3,1,22500873,d2e3a4cd-86fb-c360-8738-c84091ac7ee9
22500873,72,2026,3,1,22500873,9abbce70-84ae-3503-6f5a-e2c9b5506397
22500873,82,2026,3,1,22500873,71d682fe-bfcd-429b-6237-3ac71da2c0a3
22500873,84,2026,3,1,22500873,1348fc10-239b-00a9-5a96-d1eb0c55b143
22500873,93,2026,3,1,22500873,af469729-5bfb-5769-a72e-67e90081633e
22500873,17,2026,3,1,22500873,4de6b4e2-9810-9493-ed7e-fe578a11a009
22500873,170,2026,3,1,22500873,7b6a2d85-f81b-a364-b2ff-1f6d37e8a100
22500873,314,2026,3,1,22500873,fd01c198-4a48-6508-2072-9a2e01502011
22500873,319,2026,3,1,22500873,afdea558-0329-2edc-949f-44695b758a1e
22500873,332,2026,3,1,22500873,73e88386-a05a-a0c8-6844-89cc65980fde
22500873,489,2026,3,1,22500873,bd24700a-2c20-a45d-df5c-5585357a9c12
22500873,501,2026,3,1,22500873,c184c84b-7e9c-5e03-3e48-26038838eac2
22500873,555,2026,3,1,22500873,b825de38-9388-7e13-d682-c8c14dcb3b57
22500873,591,2026,3,1,22500873,d7e1403a-d151-0ea5-143c-c2f192c47e72
22500873,658,2026,3,1,22500873,37fd0e17-61c4-89ad-1b0b-81272b6a8ad9
22500873,104,2026,3,1,22500873,d2accc2c-a178-99e1-6f37-52d8c9204401
22500873,117,2026,3,1,22500873,45713834-16b1-21a1-8f1c-c3455bfcda73
22500873,119,2026,3,1,22500873,5d62b7af-03b2-0af2-be8e-a0f1737ed43f
22500873,132,2026,3,1,22500873,3d047008-386d-69d8-19d5-b8cc265e80e1
22500873,139,2026,3,1,22500873,d21fcd62-3c9c-5af0-b657-572fae37f949
22500873,147,2026,3,1,22500873,a1d223dd-ce44-25d0-4ea3-15dcf409004e
22500873,149,2026,3,1,22500873,997f22e7-1e95-61e4-42d5-5eb40ace4723
22500873,15,2026,3,1,22500873,3b6923eb-aee0-45ae-b982-189084d0ea21
22500873,160,2026,3,1,22500873,cf70b3de-4465-f3e2-016d-ebbc86b63258
22500873,164,2026,3,1,22500873,c3cba0a4-571e-56b1-4ada-fc6015c2a76d
22500873,173,2026,3,1,22500873,312e78c0-a560-73d6-6af8-d91f92f849b2
22500873,174,2026,3,1,22500873,f7975e59-1b72-d67f-b434-5bb86a39add1
22500873,199,2026,3,1,22500873,520aeb60-20e4-e98b-7938-4f4d9b57ec05
22500873,201,2026,3,1,22500873,4253594d-2666-a7e2-06e1-8cb1059b1961
22500873,212,2026,3,1,22500873,d4f0da7a-e914-8280-b62d-05805a00a2ae
22500873,223,2026,3,1,22500873,a18098ae-ff89-3cc0-2370-62edbf5f6f4d
22500873,224,2026,3,1,22500873,46116b76-ac9a-3472-c982-1a8c3c88eec8
22500873,226,2026,3,1,22500873,2f011c1a-46e5-0946-3295-3bf99f61f60e
22500873,228,2026,3,1,22500873,e29c4a25-45ab-4492-08e5-fed26ef2f31d
22500873,236,2026,3,1,22500873,b825ab4e-8dd5-847d-0ba6-3fe902b852ea
22500873,256,2026,3,1,22500873,1a516b66-7d4c-3af4-33f8-650062a99dd7
22500873,266,2026,3,1,22500873,83005b57-ba25-a294-da19-fdae8274ae68
22500873,27,2026,3,1,22500873,ea760ee7-c633-1dda-1aba-ac74dab86f3e
22500873,275,2026,3,1,22500873,1deda96a-8020-ecb1-2916-c0f03512157e
22500873,277,2026,3,1,22500873,371c1496-0292-39b5-0b49-70925254b134
22500873,280,2026,3,1,22500873,d60f8a5f-0b08-cd48-5a29-1ad5c09b29e3
22500873,282,2026,3,1,22500873,9eaeedcd-1602-6ba5-b8f8-3ba9639b5e85
22500873,29,2026,3,1,22500873,87271c0d-3640-bd72-86e2-083e9969458c
22500873,290,2026,3,1,22500873,8644d265-befb-dc37-6887-e063d5e017ea
22500873,292,2026,3,1,22500873,067e930f-7527-dc41-ed75-f44170bd8d65
22500873,295,2026,3,1,22500873,bedb4f93-d722-3dd7-f7f6-42246b2e2358
22500873,297,2026,3,1,22500873,bd14c26e-1130-3e44-1998-63187d9241ae
22500873,298,2026,3,1,22500873,eb08fc61-1d1d-8279-5276-bbbe7d1e96ce
22500873,325,2026,3,1,22500873,f2d8f888-6fa6-d8e7-939a-39130fc0e746
22500873,327,2026,3,1,22500873,febd1154-ee01-6e90-ebdf-f56c4ab93fcb
22500873,33,2026,3,1,22500873,e98d047b-c3ec-7058-3170-0fed1c11585c
22500873,335,2026,3,1,22500873,9afbebc3-66d9-5d10-d01d-c5c4512f3a33
22500873,344,2026,3,1,22500873,1716ea47-b669-f71f-e1be-95f5bbf73123
22500873,348,2026,3,1,22500873,d67a57d8-b865-b7d0-6ad2-e5243ca60044
22500873,35,2026,3,1,22500873,88fbef96-7dbe-0cfd-e259-2a19cf602591
22500873,353,2026,3,1,22500873,e89365da-d8bc-17be-c3b0-bb59c3f6ca29
22500873,36,2026,3,1,22500873,cc767f14-419a-b5e1-3766-ff0d3690465d
22500873,362,2026,3,1,22500873,4971a481-f67d-70b5-4ca3-3e79b23131a7
22500873,368,2026,3,1,22500873,1a55c21a-5063-bd99-a078-a40dfc224951
22500873,37,2026,3,1,22500873,4d4f015a-e10e-b113-ede6-1d0214f74103
22500873,371,2026,3,1,22500873,a82d4bd5-a899-2958-a14a-4d87704137e2
22500873,376,2026,3,1,22500873,1df24752-a502-7478-d5cd-55359557bb3f
22500873,389,2026,3,1,22500873,2af55380-a00e-75b3-b683-66be917ba862
22500873,39,2026,3,1,22500873,ef654ac0-db48-25af-465f-2155680da4e6
22500873,391,2026,3,1,22500873,0d622f87-5719-2127-5648-08a958b2f489
22500873,401,2026,3,1,22500873,b218e360-b115-0885-c24a-6e07ade0efa4
22500873,403,2026,3,1,22500873,79295637-bbe1-1994-2240-63e099e37c90
22500873,41,2026,3,1,22500873,06a6e708-4532-c1d4-210e-814ef906c91b
22500873,412,2026,3,1,22500873,c9a8f600-aa90-b2ff-5f4e-315682217edd
22500873,414,2026,3,1,22500873,0bf9d77d-e3f6-9cac-3566-821897470e5b
22500873,416,2026,3,1,22500873,68d72bb0-e6a0-b618-64a9-ecba8397687a
22500873,424,2026,3,1,22500873,dffc3a92-8056-8361-f2b3-1eadc48595ca
22500873,426,2026,3,1,22500873,69433250-a5f2-82e5-b8eb-cfbdbfff838d
22500873,428,2026,3,1,22500873,c62315c2-7203-5d34-1121-a6d57fb0f37d
22500873,444,2026,3,1,22500873,9fa15175-780c-d9ab-7652-4e006edeb030
22500873,446,2026,3,1,22500873,5188aea7-74fb-9cb5-e705-ea13f52332a3
22500873,45,2026,3,1,22500873,2dd558d8-39cd-c76f-caed-0f3a633e554c
22500873,470,2026,3,1,22500873,c68a910e-1ddd-0cb4-5767-a0b78412a96f
22500873,473,2026,3,1,22500873,592d313b-9278-1c81-680e-46901b0f82fe
22500873,485,2026,3,1,22500873,13854695-9276-509a-9a60-a5c859204d38
22500873,492,2026,3,1,22500873,76aac032-cf88-db73-17ce-c21313b6ad97
22500873,496,2026,3,1,22500873,d0116c06-1960-9df0-b68a-7f8b4a2b7fcf
22500873,497,2026,3,1,22500873,2df895e4-7c58-1918-9cea-0b967334e7fc
22500873,499,2026,3,1,22500873,05c51793-ce18-8a05-024d-2482efbcbb20
22500873,509,2026,3,1,22500873,7f001224-ea4b-6e81-5669-899e888703ed
22500873,513,2026,3,1,22500873,5cea848c-d074-3672-c983-c66913b198f5
22500873,514,2026,3,1,22500873,e3887ec1-9935-8af4-a542-55245e84b247
22500873,524,2026,3,1,22500873,7428c13c-04f1-05d9-22ab-54d8153a7369
22500873,529,2026,3,1,22500873,8c7a9078-7a02-1274-23ee-c9dd2338466b
22500873,566,2026,3,1,22500873,bdda899a-c54f-df72-9c6c-37e33b76e567
22500873,567,2026,3,1,22500873,701d47f0-e6f4-9043-c88e-296f9c8935d5
22500873,569,2026,3,1,22500873,fe563fd7-aff0-1f62-40ba-d840ab77e92d
22500873,571,2026,3,1,22500873,accd6676-7eda-9bb5-8968-e181b303e710
22500873,572,2026,3,1,22500873,cf6fc730-ae89-ed1c-dc7d-eec157489ad4
22500873,585,2026,3,1,22500873,274ba206-30d4-4319-8d94-63c05d6ea373
22500873,587,2026,3,1,22500873,a992d550-67a6-d8b9-ac07-0b883bcf26b3
22500873,589,2026,3,1,22500873,f8336766-0325-89c0-c4a7-ca1f2694512c
22500873,59,2026,3,1,22500873,f0918be4-c01d-4545-debf-973cc99161ed
22500873,594,2026,3,1,22500873,a6b4413f-5116-d901-414e-58ea62dcfc06
22500873,608,2026,3,1,22500873,04d1ca6a-c91d-898c-c22b-e7aefcd36ca9
22500873,61,2026,3,1,22500873,8b8be9b8-dd2a-ac7f-c74e-6ee05b1121de
22500873,612,2026,3,1,22500873,ad802d43-e46f-3d97-343f-6f4af2dbb809
22500873,614,2026,3,1,22500873,1d21a4d9-aae5-2b62-96c8-bc5450568795
22500873,63,2026,3,1,22500873,9f1c0baf-bed0-1557-5144-1f62b98d4c26
22500873,653,2026,3,1,22500873,2e40d6f0-32eb-db7c-1473-c3a1f578a0d6
22500873,654,2026,3,1,22500873,913f302a-e033-741d-9a55-b16539cb2db3
22500873,656,2026,3,1,22500873,0a075f8a-7976-40d9-b8cc-4935eb5703fb
22500873,672,2026,3,1,22500873,334f48ab-4b05-6c73-ca7e-b1394b28483d
22500873,688,2026,3,1,22500873,beed5a94-5f96-ad63-3f16-d5651cb972b3
22500873,689,2026,3,1,22500873,78cc87ec-0872-2799-bd52-1ef5877ff0e1
22500873,690,2026,3,1,22500873,67a2f4c6-33d7-6523-c463-b5bda68370b4
22500873,692,2026,3,1,22500873,22d245db-4e68-28bd-c1c0-1add488a5061
22500873,696,2026,3,1,22500873,8203f045-f534-5159-7295-6098f3538fa2
22500873,698,2026,3,1,22500873,877c51d3-c3a0-6d34-57e2-9337f8af1a21
22500873,700,2026,3,1,22500873,e9a909bf-e54e-09a3-63ff-c7bfb5aa5234
22500873,702,2026,3,1,22500873,7cf50830-acba-2df4-d691-395d41f7d67a
22500873,704,2026,3,1,22500873,3e8938b9-01db-5093-cac0-262af7842968
22500873,706,2026,3,1,22500873,66e9908e-48c2-2f95-9949-8786eb6bf737
22500873,708,2026,3,1,22500873,c3765bde-0d7b-a921-cdb2-8a3945f6389c
22500873,74,2026,3,1,22500873,57c14eec-6d40-89d9-b712-ec334baef666
22500873,76,2026,3,1,22500873,4fbbc0d7-d16f-90d3-ccdd-6b936a04ff46
22500873,77,2026,3,1,22500873,66ea4a93-e4a2-78e6-15c4-155fda01ccc5
22500873,91,2026,3,1,22500873,d1654474-7ca0-898a-0534-8f08f4e498ed
22500873,95,2026,3,1,22500873,962f5f76-da48-af86-fa7d-e8131f465e16
22500873,118,2026,3,1,22500873,51e54db6-0328-cadf-d8f4-d95bbda97951
22500873,129,2026,3,1,22500873,3c30110b-71c3-d468-a6ad-2c32d7f9bc35
22500873,133,2026,3,1,22500873,d2be0b47-b98b-b970-b469-5c4fcd5b9dda
22500873,140,2026,3,1,22500873,96d34cc8-c3de-37ab-9313-745a72e602f2
22500873,148,2026,3,1,22500873,dfb8bfe4-6868-2079-e6cc-5330dea6e2cc
22500873,16,2026,3,1,22500873,f2650a7c-d846-d77c-e9cf-213724ef5d40
22500873,161,2026,3,1,22500873,1282f2fd-4a53-01d7-aa48-3e7d08d55c3e
22500873,169,2026,3,1,22500873,0506b8c5-0937-e9f7-7899-de9054c25c85
22500873,172,2026,3,1,22500873,84561b4e-1b9c-acd5-639d-b7b138558b73
22500873,175,2026,3,1,22500873,3c66283b-f7f5-0d79-c515-ebbf4f6eb165
22500873,198,2026,3,1,22500873,18f8aef5-b170-91d9-5fbc-6d24be7d15bd
22500873,200,2026,3,1,22500873,0d281ccc-8731-52fe-e638-6d27819b9836
22500873,213,2026,3,1,22500873,2b552777-0628-7150-c9e9-53eed5b8dbe9
22500873,225,2026,3,1,22500873,f9cb086a-138f-d298-e2eb-fa4a8d6617a3
22500873,227,2026,3,1,22500873,70e9c7d2-b505-e05f-3da4-1877e36d0101
22500873,237,2026,3,1,22500873,43357264-797c-3fff-45e2-3aae8b3a8d6c
22500873,257,2026,3,1,22500873,753daa73-7f5b-b045-557e-5b0948835b9c
22500873,265,2026,3,1,22500873,0e3df17a-b282-0b63-30cc-375ca3037f8b
22500873,274,2026,3,1,22500873,86fc420b-c6ea-963c-f5c7-ccfc5eb89add
22500873,276,2026,3,1,22500873,32e6e84d-f21f-4c3a-ff81-11731b2df860
22500873,281,2026,3,1,22500873,29cc078c-acb9-d1e6-f353-8caee86272dc
22500873,291,2026,3,1,22500873,4f625983-e4c4-99fb-5ec7-4bbce5b2469a
22500873,296,2026,3,1,22500873,46dfb3c3-cd56-93b6-8f87-33c9c01b4337
22500873,30,2026,3,1,22500873,2014fafa-26be-1ae5-7943-b7b97cb7cdea
22500873,313,2026,3,1,22500873,f5d0e20f-7b9e-a8b9-978e-d26c83810614
22500873,317,2026,3,1,22500873,9b41dd1a-c9dd-5df7-7770-557f36867663
22500873,321,2026,3,1,22500873,f0e2d5df-d878-8997-44df-f0db9ddad8a1
22500873,326,2026,3,1,22500873,52dc9a0b-c910-4085-050b-46d9fe14ce5d
22500873,334,2026,3,1,22500873,95ae7840-6af7-8f2f-c655-c07180031707
22500873,336,2026,3,1,22500873,3c1d9816-404c-056c-a425-4793aa6ff7a6
22500873,34,2026,3,1,22500873,9074dbdc-626b-5a8c-4dd2-8509aff993db
22500873,345,2026,3,1,22500873,6c3b8122-d427-e224-38da-97c01f446706
22500873,349,2026,3,1,22500873,dd8b0e99-3aef-d594-f86f-ba05c774efb5
22500873,363,2026,3,1,22500873,c41d1341-3021-8bae-6600-5a4c4c5dbbae
22500873,369,2026,3,1,22500873,b52fe00d-e7c2-1e75-8555-bd63e3453fa2
22500873,373,2026,3,1,22500873,8c654b37-c098-9a28-918d-84585112f719
22500873,377,2026,3,1,22500873,6c8c5d1c-fb25-5c0d-5440-222f7a6d9ce9
22500873,38,2026,3,1,22500873,b05dd1a3-b9d4-b8ef-8424-c0e89e169330
22500873,384,2026,3,1,22500873,2971bffd-934f-66f6-5a52-70ef76830a02
22500873,390,2026,3,1,22500873,74b7ff63-f562-129c-64f2-c861f0b01ddc
22500873,392,2026,3,1,22500873,40173f50-de8e-13c8-1419-b4ff28077c12
22500873,40,2026,3,1,22500873,79584daa-1cd2-ece0-3169-52148b23e207
22500873,402,2026,3,1,22500873,b2f74027-10a0-4d33-dbde-83bebfa899c6
22500873,404,2026,3,1,22500873,f773d608-6725-0aa5-b597-60b9eacc2267
22500873,413,2026,3,1,22500873,31666c7e-dff4-726f-d9da-10452128879f
22500873,415,2026,3,1,22500873,537cf9d8-d451-eb21-d41b-7c84fb27d56d
22500873,417,2026,3,1,22500873,8332fdce-cb89-a7fe-5b03-8d3187cfe4e8
22500873,425,2026,3,1,22500873,c4df083e-3d79-bf23-207a-9325d73f2884
22500873,427,2026,3,1,22500873,bc540947-2775-0572-f3d4-2d214e7f8818
22500873,429,2026,3,1,22500873,2cb9d4bf-f02c-7e48-f7bc-06c1aaccdbed
22500873,445,2026,3,1,22500873,8d357de9-1faa-c8a6-f301-a134b9712730
22500873,447,2026,3,1,22500873,466a40e6-7a64-e1ee-5776-3c7853a45f58
22500873,474,2026,3,1,22500873,e0b3cc03-d827-69bf-da03-07e466361363
22500873,486,2026,3,1,22500873,0a4f3600-a4c8-b423-793e-59542c787472
22500873,491,2026,3,1,22500873,cf03b915-373b-555f-0042-4b5e9b5e7801
22500873,498,2026,3,1,22500873,19fbac65-a782-78cb-aebf-4c065a78a7b8
22500873,500,2026,3,1,22500873,f4281353-c63d-7217-549f-dad739aa51ca
22500873,503,2026,3,1,22500873,084b0b7b-0bea-b56c-4c89-5b8e350a2c86
22500873,510,2026,3,1,22500873,39b2b435-9ce1-7c78-7817-cdbd733083c5
22500873,525,2026,3,1,22500873,e15edb60-df7c-1292-3699-7451e98729b3
22500873,552,2026,3,1,22500873,1cadbefb-9428-ed5e-4b91-9b0f1dfa0581
22500873,568,2026,3,1,22500873,3e21ae9c-6a13-746f-3ec8-5e833801d628
22500873,570,2026,3,1,22500873,3dbd1d48-89da-34aa-2598-f684c8fcc5e4
22500873,573,2026,3,1,22500873,1c5c06d5-6900-ac61-b0f7-2883dfc22143
22500873,586,2026,3,1,22500873,8807dfac-df47-4ef8-b29c-2358a7a28c4e
22500873,588,2026,3,1,22500873,82dd115f-3cda-4d1a-b983-44d040d0e366
22500873,590,2026,3,1,22500873,aaa07abe-c5b7-8beb-68c9-b8fef9790dd4
22500873,593,2026,3,1,22500873,21666511-50e7-86c8-59b5-d36bae5b69dc
22500873,60,2026,3,1,22500873,0946e3b6-f665-5ca2-9f99-378dcd5b670b
22500873,609,2026,3,1,22500873,b2f2904a-ee18-474f-f13a-e674a37eabb2
22500873,613,2026,3,1,22500873,a81b9ea2-a838-55b6-ef96-dd36d9b3eeea
22500873,62,2026,3,1,22500873,146773a6-3b21-8839-408e-c6150c9bde31
22500873,64,2026,3,1,22500873,9b2601dc-8089-d0f3-6f05-3fdbbd960dc4
22500873,652,2026,3,1,22500873,d91348e8-bbde-b07a-4712-786165f07ae8
22500873,655,2026,3,1,22500873,11414279-0c1e-dc35-0721-a5f9ecdc8b2d
22500873,657,2026,3,1,22500873,61276693-aba4-46a6-16f9-a59adae0b594
22500873,660,2026,3,1,22500873,b72e09cc-1d7b-4101-e872-8c60f84f4c87
22500873,673,2026,3,1,22500873,3d7f9949-24b6-463e-629e-ee15a245a4cc
22500873,691,2026,3,1,22500873,7965890b-4461-1904-e61e-83591715fd24
22500873,693,2026,3,1,22500873,628bf9f1-6ec4-2e13-fc38-2c84b9e5841d
22500873,697,2026,3,1,22500873,aeb10a32-0533-0fc0-e1e6-d07d19249b1f
22500873,699,2026,3,1,22500873,49e62f08-f7fc-ae5a-45c7-b7214481d94b
22500873,701,2026,3,1,22500873,4ca19301-c7fd-5e24-387a-7b35bad1b857
22500873,703,2026,3,1,22500873,7ab0fe43-d190-fffa-fedf-6e8240345bea
22500873,705,2026,3,1,22500873,7bfd1746-8182-9e1c-ffb3-d49cc22f7f9d
22500873,707,2026,3,1,22500873,f1bcb92a-c139-7dfb-d2e6-dc8f7c4ebb7e
22500873,709,2026,3,1,22500873,2992fb11-f6ea-9828-42af-d578de99f306
22500873,71,2026,3,1,22500873,3c769749-a913-7adc-0bd8-94b1334c5d73
22500873,75,2026,3,1,22500873,85905efb-f8dd-8377-c95d-6286183c1e38
22500873,78,2026,3,1,22500873,5fc286be-90d0-fa3b-5829-fd685a221dc8
22500873,92,2026,3,1,22500873,6908e690-efd7-84d0-8fed-29cb7b469675
22500873,96,2026,3,1,22500873,0879af0c-c6fe-b590-72ae-837e079becb8
22500873,111,2026,3,1,22500873,4c70aedb-5c8b-b990-4537-bda57c1f9165
22500873,120,2026,3,1,22500873,8048b88e-b6be-8e4d-caf0-c8b05b3e8972
22500873,187,2026,3,1,22500873,e43437be-bc8c-ceb6-129d-4b3e181dd4d6
22500873,204,2026,3,1,22500873,936846c8-735b-4391-0b99-417f7fd09d16
22500873,241,2026,3,1,22500873,378332b6-7960-5db2-c3a7-ce69636ab1a6
22500873,278,2026,3,1,22500873,0d9172cf-8c89-69e0-e9e1-c9df8f5757a6
22500873,286,2026,3,1,22500873,b01a493f-f19b-1673-9103-87d3f59abcf7
22500873,374,2026,3,1,22500873,a868c60c-a49b-9eaa-5f16-b13564dd4468
22500873,410,2026,3,1,22500873,8a2882d8-ca68-4198-b688-214c1db593ff
22500873,461,2026,3,1,22500873,6599cbe9-4877-9d01-ea23-cfbc20324d89
22500873,553,2026,3,1,22500873,24ab85f0-99d5-5a66-9047-42794ab0ea9a
22500873,610,2026,3,1,22500873,07db8089-9a06-8518-6f80-6b638929e08a
22500873,629,2026,3,1,22500873,a4d36ef2-3b63-f63a-8920-c63aa373d8d6
22500873,637,2026,3,1,22500873,c11b724d-a90d-e1aa-6577-c79b46cdf330
22500873,661,2026,3,1,22500873,06502e4f-c14e-e14b-2d02-cb1e9270f5be
22500873,157,2026,3,1,22500873,6ab632c9-0102-56f4-64c5-e58a1469f119
22500873,220,2026,3,1,22500873,6eac3d86-64b8-f61f-5a59-dcbd81ef3a78
22500873,238,2026,3,1,22500873,9a5e3050-05b0-bd52-3929-2a11a94092bd
22500873,364,2026,3,1,22500873,1b7e35c4-1445-3fad-f704-f966a9262871
22500873,430,2026,3,1,22500873,7b8db7e1-00c1-8e6a-33a0-13fe40b75921
22500873,44,2026,3,1,22500873,9998baf1-9b45-3807-c92b-9b8e6869bead
22500873,49,2026,3,1,22500873,1671be95-4369-67e8-ed97-cd1dcd47141d
22500873,526,2026,3,1,22500873,5a414fe8-c08d-504e-af71-1171fc5eced3
22500873,559,2026,3,1,22500873,460c4edd-832e-cb51-7179-ab271d50de4c
22500873,562,2026,3,1,22500873,b99759d5-18b0-adaa-af79-899804aba56e
22500873,565,2026,3,1,22500873,b15b1d25-7046-efbc-f409-a9cd5e27a327
22500873,682,2026,3,1,22500873,0cd2cd63-aaeb-5f8d-1bf6-abf12794a361
22500873,685,2026,3,1,22500873,327efe00-b386-cd75-61aa-e64b75664a63
22500873,81,2026,3,1,22500873,eb9fb71b-b6a4-c09e-5979-8dc6bc3a0790
22500873,99,2026,3,1,22500873,d7fa59fe-e10c-bb01-9000-79ceb31c1b53
22500874,123,2026,3,1,22500874,b349daf4-d749-6e79-8ba8-b87670a77cf1
22500874,14,2026,3,1,22500874,5148debd-ec22-ed45-45bd-6da3549349c7
22500874,140,2026,3,1,22500874,7a2ad571-cd53-1e9c-7202-e1e164ff2b7e
22500874,149,2026,3,1,22500874,ea1f6b09-427e-7fc6-9184-9458a45e45e2
22500874,159,2026,3,1,22500874,c9a22141-9e24-8c2a-d67f-d407d0b3fed2
22500874,17,2026,3,1,22500874,93f56b1c-0888-7d30-c6c1-f91985eee950
22500874,173,2026,3,1,22500874,2cc1bb43-ad9d-9397-241b-bf1c43b3b86f
22500874,175,2026,3,1,22500874,c8467cfe-4576-6112-1577-a1cca2530efc
22500874,198,2026,3,1,22500874,e923a41b-c2ed-19eb-356c-da62acfa6032
22500874,200,2026,3,1,22500874,18471594-5090-8363-6b48-86f907b47252
22500874,202,2026,3,1,22500874,ce6a4e1d-ccc3-e640-8736-91a88d12ef5f
22500874,210,2026,3,1,22500874,bd0c359a-7199-6942-a3eb-f4b3b3f59e4e
22500874,217,2026,3,1,22500874,5fd5a593-0734-09de-a277-d85db5315208
22500874,244,2026,3,1,22500874,d46065fb-160b-343f-ffe5-b3bd582f0a34
22500874,263,2026,3,1,22500874,e37fd6f3-b5c7-06ab-879f-f13c8d2f60b2
22500874,265,2026,3,1,22500874,3f47b9ef-9c3e-1a4a-8d26-6a90eb519628
22500874,272,2026,3,1,22500874,0ce75ce2-89bc-479c-121f-96e0f85f98db
22500874,311,2026,3,1,22500874,3969d458-29e2-da7f-b009-f7dd5139fc12
22500874,313,2026,3,1,22500874,98bfdb0d-763a-ea54-e085-6c1230ce7f6e
22500874,336,2026,3,1,22500874,08d7ce41-331e-4c82-139b-e46c0674a833
22500874,345,2026,3,1,22500874,5e5cb9ea-6d2e-6438-d62b-fce32f67000e
22500874,347,2026,3,1,22500874,9086488f-c07c-6941-f639-1ed432859591
22500874,349,2026,3,1,22500874,6568799f-96bf-5694-0a1d-af9265730136
22500874,358,2026,3,1,22500874,c1fcf765-418c-0d0f-b092-467a346241e9
22500874,362,2026,3,1,22500874,d16c2688-ecf2-9143-e66a-e2ac25445428
22500874,387,2026,3,1,22500874,e79e3e3a-1470-8c0c-f4a3-ec8b2a63d413
22500874,392,2026,3,1,22500874,c01eb0a7-cce9-54ab-033c-ea8dfcbbaa84
22500874,405,2026,3,1,22500874,4762ee1d-aa66-8054-562c-09a168d34269
22500874,415,2026,3,1,22500874,ed762299-85a6-2592-b0af-873d77910a5d
22500874,419,2026,3,1,22500874,832960d0-74b4-3594-b0d0-89a9c59b86cc
22500874,421,2026,3,1,22500874,d991ec0e-3b82-edef-94ff-23e54b3772c2
22500874,436,2026,3,1,22500874,3078d726-b0e9-b6c8-66b2-ccafdd263499
22500874,440,2026,3,1,22500874,933db4cf-7447-3049-dbc9-03cb761c7120
22500874,462,2026,3,1,22500874,eecc2879-f725-bdf1-3f0c-99f622aea636
22500874,484,2026,3,1,22500874,6fee063f-5553-3574-6477-18da0b82c5d6
22500874,489,2026,3,1,22500874,8cf0b41a-4a7c-f4de-0211-0aff9d78307d
22500874,491,2026,3,1,22500874,ee4b25b9-0a6a-59dd-8559-72232f791559
22500874,517,2026,3,1,22500874,9c56d814-3ba0-e515-fa11-e1cd0d795980
22500874,519,2026,3,1,22500874,8239424a-5fa3-090d-4529-eb3e134c0246
22500874,535,2026,3,1,22500874,7c698789-e62b-1e88-1ae6-4c10b57bb771
22500874,539,2026,3,1,22500874,2e255b14-48ea-0f1e-db87-18a71b7ccd95
22500874,558,2026,3,1,22500874,3257f442-3421-39d1-215d-c32013bc5ffc
22500874,573,2026,3,1,22500874,2b469832-d4f5-fd61-a2ec-59dc869e31e8
22500874,597,2026,3,1,22500874,cb4671d1-9cd2-eb3d-4e3c-ddc7cb3bfecf
22500874,654,2026,3,1,22500874,7c6f884b-e0a8-18e8-da84-939e20478767
22500874,7,2026,3,1,22500874,c58daa69-07bb-51b2-1fce-9761ee18b8aa
22500874,85,2026,3,1,22500874,112c82bd-585f-d45d-b78f-ac1be2fa4880
22500874,87,2026,3,1,22500874,482353f1-3b26-a439-538f-50f7d9f48673
22500874,246,2026,3,1,22500874,0228b07d-98a5-bb65-433e-e3f2de881ae7
22500874,286,2026,3,1,22500874,836f7690-58ad-d8d3-aa17-98d1e8b6a9f4
22500874,300,2026,3,1,22500874,b73bc00d-f59f-94fb-566a-05c48269ad97
22500874,36,2026,3,1,22500874,b9572504-17a9-2bbb-3f3f-de4152dd9c4e
22500874,389,2026,3,1,22500874,c0538207-617a-7423-7f3a-eda3410fe05c
22500874,402,2026,3,1,22500874,cf7159a1-e664-befc-c52b-b61a39513718
22500874,452,2026,3,1,22500874,d9d67fca-1d0e-5653-bfeb-e6d91e899c53
22500874,476,2026,3,1,22500874,6ecfe290-d816-eb54-ab94-f91c61552bc5
22500874,537,2026,3,1,22500874,7f2fb2d7-47e6-e718-3022-d34917c6ad4c
22500874,58,2026,3,1,22500874,d5dfd5e3-638a-a35f-40bb-c4a873ef117a
22500874,617,2026,3,1,22500874,199b0853-4f0e-a7ed-b7be-fe34f984d9e0
22500874,101,2026,3,1,22500874,62073a2f-83d5-c1c7-5e4e-19b1d7296dff
22500874,103,2026,3,1,22500874,e1625b5f-a8c1-939e-192b-6bb3f32baf09
22500874,105,2026,3,1,22500874,e99e67d6-418c-8b46-6d7b-eacc4efe4967
22500874,108,2026,3,1,22500874,a4b15593-969b-f0f8-1d32-016edddfb4b7
22500874,11,2026,3,1,22500874,f1c329b5-9eaf-9019-e709-49517d8f1721
22500874,110,2026,3,1,22500874,bbae87a3-cd8a-8473-eb45-446b735a17ca
22500874,112,2026,3,1,22500874,c830c5d1-a70b-1cd7-0f10-5fc3aacb9e63
22500874,119,2026,3,1,22500874,d479d997-f037-4a73-7d17-736273223202
22500874,12,2026,3,1,22500874,ee744cb2-6ce6-e8fe-17ce-ec57810d568f
22500874,121,2026,3,1,22500874,18d74a67-0a1d-4030-89ab-756db395b716
22500874,125,2026,3,1,22500874,eb325541-d08a-623b-a758-05b5a7c723c5
22500874,126,2026,3,1,22500874,93bd745b-398d-b6bb-bd42-fc812cef4506
22500874,128,2026,3,1,22500874,e06dfef4-fb73-5c69-a4b5-98a8c0280db6
22500874,136,2026,3,1,22500874,b61eca8d-dbc7-00ac-f5bf-ab067325a241
22500874,138,2026,3,1,22500874,5bd291e5-c21a-b3f6-e033-1f6aac0c190b
22500874,151,2026,3,1,22500874,3c3486a3-921e-ff7c-d365-be6a07d8258a
22500874,16,2026,3,1,22500874,868abe68-dc47-b24a-b822-079abac1c946
22500874,182,2026,3,1,22500874,306e7563-99b8-9c4c-7146-96949c0cc5e9
22500874,19,2026,3,1,22500874,15153dd1-abbc-9c8b-e79c-710d2ee38046
22500874,204,2026,3,1,22500874,81194524-7e08-16c5-8651-53de10c71fc2
22500874,206,2026,3,1,22500874,a986402f-112b-4cdf-159f-cdffd47ea3ac
22500874,21,2026,3,1,22500874,6429d1da-ceef-8600-592b-2a2211e6b11a
22500874,212,2026,3,1,22500874,0ce51190-6bf3-638c-2e24-cf7cee3d6909
22500874,214,2026,3,1,22500874,1d4cdc1b-e886-e1ba-1177-2fc29ddd4508
22500874,228,2026,3,1,22500874,a5e3a018-f16e-4d73-b991-045697d5b34f
22500874,23,2026,3,1,22500874,03a381df-9388-40b8-6d95-d00b03f322fc
22500874,230,2026,3,1,22500874,cc326f39-834e-15df-e789-68f7df5dd640
22500874,237,2026,3,1,22500874,da5b1c7b-efff-94cf-a781-1136e6f42947
22500874,242,2026,3,1,22500874,f7e35d0c-e703-5132-2ee8-5324a4bd5d30
22500874,261,2026,3,1,22500874,5d861ddf-edc4-e89d-ea88-8edbc1a46e18
22500874,27,2026,3,1,22500874,d59e5f09-5556-2aff-ab8c-7ad63d18472d
22500874,276,2026,3,1,22500874,45767b69-c575-8cd2-ec0a-60a9dacbfd14
22500874,28,2026,3,1,22500874,99a05c6f-48d1-c9b9-e9b3-0ae1400c3dc4
22500874,284,2026,3,1,22500874,2dc7b843-685a-c5ff-3e76-19e9b8adf505
22500874,291,2026,3,1,22500874,5a2429c7-3074-047d-2e10-b91ac5a45ec8
22500874,293,2026,3,1,22500874,ca7202df-8841-5b08-8671-c2383a63f287
22500874,30,2026,3,1,22500874,2feead3b-bb15-fa92-0447-13a4cb7be6b4
22500874,309,2026,3,1,22500874,ab0f4bb2-9a44-6cc4-359d-18d10ec33315
22500874,317,2026,3,1,22500874,d124088e-4e0b-fa78-3e89-9d06546dac04
22500874,319,2026,3,1,22500874,681c3a1a-983c-ca47-fc4b-2e5ab6969276
22500874,327,2026,3,1,22500874,be66f100-9d0e-f5af-9cac-77c996bf37a2
22500874,329,2026,3,1,22500874,e8874a81-8105-603b-dde5-c397aa63636c
22500874,333,2026,3,1,22500874,1bc0753c-31ea-9c25-5ff4-58ec7d6191cd
22500874,334,2026,3,1,22500874,6aadeecb-1e1a-060c-2177-3bf1698e88c8
22500874,351,2026,3,1,22500874,45fb9886-aa1d-a309-7c45-5fc2dc2ca3ec
22500874,353,2026,3,1,22500874,3d5212ed-a03e-7d95-66a5-a61e9ba8cf3c
22500874,360,2026,3,1,22500874,9329a480-cd6c-98a6-adab-c399089ad190
22500874,367,2026,3,1,22500874,9dc56a20-7367-d4c6-a565-9dbdedc64f08
22500874,375,2026,3,1,22500874,b743250a-2d97-d05e-4fcc-c9344a86d265
22500874,377,2026,3,1,22500874,1f75d527-53cb-edc9-b910-28278d58241d
22500874,381,2026,3,1,22500874,d252e77f-0228-4c63-3344-98a8b1cf633e
22500874,383,2026,3,1,22500874,9b0f00c6-a6b2-be73-0faf-6e96f5a3c905
22500874,385,2026,3,1,22500874,6e25e548-ba60-75a7-9f13-367f7dd64649
22500874,39,2026,3,1,22500874,8af2b843-93c4-22bb-1efa-f36a52f1f2a3
22500874,407,2026,3,1,22500874,8864d03f-fc9c-0508-2539-81f1d675fb43
22500874,408,2026,3,1,22500874,afbee2a2-af52-6ac4-8c5b-5fe1b899322c
22500874,41,2026,3,1,22500874,500d4fc2-5546-276f-83a3-c20c74c06a5b
22500874,410,2026,3,1,22500874,5bcce0f8-4429-db97-f10e-6390a18be3c7
22500874,414,2026,3,1,22500874,5aa7df9f-b211-a477-630a-5a9b367c77ad
22500874,43,2026,3,1,22500874,1249480c-7831-e092-fb00-87051068daad
22500874,434,2026,3,1,22500874,40a3dbf6-b2af-e40c-a506-83df0a3d9daf
22500874,445,2026,3,1,22500874,538d06ac-5d4b-b6b9-6f4e-546a4f16bb38
22500874,446,2026,3,1,22500874,ceab1e65-31d3-1c38-34ef-fffd89973e90
22500874,448,2026,3,1,22500874,ab8abdbc-6308-244c-f90c-94762d507ff7
22500874,45,2026,3,1,22500874,8a142ff7-f129-f752-8cb8-4a769d7746b1
22500874,450,2026,3,1,22500874,03ef81e9-b175-2bfc-0f89-cfefd8f78f00
22500874,460,2026,3,1,22500874,11c2204d-d39c-5984-3b78-25a59fa16609
22500874,47,2026,3,1,22500874,7961ae25-960a-c520-490b-3b349d20cb52
22500874,470,2026,3,1,22500874,9828083c-1c3e-82c8-57ee-17fe8554a1dd
22500874,471,2026,3,1,22500874,c261ad25-2768-e251-ca29-a5587dca0ac2
22500874,48,2026,3,1,22500874,a7ed380b-8719-36e2-7c99-7d6dc54248f0
22500874,480,2026,3,1,22500874,e6f36b22-a8c8-50ff-9524-6825deae1036
22500874,482,2026,3,1,22500874,c8dd16ef-4bcf-4f83-cd64-72039fbf6150
22500874,487,2026,3,1,22500874,8c84d41a-19d5-eb70-de85-07142bbc9ef5
22500874,498,2026,3,1,22500874,15e3d78b-a032-e879-444b-7d2ab036c3c4
22500874,51,2026,3,1,22500874,3a55ba94-4315-f83f-4352-8f4c08deb4e8
22500874,515,2026,3,1,22500874,f316b0bd-7d43-cdf0-8766-6b3506b26fca
22500874,521,2026,3,1,22500874,43928a8c-a2bd-7329-1e8c-cd9fabc0277d
22500874,523,2026,3,1,22500874,4c4aa41e-f3e6-a482-28ae-251ca1f6bbc9
22500874,525,2026,3,1,22500874,19c55481-1b6b-6f8d-4d60-7fda617573d5
22500874,527,2026,3,1,22500874,2eb4089e-96a4-1f5e-d286-1459919b48b4
22500874,528,2026,3,1,22500874,3f031415-c5fd-aa2c-9c16-6f33135a737c
22500874,529,2026,3,1,22500874,522ca55f-03b8-2aa4-42be-1778d1a1b7c7
22500874,53,2026,3,1,22500874,40dafd86-d642-a2b5-5cf1-f14456669d32
22500874,533,2026,3,1,22500874,d9174440-d5d8-83f5-9906-54bc364fe239
22500874,541,2026,3,1,22500874,e3ba5512-ab18-ce2d-9ce3-fac8e1c9f80e
22500874,55,2026,3,1,22500874,f22bc522-9112-0e73-d706-5fb88d8aabf9
22500874,555,2026,3,1,22500874,231700dd-0bb6-b0bf-4540-63cdb03cc2a4
22500874,560,2026,3,1,22500874,b8dd8a9b-6323-0599-37eb-3249fa297262
22500874,565,2026,3,1,22500874,5205252c-40ab-43ef-cb7f-273bbce95929
22500874,567,2026,3,1,22500874,4b49ced8-ffab-abf4-eb29-97f13cb826a7
22500874,569,2026,3,1,22500874,8de76d53-55c1-02f9-7ecf-f9f2cfc11fa6
22500874,57,2026,3,1,22500874,dc6ae7f7-ac37-e9be-cca4-2db66dbc7aca
22500874,575,2026,3,1,22500874,15dfe6e1-678c-f4d3-1015-1b77ff6d6d1d
22500874,576,2026,3,1,22500874,6d097239-658c-441d-e96c-d67d6cfb97fb
22500874,584,2026,3,1,22500874,04694e60-b54b-b95a-ec36-38c8a7a47ea6
22500874,60,2026,3,1,22500874,29b34e34-dd95-3fd8-0d19-05b3ce531dbe
22500874,602,2026,3,1,22500874,ab9eed53-9bb0-e497-f9e8-c616af90f2d3
22500874,603,2026,3,1,22500874,478da04d-001d-65a1-fa6e-79855ec6962a
22500874,605,2026,3,1,22500874,bf94b680-e496-f451-2886-65c845e70967
22500874,613,2026,3,1,22500874,2f37b4b8-c370-fef1-e518-b3945b7cf6fb
22500874,615,2026,3,1,22500874,41cd1bcf-3f14-e129-d557-fc62d7f5bef7
22500874,620,2026,3,1,22500874,48c64afb-817c-0704-0f93-1ae2b7995b28
22500874,622,2026,3,1,22500874,30c6dd54-7d30-68fd-d9f1-6067a079fe71
22500874,636,2026,3,1,22500874,5b48a64f-9fe7-d29c-045c-46c4a9817a9c
22500874,642,2026,3,1,22500874,ea63c760-904a-9c28-e891-fef951b056f7
22500874,644,2026,3,1,22500874,ce3cee38-729d-417c-46f3-1f9e3e124aa7
22500874,646,2026,3,1,22500874,cb86a7ca-e1b9-855d-dfb7-78a0f65e7b60
22500874,647,2026,3,1,22500874,6fdbfb4c-eabb-8b44-80e4-6511204533d0
22500874,649,2026,3,1,22500874,d32f4265-76ac-89fc-dbce-fdc2798042b4
22500874,651,2026,3,1,22500874,9d692eac-8d0d-612d-1a45-9d317f474413
22500874,652,2026,3,1,22500874,0723788e-cff2-8bca-4dcd-de97feff3e90
22500874,656,2026,3,1,22500874,03e2bbf1-9181-c024-20b4-c0353f34a5a7
22500874,71,2026,3,1,22500874,ddce0035-7bb4-043d-0d89-b124e00ee86d
22500874,74,2026,3,1,22500874,5035e836-349f-d60c-c5f2-c85a744427a7
22500874,76,2026,3,1,22500874,186525ec-94bd-a596-2f7f-d83729488789
22500874,82,2026,3,1,22500874,3dde1714-8407-c153-61cd-fab67c56673a
22500874,89,2026,3,1,22500874,bd3a6712-268d-4cb9-2958-a315953ba7f1
22500874,9,2026,3,1,22500874,46d55cdc-0fff-a9bb-6318-0899cca238c6
22500874,91,2026,3,1,22500874,dbec173a-7113-d38e-34ea-8f0cf2b303be
22500874,10,2026,3,1,22500874,49dd91bb-f602-5ab9-5e4b-a7b987a9fcb7
22500874,102,2026,3,1,22500874,43326297-2d75-1ed8-93a4-003292f03e7b
22500874,104,2026,3,1,22500874,dcda3229-d1a1-e9eb-1bf9-acbbc7f7b9f3
22500874,109,2026,3,1,22500874,7a5fe8db-5c3c-2a14-cb5c-aab97b1e91e4
22500874,111,2026,3,1,22500874,f325e17e-9af8-613d-37c3-4e7be74af401
22500874,120,2026,3,1,22500874,4f0bab93-b956-14a0-59b1-98d9d122f71d
22500874,122,2026,3,1,22500874,e54e0e7a-0e05-7790-c2f4-7192ea8b4bd3
22500874,127,2026,3,1,22500874,713d8169-3604-a0b1-9197-e61b356d6218
22500874,129,2026,3,1,22500874,2799ec24-9485-0501-c551-dbf35baa35ce
22500874,13,2026,3,1,22500874,be0fb087-254a-cce4-d9a6-0fc29b5f15d7
22500874,137,2026,3,1,22500874,fdc6bda5-b1c3-0618-9998-cb7746eabdfb
22500874,139,2026,3,1,22500874,35eb7170-d7a0-5605-d3c9-8a0eb6ebb051
22500874,148,2026,3,1,22500874,6ee5798b-a021-c06c-0393-ba7b743cd54e
22500874,152,2026,3,1,22500874,56eb6f15-46d3-8128-9094-704c2340ed63
22500874,183,2026,3,1,22500874,07c04937-0eb9-dae8-d508-ab138b236321
22500874,20,2026,3,1,22500874,0e944f96-724c-497a-1e84-3fa114202df6
22500874,205,2026,3,1,22500874,7636efb4-7029-b7ee-b1f7-7a41b4f4f0f0
22500874,207,2026,3,1,22500874,2ecff8fc-d283-4e17-7070-98dca4307e17
22500874,213,2026,3,1,22500874,7224fb97-196c-c139-8fb3-e093853b8a1b
22500874,22,2026,3,1,22500874,6d3d2b5e-537f-290c-9cc9-177aa7c024d1
22500874,229,2026,3,1,22500874,d8dee32a-3016-49e8-45f0-95dcf3bf97c4
22500874,238,2026,3,1,22500874,8f73fc1a-e312-2581-d593-37b49fd3e8a7
22500874,243,2026,3,1,22500874,1c51e7d3-daa3-21e3-6907-f3188d6583ab
22500874,258,2026,3,1,22500874,6cf92b9b-550e-133c-0a55-75a0cd142b4d
22500874,262,2026,3,1,22500874,3481c24a-f8e1-27db-4015-acaef1ac35ce
22500874,277,2026,3,1,22500874,41635688-959b-ba58-26c1-51eeb1e8df6e
22500874,285,2026,3,1,22500874,9f0046f2-a9be-8eed-0d09-5b3f8c7ebdb0
22500874,29,2026,3,1,22500874,37dddcab-3adc-22ec-4bf9-e9d7079dfe9c
22500874,292,2026,3,1,22500874,8b9da488-d5ea-8601-72d8-5815e7e03e95
22500874,31,2026,3,1,22500874,6b747784-fb15-d0db-7a34-fe120779a104
22500874,310,2026,3,1,22500874,f3bb14ec-5dce-9915-ed49-6eadff7cd9f0
22500874,318,2026,3,1,22500874,6ce15bf2-d524-6248-f218-4e99f03aedef
22500874,328,2026,3,1,22500874,f5e4dceb-6637-2f41-1356-682dd78f6a66
22500874,335,2026,3,1,22500874,8d823aab-6437-725f-3809-0ee22a885931
22500874,352,2026,3,1,22500874,70963d9c-0f41-1150-cf11-f315be1faef9
22500874,354,2026,3,1,22500874,4287e254-81b3-a7f2-1c81-5c751bca27d4
22500874,361,2026,3,1,22500874,0fc86527-62d1-b72a-69e0-7a47c2962160
22500874,368,2026,3,1,22500874,739c4031-4c36-cf97-6c29-eac8e9098c49
22500874,376,2026,3,1,22500874,b9aeb0fb-6aae-3b7b-be1c-b5f88c6f4acf
22500874,378,2026,3,1,22500874,016a113d-3803-96c9-f8f9-6fa7986ae0b8
22500874,38,2026,3,1,22500874,75a1937d-822a-2efa-6eaa-31ef1b402632
22500874,382,2026,3,1,22500874,108eeb79-1b3f-72aa-adfc-cb67f0eeabff
22500874,384,2026,3,1,22500874,dc59a58b-1cdf-1ea5-b7ff-678825ea3a66
22500874,386,2026,3,1,22500874,53413e19-99a8-954c-438e-1e5d93aa5bcf
22500874,391,2026,3,1,22500874,1653fbed-bad7-9e99-e8d3-e60ee561116b
22500874,40,2026,3,1,22500874,db8563d0-8578-79d6-cbba-a280774c26c3
22500874,404,2026,3,1,22500874,8ab35f39-b811-2683-00be-5225b682be34
22500874,409,2026,3,1,22500874,cb6016d3-ede0-5e8b-7753-83737f5adf87
22500874,411,2026,3,1,22500874,39adb145-56a8-a958-ee10-d91dfb13d25f
22500874,42,2026,3,1,22500874,e9f5c2c9-6db2-2494-728a-7e1e5bb11592
22500874,433,2026,3,1,22500874,9aa90028-cb9b-5af6-4a4c-ab0385464cf3
22500874,435,2026,3,1,22500874,f4421cc9-704b-b85f-29e4-817dfc583e6c
22500874,44,2026,3,1,22500874,71c00d5e-39ce-b5f4-dbf6-4657b28953d7
22500874,447,2026,3,1,22500874,646cae04-c4e1-d937-e601-6fa9908d4e36
22500874,449,2026,3,1,22500874,4347886c-d2d2-0e52-8a8e-5cd03e286b5b
22500874,451,2026,3,1,22500874,b25b5ae4-1c1e-356a-2585-2cc52894a905
22500874,453,2026,3,1,22500874,2553bfca-dab2-5e24-da3b-2be617623fac
22500874,46,2026,3,1,22500874,f9523181-e64b-bfbf-1577-0e728ad1f03f
22500874,461,2026,3,1,22500874,6f8fb051-e430-3f1f-bf9b-a098c79df07c
22500874,481,2026,3,1,22500874,35946b33-e2e3-1a7e-009b-6edb2bc21b52
22500874,483,2026,3,1,22500874,562aea22-f139-eedd-3659-fe649626092a
22500874,488,2026,3,1,22500874,300b7ee0-ec28-8908-5078-3e5afb646835
22500874,49,2026,3,1,22500874,7e041b9a-be6e-2a3b-cc3b-41c22dae0f4d
22500874,516,2026,3,1,22500874,04c17183-a3a1-e7e7-b856-abd42c05f182
22500874,52,2026,3,1,22500874,23a6d0fa-f85d-10bc-f767-f715cb777177
22500874,522,2026,3,1,22500874,17e533f4-6046-74e4-3bab-685658bf2653
22500874,524,2026,3,1,22500874,939a2c4d-cf04-f960-f52f-53805d32611c
22500874,526,2026,3,1,22500874,f73671cc-9ae9-cbdd-fe9b-8b2f625ff35a
22500874,530,2026,3,1,22500874,995e9236-20c3-47e9-c88b-a3417f6bfc63
22500874,534,2026,3,1,22500874,d90f9cf1-d989-fd71-1afc-68e74367b4ca
22500874,538,2026,3,1,22500874,d8ae0844-7e9e-5cdf-be63-b2cc7e34f74a
22500874,54,2026,3,1,22500874,ba0e5595-eb9f-c64a-d065-85d9791d472f
22500874,542,2026,3,1,22500874,5a7ce566-31be-2f08-3ca4-3a55f0a24452
22500874,556,2026,3,1,22500874,bc5e09d7-84b4-14db-463c-2c06bf0826ad
22500874,56,2026,3,1,22500874,8c2f336e-f2a3-ef93-4df5-94a793b20125
22500874,566,2026,3,1,22500874,b3a9cbd7-3f5f-7819-82ec-d8f7c729efca
22500874,568,2026,3,1,22500874,3c571fd4-8f77-3cb8-9209-1f23b44ea56d
22500874,570,2026,3,1,22500874,bb6543cf-013f-8e01-885a-4acb796583d8
22500874,577,2026,3,1,22500874,70a298c9-500d-5cd6-6026-a3b95ae03ad8
22500874,59,2026,3,1,22500874,bee666ab-5a7e-512d-e3b4-671798ac3ae1
22500874,604,2026,3,1,22500874,dc4a34eb-807c-3937-65d6-e922a3e7b76d
22500874,614,2026,3,1,22500874,4b801120-6f4a-7878-3679-b31705fd493a
22500874,616,2026,3,1,22500874,2b6e64bd-ffb7-7515-50d5-6ee921c7d95d
22500874,619,2026,3,1,22500874,2321994f-2de1-a500-ac98-4517119aaee4
22500874,621,2026,3,1,22500874,bdf0f3b5-c748-3066-ac5e-8b8228be463c
22500874,626,2026,3,1,22500874,378db682-62fd-57b2-9a4f-e89a053e1317
22500874,638,2026,3,1,22500874,a9e7e657-6229-c3fe-68ac-312966f036bf
22500874,643,2026,3,1,22500874,03067a82-8666-2035-6f7a-d54ed62c3a01
22500874,645,2026,3,1,22500874,4d249546-caf0-ab4a-7d3c-435c85b0334e
22500874,648,2026,3,1,22500874,0565c6cf-cd9e-16e7-4e6a-d2ef0a716064
22500874,650,2026,3,1,22500874,7cf9b141-f414-92c3-53bf-e4805ebe358c
22500874,653,2026,3,1,22500874,99cc69b8-8da5-db56-9008-9c407d0633b4
22500874,657,2026,3,1,22500874,5b612b6e-7558-ec94-d40e-9ff0f06b5781
22500874,75,2026,3,1,22500874,4dea739a-49be-21ce-09fe-58410dda07c5
22500874,90,2026,3,1,22500874,92727535-a46c-030e-dd26-989edea6f0e2
22500874,161,2026,3,1,22500874,e7172d96-112f-b2c6-d68e-c7cede5788fa
22500874,188,2026,3,1,22500874,83e43983-e6da-763e-2c53-42d24a77915f
22500874,191,2026,3,1,22500874,b3fc82c1-2e99-15b3-0298-5ed4267c2a67
22500874,196,2026,3,1,22500874,c3b9c252-b5b6-df1c-8495-6da634b1898c
22500874,215,2026,3,1,22500874,1e5e9c37-4cb1-082f-33c4-04c77d26c945
22500874,259,2026,3,1,22500874,d4249bf6-c88a-2fb1-f272-de13459ba820
22500874,274,2026,3,1,22500874,ff9a857a-b0d2-26b4-718f-928352d12568
22500874,289,2026,3,1,22500874,e6ff5b48-fb57-8fad-ed30-3227dc9f8394
22500874,298,2026,3,1,22500874,b2d409aa-01e1-877e-3517-946008cb3596
22500874,356,2026,3,1,22500874,5e8800c4-c797-f2a6-a243-8fb3b5f74644
22500874,373,2026,3,1,22500874,633b0031-a340-36b0-9882-654ba594188d
22500874,412,2026,3,1,22500874,81a24bb8-05bf-452b-6867-58d8306ff237
22500874,417,2026,3,1,22500874,c872d939-f7e7-7aa8-56f1-aab036d5046c
22500874,590,2026,3,1,22500874,a50d1687-f95a-671e-aafb-4c064983560a
22500874,294,2026,3,1,22500874,976fdb7b-bc93-89dc-bf5e-510624b04f2f
22500874,355,2026,3,1,22500874,f8b832cb-83b1-7b4d-eca3-3ea619c20136
22500874,493,2026,3,1,22500874,379037b7-2e26-2ad9-12df-6673d8f7fb60
22500874,596,2026,3,1,22500874,818a1a37-6378-ec94-5212-daae36f0cd3e
22500874,601,2026,3,1,22500874,a1110571-b6ef-f37b-737d-5d0896102c80
22500875,106,2026,3,1,22500875,8e15fd45-4a72-6446-7731-d188851fdc1c
22500875,118,2026,3,1,22500875,c65d9919-a4d2-846a-efe0-fbce0b8939df
22500875,122,2026,3,1,22500875,d6cbb8ce-0fdf-6bb4-4add-f9a47d8bc70d
22500875,154,2026,3,1,22500875,c1c566af-fa3b-a8fa-19c1-d36b74252785
22500875,169,2026,3,1,22500875,71b1dc0b-08ef-8cd1-552c-c4f047a3b14b
22500875,17,2026,3,1,22500875,77d1ed70-db40-35a2-e9d7-6d7fc56b3c9f
22500875,191,2026,3,1,22500875,84b92335-9384-815a-2a09-b40edf533d62
22500875,204,2026,3,1,22500875,b1d7dcc4-c3bc-22aa-49de-abb55202b305
22500875,206,2026,3,1,22500875,914524ec-f717-5521-f480-bf0379690f08
22500875,225,2026,3,1,22500875,59ffb097-5c9e-6fbc-7623-88b865219b07
22500875,283,2026,3,1,22500875,72193194-d6dd-9ea4-8f38-2333c4a55a54
22500875,303,2026,3,1,22500875,91e5d698-d4b8-ca1f-a68b-64fe8362190d
22500875,304,2026,3,1,22500875,0ef994ba-12b9-bcde-68c4-0c4601facf2f
22500875,324,2026,3,1,22500875,eaec1b97-fa36-aa19-a717-41fb74a9a79a
22500875,338,2026,3,1,22500875,8819c078-4deb-98d9-ba43-670fe941b3d7
22500875,340,2026,3,1,22500875,3ac036e3-04c1-d2e9-d345-082f17ee30e9
22500875,343,2026,3,1,22500875,e48e1990-c684-b79b-6c57-4ac477ca9b67
22500875,347,2026,3,1,22500875,33a46f02-a8be-b8ce-b63e-7d3108e5573f
22500875,352,2026,3,1,22500875,9d6013c6-d7c7-42f7-ffea-496c7e294a63
22500875,390,2026,3,1,22500875,ea7bfb69-7c3b-19ff-edd8-a4800269c422
22500875,393,2026,3,1,22500875,0f329765-1d2c-cf2c-7a69-9a3341b300d7
22500875,41,2026,3,1,22500875,76f42386-bb13-07dd-3654-112704532957
22500875,413,2026,3,1,22500875,41d1bf83-250c-08a0-97dc-e401263812e9
22500875,427,2026,3,1,22500875,b51a4f5e-6fb3-8ada-db40-87e55e04f0db
22500875,429,2026,3,1,22500875,0cd9c68d-51f4-8069-fd38-b87b9cd29a5c
22500875,439,2026,3,1,22500875,81115d42-2946-b3b9-d039-b1fdd327e2e2
22500875,444,2026,3,1,22500875,d76328c0-e0bc-ce9c-c764-d6506aaac742
22500875,453,2026,3,1,22500875,1b9a789e-6376-755d-a706-684034b26922
22500875,455,2026,3,1,22500875,a125d67c-4334-5f50-11b6-78951d191fad
22500875,466,2026,3,1,22500875,5624515f-1d57-29c6-15a3-b28cea353baa
22500875,468,2026,3,1,22500875,c94d9020-ea68-917b-c552-df01a74419b7
22500875,48,2026,3,1,22500875,bd8505d0-6095-1a67-14c6-517193beade5
22500875,536,2026,3,1,22500875,d62a8680-3b1e-02a3-7085-df6234ff338f
22500875,550,2026,3,1,22500875,efd67150-a393-08a2-cc9a-cf1fd2cac7ce
22500875,56,2026,3,1,22500875,4c66e8fa-1dd9-2d97-15fc-737996d82919
22500875,562,2026,3,1,22500875,5a59a768-5c4b-7a89-f827-6a51891a8f19
22500875,565,2026,3,1,22500875,2d63fba2-8c77-b85b-03d1-c0d928fae3c7
22500875,569,2026,3,1,22500875,5c2265ce-f0ad-37ae-8d83-548a5d1b59ad
22500875,581,2026,3,1,22500875,8322147b-3bda-5c1b-5e11-a4567f514880
22500875,620,2026,3,1,22500875,fcf18ec1-474e-7c3c-7993-7cac2963c357
22500875,642,2026,3,1,22500875,fa6e7708-40b6-a0d8-8a7f-c05aedb7c21f
22500875,65,2026,3,1,22500875,5715be5c-3098-e4a9-99a0-5a92b6e46e35
22500875,685,2026,3,1,22500875,aec8c60b-210b-a6c2-9fdd-88dc43947231
22500875,7,2026,3,1,22500875,c5aab0cb-46df-f5f6-adb0-aff0d36625d1
22500875,249,2026,3,1,22500875,24a38cd7-0ffe-5c22-ab70-4ba002e4a440
22500875,25,2026,3,1,22500875,b71a266f-5747-ab2b-a30f-596fc0584ebc
22500875,317,2026,3,1,22500875,2911f02f-740d-1cf9-74e1-269a3cc9cd65
22500875,401,2026,3,1,22500875,1ba2c3f4-14e9-55a1-a70f-16ed8e673d89
22500875,441,2026,3,1,22500875,364cbd13-31c5-d6de-41e5-68571a2208b6
22500875,516,2026,3,1,22500875,f9a8e364-5777-3a66-930a-34db58ad759d
22500875,639,2026,3,1,22500875,2a9cd811-3ec3-94b9-f046-01ab429644d9
22500875,71,2026,3,1,22500875,0df12d4b-6ce5-eb35-b005-935f12a49f2c
22500875,75,2026,3,1,22500875,6abad70f-37f1-b4f1-3332-1ba94ab911cf
22500875,78,2026,3,1,22500875,1203a06a-801d-7a63-948a-7480aaa889e2
22500875,11,2026,3,1,22500875,84d9d6c8-2a33-947a-4249-9d1f404ed3e6
22500875,110,2026,3,1,22500875,0d72e819-2c23-12f7-400f-a753101ea505
22500875,131,2026,3,1,22500875,4fd61def-4de2-a845-c5d7-2ba0b795550d
22500875,133,2026,3,1,22500875,51f9717f-04ec-4a22-e4e8-4f673b54eae6
22500875,137,2026,3,1,22500875,f35935c2-1c23-1bfe-25a7-edeb1a3b6cc0
22500875,139,2026,3,1,22500875,99daa983-9d1a-08e7-0cbc-08427c817985
22500875,149,2026,3,1,22500875,575b0906-fa18-cb35-f5ea-6d33e67d376b
22500875,151,2026,3,1,22500875,a193e558-6a84-4b91-e9d1-288155fccad8
22500875,153,2026,3,1,22500875,d014e043-cb99-57c9-a17f-6b5590d80303
22500875,162,2026,3,1,22500875,24466deb-74fe-b3aa-577a-0a36b35992e9
22500875,164,2026,3,1,22500875,65dc4a0d-c17b-12cf-af14-c629c7b2f3b4
22500875,165,2026,3,1,22500875,7b3fdb0f-b6d1-4f65-77cc-972b499d516f
22500875,167,2026,3,1,22500875,e911b5bd-8fcb-20e2-2676-afbc11953558
22500875,171,2026,3,1,22500875,cf04a527-e77c-d192-54d5-6aa807be077b
22500875,173,2026,3,1,22500875,1faae049-a525-23d6-7d63-1513188de631
22500875,175,2026,3,1,22500875,e8f0d25b-91ab-d5de-973d-89955eff2cb9
22500875,189,2026,3,1,22500875,573ba7cb-8066-6d3d-abed-9b3a1dbf861b
22500875,190,2026,3,1,22500875,c91efb32-facd-3e47-5bea-bf4a50ab8832
22500875,193,2026,3,1,22500875,97a5b74d-907c-ed2f-f1ec-3446d03db37f
22500875,202,2026,3,1,22500875,4c8781bd-c627-496f-c735-344a8e97666d
22500875,211,2026,3,1,22500875,9412bc84-37ca-725f-0488-0373fd03eeae
22500875,213,2026,3,1,22500875,53e11948-4617-cb72-b890-71521738adfb
22500875,216,2026,3,1,22500875,9387f9b6-506b-f7bd-4b49-b7ec5a360ca3
22500875,218,2026,3,1,22500875,4f856819-d3e1-ade1-5f12-42966a908fd6
22500875,220,2026,3,1,22500875,acb722cc-3bc9-8736-2336-d9bb20268cdf
22500875,222,2026,3,1,22500875,fd01fc21-f4ff-2a38-391f-152d67dda0c7
22500875,227,2026,3,1,22500875,5ff522a8-994d-e979-8ca5-a5df8f6396f9
22500875,233,2026,3,1,22500875,26e5fcec-022f-c887-3577-ff4bfa52c44b
22500875,245,2026,3,1,22500875,0877eb3d-ab91-982d-6fc3-e735ab0463cc
22500875,247,2026,3,1,22500875,09d07b82-db37-b330-7421-31627793b12a
22500875,279,2026,3,1,22500875,a5574329-66f3-c1d0-176b-7922fabc7acc
22500875,28,2026,3,1,22500875,a56f6824-1717-cc27-ae46-55c5a3f87d4a
22500875,285,2026,3,1,22500875,6cdb073b-e4e6-1463-3d3f-6c86a546e0f6
22500875,291,2026,3,1,22500875,c81cb8f5-c137-e435-809f-7140bc69bb93
22500875,293,2026,3,1,22500875,11a584a1-df6a-a9c1-50c3-8b2ca9428fd1
22500875,299,2026,3,1,22500875,e513befc-2361-8415-b235-2550cea0697e
22500875,315,2026,3,1,22500875,83d6a509-9ee3-9c9e-f3d6-b9cee4ad2c50
22500875,32,2026,3,1,22500875,ad049aaa-318a-62bc-7487-933e2c36a702
22500875,322,2026,3,1,22500875,fab7086a-8956-1fda-118c-6da827e92656
22500875,326,2026,3,1,22500875,e1475b35-4f53-3bff-99de-0130c078b5e7
22500875,34,2026,3,1,22500875,5d9f333b-9f65-07e2-eddf-f5b4ad7f61e1
22500875,345,2026,3,1,22500875,4b728685-e2d2-1864-aecf-d635cf4b3a65
22500875,354,2026,3,1,22500875,2417eeb4-04f5-7a8b-82b0-34d4a550342b
22500875,36,2026,3,1,22500875,41873d8c-1fc4-d648-33f3-0f6ba8db7c5d
22500875,364,2026,3,1,22500875,73168c0a-f1a7-b182-53df-42fd87ecb647
22500875,372,2026,3,1,22500875,c298b7d7-c399-34d5-d15f-8e66a4800498
22500875,373,2026,3,1,22500875,98a88ca5-df80-0ea4-dad9-88cd03eaaeb6
22500875,376,2026,3,1,22500875,dfdab9f5-afa5-0a17-db1b-6121f5c377ba
22500875,38,2026,3,1,22500875,1b3d2ca8-afe3-9ab8-3e7a-ba96c7813439
22500875,384,2026,3,1,22500875,e320651c-b06a-f3fd-7483-3d38bbaa825c
22500875,385,2026,3,1,22500875,03be1f2a-f28b-22c9-08f6-47fdaf1b357f
22500875,387,2026,3,1,22500875,c12df142-b159-8e51-46f2-04d00a69b136
22500875,388,2026,3,1,22500875,3e9daf3e-ce73-ef68-6f21-23c3db4f5fb3
22500875,391,2026,3,1,22500875,47d14741-2a1e-c818-e54b-5e0eb5fa903b
22500875,395,2026,3,1,22500875,2c5aff35-ca6d-f8a1-02d2-6193159f2ee1
22500875,409,2026,3,1,22500875,231bb53f-ed99-8fb0-7dbf-1c82b90e5359
22500875,411,2026,3,1,22500875,f2077c14-e233-82bc-b515-d9dd5441f700
22500875,415,2026,3,1,22500875,ad51be4b-66dc-4722-ee09-d0fa3217db8a
22500875,423,2026,3,1,22500875,41a6c430-b1d9-0e2c-b6cb-d483b89542ae
22500875,425,2026,3,1,22500875,963a36b4-64dd-423e-9dbd-cace0fab0a92
22500875,437,2026,3,1,22500875,80ac6e2d-ef7d-fcfb-41b3-bad5180f093f
22500875,448,2026,3,1,22500875,1688b393-1613-2c63-40dd-f17f9f328eff
22500875,449,2026,3,1,22500875,bcae46b9-07da-e6a2-d758-8f99917b3b06
22500875,479,2026,3,1,22500875,8d573e0d-350c-6188-fb85-496f263e929b
22500875,481,2026,3,1,22500875,48e21473-04d8-1dbf-5aa1-cfd1b31891e7
22500875,483,2026,3,1,22500875,94969723-17f4-ed8a-4ef8-e2d24cfd5781
22500875,485,2026,3,1,22500875,359949d0-1f63-8be5-25cf-b0e676ebe1c5
22500875,495,2026,3,1,22500875,e197a0e2-4d3c-257b-9966-8d2f3d7db5b4
22500875,504,2026,3,1,22500875,2d921cc3-95f3-ba7d-8eba-64f0298668f3
22500875,506,2026,3,1,22500875,eab24ee9-fc39-4784-e5ad-4f778c27a7d2
22500875,512,2026,3,1,22500875,065eed8f-3524-9aee-71d9-60e1eda03277
22500875,515,2026,3,1,22500875,ad1b9a46-c56b-c7ce-064b-2c417d8663d9
22500875,519,2026,3,1,22500875,f53f4a7c-36e8-4410-381b-3b5262b1d66f
22500875,532,2026,3,1,22500875,9ddf6c6b-5c24-a164-54ba-9ba4744eeeba
22500875,534,2026,3,1,22500875,d16860e9-332c-c653-8880-a68183e3f938
22500875,538,2026,3,1,22500875,8740987f-0c85-2bc4-9e86-160fc51a06f6
22500875,552,2026,3,1,22500875,d62d31d3-6d10-23c1-e5e8-187159e65972
22500875,558,2026,3,1,22500875,471f4875-2ed9-e0e3-ae8c-550b024bd31c
22500875,560,2026,3,1,22500875,ecbbdbdd-838f-f25a-2b68-73f8bfa25037
22500875,564,2026,3,1,22500875,c38e0dab-fd7b-4266-34ca-6559970d4ac7
22500875,567,2026,3,1,22500875,894be48d-cbdf-d02e-3d66-711d481dc57b
22500875,576,2026,3,1,22500875,e0ff17a0-ffeb-f68a-6bb9-a25ef7e653b0
22500875,578,2026,3,1,22500875,e4fe9de9-f9b1-7b97-ee53-0a9791c90dc6
22500875,579,2026,3,1,22500875,0e580f82-96e4-53dd-188f-2d9df93979bf
22500875,58,2026,3,1,22500875,5546800d-e2cf-5711-7fad-5d97a44f33d4
22500875,583,2026,3,1,22500875,dfeccd86-af3c-b7b0-bcdc-fa7bc9e1f8d6
22500875,585,2026,3,1,22500875,21ae1ae2-7875-afc2-d02a-d651b011ad4f
22500875,587,2026,3,1,22500875,6e226dd9-20ae-c054-ffcf-6b0c59fc7901
22500875,596,2026,3,1,22500875,77089fc2-353f-0e4c-57cc-9b7eef393816
22500875,601,2026,3,1,22500875,62fec8b7-8893-2946-0bd6-03ab0dcbdd0b
22500875,604,2026,3,1,22500875,69fbe06e-57b6-c3e2-0adb-d86818e355e5
22500875,612,2026,3,1,22500875,49683176-1af5-9a0e-65a5-f06b0368bdb9
22500875,614,2026,3,1,22500875,3a3ec26f-2c9c-e03c-d6db-35b27bb35ed0
22500875,618,2026,3,1,22500875,3be49924-0186-cca0-9953-1a22c0d1ebe9
22500875,622,2026,3,1,22500875,bade5318-6392-34c8-5ae7-9b38c2483bc9
22500875,626,2026,3,1,22500875,1170d632-4acb-fb3e-2c19-ad1d09d1c77d
22500875,63,2026,3,1,22500875,9ed8c936-05dd-02cb-d72e-def4e03dc2b2
22500875,644,2026,3,1,22500875,69f96d82-1dcf-e4c0-17ef-21e253743db9
22500875,646,2026,3,1,22500875,695c3413-1d04-3dfb-7396-fc6307cec389
22500875,648,2026,3,1,22500875,bf025a7b-b263-d47b-0071-169512c7900c
22500875,655,2026,3,1,22500875,1ab43e76-2f4b-dad9-4e91-eaac1d680d75
22500875,657,2026,3,1,22500875,711eedfa-fb38-c118-1332-e34a48167732
22500875,658,2026,3,1,22500875,b839b9e1-626c-041b-4d0d-c342eeea5036
22500875,664,2026,3,1,22500875,dae5df50-fbcd-8a6e-5e43-14ec21ff33cd
22500875,667,2026,3,1,22500875,8357a3cd-24ee-f3d9-71a0-deba12bd30f9
22500875,669,2026,3,1,22500875,f86c70af-f900-80f5-9dd3-27f08a9d8bf1
22500875,67,2026,3,1,22500875,cb351e08-8be4-4194-ed57-e001557fd2a3
22500875,672,2026,3,1,22500875,6ef97eb2-1422-4584-42fc-a600f50ccd59
22500875,682,2026,3,1,22500875,d24a0481-6bd0-9588-b8ea-3bd92a5d7a9d
22500875,687,2026,3,1,22500875,6aa28d7e-33f0-fef4-f5aa-1f62798e3487
22500875,74,2026,3,1,22500875,093be737-73c2-1474-645e-4f738a1d9cc4
22500875,82,2026,3,1,22500875,0961e1ad-5905-a14a-82de-139dea6d4a3c
22500875,86,2026,3,1,22500875,7a111bc6-c9cf-48da-e39b-43639e3d5ee6
22500875,9,2026,3,1,22500875,6193d1e8-b23a-5196-46fc-08c934250a57
22500875,94,2026,3,1,22500875,0759d67d-9837-11da-d18a-4d7de59ef947
22500875,96,2026,3,1,22500875,5d3640f3-e08c-75a5-eccc-bb2c71edc022
22500875,10,2026,3,1,22500875,ea679995-4565-40db-63fc-cd4a7ec63078
22500875,111,2026,3,1,22500875,a5d44c21-9503-ce01-f7e9-fe9dc2462254
22500875,12,2026,3,1,22500875,f634f049-5c3e-7e4f-1410-0e3d7439c876
22500875,132,2026,3,1,22500875,31fa49e8-b988-b54c-8842-a3810f0313c0
22500875,138,2026,3,1,22500875,278a1317-a9f5-fa1e-1b1a-f441261dbf75
22500875,140,2026,3,1,22500875,8b203a17-0174-ea26-5ad9-08036f5bd8b1
22500875,150,2026,3,1,22500875,869b5944-0780-48a9-4b22-4bfddbfa138a
22500875,152,2026,3,1,22500875,9fc82c8f-468c-d95d-3716-6cc1578aaa35
22500875,163,2026,3,1,22500875,383b3d4b-6718-0ac8-2c90-363e290f127f
22500875,166,2026,3,1,22500875,a3237add-fd18-0028-6bc0-b926c73e765a
22500875,168,2026,3,1,22500875,9580e766-34c4-ca95-ed80-1a74779bc9b8
22500875,172,2026,3,1,22500875,660a1282-c348-d415-1e14-cf0956bd0474
22500875,174,2026,3,1,22500875,8dc50fda-cd3f-4740-9411-1f4227473fa7
22500875,176,2026,3,1,22500875,c7f4fad1-1cc4-612f-1e26-27d9657da98d
22500875,194,2026,3,1,22500875,8bde5d1d-a7b1-6b03-7f6f-e29cd0a6676c
22500875,201,2026,3,1,22500875,b6f3ae21-7205-2747-2f7b-b750317f0db4
22500875,203,2026,3,1,22500875,1cc9a0ae-4eb9-2f0d-c7e3-0c98f901bb29
22500875,212,2026,3,1,22500875,e12dd498-b0d4-169d-aa18-32df6ac92e7f
22500875,214,2026,3,1,22500875,d9273067-bdaa-945e-f463-1faa367f492d
22500875,217,2026,3,1,22500875,e9888e8b-e9f1-b673-6d3c-368080c780a4
22500875,219,2026,3,1,22500875,c6bcdc4c-5d7c-d08a-dc80-c2b70c5e3527
22500875,221,2026,3,1,22500875,f45c5e44-6a7c-9f90-386f-2432d0860748
22500875,224,2026,3,1,22500875,ba9fc42e-1f9e-b6ac-a24f-fa3d218b3515
22500875,234,2026,3,1,22500875,99015f11-a0ff-2618-a83c-c1e1d82bd7af
22500875,246,2026,3,1,22500875,0fca7a35-6e2a-03af-0f81-53de143af5e8
22500875,248,2026,3,1,22500875,96d70aa6-c79c-676f-bedd-84a43443282d
22500875,269,2026,3,1,22500875,f222624b-912c-ce03-8c65-d181a585e75b
22500875,27,2026,3,1,22500875,74f6d572-c60c-e2e8-53a5-b713d89cee6b
22500875,280,2026,3,1,22500875,bc0df359-13b9-cf2f-8bb2-971f034fc792
22500875,29,2026,3,1,22500875,52b107f0-59dc-de27-72cf-4bf9b6b84381
22500875,292,2026,3,1,22500875,3e5f5101-0ac0-2b61-8c84-68a164963b2e
22500875,294,2026,3,1,22500875,96656df4-2082-1a3b-355c-3aafa03bed98
22500875,300,2026,3,1,22500875,da367b25-53b2-74cd-c918-1362e18ab2e6
22500875,319,2026,3,1,22500875,11f48bba-914a-3cc1-d88a-53757a19248d
22500875,323,2026,3,1,22500875,95a39d2e-77ec-332f-b0f7-9e91f9bb127a
22500875,327,2026,3,1,22500875,001184bb-0f71-e4fc-c468-bde6688b0370
22500875,33,2026,3,1,22500875,4ca7a395-0b1b-6254-9469-2a8a62103552
22500875,346,2026,3,1,22500875,ed8d4ff0-b269-9554-3bf3-38cfc5e01c2d
22500875,35,2026,3,1,22500875,ef7492ca-7654-b3a8-ff67-265cfce16a3e
22500875,355,2026,3,1,22500875,2e0b76b6-d735-c5d0-4530-c119d788d65d
22500875,365,2026,3,1,22500875,daaa766b-9c3f-9dea-3aeb-5d521c5e9d4e
22500875,37,2026,3,1,22500875,f2a53fb1-6a30-fdcc-d396-d865d8f5ad33
22500875,375,2026,3,1,22500875,21f54425-2d7d-fa1c-5fd9-f03e4066dfff
22500875,386,2026,3,1,22500875,c7acee6c-ad88-5d3f-6701-7379b8f514bb
22500875,389,2026,3,1,22500875,e4fa5d73-7284-e0ec-fd7c-629d9c4a05c7
22500875,392,2026,3,1,22500875,bc52ec9f-9d05-30b5-279f-cf248323155e
22500875,396,2026,3,1,22500875,e1b5df71-3409-e945-6323-c8fe1696e4dd
22500875,403,2026,3,1,22500875,5ac32e16-2ad2-2543-f947-c600bd1dceee
22500875,410,2026,3,1,22500875,a90c6181-553e-cf5b-006b-ff9b9ad3602d
22500875,412,2026,3,1,22500875,10ca9ffb-2600-308a-6d15-1c673ab2787e
22500875,416,2026,3,1,22500875,b99072f1-3ca6-7b00-e5c8-8effffa0016c
22500875,424,2026,3,1,22500875,5cf7692c-4df9-1d06-1fd6-d71afe81c3d6
22500875,426,2026,3,1,22500875,2c85f1bf-7550-6c0a-4f43-a7a8732bd074
22500875,438,2026,3,1,22500875,c3ec6a57-dbd2-7c87-a769-67a153cc748d
22500875,443,2026,3,1,22500875,61902caf-14e6-effb-65a2-ea24010680c5
22500875,450,2026,3,1,22500875,0ff1f3a8-2a3f-1bb3-6e60-908f3e1993be
22500875,480,2026,3,1,22500875,8d9e52ae-50d4-ff65-b9be-d93bfa9cd813
22500875,482,2026,3,1,22500875,9b916a79-c665-970b-d47b-074c812a584d
22500875,484,2026,3,1,22500875,de7b1abd-ff07-1d89-2464-5334eb4561ca
22500875,486,2026,3,1,22500875,ebb9fbd4-2191-3cec-5e5a-a2ce4a2e083a
22500875,496,2026,3,1,22500875,38c93f08-a150-890c-91a2-ce3e0bc3948c
22500875,505,2026,3,1,22500875,46480aaf-4ba0-75cc-4a1d-f08950f71891
22500875,518,2026,3,1,22500875,1883c7c9-0961-15da-1b27-869cb69483b7
22500875,520,2026,3,1,22500875,fe810009-d016-e570-354c-66032e75d3e9
22500875,533,2026,3,1,22500875,2504e6b5-708e-2471-1f38-4439f032ea68
22500875,535,2026,3,1,22500875,94147ed6-c5af-a77a-0160-5c90e7453da5
22500875,553,2026,3,1,22500875,f45a954f-c668-e2cd-3185-6656a4d7dfa6
22500875,559,2026,3,1,22500875,85fcfd03-39bf-a383-6605-ef58145820d5
22500875,561,2026,3,1,22500875,50d5b2eb-599c-6df3-6e9a-32fa788ab8f6
22500875,568,2026,3,1,22500875,f5b02a5d-6bb5-3988-3668-a508b910e0c9
22500875,577,2026,3,1,22500875,83e7bd16-c7f8-a0c5-2e53-36a9a3311139
22500875,580,2026,3,1,22500875,03fbbe91-b5a0-980a-dee1-db289d566cdf
22500875,584,2026,3,1,22500875,1323cb37-8261-4208-bf25-09a3a815f268
22500875,586,2026,3,1,22500875,d77c0518-1433-2e99-717d-b50d80a5d980
22500875,588,2026,3,1,22500875,f69d8009-6c16-0203-b649-7bdf187b61a1
22500875,59,2026,3,1,22500875,f1168d11-06d4-af34-0a95-bba528ba58c7
22500875,605,2026,3,1,22500875,8b6aa4f3-1beb-1216-b1a0-b7a685933229
22500875,613,2026,3,1,22500875,57910d8c-36e0-23be-b4d2-7489eae14b7d
22500875,619,2026,3,1,22500875,8d3b64c8-96da-18d3-331e-26df438e60c1
22500875,623,2026,3,1,22500875,70e3b9d9-0871-2c91-dcd4-13712061a47d
22500875,64,2026,3,1,22500875,688917df-670f-ff9b-2eb9-c352a18e34b8
22500875,641,2026,3,1,22500875,ef1b0f63-429a-848b-4d84-75bacd105280
22500875,645,2026,3,1,22500875,a837f459-ef38-8b7b-eea0-710c1a210f10
22500875,647,2026,3,1,22500875,5415ddb8-4fad-7099-651f-a1a9aa1f4449
22500875,649,2026,3,1,22500875,1237053b-3e9e-0f74-322d-5d66610fd33d
22500875,656,2026,3,1,22500875,2fb00a72-06c7-e00e-3881-c0d8c8f36d14
22500875,659,2026,3,1,22500875,7382fb9f-8fd8-2016-e538-13cf871f4a9b
22500875,665,2026,3,1,22500875,27bfbbdf-03f9-c495-080d-c385f26d1859
22500875,668,2026,3,1,22500875,fec7d055-ada1-a08f-bca8-acb8b79a32f6
22500875,679,2026,3,1,22500875,bdf645bc-103d-5279-8516-31d734e8d5e4
22500875,68,2026,3,1,22500875,84c62427-e22d-384e-9a42-fb6f49858e4e
22500875,688,2026,3,1,22500875,19debe79-0a6f-b2df-a3d3-db5ad3f802fd
22500875,73,2026,3,1,22500875,7385c461-a6b9-b6ae-0494-3ea2a1931bc4
22500875,77,2026,3,1,22500875,880e9a2e-cbe3-ab52-25ab-e5b6956c1766
22500875,93,2026,3,1,22500875,93202505-fda0-bc9d-3401-a1ce342e83e4
22500875,95,2026,3,1,22500875,42d13028-25d3-92e7-a130-74da1e63b2a7
22500875,97,2026,3,1,22500875,3fce69a9-0437-dcc6-ef24-c1c63650fee9
22500875,108,2026,3,1,22500875,f91dea0d-d177-0340-d873-3bc4d27c6818
22500875,120,2026,3,1,22500875,5e8934dc-1836-19cc-4b97-22923982b903
22500875,187,2026,3,1,22500875,d7f8e2fa-a0a2-b25d-cd35-293c62a63f57
22500875,19,2026,3,1,22500875,48c1af9d-4b0e-debd-6b7b-78a1a45ecd9f
22500875,235,2026,3,1,22500875,085c603e-6f53-760b-7a2b-63d0de9e2afd
22500875,238,2026,3,1,22500875,c0e78fb4-c055-3658-92f5-58fee6133837
22500875,281,2026,3,1,22500875,87f207f9-54ac-cfff-870c-c6e0b03b5dd5
22500875,301,2026,3,1,22500875,073b6cf3-cbc6-7833-451e-297d0cad4875
22500875,320,2026,3,1,22500875,2ada862d-78c8-d74a-a467-be19a911c0d2
22500875,335,2026,3,1,22500875,d4c7999e-bf8e-c749-e3be-a7a52e8dabfd
22500875,39,2026,3,1,22500875,190c2e83-41e7-7238-7d48-2db68d0fd040
22500875,435,2026,3,1,22500875,937bc6fe-0539-1ac9-0265-6c4e6e367101
22500875,451,2026,3,1,22500875,37e5be07-6e80-d86d-649d-13d4d5dc8165
22500875,487,2026,3,1,22500875,dce49f7e-fa22-395b-6d2b-f52d5babc431
22500875,513,2026,3,1,22500875,9bf213f2-1831-3ec8-8413-b51f2cfd8274
22500875,602,2026,3,1,22500875,839da350-b3c3-9df4-5434-89aeab11cfed
22500875,624,2026,3,1,22500875,87975f8c-cac1-286f-cb6c-ff2621e36f85
22500875,628,2026,3,1,22500875,68fad025-041e-a015-e028-156a5a10a356
22500875,680,2026,3,1,22500875,020768b2-45ca-3bc2-13bc-1ad668c9a666
22500875,683,2026,3,1,22500875,a5edf73b-74e5-8b70-bd2d-8f66f9695bb8
22500875,98,2026,3,1,22500875,d264a9de-5076-dff9-80fc-084d6853ee9b
22500875,161,2026,3,1,22500875,9a2d3f6f-eb5a-1cbe-0cf2-2d8e6619d6a6
22500875,237,2026,3,1,22500875,4365f6e7-e025-52ef-039c-ccf2c3d0460d
22500875,349,2026,3,1,22500875,f7cd3980-83b8-c1dd-d428-3b4356f9a0aa
22500875,47,2026,3,1,22500875,6a2d5729-c15f-246f-e60c-fe8ac37f014a
22500875,470,2026,3,1,22500875,ada10db9-1b45-ee5e-0286-9818d82a468e
22500875,509,2026,3,1,22500875,cf43b03b-38a9-b32e-2d15-264b82324056
22500875,529,2026,3,1,22500875,20b10966-f05a-fcac-8422-bba1e2aacf32
22500875,589,2026,3,1,22500875,4d06ce0c-4696-1b98-177d-3eaf424ae3b7
22500875,60,2026,3,1,22500875,1e3a8634-67a1-c147-e909-164cef8e658c
22500875,650,2026,3,1,22500875,19eb648c-4b2a-db74-7ea1-125d5a32bc3b
22500876,108,2026,3,1,22500876,ef1bacb3-231f-7366-cf56-2be6702ae064
22500876,11,2026,3,1,22500876,1c942edf-24a4-8361-32b5-7a65eb109cd4
22500876,137,2026,3,1,22500876,dbb5d659-a35a-7ec7-2644-78b70ce02519
22500876,155,2026,3,1,22500876,fd20fc48-8e31-fe05-c721-281acc0b1a26
22500876,170,2026,3,1,22500876,bdca23bc-3952-b081-fd13-1bf539fa607d
22500876,197,2026,3,1,22500876,340457b5-75ae-41a7-002f-3186cd3fbf7c
22500876,199,2026,3,1,22500876,34c92b22-7a23-7f58-c97d-5c625b64e5c4
22500876,226,2026,3,1,22500876,ead0a03e-66dc-e9c1-8bfc-39c1d9121b04
22500876,252,2026,3,1,22500876,8eca3bee-a014-8e07-574d-d55604b10ed0
22500876,254,2026,3,1,22500876,4a094d8c-56a7-5b66-844e-97e74617b6cc
22500876,27,2026,3,1,22500876,ee3a03b3-46cc-776f-134f-a36434bd9234
22500876,279,2026,3,1,22500876,9c1e5fce-653c-30ca-7c0c-19938af4968d
22500876,283,2026,3,1,22500876,eabb7197-c338-ac8b-d0aa-efe8ef498b45
22500876,285,2026,3,1,22500876,4dca05d8-966e-507a-b32a-8c182abc24a6
22500876,287,2026,3,1,22500876,7d464169-f28d-a818-6c2d-722e7dd3b7ae
22500876,291,2026,3,1,22500876,75b2d1c8-e407-c22c-2544-8a3dc421a880
22500876,308,2026,3,1,22500876,24e5e3ab-c1f3-2465-3b7d-870c225dfb40
22500876,345,2026,3,1,22500876,97993848-6f1a-5be0-81b0-43f3a94a06bf
22500876,367,2026,3,1,22500876,63a0af37-6e44-ead1-104a-a4cbcd739ee2
22500876,369,2026,3,1,22500876,468453e1-4cf8-91a2-6d0f-905b55dc133b
22500876,426,2026,3,1,22500876,06789594-07fe-88bd-fa67-c66e9c38b60d
22500876,438,2026,3,1,22500876,357cb7cc-f96c-8a49-8cc0-c81d8d6f6abb
22500876,444,2026,3,1,22500876,b88a4466-37e7-752e-4ad8-ebc2b7dbcb52
22500876,453,2026,3,1,22500876,a66a4d72-c2e3-02a5-bfda-ad8ea9973114
22500876,466,2026,3,1,22500876,bd985ddd-6d2c-9211-53a3-c432669e6b42
22500876,468,2026,3,1,22500876,620b0bbb-ca56-d3ea-4d1f-1d3885728206
22500876,48,2026,3,1,22500876,0619f103-0d2c-6fcf-99c2-a73ad9fb120e
22500876,490,2026,3,1,22500876,839b5c6d-d5f3-4811-53f1-18a6bdc13b4a
22500876,493,2026,3,1,22500876,dbfa1ece-30d7-baa0-2f04-c44583ce2a0a
22500876,518,2026,3,1,22500876,9eb816d8-3dac-58f5-c1d7-96666b541f51
22500876,529,2026,3,1,22500876,f304f4ec-cc43-d200-dc31-ca914c083eb1
22500876,53,2026,3,1,22500876,deec0e34-72b3-55d9-c93b-a8715e5541a3
22500876,555,2026,3,1,22500876,1c83e3ac-3f44-43a4-3173-1116afd91146
22500876,57,2026,3,1,22500876,af3117f2-2ef2-3661-3660-4d5fdcdc57d6
22500876,570,2026,3,1,22500876,95620835-63fa-0304-7fa2-4c69581eda42
22500876,61,2026,3,1,22500876,c56f7471-be8d-27b8-ffee-ee26f88ddba6
22500876,7,2026,3,1,22500876,03c2419a-b84b-dda2-96d9-42bd317b75d1
22500876,78,2026,3,1,22500876,a377d486-f84c-43d8-c09b-7f9543b55319
22500876,86,2026,3,1,22500876,3c00adb7-7a0f-2862-4673-2073fca920ff
22500876,9,2026,3,1,22500876,ae5191ba-e495-511f-2034-78f8a78b6cac
22500876,194,2026,3,1,22500876,52c68e59-7a81-bd4c-44f6-9fe43a900133
22500876,229,2026,3,1,22500876,e17857d7-7300-f9ef-8a91-677647bccc44
22500876,324,2026,3,1,22500876,77fb126b-adf0-090a-7bbe-3de0b2d31e6e
22500876,336,2026,3,1,22500876,87b948a9-a035-00f3-d329-4de36299d5cc
22500876,37,2026,3,1,22500876,31727d45-4cae-b9b0-5628-638585309056
22500876,435,2026,3,1,22500876,cbd3b372-65bc-7ab1-01ea-7490715525f5
22500876,522,2026,3,1,22500876,129444af-9a62-4a32-66de-350357a757b1
22500876,546,2026,3,1,22500876,2404c62b-34da-c661-75e0-8926c71263d7
22500876,82,2026,3,1,22500876,2c973a29-3ebe-8dfa-4049-7fc203f15220
22500876,106,2026,3,1,22500876,c035d4d7-0681-e2d5-729b-1bbe3009b1d1
22500876,112,2026,3,1,22500876,b6b2b985-2208-41b7-15bc-89d82cd5f25e
22500876,117,2026,3,1,22500876,425eb11c-dac9-801e-74ec-d90821e264e7
22500876,120,2026,3,1,22500876,90bf6906-1149-4e2c-b813-f555f5147170
22500876,122,2026,3,1,22500876,0e5f5f78-ccd3-b36e-fbbb-92dcd3413050
22500876,126,2026,3,1,22500876,189ee068-8892-f115-6b2f-ba0463d9b2ef
22500876,128,2026,3,1,22500876,a8d5ed26-7007-a958-8fce-c1e850fc8774
22500876,13,2026,3,1,22500876,38ecaa0d-d18d-f36d-0a38-b1130d1dbf98
22500876,131,2026,3,1,22500876,16aee119-7bab-8e8d-cd65-9689896779d0
22500876,133,2026,3,1,22500876,97cd85b4-3d00-6d22-a34f-d136cdc30cb0
22500876,135,2026,3,1,22500876,5732ec78-480b-cd2c-6547-936a7e5db1aa
22500876,148,2026,3,1,22500876,81a8ab1c-926b-c907-85da-c617dc536f89
22500876,15,2026,3,1,22500876,b087349f-aeea-613c-c27c-cb33a253fb9f
22500876,152,2026,3,1,22500876,278f0ca2-b459-863e-0bb5-3e99ecd6fc5f
22500876,154,2026,3,1,22500876,cecaf04c-e048-a7a2-4a9f-708196c502a9
22500876,157,2026,3,1,22500876,69989332-4910-8f72-fe54-7f571dfe1878
22500876,159,2026,3,1,22500876,5257c219-f2d2-06ff-e9db-aff42c411268
22500876,166,2026,3,1,22500876,c57c5d4f-7815-8833-bed2-5883cde3bc20
22500876,186,2026,3,1,22500876,15de8df3-4de1-55da-18db-50d0b8c86378
22500876,188,2026,3,1,22500876,4fccba75-7d0f-b6b2-017f-747a467ec46c
22500876,190,2026,3,1,22500876,c21f7db9-ea0e-79e5-42dd-98aa896c28f1
22500876,192,2026,3,1,22500876,cb86583f-665c-8c6e-9207-0790fd431f28
22500876,204,2026,3,1,22500876,ef666a9b-51a5-876c-56e6-87bbebd0c84b
22500876,206,2026,3,1,22500876,b0e773d9-b88e-0b9e-fb0a-47dc57152e46
22500876,212,2026,3,1,22500876,0ea9b84c-23a1-8888-7449-571404845c04
22500876,220,2026,3,1,22500876,dc9dc391-c8c1-b7b1-59bf-9b43203d5d3a
22500876,222,2026,3,1,22500876,e87c7576-9fc5-e745-b8c0-9d1730fe018d
22500876,224,2026,3,1,22500876,ff689e9f-730e-c4aa-34d8-27ef38cef70b
22500876,228,2026,3,1,22500876,d2f224b7-6d8c-97de-7d6c-d1195a3e28f6
22500876,235,2026,3,1,22500876,4188be23-ad21-250a-4897-0296b58b4988
22500876,238,2026,3,1,22500876,ebf54515-476f-8f8c-e8f9-e8cd78a52e2e
22500876,240,2026,3,1,22500876,9cdb062f-30c7-3b3c-029b-b60e432459ea
22500876,242,2026,3,1,22500876,48eaeaeb-bfb0-397c-2f77-a645434df299
22500876,244,2026,3,1,22500876,23780914-b691-2cf7-a76e-18185f9aa976
22500876,246,2026,3,1,22500876,110a84ed-dea4-a0ec-7c58-cdd05c979ea9
22500876,248,2026,3,1,22500876,692a2770-84bc-d85c-cafe-0e8cf6b0d680
22500876,250,2026,3,1,22500876,092d6ab6-716c-dcfe-1396-761d1cb0ba14
22500876,256,2026,3,1,22500876,5532b56c-9ca0-4099-3ffb-a59c1d02593a
22500876,270,2026,3,1,22500876,2947cefa-0e42-e73b-ae68-11f781dd5e52
22500876,271,2026,3,1,22500876,43ac6446-3e7f-ea42-9dcf-a9580a75f607
22500876,273,2026,3,1,22500876,973bad56-5f75-162c-aeed-5754dfb55560
22500876,281,2026,3,1,22500876,7d334e60-c53b-1906-f694-b0bd89c31746
22500876,289,2026,3,1,22500876,3ebead01-788f-b44d-7d85-526edce02894
22500876,29,2026,3,1,22500876,705e7c2f-6a59-c5d8-ac2d-6e1bcabb87a6
22500876,301,2026,3,1,22500876,ec34cbb7-6c8a-89b9-b7b8-df0e585a21bc
22500876,303,2026,3,1,22500876,f618f26f-81e2-d4a4-53a4-08885bec455e
22500876,305,2026,3,1,22500876,b1222ca7-7adb-b18b-9c30-146dc67f3208
22500876,307,2026,3,1,22500876,3d775225-91b9-2f75-1df0-49115989b2c5
22500876,310,2026,3,1,22500876,21bd48ce-c5b6-c718-e7d2-988bc678f53f
22500876,319,2026,3,1,22500876,9ee4b409-ceee-07cf-99eb-c598b7ed76ff
22500876,320,2026,3,1,22500876,4901df33-2d09-59ba-4a37-26433e8e366c
22500876,327,2026,3,1,22500876,d29ae008-688e-4f69-e413-d1bd6c46aed9
22500876,329,2026,3,1,22500876,3153b499-296b-6428-3763-a46a7d331533
22500876,331,2026,3,1,22500876,e99163fc-7a37-90d1-0a0a-1f2b827a2416
22500876,333,2026,3,1,22500876,fa417d0e-12ec-cea3-b46f-8eaee27911eb
22500876,343,2026,3,1,22500876,a819732f-724d-4555-99c2-18b91c3340ce
22500876,36,2026,3,1,22500876,79c4e7ec-f3b5-f7bd-0789-15078d25521e
22500876,361,2026,3,1,22500876,c28e0361-9a81-05a6-713a-3a162bec6c51
22500876,371,2026,3,1,22500876,9dfd8384-445a-67a4-e6bd-4d660ed99837
22500876,377,2026,3,1,22500876,d4fe5f4a-3a1c-a7af-f444-90e0140bc5ad
22500876,378,2026,3,1,22500876,2acb8394-80fe-ff36-8e55-380eddaf7939
22500876,382,2026,3,1,22500876,2b7dd1a2-7d2b-b6a2-ab49-df263cabbf06
22500876,384,2026,3,1,22500876,9d1beb58-3708-1dad-a72d-547fbeec2bf2
22500876,387,2026,3,1,22500876,f5cd2266-3f89-b45c-9c34-ecab0001675f
22500876,389,2026,3,1,22500876,9b8f37ee-fe8e-76df-7743-8c3f017b3863
22500876,391,2026,3,1,22500876,65f165a5-f624-2006-feb7-326e7fabe016
22500876,395,2026,3,1,22500876,5799a52b-3593-da80-5d0b-fba253343ba3
22500876,405,2026,3,1,22500876,dec2ee4b-9028-34e3-6c6f-92d99f158ff8
22500876,407,2026,3,1,22500876,313fbd39-b1cb-ff2b-4d55-9c3b7bcfeee9
22500876,411,2026,3,1,22500876,738ac4c9-5253-6548-ea4b-712118c31d26
22500876,420,2026,3,1,22500876,7fc4173f-33d2-5707-7122-5d67dfd3ecf0
22500876,424,2026,3,1,22500876,308a756d-fd01-0422-289f-99425faad09c
22500876,433,2026,3,1,22500876,7cd7900d-8530-6ecd-da61-af328dd7d975
22500876,44,2026,3,1,22500876,bfdc0a47-ad77-975d-a622-aade310753b9
22500876,440,2026,3,1,22500876,a82982df-03ae-bfb8-c7b9-e25fd4c0f6fb
22500876,446,2026,3,1,22500876,4e1ceded-ff69-0b32-d613-ec498b0dfdac
22500876,450,2026,3,1,22500876,f567eb4d-22aa-7908-8a77-631c9b505800
22500876,452,2026,3,1,22500876,c8191f3e-e70e-4275-c1df-ab99d2c24963
22500876,46,2026,3,1,22500876,77581aec-1035-3382-893d-252f3d9e8c1c
22500876,470,2026,3,1,22500876,ceb49f70-4c48-246a-e640-bb1190db454d
22500876,472,2026,3,1,22500876,3e4884d6-8ae1-c953-38d2-fbc9804665fa
22500876,474,2026,3,1,22500876,1d3bdbd0-4bb1-7b42-0980-0e6ebc2de384
22500876,481,2026,3,1,22500876,314780c8-64ff-4c3b-5520-8ca217be3327
22500876,483,2026,3,1,22500876,add4d2fe-f97a-a801-e850-841e511f3b98
22500876,492,2026,3,1,22500876,35afff1e-d8c2-7155-4017-15a792a142a2
22500876,500,2026,3,1,22500876,1edd4931-bb61-ea7f-aac1-de19db469370
22500876,516,2026,3,1,22500876,ef234af5-47b8-e58c-e65e-5b93a6c04ca8
22500876,525,2026,3,1,22500876,fdbed826-a159-9125-a8e7-1ff03d5d2518
22500876,527,2026,3,1,22500876,fecee6fe-cd82-922c-30a8-3ab5b56acc18
22500876,528,2026,3,1,22500876,7b716579-e08f-fcf5-a1b4-034bd23da453
22500876,531,2026,3,1,22500876,c5b78e0a-d46a-ad55-5c8d-9538617ad1d9
22500876,539,2026,3,1,22500876,61ab0efa-ca30-b239-5384-9437506295d2
22500876,549,2026,3,1,22500876,d2fd6ee5-5378-3c93-41be-de3e8f60e3a5
22500876,55,2026,3,1,22500876,ca2983ee-462f-3188-f595-faceefa9eb00
22500876,551,2026,3,1,22500876,41ffa342-c85d-0525-3f02-ce8754c8f12f
22500876,553,2026,3,1,22500876,54eec814-e470-ceac-563d-e0b0b23c1ec0
22500876,557,2026,3,1,22500876,32b90a8d-a96c-9c18-ed55-bcb472fd395f
22500876,560,2026,3,1,22500876,f95987fc-a24e-3c8a-ca4c-5ea3b6aed9aa
22500876,567,2026,3,1,22500876,bd2f1ada-7f1d-2036-fc04-3a2370bd9410
22500876,569,2026,3,1,22500876,e78a7b3c-e024-e887-835f-2794d4197c02
22500876,572,2026,3,1,22500876,14c4383e-558b-8570-bc73-b276a03eb5b7
22500876,574,2026,3,1,22500876,323d26b1-63f9-03a0-6e3a-8f3ebfd8730d
22500876,59,2026,3,1,22500876,81176d47-00ac-400b-df14-7eafe53da6ed
22500876,591,2026,3,1,22500876,598eef1a-8ac3-db89-1df9-ac004e566524
22500876,593,2026,3,1,22500876,9bf4b952-57af-4611-fe0a-e89aaf268129
22500876,601,2026,3,1,22500876,f1e9d2e5-3b89-06da-3729-d8f3a793ee94
22500876,603,2026,3,1,22500876,85a86ffc-63ad-921b-8caa-a3e4fbf9a92a
22500876,606,2026,3,1,22500876,5eeff4db-40ee-2024-00db-4944186c3893
22500876,610,2026,3,1,22500876,3886c983-32ee-ae6b-9388-cf9142ee164f
22500876,611,2026,3,1,22500876,6cefb7ae-9518-55d8-5f3d-2554630a4213
22500876,70,2026,3,1,22500876,36b0814b-0362-aea6-155a-1f37364ce5c0
22500876,71,2026,3,1,22500876,c898c9ac-326f-232d-8b5c-7544d66ba157
22500876,73,2026,3,1,22500876,c699b45d-5a18-b333-7bc8-13cca6bcc568
22500876,74,2026,3,1,22500876,549fde2e-fe30-0944-1b40-855cb1b80cd6
22500876,76,2026,3,1,22500876,123dd15d-fd8e-b9a8-c8d8-d1419b7bd60e
22500876,80,2026,3,1,22500876,49bb046e-95f6-c9d3-be49-298e40e3c1eb
22500876,88,2026,3,1,22500876,ed8b5fa2-d60f-436f-55d4-f557224aa0c6
22500876,89,2026,3,1,22500876,a5a702bd-2acb-1072-511d-df1fb6ca8c72
22500876,121,2026,3,1,22500876,bc3d76eb-0e14-b424-c44e-212e9320c569
22500876,123,2026,3,1,22500876,b714ae05-e68b-723e-6800-8d1934f0e767
22500876,127,2026,3,1,22500876,94998403-a576-0be7-556a-7583e697a8a8
22500876,132,2026,3,1,22500876,ca48443e-edb6-3188-497b-f0d31320770a
22500876,134,2026,3,1,22500876,e109505d-948c-3b4c-9934-2f6cc68da00f
22500876,136,2026,3,1,22500876,644b26ee-e402-cbde-836a-657380b22802
22500876,14,2026,3,1,22500876,e51ffa99-67c7-487f-7020-cb1cad4d4c8f
22500876,149,2026,3,1,22500876,c02e33cf-1f0a-70f7-d566-dc59f43ea48b
22500876,153,2026,3,1,22500876,ae932f12-a737-d093-fdd6-0ca6e407f46e
22500876,158,2026,3,1,22500876,71dac00a-6ee9-dfcf-0c5e-c9172bfdef27
22500876,160,2026,3,1,22500876,e42e2360-fd48-1b0a-bc7b-8abdfea694e3
22500876,165,2026,3,1,22500876,6eca0901-ec02-484f-fc54-5f65d8552302
22500876,187,2026,3,1,22500876,f0b1563f-9ba2-71fe-b39c-814a66cde148
22500876,189,2026,3,1,22500876,4b4bdc82-9815-79cc-34c0-78d1b09d3c4c
22500876,193,2026,3,1,22500876,9460d8d6-53ae-f5ee-4fd1-f72d40fa804e
22500876,196,2026,3,1,22500876,77b9c155-7a51-8a2d-3fea-8b6c1b5ad9a2
22500876,205,2026,3,1,22500876,e2113679-ec2a-3475-0a18-de46dd6b55e7
22500876,207,2026,3,1,22500876,7a615ce8-f262-348a-89e5-00f5d0931b0e
22500876,213,2026,3,1,22500876,6a7c67a9-1033-8f7a-f475-cc857a7d251e
22500876,221,2026,3,1,22500876,9a84284e-db25-80e5-178b-47d71056eea0
22500876,223,2026,3,1,22500876,117532a7-6b8f-d8b1-844e-cf6d2b1c8afa
22500876,225,2026,3,1,22500876,78ec222e-f1e5-48b0-e5e1-b1b5e9c4dee2
22500876,236,2026,3,1,22500876,d10bb954-83ae-ba2c-2b6a-086186d5311d
22500876,239,2026,3,1,22500876,f8a74e4c-6c0e-5423-8e42-d1b6fe7cba69
22500876,241,2026,3,1,22500876,2d979e88-d33d-f0bc-1fe3-db3c181c6231
22500876,243,2026,3,1,22500876,3f30bacb-a3b5-392b-9ee5-672e79da944b
22500876,245,2026,3,1,22500876,5ff4b4e0-af10-e510-4f8e-298478b6ac2b
22500876,247,2026,3,1,22500876,1fb5aea9-0146-11ff-c9da-dddce632e2e5
22500876,249,2026,3,1,22500876,09ec8e80-590e-5326-86f1-81290ad1e290
22500876,251,2026,3,1,22500876,f70fd575-a726-b0f4-2b0e-ef0e9afb40f3
22500876,257,2026,3,1,22500876,e72153bd-bb01-d108-cf00-6c12d8b4778e
22500876,272,2026,3,1,22500876,dcdd7a03-7529-a6a8-31fa-6d012c6453f0
22500876,282,2026,3,1,22500876,341e5a0a-1fed-80d4-10b2-f4ee9e828875
22500876,290,2026,3,1,22500876,fdb6136f-8477-84e7-7ba6-afac85bf0a4a
22500876,302,2026,3,1,22500876,dc4305da-7373-d207-38dd-a89bdfdd81f4
22500876,304,2026,3,1,22500876,6c6c46d4-7921-f8f3-a638-95a7b842a6c0
22500876,306,2026,3,1,22500876,d841ac27-9c0a-4cb5-6e52-b1133b125f3d
22500876,326,2026,3,1,22500876,2fe119be-2ed2-f832-25e7-982ce642485f
22500876,328,2026,3,1,22500876,487fcd8b-2686-942d-8f2e-292b477bb5ac
22500876,330,2026,3,1,22500876,678ddf11-a83f-2b63-20f8-1305e7a143fa
22500876,332,2026,3,1,22500876,1109b998-c9a8-9c49-4a04-293d641b0e97
22500876,335,2026,3,1,22500876,116ce7c8-18c4-1b84-cc9a-1beed9fff94c
22500876,338,2026,3,1,22500876,b8e5219d-7a08-3f8a-4dd2-595dcfdd59fe
22500876,344,2026,3,1,22500876,95ab619f-99c6-5282-55f2-016c0a1ca298
22500876,35,2026,3,1,22500876,28e8140b-5560-5204-2920-dae28b2d6970
22500876,352,2026,3,1,22500876,1a088862-6396-adcc-4703-05ba94b5ee96
22500876,362,2026,3,1,22500876,b921f796-457c-e6e6-780d-61a4b3cd10fe
22500876,379,2026,3,1,22500876,663e07c6-1e3c-185f-b83e-25ffe27d57d6
22500876,383,2026,3,1,22500876,2659e97f-5ddf-00d4-c958-a43f49add540
22500876,388,2026,3,1,22500876,bc4f0d77-672a-5483-9408-09fbd503f1e4
22500876,39,2026,3,1,22500876,58bd0a08-f0d7-7784-a883-06d697adc9fe
22500876,390,2026,3,1,22500876,a6c6a780-7a2d-2e1d-459a-cc38f300b4e1
22500876,392,2026,3,1,22500876,499705cc-af74-4c26-be91-defa63e5955f
22500876,396,2026,3,1,22500876,12fb9bf1-bb97-5c1b-c912-f0a318eb0df6
22500876,406,2026,3,1,22500876,45591612-c37e-a1ff-1e22-217bb4f08fdb
22500876,408,2026,3,1,22500876,412973a5-e78e-216e-ee69-8498f339192e
22500876,421,2026,3,1,22500876,db97e2fa-8493-7c10-a94b-1f2dde8efb0c
22500876,425,2026,3,1,22500876,52e791b5-f2ce-4b84-117b-f4558d667a01
22500876,434,2026,3,1,22500876,58ead967-4469-4896-189c-8ca6cf61c888
22500876,437,2026,3,1,22500876,ce31a0f8-de9c-6098-89ce-5828e910c05c
22500876,441,2026,3,1,22500876,1e5253bf-1fb1-5f1b-10dd-8b3a0bf15f56
22500876,447,2026,3,1,22500876,85c64089-7fe2-f714-1295-37c969ca6ee3
22500876,45,2026,3,1,22500876,f6ecf578-9006-b18a-2400-c916bcc3bb59
22500876,451,2026,3,1,22500876,476326f5-6246-5f88-958d-b56005505818
22500876,47,2026,3,1,22500876,ecb2bb96-1928-8999-aad4-f6214ebe84b0
22500876,471,2026,3,1,22500876,96f5206c-af39-f23f-b7ee-26ade5ee8218
22500876,473,2026,3,1,22500876,e4dcdfee-e857-ea8a-4c73-fef9511bbcf9
22500876,482,2026,3,1,22500876,daf996ab-702b-694a-39ea-f7952f479581
22500876,517,2026,3,1,22500876,3999ddf9-c1c5-b19a-b926-92406dcae1f3
22500876,524,2026,3,1,22500876,2cb3e545-344a-1a90-e6ee-89938982e8f2
22500876,526,2026,3,1,22500876,bdf8cec8-12d7-1cf7-11b4-69a532d1dd49
22500876,532,2026,3,1,22500876,07622c4b-3557-d86f-25d2-4d46357e0ac0
22500876,550,2026,3,1,22500876,67596906-48f0-c8bc-2b83-f3127f19068d
22500876,552,2026,3,1,22500876,9697efc2-3e93-219f-1feb-a586765178e7
22500876,554,2026,3,1,22500876,cdfddca4-310f-8fb6-67eb-23a1e5dbf1f9
22500876,56,2026,3,1,22500876,a8c81a18-8374-2943-6bad-a454464ad1d4
22500876,568,2026,3,1,22500876,17f9b842-bae1-b593-fd3e-576dc5f26bf5
22500876,573,2026,3,1,22500876,ae8eb67c-68aa-00bc-5f9d-81ee19baf3c8
22500876,575,2026,3,1,22500876,7b5506e2-d579-4dc8-9a67-884cac4056a6
22500876,592,2026,3,1,22500876,31aeb501-ca05-9350-88e0-48fe28a6e3a0
22500876,60,2026,3,1,22500876,26bce764-a645-9ea0-dcd3-09b155237bea
22500876,602,2026,3,1,22500876,8bf06b7e-ca00-3bcd-a873-a96f2ebcfa30
22500876,605,2026,3,1,22500876,8f7e7081-99e9-e220-b6c3-44b3e518acda
22500876,72,2026,3,1,22500876,de82b5a7-efcc-e11c-41f2-f9ee4ae3cb91
22500876,75,2026,3,1,22500876,e7a09f83-dd00-9007-3a84-d016820dd197
22500876,77,2026,3,1,22500876,2b9f6ff8-69d0-dfa8-332e-dd831e20ca1e
22500876,81,2026,3,1,22500876,795019de-6872-d10a-434d-20e2f30accc9
22500876,90,2026,3,1,22500876,54113e71-433c-8f22-00f7-89aa359952b3
22500876,97,2026,3,1,22500876,dd7aa8ea-d07f-9a99-3298-4ec5db612d68
22500876,118,2026,3,1,22500876,18383ca4-56d1-d79e-f966-8b590a7c48fd
22500876,124,2026,3,1,22500876,e99f9288-6151-7ac2-57ff-fa38d858a8b7
22500876,129,2026,3,1,22500876,0ca94314-868d-c2f6-1518-40804b768efb
22500876,150,2026,3,1,22500876,2f677d22-3e53-110b-ea2a-bd40e3a8990a
22500876,353,2026,3,1,22500876,ea646da8-86da-28f7-137b-d1767acc07a1
22500876,373,2026,3,1,22500876,a91e9cdd-15b8-c15b-f97a-67640ba6f71a
22500876,385,2026,3,1,22500876,ef029c1d-cfa0-7bda-a376-438fb7637ca0
22500876,393,2026,3,1,22500876,b6ea8f37-f85b-bc50-fdc5-e90d593776e3
22500876,397,2026,3,1,22500876,9c2e34e7-9cc6-33e5-3db9-1178c6738fa7
22500876,409,2026,3,1,22500876,1a23029e-4654-5c05-ce0d-b4e64ffb7132
22500876,442,2026,3,1,22500876,5125d8cc-f18a-51f6-4a0b-f0110d04334e
22500876,448,2026,3,1,22500876,6ab3667d-e5ab-2d9d-d766-a38c5a92870b
22500876,51,2026,3,1,22500876,1a33e4cc-fcf9-d360-66d0-5871290395b5
22500876,586,2026,3,1,22500876,425f4f1d-8f55-5a45-ae0a-1f1661039683
22500876,616,2026,3,1,22500876,33a55c17-0a32-c035-785b-cfa1cb9edc0d
22500876,103,2026,3,1,22500876,0655882c-644e-683d-0284-fcb4d1b8ee7b
22500876,169,2026,3,1,22500876,de0c2839-4fba-c9c7-e811-08379b1bd090
22500876,191,2026,3,1,22500876,ed3ccd77-7b4d-fe75-168f-f6ec006225bf
22500876,203,2026,3,1,22500876,9a9456c9-5a2b-7c96-1f86-678d0e4ad3cb
22500876,237,2026,3,1,22500876,669176b0-b820-58fc-3b02-f81e39ff4a63
22500876,417,2026,3,1,22500876,9fc3ae2d-4057-0106-ae35-ab6772c2ea26
22500876,428,2026,3,1,22500876,5e867da7-b99e-d48a-e134-b855a710da9b
22500876,43,2026,3,1,22500876,bc2fabd4-c52e-b6d9-1f74-53fd4e2f9441
22500876,499,2026,3,1,22500876,ae2c3808-a745-e326-fa98-1e344e1750c8
22500877,115,2026,3,1,22500877,a7d1a81e-17a8-03ae-9b39-952d34dee2a2
22500877,120,2026,3,1,22500877,40caa3bd-8fad-bbca-07dd-1d47e15d7d8e
22500877,122,2026,3,1,22500877,15a467ac-49c2-a085-0cb6-6759f728af0f
22500877,126,2026,3,1,22500877,81e31d75-bbc5-e3b2-078c-f382191e9994
22500877,143,2026,3,1,22500877,1c72b7e8-f732-b301-37dd-0582060d6e32
22500877,156,2026,3,1,22500877,6d89af4a-db8c-8a23-d374-98bd48ccb832
22500877,179,2026,3,1,22500877,90a0bfbe-1b13-3ca4-d50e-947177ba2570
22500877,208,2026,3,1,22500877,112ce079-3c8b-2985-fc1a-0c3192b7f80e
22500877,221,2026,3,1,22500877,fbc3732d-5847-d4ca-710a-031b177ebc43
22500877,248,2026,3,1,22500877,b1e24f9f-890b-e339-cb1e-eee2f72a9667
22500877,262,2026,3,1,22500877,39073c17-d19a-65aa-e84c-9aa176c7b67e
22500877,274,2026,3,1,22500877,42705955-ab53-61a3-b26c-d67dc740b4d8
22500877,302,2026,3,1,22500877,0a65c6f0-0387-5175-dc6b-d683ed038589
22500877,304,2026,3,1,22500877,f33cd700-2f43-abd2-6936-bfd5710bab47
22500877,312,2026,3,1,22500877,4af3daea-f49d-875e-2b49-080f10e3ecd0
22500877,319,2026,3,1,22500877,f97a0efc-2981-8ee9-5596-fe147f139a69
22500877,335,2026,3,1,22500877,f7318d29-e140-6109-ff33-5cd11748b2fc
22500877,368,2026,3,1,22500877,f72acfc9-c57b-0019-92c4-ecfb15f091ca
22500877,373,2026,3,1,22500877,41da8d8a-1aff-a670-949e-e2c9c3a59805
22500877,380,2026,3,1,22500877,10a195ec-6b2c-1c41-d53d-222132eb8741
22500877,386,2026,3,1,22500877,83935dfe-a592-045d-42df-286957fbc9df
22500877,39,2026,3,1,22500877,2b363531-a0f2-4fab-e165-02148ae1b3f8
22500877,404,2026,3,1,22500877,4d825865-e21f-b8cf-58d6-1e5af9ae3d91
22500877,429,2026,3,1,22500877,7c83acf0-d8dc-b520-812f-0a04d3e49671
22500877,433,2026,3,1,22500877,8e4edad1-e740-5e14-67d1-5b5267d65f2f
22500877,442,2026,3,1,22500877,e6b737ba-f8f0-687a-6c9a-a1489d791235
22500877,450,2026,3,1,22500877,bab2d827-7c3c-2895-e1be-ded1455091da
22500877,457,2026,3,1,22500877,9cf71efa-9416-31b8-9e5a-bc8076b98947
22500877,468,2026,3,1,22500877,4a888cd6-5bee-f087-78a9-2ef9d1b8f180
22500877,470,2026,3,1,22500877,200090d9-4b49-78bc-4312-0946beda4a93
22500877,486,2026,3,1,22500877,96192df9-0505-c762-d7c0-bb616db6be2c
22500877,488,2026,3,1,22500877,9c30af39-f903-e0b3-e3fe-1b07438a854a
22500877,527,2026,3,1,22500877,d0b48199-577a-bf45-aac7-4e9f4f342979
22500877,549,2026,3,1,22500877,aef5944c-1ccc-cb25-b846-3d643721a7cc
22500877,551,2026,3,1,22500877,c41b49d0-ae5c-24b7-a16a-72f2bfa5b735
22500877,563,2026,3,1,22500877,8aa968a7-4253-5f93-8f08-9940c6258143
22500877,571,2026,3,1,22500877,2a36bd57-edaf-855c-d8b5-64925eca4ed3
22500877,58,2026,3,1,22500877,ea635566-4692-7084-f8aa-7daf8192a297
22500877,60,2026,3,1,22500877,604ebd21-7197-cec3-e492-9fad5252381e
22500877,62,2026,3,1,22500877,35cd657d-6e11-f0cb-5019-54cd1358026f
22500877,623,2026,3,1,22500877,56c78d4c-10cf-9c70-9aac-31e634544938
22500877,635,2026,3,1,22500877,4182af62-a5b0-47d1-8246-7546aa79c52e
22500877,653,2026,3,1,22500877,3ad4b91a-6f65-4e18-5c60-c03b7187bd3d
22500877,66,2026,3,1,22500877,a0cf73ce-59c8-5542-4e52-f58285e52e39
22500877,672,2026,3,1,22500877,436d2c87-7b2b-ca58-37c7-cdb181f83360
22500877,681,2026,3,1,22500877,ee6217b6-b42a-e958-dee9-b1bb21f295f4
22500877,683,2026,3,1,22500877,2d1080f1-4476-1b0d-f8d3-660c94093d8e
22500877,695,2026,3,1,22500877,12d7fd1d-92a7-7027-72df-a2b140e2dcc4
22500877,697,2026,3,1,22500877,8014abff-73f0-9dcc-ea2e-5efbb4696a46
22500877,702,2026,3,1,22500877,956080ce-8486-f696-21a4-fd034dc518f0
22500877,99,2026,3,1,22500877,9b9e5dd5-102c-1a77-7562-c1b7f657f09a
22500877,210,2026,3,1,22500877,e3d975b0-a6db-cdc8-c077-c7daf8615868
22500877,218,2026,3,1,22500877,d41d8e69-539a-8de6-aeb2-8970af34629e
22500877,343,2026,3,1,22500877,aa932655-9402-5d48-07fd-0f11d8d49270
22500877,353,2026,3,1,22500877,af953e11-18e0-ab7e-8629-b64da7b9b129
22500877,577,2026,3,1,22500877,65d93513-da41-9db0-372d-433b2a4f69d7
22500877,614,2026,3,1,22500877,8966c53f-e59f-c698-1112-fcda951917f7
22500877,689,2026,3,1,22500877,58be6f0e-279f-593e-c42d-5e9e9d57756d
22500877,10,2026,3,1,22500877,2a3dc115-edf6-e6c2-1078-a9fce22ac467
22500877,101,2026,3,1,22500877,0052ab70-a34c-68da-6e62-96da379360a6
22500877,103,2026,3,1,22500877,fd2bbeb7-2ad1-7c5a-c581-52426bdb299e
22500877,111,2026,3,1,22500877,824b8316-aabe-b8ce-d641-dac23f709079
22500877,117,2026,3,1,22500877,4b20d153-0471-a91f-a92f-1813d488c974
22500877,118,2026,3,1,22500877,2b4e3432-4cf7-2e5c-54aa-c0ed4c04d9e3
22500877,12,2026,3,1,22500877,9045d295-adaf-cef7-d98d-3c66c32f3c55
22500877,124,2026,3,1,22500877,088259bb-d8c6-1044-598c-e94d7ed80763
22500877,128,2026,3,1,22500877,52359ce1-01ff-572b-1998-5b4405ba0d3f
22500877,130,2026,3,1,22500877,e27274f6-ff01-e171-8b5a-c348bd0451c1
22500877,14,2026,3,1,22500877,9eccede1-0ffd-9299-0beb-ffb61a93675f
22500877,147,2026,3,1,22500877,c49d17d1-060f-fe37-5b47-914604dd4cce
22500877,150,2026,3,1,22500877,6a807022-4895-ae2b-133e-eb5847ab5bbd
22500877,152,2026,3,1,22500877,23df8665-479e-45ff-1fbe-d927d3afe44a
22500877,154,2026,3,1,22500877,2c4dd816-3187-254b-b4f3-18ecea3e1eb9
22500877,155,2026,3,1,22500877,00406e64-c964-c690-11bd-cb71a91cd663
22500877,16,2026,3,1,22500877,81e16751-7d88-49b3-177b-3c323aa23c10
22500877,162,2026,3,1,22500877,7aea6f28-3705-5309-01c9-2a78bf0f0c73
22500877,163,2026,3,1,22500877,81afbdf5-b5ae-08c9-e902-be97a768294f
22500877,165,2026,3,1,22500877,3d89add2-61b4-ff6c-2af8-10cafa513967
22500877,172,2026,3,1,22500877,c5f5a140-fc90-53f1-1973-148e870525bb
22500877,194,2026,3,1,22500877,dbd24ec6-4d7c-857a-d62e-55191dfac3ad
22500877,195,2026,3,1,22500877,90f41441-ed61-b437-b9eb-2e6e67657f2f
22500877,20,2026,3,1,22500877,70a77084-70f5-d1eb-32da-e8326a9aa7fe
22500877,213,2026,3,1,22500877,b937cd29-a26f-c25d-38b6-c09f1a1c5781
22500877,215,2026,3,1,22500877,69a1b8bf-df16-f047-0835-ad6c55a08798
22500877,217,2026,3,1,22500877,9f7dfe77-dbd8-508b-1478-dee8ca038c24
22500877,228,2026,3,1,22500877,1dfea458-c48f-851e-caa3-aea7e10e02b9
22500877,230,2026,3,1,22500877,16c2824c-e7ba-0d47-8257-54a78c9a196b
22500877,241,2026,3,1,22500877,be8b4131-13ed-9b12-f27a-4592c44f382b
22500877,243,2026,3,1,22500877,0b72a5e4-d946-e975-3933-96c4ba028e51
22500877,247,2026,3,1,22500877,cf7cb1af-22da-d361-1214-6409a67165ee
22500877,259,2026,3,1,22500877,e1478878-48b0-a6e7-52f8-faa98c772b08
22500877,261,2026,3,1,22500877,482d9114-eea3-dd15-11a6-629df3f3125c
22500877,264,2026,3,1,22500877,b45a6efb-b7f6-7248-b394-c3c307943b64
22500877,276,2026,3,1,22500877,934bb2b7-973f-aaf7-8e3c-e811e3b38c33
22500877,278,2026,3,1,22500877,2fb5088d-11bb-bc1b-c7f2-7350956b3472
22500877,286,2026,3,1,22500877,edf91016-8e86-0b7b-7cbf-3fb928f4e2ec
22500877,29,2026,3,1,22500877,f33d2557-6f6d-3f7b-e090-3274614ab4ff
22500877,301,2026,3,1,22500877,6c02b066-b8b5-d589-fc2b-8b84d27da86f
22500877,306,2026,3,1,22500877,adb2da53-8d9a-7def-62df-ba5273ea197e
22500877,314,2026,3,1,22500877,8fb0fa48-5876-afd3-0921-4c00f3aaed4e
22500877,318,2026,3,1,22500877,29fe8fa5-8eee-4804-8d38-bd01d745742e
22500877,321,2026,3,1,22500877,3e89d5d0-28c7-c0c1-6ca1-7b5b4caba7a3
22500877,323,2026,3,1,22500877,66fddeb8-f796-46ff-85fe-6dff09f13026
22500877,327,2026,3,1,22500877,91396e5b-cf71-cf68-ac7f-d428e3cbc6f2
22500877,337,2026,3,1,22500877,dca42550-0f30-2824-efbe-f27ca2b43bad
22500877,346,2026,3,1,22500877,44b75792-c715-0c11-f516-e20e1b967d6b
22500877,348,2026,3,1,22500877,c136695a-1329-db1e-d283-12fa77c1838b
22500877,35,2026,3,1,22500877,b9313971-1769-4801-4e11-4151f27f6286
22500877,350,2026,3,1,22500877,77a5c9b9-e10e-261a-10a6-f1381b61690e
22500877,37,2026,3,1,22500877,b80d5ea1-077b-1929-0b71-6fde3a358027
22500877,370,2026,3,1,22500877,bcfeb98c-21cf-831a-ca84-78b6dd29c4bc
22500877,375,2026,3,1,22500877,2859ade3-25e9-3d51-b458-45c3b6f03f10
22500877,376,2026,3,1,22500877,4fb52ece-0572-b7ae-6845-0c9d102cefec
22500877,378,2026,3,1,22500877,91e2fe2d-18be-c33e-d095-9299a3f6d9cb
22500877,388,2026,3,1,22500877,55b2d18a-a054-31bd-3a62-f3aa26c38c37
22500877,394,2026,3,1,22500877,6bc8acea-30ea-c900-3874-8ca17666bb2c
22500877,401,2026,3,1,22500877,b163d1f6-9002-2f12-7ca0-d88354400876
22500877,407,2026,3,1,22500877,742b10db-f02e-867d-dc23-d023641c627f
22500877,41,2026,3,1,22500877,a2d64e8a-8fa2-eafd-26ed-79ff763588a0
22500877,413,2026,3,1,22500877,78d18e1e-db81-c2ad-0bb4-b7b5ed91b097
22500877,416,2026,3,1,22500877,04dd2c02-505c-9504-3a55-c4959a6807bc
22500877,418,2026,3,1,22500877,22072407-0ec7-3013-0c79-23a0d900493d
22500877,422,2026,3,1,22500877,8488b368-cfd6-36e1-0faa-3d0d790b2228
22500877,424,2026,3,1,22500877,0f15ec70-6b0b-e25c-dd1c-ab7e5eca0a00
22500877,425,2026,3,1,22500877,b53017c4-0666-45d5-fefd-2c0d0db1f86c
22500877,427,2026,3,1,22500877,837f54bb-6b0e-7d83-b075-982bd09f9ec3
22500877,431,2026,3,1,22500877,8116830c-1dce-6618-0b9c-58802e35c4c8
22500877,444,2026,3,1,22500877,0c8e4b97-cddb-31e3-94ee-98ff66becf52
22500877,452,2026,3,1,22500877,f84865cb-cd27-789a-22e1-8f3016edd94b
22500877,455,2026,3,1,22500877,a97bfe38-0423-007c-7993-d89e6db97743
22500877,46,2026,3,1,22500877,bc58e994-93b9-6c6c-1332-9f34099e22c2
22500877,464,2026,3,1,22500877,71cfb62a-9e45-94f8-556a-e694100c19e2
22500877,473,2026,3,1,22500877,ba42f866-6a5e-69dc-2ff7-74cc67a28cd7
22500877,475,2026,3,1,22500877,29f97f08-5cd4-62a6-6ce8-098883d9e00b
22500877,48,2026,3,1,22500877,20657706-110f-d42e-11f3-54a34d67f89d
22500877,49,2026,3,1,22500877,7e540fec-940b-5887-e2d8-9d3595961f4c
22500877,490,2026,3,1,22500877,b1c362cf-33a6-85cc-adce-edada5c7ee74
22500877,492,2026,3,1,22500877,ac2e7447-b6d2-881d-d97c-4d833f1df4d3
22500877,497,2026,3,1,22500877,c69fbde4-69a4-8c67-84ac-a29b2329c6ee
22500877,499,2026,3,1,22500877,c3a0e323-9c1c-d19a-ba5d-b6b9dfde7887
22500877,501,2026,3,1,22500877,fa3b65f5-eed5-52dd-6e9a-3dd0de4e7d7d
22500877,510,2026,3,1,22500877,c2b9bb04-5252-a16c-2f74-b77bffe5fc4a
22500877,521,2026,3,1,22500877,cd782bfc-6e85-7a74-2706-3b382514724e
22500877,529,2026,3,1,22500877,fabbd588-1e9f-ba70-0f61-5c0034a24265
22500877,53,2026,3,1,22500877,0cdf56a0-ce9f-865e-3dd5-75dc499ef27d
22500877,538,2026,3,1,22500877,bda30335-59c0-543a-4185-c656f1931271
22500877,545,2026,3,1,22500877,343b9585-c9d4-e3e9-52df-8212eccf4046
22500877,547,2026,3,1,22500877,9cbce9a8-0692-3bd6-92c7-b20caeb43102
22500877,567,2026,3,1,22500877,be1a903b-b82d-914f-5d6b-23b6c77c3715
22500877,569,2026,3,1,22500877,134fa8fe-8777-056f-319b-dc3284179a40
22500877,588,2026,3,1,22500877,7cf0415d-2929-492f-896a-7827e6a343bf
22500877,590,2026,3,1,22500877,b9153916-dee5-b3c7-614f-7446c8f6821c
22500877,595,2026,3,1,22500877,a64b5389-6cc5-b3a4-20e2-40d6185b0e17
22500877,597,2026,3,1,22500877,78180ac9-c2bd-c37f-56f2-6e5981dbe68f
22500877,602,2026,3,1,22500877,1f1e9819-832c-9683-1334-1b2bd1604eb7
22500877,605,2026,3,1,22500877,8d03a0ff-f36e-6584-a16a-e2866b335d68
22500877,607,2026,3,1,22500877,9ae40ca5-a686-97ee-ffae-38fa194d4861
22500877,608,2026,3,1,22500877,107f443a-fb45-3f18-1fda-4ed5d1280403
22500877,610,2026,3,1,22500877,dff1b58a-4082-8963-f5b6-99f7b601a48c
22500877,612,2026,3,1,22500877,0a6af397-cfa1-e5b6-73fd-3c5a9f7e0d44
22500877,632,2026,3,1,22500877,8f90b62e-f9ea-4411-2180-72f196e483d8
22500877,64,2026,3,1,22500877,0301a751-36b9-7345-30ca-919b4c6ae1fe
22500877,655,2026,3,1,22500877,b26d0ae9-2dc0-43d1-9ddb-0280ac812b39
22500877,656,2026,3,1,22500877,b10723ff-7ef3-7672-151a-4f8b3e2e84f7
22500877,659,2026,3,1,22500877,7ed13d79-5b23-413c-4f08-4090334d0e02
22500877,666,2026,3,1,22500877,9e66317b-be2c-4ec0-dbe6-a0c8d9f02667
22500877,668,2026,3,1,22500877,7c7f1d42-5315-c803-e200-49caf0b65bba
22500877,669,2026,3,1,22500877,0cc2cb88-77c1-8c65-6eef-14334a95a884
22500877,671,2026,3,1,22500877,e81994d0-21f3-1ac4-84e1-edd122806e99
22500877,687,2026,3,1,22500877,b2f4d0a0-ac71-e1aa-6ddf-f15b9f3226b8
22500877,7,2026,3,1,22500877,3dcdea09-4703-ebaa-9759-0c661da5fee6
22500877,704,2026,3,1,22500877,b7f7228b-79ee-5c13-892c-15fc5a146cb4
22500877,80,2026,3,1,22500877,4f7fa948-b129-5266-e6ee-9f2e253df7ab
22500877,82,2026,3,1,22500877,699ca17a-824f-5091-e8d7-da1eb6ea926c
22500877,84,2026,3,1,22500877,57d67f09-1340-f9a2-19de-0ec3b86ab1db
22500877,85,2026,3,1,22500877,99f0db01-ea3a-642e-ff52-3ef68f2460bb
22500877,87,2026,3,1,22500877,e7008643-71e0-601a-fc66-e2d803696d08
22500877,9,2026,3,1,22500877,8dd04ac9-312d-7a89-7b73-0ec03ee4c318
22500877,102,2026,3,1,22500877,20cef812-dacb-2476-a00c-11ff9c33241a
22500877,11,2026,3,1,22500877,c751672c-af43-38f5-7070-17f33de04376
22500877,119,2026,3,1,22500877,0c670c7b-f450-c841-c676-a4b3049e48ad
22500877,129,2026,3,1,22500877,5af26223-b9e0-97c9-0674-0d286cd42b55
22500877,13,2026,3,1,22500877,4e88f5c0-b47c-7904-ee06-9b0613c6e981
22500877,149,2026,3,1,22500877,846a18e8-8431-f37f-a3f4-efb1ecc56ded
22500877,15,2026,3,1,22500877,20ee58f8-568c-dcf7-d946-97f14b7236b5
22500877,151,2026,3,1,22500877,6b4b5010-2805-ce2b-1e1f-484953da1ef4
22500877,153,2026,3,1,22500877,0eaa6bc2-7560-9c8b-4611-eb6b25ddcf05
22500877,164,2026,3,1,22500877,633d1f2d-9655-5cf0-3122-b04fbd778610
22500877,17,2026,3,1,22500877,0ff327be-1453-d2ac-78b1-10a9de9e6a94
22500877,207,2026,3,1,22500877,22d3db83-c015-bf09-7c03-f7e02200650e
22500877,212,2026,3,1,22500877,9d9b5a2c-55f2-77ea-b12f-68a1ea10f1ba
22500877,214,2026,3,1,22500877,8761670b-0a90-b2f0-e4d5-00e4c50bb54b
22500877,216,2026,3,1,22500877,a299dfce-11eb-0aa9-65af-17d995c4a732
22500877,220,2026,3,1,22500877,a8b8595a-5533-d5f7-6fe3-efe524ef41ad
22500877,229,2026,3,1,22500877,c5340be3-5283-3626-e24f-9ed1370e3af3
22500877,242,2026,3,1,22500877,0cebc9b6-6d86-3f0a-29ca-67e43b7f8e38
22500877,244,2026,3,1,22500877,6ecaf7df-90ab-251c-c177-d9fbb9b6599e
22500877,26,2026,3,1,22500877,65270d60-0f46-0869-a810-9d58f9b07427
22500877,260,2026,3,1,22500877,8dc26a45-3ab9-1d55-30e3-a2978f667e91
22500877,277,2026,3,1,22500877,70b6b78f-4680-abdd-6276-93156e39a215
22500877,287,2026,3,1,22500877,ab97fc0a-ba84-ed00-190a-da4026006a4f
22500877,30,2026,3,1,22500877,acd6c4c5-aaf3-10ba-1c77-1d788eef2414
22500877,315,2026,3,1,22500877,8d0cc511-c2ee-5a1c-db32-865221ad4238
22500877,322,2026,3,1,22500877,fc09b8e3-1e0e-cf7f-05dc-5d8ffa733f19
22500877,324,2026,3,1,22500877,c9b2d809-11e0-b413-175d-107f6235e4b0
22500877,338,2026,3,1,22500877,89d180dd-80fb-3a63-683e-3c7fc53ea86f
22500877,345,2026,3,1,22500877,1c05ca43-260d-d570-f7ea-a2b50bfac44a
22500877,349,2026,3,1,22500877,198aeb11-63fa-c4ea-2003-7253a13adb2a
22500877,36,2026,3,1,22500877,816d776c-afc3-24f6-5854-772e497e14a4
22500877,371,2026,3,1,22500877,9dd9ade5-4cf8-695e-81ca-2b7b831911f2
22500877,377,2026,3,1,22500877,0cb48658-ee2f-e0c2-50f3-556522bec116
22500877,379,2026,3,1,22500877,431aaee8-a25b-57dd-a4ca-a7d5099c9137
22500877,38,2026,3,1,22500877,d3fb4fda-1e43-b43e-ea1b-c3fb9f2d7e3f
22500877,389,2026,3,1,22500877,974a0895-f6e6-6ec1-bfc3-f847fa3e518b
22500877,395,2026,3,1,22500877,7bcf2b88-22bf-56bd-0a1b-ca098acb5638
22500877,403,2026,3,1,22500877,e623d2c7-333c-9dc7-a7cf-54053e61a42c
22500877,417,2026,3,1,22500877,4e91d873-843d-8cf3-5c63-f0d00ef6acf6
22500877,419,2026,3,1,22500877,cacc1752-3be2-ddc8-dee8-ef3641809607
22500877,423,2026,3,1,22500877,3635fe15-5377-ac57-5d21-0cba4361f5e0
22500877,426,2026,3,1,22500877,74c2a9d1-bb46-1913-33d9-75a6605ef0ef
22500877,428,2026,3,1,22500877,def3f07e-5f12-dd36-04ea-981273f620b4
22500877,432,2026,3,1,22500877,6be13da5-92f3-645a-af10-b68ba9246486
22500877,453,2026,3,1,22500877,a8a9969e-675c-83be-4ea8-6b0294de6767
22500877,456,2026,3,1,22500877,42a54b44-9172-8014-8d9e-c9aa8b11f693
22500877,465,2026,3,1,22500877,b7093233-9871-5ff3-f28c-ea77e9286da3
22500877,47,2026,3,1,22500877,da59d6ef-db7b-87ef-f0cb-90115a3f70ca
22500877,474,2026,3,1,22500877,f48cf5d0-74b0-2594-dbc7-256f3615d67e
22500877,491,2026,3,1,22500877,593276ac-0764-a492-9b65-404c68817d43
22500877,498,2026,3,1,22500877,571872c7-2586-5427-b22e-8f72c0ade710
22500877,500,2026,3,1,22500877,b93dc460-f9ba-5b69-c869-0cc201db9299
22500877,502,2026,3,1,22500877,134f3e8a-a70c-4580-d83b-06dca3dddbb2
22500877,522,2026,3,1,22500877,9ff2f6d9-28b2-8b7c-3067-925c9d8fbe9d
22500877,530,2026,3,1,22500877,c75f553b-9285-c9bb-f05c-f2e8e4ed877b
22500877,539,2026,3,1,22500877,d6e75a88-e23f-3178-d7d6-ba06261257e3
22500877,546,2026,3,1,22500877,96b2254e-7b5f-dcde-2255-3f6d80ed22aa
22500877,548,2026,3,1,22500877,c6e9e1a0-1651-5e27-5bb8-f01c31e6e745
22500877,568,2026,3,1,22500877,6227ae3e-bd81-ee00-f6d3-00fd43bee76f
22500877,570,2026,3,1,22500877,b66d65dd-d364-545a-9837-45878ea6a12e
22500877,579,2026,3,1,22500877,133e63d0-dc9c-d56f-4ad4-a3a139cc25c7
22500877,584,2026,3,1,22500877,4a86a9ef-408b-0d8e-fcc8-6274381444b7
22500877,589,2026,3,1,22500877,b95bff23-1735-1110-aa3f-b8ee85f49a8c
22500877,596,2026,3,1,22500877,0117f15e-868c-d90a-097b-f9018c6f55b1
22500877,598,2026,3,1,22500877,e89f0eae-06eb-eb1a-d85c-d4dbef0dac79
22500877,603,2026,3,1,22500877,8c0c466f-a7a5-1577-1424-a36a0033e0ef
22500877,606,2026,3,1,22500877,553784a4-5b52-2889-4715-b526b8218614
22500877,609,2026,3,1,22500877,98244962-f077-1690-65de-348ae66a2feb
22500877,611,2026,3,1,22500877,b1a4ad2f-2e69-c538-d875-ecf350b4970f
22500877,613,2026,3,1,22500877,917b0f75-25ea-0abc-e19a-869d942fb84b
22500877,65,2026,3,1,22500877,5928313c-3527-1b3e-1f1e-86d39e09802c
22500877,667,2026,3,1,22500877,2738d579-696f-2b90-3b39-a661486af1fc
22500877,670,2026,3,1,22500877,3e9ac4e4-9ca7-173f-878c-42ca7117315b
22500877,688,2026,3,1,22500877,624645ff-b85e-d4aa-1e67-8f5eea3a6898
22500877,8,2026,3,1,22500877,e2789b51-4418-ed93-e305-76f68f05f393
22500877,81,2026,3,1,22500877,edacc128-1794-1f3d-b54a-0d99aadbfb4a
22500877,83,2026,3,1,22500877,c6ee2ffd-b800-77a7-9736-93fee0a4fe17
22500877,86,2026,3,1,22500877,8f1eefb3-6dfb-5e9a-49b4-873a8e4f83e8
22500877,88,2026,3,1,22500877,cb80ae65-203a-8e61-734d-2bcf1b35de7c
22500877,109,2026,3,1,22500877,33205855-e563-59b2-ac3f-71c78221eedd
22500877,145,2026,3,1,22500877,76362bbb-a75e-e3c0-b225-6032b515431d
22500877,177,2026,3,1,22500877,6ef9c261-f319-f5e5-b709-548e4f39f4f6
22500877,18,2026,3,1,22500877,32882282-8c1f-5e26-6212-a4918c37c937
22500877,186,2026,3,1,22500877,635fd29b-2585-91e9-6302-fa940b985be3
22500877,192,2026,3,1,22500877,2f6602e3-6885-c53a-0b51-65413c61531b
22500877,196,2026,3,1,22500877,12717d7d-1ad3-154b-fd6f-2972aa211607
22500877,245,2026,3,1,22500877,ffacd94e-21e0-5add-5c24-2524a33bca64
22500877,257,2026,3,1,22500877,249acc3d-2aa8-bdc1-a0ee-3609e0649a60
22500877,27,2026,3,1,22500877,d9c9e3e0-7ed6-e577-0fb3-2a708f107a19
22500877,316,2026,3,1,22500877,7af12b10-6b2a-25d5-2637-f515fe12d981
22500877,325,2026,3,1,22500877,03dd0c31-e138-62a4-5607-2420b99dd1e0
22500877,420,2026,3,1,22500877,8e72362f-881a-eb13-0696-505ae85b38ca
22500877,466,2026,3,1,22500877,2031692e-a34c-57bf-4388-ca61313684bf
22500877,685,2026,3,1,22500877,cdf5df98-2bab-83e1-5c6e-478f8b24ec26
22500877,693,2026,3,1,22500877,f6696507-3d20-0fbc-5a26-88a1808793fb
22500877,74,2026,3,1,22500877,2b49ef1f-6975-68c8-275d-fde263b2488e
22500877,288,2026,3,1,22500877,b4c1f8eb-65e8-b192-1211-a535f9343d80
22500877,300,2026,3,1,22500877,b9833c93-b456-6365-ff11-7ec8717328fe
22500877,372,2026,3,1,22500877,eded656b-fdf8-d32c-27ec-64aadc8b43f3
22500877,445,2026,3,1,22500877,9006b1f3-e964-58e5-9c9a-227b0661b0d3
22500877,454,2026,3,1,22500877,d4567899-60e2-858d-4f7e-c0d9c8e4092f
22500877,621,2026,3,1,22500877,2988d052-734e-f3fa-52ad-a7d5413b5898
22500877,637,2026,3,1,22500877,174625f2-edcb-81cd-ba3a-119084c68f16
22500878,111,2026,3,1,22500878,568af954-87db-7a8b-a706-84134b4a0971
22500878,113,2026,3,1,22500878,827b8d59-f4f3-a707-a478-bfc90d01370b
22500878,13,2026,3,1,22500878,b334b011-d44f-d4cf-851c-c34ff6c050c1
22500878,131,2026,3,1,22500878,8916e1a1-aeec-a57b-affc-967b7ef1bddb
22500878,141,2026,3,1,22500878,750b321b-40f9-6e6b-dc9d-3b7f24c149dc
22500878,143,2026,3,1,22500878,a6c5c755-32a0-5c1d-5296-6ee40710122e
22500878,17,2026,3,1,22500878,3fd7fa48-ee88-5842-3e96-42458639f62d
22500878,170,2026,3,1,22500878,745039f3-0cfa-e9be-a73c-9ce95be2cbd4
22500878,182,2026,3,1,22500878,6a63b6d8-ee77-ef0d-69bf-25cef85dcdf6
22500878,198,2026,3,1,22500878,2e119b87-a27f-dd70-61ef-6daf37f5721e
22500878,201,2026,3,1,22500878,5a2b07bf-be66-5e6f-7247-ad4dfe6c63b2
22500878,245,2026,3,1,22500878,80b056bf-7f9c-d47d-dd6e-00175635d822
22500878,26,2026,3,1,22500878,22a79f9e-3e5b-07a3-e56a-34f41646f303
22500878,266,2026,3,1,22500878,eb15aa6b-4357-b676-1f46-eb602f3e9645
22500878,313,2026,3,1,22500878,2597d359-2975-3930-481a-87bfa7a99f34
22500878,315,2026,3,1,22500878,db0cf64a-a298-5e92-33ef-46f2f9fc83a8
22500878,317,2026,3,1,22500878,537fbff9-e6b4-ffd6-1d55-595bec1564dc
22500878,319,2026,3,1,22500878,f2b51812-a13b-49fb-24fc-a6415c312ab6
22500878,323,2026,3,1,22500878,cdec9d6d-8cda-1e74-ef67-e7c2b8e005f8
22500878,325,2026,3,1,22500878,e4bddee2-482a-68f4-c194-3487edd3d441
22500878,341,2026,3,1,22500878,c07af35f-a791-fca2-f657-850f952c396d
22500878,353,2026,3,1,22500878,998a72be-52fc-eb96-0a95-1c4796e486be
22500878,355,2026,3,1,22500878,d4a6348d-513c-4382-4d4f-e8007b64cedf
22500878,357,2026,3,1,22500878,2e329e8a-b75c-6bbe-12d9-fea0ab8c6490
22500878,370,2026,3,1,22500878,fbcf6559-2aad-13a0-7d71-7320dcdc44d3
22500878,374,2026,3,1,22500878,58506375-cf72-bd8e-654b-d3c3b1867243
22500878,385,2026,3,1,22500878,b880cea3-b7c6-7986-e079-a31a023c7db4
22500878,387,2026,3,1,22500878,7824487f-ddde-5e77-3de3-a1f9c224d4d3
22500878,405,2026,3,1,22500878,5d1d37e9-587f-c196-90f7-de7ab34156da
22500878,427,2026,3,1,22500878,6ef6d038-114d-1e6c-f89c-847b8ad72cd7
22500878,440,2026,3,1,22500878,02fc4797-656e-4fd9-0e04-77b7c8a18280
22500878,443,2026,3,1,22500878,4e194d05-abdd-6bcc-e837-9e051b69b556
22500878,45,2026,3,1,22500878,25f0a7fc-93c8-3680-2531-6d174de4fa44
22500878,453,2026,3,1,22500878,faea99ec-96f0-78c4-7a69-e9b2bc949bd4
22500878,457,2026,3,1,22500878,a95a0e48-c796-d839-8e49-63262d7a3167
22500878,465,2026,3,1,22500878,b1417731-eb7c-4ac4-1ae8-5d4b2ed01102
22500878,48,2026,3,1,22500878,0a6a2bac-2d67-d44e-4ee8-c6d0b4d4ed1a
22500878,490,2026,3,1,22500878,9173128a-2772-2ed4-b7f3-dc71c2338646
22500878,496,2026,3,1,22500878,9f24704b-6538-f68a-9156-6fbc6800f344
22500878,519,2026,3,1,22500878,afafee2f-36d3-41f8-d4b3-fb9c446c8896
22500878,52,2026,3,1,22500878,d662a207-9e78-305a-cd98-3a68b914a890
22500878,521,2026,3,1,22500878,12d259e4-b5df-4f67-da09-242450c075e9
22500878,523,2026,3,1,22500878,c4ebe673-f5fa-00dc-c687-b6c29c9061be
22500878,530,2026,3,1,22500878,192b9563-6b08-7b6d-0d7f-0feb3568e0e6
22500878,54,2026,3,1,22500878,3831c5a1-848c-4930-62e5-9d8e5a39be46
22500878,544,2026,3,1,22500878,f6bfc281-cc4d-3062-da7b-d3565dc82267
22500878,546,2026,3,1,22500878,89b52878-1ba6-2820-3aee-adc71d95240f
22500878,548,2026,3,1,22500878,1387a7bb-94d2-d18c-9ffb-ea7352e74b55
22500878,562,2026,3,1,22500878,90849741-4403-e73f-0329-9531f9026e3c
22500878,566,2026,3,1,22500878,773a071a-3cbf-dca0-74e9-e81bbb52fcbc
22500878,568,2026,3,1,22500878,e7996c1b-a310-dd70-1a5a-aba7e995e7a2
22500878,577,2026,3,1,22500878,4a8a9843-0124-3824-9319-c524f04db8db
22500878,595,2026,3,1,22500878,e6558d14-b379-08ae-6d94-17c3fba4c7e9
22500878,608,2026,3,1,22500878,46ea16de-58db-0905-b296-235679ff9bf9
22500878,624,2026,3,1,22500878,8e869f87-8765-6be8-febf-5d7debe1f364
22500878,631,2026,3,1,22500878,85db75f2-2011-a22a-8111-5ab23aedc1a6
22500878,633,2026,3,1,22500878,16df5faa-9a07-97bb-c3e7-d03b34762946
22500878,64,2026,3,1,22500878,dae05a8c-1099-4544-9344-4d139e492600
22500878,647,2026,3,1,22500878,0d6b6c14-37cf-3de8-375c-d68da859d1b7
22500878,656,2026,3,1,22500878,f5829bd6-6d10-501b-b798-2e181ef5cf23
22500878,69,2026,3,1,22500878,1b3d5241-dbc5-2886-c8cf-2f0ac6869d5c
22500878,7,2026,3,1,22500878,831d14c9-a70b-2b43-1ea1-e0deb83381db
22500878,90,2026,3,1,22500878,4d8f4b7d-98a9-5592-841c-3e519f4ebd50
22500878,92,2026,3,1,22500878,b8450309-9a01-1679-bf56-8f090ff74f68
22500878,115,2026,3,1,22500878,92aa0761-5853-2aef-8e05-8304a65c057c
22500878,128,2026,3,1,22500878,892e572f-b4f4-0c77-1c32-89e1b0493d16
22500878,184,2026,3,1,22500878,e66eca26-bdce-5eae-25c2-362b784cf9d7
22500878,187,2026,3,1,22500878,bce824e5-8c5b-28d2-311a-28a99b0cef1d
22500878,203,2026,3,1,22500878,5e7d6cce-c212-9c89-67e8-0c90b6e59ad3
22500878,271,2026,3,1,22500878,6df6e081-269c-362e-a758-82d2a7031256
22500878,280,2026,3,1,22500878,98de5227-ac00-328c-4ee6-f2896c240aa6
22500878,361,2026,3,1,22500878,da3edcd2-33f6-8b01-3fdd-9cbe5a3b0443
22500878,364,2026,3,1,22500878,d8c45d66-2331-cffc-ca76-a15c4330613c
22500878,37,2026,3,1,22500878,275176b6-527a-d220-f927-066288324ab3
22500878,380,2026,3,1,22500878,e85c0d08-b069-f353-0d4a-4df3d542ea16
22500878,432,2026,3,1,22500878,146429db-8be6-b9a0-5384-6a5464849fc1
22500878,480,2026,3,1,22500878,ebe742f6-fa36-6864-1380-2b3f096bb7de
22500878,507,2026,3,1,22500878,16ebd919-88dc-8112-9c99-30904d45c310
22500878,516,2026,3,1,22500878,4902efe7-4bfe-da07-5aa1-555112ccbde3
22500878,592,2026,3,1,22500878,47dceca6-64d3-1c35-6f7e-51cf8a9af9f9
22500878,649,2026,3,1,22500878,7d124613-1ea6-a7ee-3619-a31f7fb52ef9
22500878,118,2026,3,1,22500878,33349ae9-7f04-ffb9-75d4-a8b9a350e6f4
22500878,133,2026,3,1,22500878,eae26666-5133-d7df-5e1b-73319ac1747e
22500878,135,2026,3,1,22500878,35d29500-1a4d-7320-c597-ee5972da63ff
22500878,139,2026,3,1,22500878,6a13570b-2a78-1558-1fd6-d7e52f7d9dcd
22500878,145,2026,3,1,22500878,a0163802-cce8-22f3-e173-9caa172c17e0
22500878,146,2026,3,1,22500878,c3eabb62-817d-e70a-cf03-02daef6fad91
22500878,15,2026,3,1,22500878,bbaff121-ec2b-ffd7-b7f7-7e61a55e7fd7
22500878,153,2026,3,1,22500878,167ea065-08de-fe06-b939-858159b35390
22500878,154,2026,3,1,22500878,9cd2c9df-b6de-4cda-62ef-c2426487c156
22500878,156,2026,3,1,22500878,e00857a3-9610-eb5f-e722-a367d533c10f
22500878,158,2026,3,1,22500878,b8075a45-cea9-242e-844a-f2ea7d5210d1
22500878,168,2026,3,1,22500878,3e668438-97fe-10c8-f64a-96d14a88e625
22500878,172,2026,3,1,22500878,bb52567e-7de9-9745-771b-bfd16d393597
22500878,19,2026,3,1,22500878,1fd63723-32dd-d455-729b-8ea9ba6dfcf4
22500878,191,2026,3,1,22500878,d6b731db-f31b-2a0f-88c0-003020696e1e
22500878,200,2026,3,1,22500878,e690b1ce-2d98-75a8-52b2-794c75f28907
22500878,211,2026,3,1,22500878,7c06e2fb-4ecc-1719-859a-c69d7f891a91
22500878,213,2026,3,1,22500878,1fae6857-4828-394f-ff2c-135962851266
22500878,219,2026,3,1,22500878,28ac2b03-7c92-c907-8f1a-889a450707cd
22500878,22,2026,3,1,22500878,33a1e6fd-0251-0748-b4e7-af6daf570722
22500878,231,2026,3,1,22500878,86a9bb9c-754d-6ed6-de98-52e69d630a90
22500878,24,2026,3,1,22500878,9a7e08f2-aa51-0a8e-5fa9-62b2afc5ddad
22500878,242,2026,3,1,22500878,39ac5c49-0761-5e67-7e14-94743e91a861
22500878,247,2026,3,1,22500878,44635f71-a7cc-bc4c-103b-fdf2af414345
22500878,249,2026,3,1,22500878,e7320b55-4aca-cbf2-08f8-b3c3c2b74ddc
22500878,250,2026,3,1,22500878,39646e70-1cca-63fc-d201-4262ed609c55
22500878,261,2026,3,1,22500878,f0bc2f33-5bff-f041-d1f6-af3594c5d3c5
22500878,263,2026,3,1,22500878,e728591e-0e5e-3e5d-ab34-e49cdee00b60
22500878,265,2026,3,1,22500878,cc183903-03d2-cbe6-331e-4da3195bf41a
22500878,269,2026,3,1,22500878,6ceb0e14-35ac-b7ba-8910-0d15f9ed6078
22500878,274,2026,3,1,22500878,45ba432f-0a45-dce3-2e3c-77929fc0e6e5
22500878,276,2026,3,1,22500878,49f38e4d-dfcc-06b6-f182-cd189d3a70e3
22500878,278,2026,3,1,22500878,c2b7019e-bffe-ada2-18c4-bfc594181fb5
22500878,289,2026,3,1,22500878,31047011-953e-c008-d917-2871cc6569f3
22500878,305,2026,3,1,22500878,ad41d5a7-18b5-8e6a-e24c-67b526d4f728
22500878,32,2026,3,1,22500878,51b7327e-b3a5-d1e9-e435-2ddbcaa2cad4
22500878,321,2026,3,1,22500878,abae1474-59d9-a478-501b-be5d267e2473
22500878,34,2026,3,1,22500878,3942a52c-6a8c-172e-f0d4-9fb5859751b2
22500878,343,2026,3,1,22500878,5abb1025-ce1f-efdd-894b-1acd1ccc591f
22500878,345,2026,3,1,22500878,f81a4228-4c52-1fc4-7ebb-2dcbdc3a3959
22500878,351,2026,3,1,22500878,e86336b2-e56e-5b9f-fb2d-9d6c7a9e8283
22500878,359,2026,3,1,22500878,2414de05-f757-d9ae-627f-cd6da8adb138
22500878,367,2026,3,1,22500878,53e61d2e-5809-0ef2-6cda-afdeee859652
22500878,369,2026,3,1,22500878,3c391e4b-1636-5f7f-8c97-ffee15a97814
22500878,396,2026,3,1,22500878,27ae55b7-2bc0-0686-5394-d6c9155a2912
22500878,40,2026,3,1,22500878,3599cbb8-30b7-6d00-14a5-ce8502af17a0
22500878,407,2026,3,1,22500878,9cde97ad-e54c-0e2b-5ffe-9dafb6fa011f
22500878,408,2026,3,1,22500878,935cfaf4-6361-43e1-37f7-a9f2f6da8fb6
22500878,409,2026,3,1,22500878,4f51605c-d55e-c0af-dd8c-1db8e54bc7dd
22500878,42,2026,3,1,22500878,e1b2ab43-d270-1e83-8543-48e0f7db4a2a
22500878,420,2026,3,1,22500878,b00943d4-51f8-8971-5c5b-6266b7f79e95
22500878,425,2026,3,1,22500878,3c0a4da1-59a3-8c6e-99ac-14b14cb50e93
22500878,436,2026,3,1,22500878,387c84fc-e4aa-d4e1-cd8f-7ce5c63df33e
22500878,438,2026,3,1,22500878,f544b638-46aa-f9b0-b0fb-c921291827a4
22500878,452,2026,3,1,22500878,849151d7-104e-fe9f-f5f3-b90df5799e46
22500878,455,2026,3,1,22500878,49495ee3-216f-f710-4769-be2add411a4d
22500878,459,2026,3,1,22500878,735a79d5-ded9-a2a2-ff2f-56c81ea3a90f
22500878,464,2026,3,1,22500878,ad5ed2b5-acd7-5c27-f463-510c52dddf6a
22500878,467,2026,3,1,22500878,2e653785-8e41-cdcd-31ef-8aae8e0c18b3
22500878,484,2026,3,1,22500878,d88ea870-f783-6a77-81e5-7679afe98791
22500878,494,2026,3,1,22500878,64015812-be99-bfb2-9f7d-c3d55b9c7574
22500878,498,2026,3,1,22500878,0cf0b4a2-9ceb-0f86-2d60-487084e37343
22500878,50,2026,3,1,22500878,745b0959-dc98-461b-2964-4a30de9ecc3d
22500878,514,2026,3,1,22500878,be9603bd-c9e6-6bf7-bd27-6e20060a4424
22500878,525,2026,3,1,22500878,ffd26adc-0771-b0ee-f725-0b0e9663e59a
22500878,526,2026,3,1,22500878,689b8142-c035-b553-db31-a225a9f14e9e
22500878,537,2026,3,1,22500878,86437acf-fc1b-9764-fc44-35d5a8fbab27
22500878,539,2026,3,1,22500878,7b11c84e-a103-6e44-c348-ee7cc97d270a
22500878,541,2026,3,1,22500878,f5528549-070a-0de5-905b-37b9022c4c30
22500878,543,2026,3,1,22500878,c07863cf-9330-31bd-f8be-18630fdbfa83
22500878,550,2026,3,1,22500878,bfb2657b-5584-e1ae-e099-da0b6984d413
22500878,552,2026,3,1,22500878,685f3215-5a4b-305a-4a6a-22899eeab388
22500878,553,2026,3,1,22500878,74e7c4b6-f576-a935-c037-d41c6c8ab240
22500878,554,2026,3,1,22500878,e9431f02-fc17-156c-b888-802d93cd9dd1
22500878,556,2026,3,1,22500878,9c80400c-c76b-ce30-1b2b-b864f648556e
22500878,580,2026,3,1,22500878,4db88e66-32cd-305d-0b43-aafff63f7ccb
22500878,582,2026,3,1,22500878,d30aaa1f-f825-874d-e968-356c567c0ffa
22500878,584,2026,3,1,22500878,39a145b8-6277-8864-c56a-03c44cd9b54c
22500878,586,2026,3,1,22500878,47e1b0f2-6029-43a3-a09e-b6c9afe7442d
22500878,588,2026,3,1,22500878,4629690b-bf86-03d6-af9f-4cf0b4d38456
22500878,590,2026,3,1,22500878,c33e19ab-e4d8-db87-e749-6353c09b326a
22500878,597,2026,3,1,22500878,fdde373c-b41c-4b2c-bbbf-6d65e7a08486
22500878,599,2026,3,1,22500878,7cb643ff-653b-c7dc-8bdb-e89096fd8603
22500878,615,2026,3,1,22500878,174aa63f-4b4d-4835-5eeb-6cf5fae38725
22500878,617,2026,3,1,22500878,d54a1e66-74db-b0f6-09c3-ed24e69bd8cf
22500878,619,2026,3,1,22500878,9f664ac9-c0aa-e6e3-1d83-4e1eebb2cf99
22500878,620,2026,3,1,22500878,1cfae0ef-4147-7dfe-7834-e6e320e32eeb
22500878,622,2026,3,1,22500878,7bf47b2a-25c1-cc03-a3a0-ea74dc469196
22500878,626,2026,3,1,22500878,eb572f69-eb17-ab74-a787-1e960698cc04
22500878,628,2026,3,1,22500878,72437900-24c9-a0e2-1d49-77d993954572
22500878,637,2026,3,1,22500878,edec453c-f706-f34d-d214-687a7acbe525
22500878,639,2026,3,1,22500878,0bd05073-cd07-1999-21a8-cd535999c50d
22500878,641,2026,3,1,22500878,dd9e9442-e37a-9580-f9cd-882b2cf5a107
22500878,643,2026,3,1,22500878,ecb8c5e0-3c9c-e11c-ba0c-bce18175aac6
22500878,644,2026,3,1,22500878,824b34b0-4536-66e0-44d5-b6f581ffe000
22500878,645,2026,3,1,22500878,d79b39a0-ebb2-0609-9712-ba1133cfb0d8
22500878,654,2026,3,1,22500878,14d5d80c-53ae-9508-30d3-6215b1f094d7
22500878,74,2026,3,1,22500878,46157001-c1e6-b692-7a59-dc8b9cc657bd
22500878,76,2026,3,1,22500878,1c9b61fb-8497-35c9-9433-426fce760614
22500878,79,2026,3,1,22500878,ad9bfb6d-4a21-743d-2c2e-00f926fbdc2a
22500878,81,2026,3,1,22500878,3e6f159f-5271-67c1-3e6a-35e9088a1cba
22500878,88,2026,3,1,22500878,42f388de-ea36-7b24-6e12-357acbfe246b
22500878,9,2026,3,1,22500878,0f4ca82c-efdf-21b7-b468-9830a7503183
22500878,10,2026,3,1,22500878,3fc85dd4-77d5-aab1-6c52-1de9b9072040
22500878,101,2026,3,1,22500878,5f5e7529-0cc2-7d99-f6c6-9dab776d877d
22500878,117,2026,3,1,22500878,4b3dbe60-df90-c86c-8395-0edbcaf06477
22500878,134,2026,3,1,22500878,36a56c1d-a020-6932-2a31-13522b23b5d5
22500878,136,2026,3,1,22500878,2cd61151-12b3-60e1-4189-6da0a0cad249
22500878,140,2026,3,1,22500878,cb5edc5a-3508-d2c7-b044-dc6a381733e3
22500878,147,2026,3,1,22500878,0ef77459-a097-6005-3957-4dc57100befc
22500878,155,2026,3,1,22500878,afd5cd37-2907-45f1-a8ce-7806dc487ee5
22500878,157,2026,3,1,22500878,fbd2a9f7-b0a0-18da-420e-746bf466e3f4
22500878,16,2026,3,1,22500878,f7a67f35-edbc-416a-dd41-ececdd2bbecf
22500878,169,2026,3,1,22500878,72b22ddf-f734-5a8f-08f4-9569a2720434
22500878,173,2026,3,1,22500878,b62ceb5a-8e9c-5331-2039-246a4a2193bd
22500878,186,2026,3,1,22500878,43c11d01-a584-5f37-f1bd-ae6b721ad46c
22500878,189,2026,3,1,22500878,a6a84b26-fedd-e051-c2e3-f80cdcc1b3a0
22500878,193,2026,3,1,22500878,cb23108c-b270-2d0c-cbbb-3b749e807e85
22500878,205,2026,3,1,22500878,b8a38552-6dc5-2e13-de84-30ba30ff3955
22500878,210,2026,3,1,22500878,d4f48c46-7175-4d5e-4f7f-4a14a39cc898
22500878,212,2026,3,1,22500878,ab1f2e9f-c5f5-2800-75cd-e879fee25d73
22500878,214,2026,3,1,22500878,c2ecea54-5614-352b-affe-548ce4aeb27e
22500878,220,2026,3,1,22500878,1ec5864b-8252-04eb-aa9b-04a3883b6228
22500878,23,2026,3,1,22500878,a68c4b54-1ef7-da86-9e3e-5d8bc054ec9b
22500878,248,2026,3,1,22500878,7871b523-a3c3-7b82-9b50-19513a22819e
22500878,25,2026,3,1,22500878,6e5f9958-19eb-e078-5f04-1e758a69b4f7
22500878,251,2026,3,1,22500878,0b26f9d5-7832-3efa-833f-fbfba0ca5f06
22500878,262,2026,3,1,22500878,8c24d38f-dbd8-b5aa-c3bc-aa97999496d4
22500878,264,2026,3,1,22500878,6859c3a8-351b-a59c-099f-7413ed8ac64f
22500878,270,2026,3,1,22500878,a14eb76e-3f9a-d208-c20a-b510b94fd8ba
22500878,273,2026,3,1,22500878,43fe6ce4-722c-e4ae-dc9a-3aa7429ad3bf
22500878,275,2026,3,1,22500878,c1077d77-a6f3-fb31-5ae8-10a888a01e2d
22500878,277,2026,3,1,22500878,e2e6c34f-2076-bb01-c1a2-5dc17863b455
22500878,279,2026,3,1,22500878,e4769547-5f40-8abb-7865-1b7d74acb3e8
22500878,300,2026,3,1,22500878,d03e41a5-9dd5-7b22-ce33-60df28f7698b
22500878,306,2026,3,1,22500878,9a00eab2-78f5-888f-3ae8-dd0692708847
22500878,31,2026,3,1,22500878,1731e53e-f8e9-cd37-415f-cf6ea55ec761
22500878,322,2026,3,1,22500878,04a452d2-34d7-62f8-16d7-313b68abb410
22500878,33,2026,3,1,22500878,e67225db-a6d8-f6b7-8ff7-0f7b9251e395
22500878,344,2026,3,1,22500878,ee728393-0a1e-2577-3a22-7502f730f953
22500878,35,2026,3,1,22500878,f79362b1-764b-7f39-8a05-b80723d4136e
22500878,352,2026,3,1,22500878,413d6cb7-2089-dae4-1821-94ce8952aa83
22500878,360,2026,3,1,22500878,54bb57fb-8c9a-a699-db65-6e3ce30cd0b7
22500878,363,2026,3,1,22500878,bc761d54-e486-d383-f197-5f0ae5ef1775
22500878,366,2026,3,1,22500878,9295b33d-5008-e5e5-1f46-1abc752dfd45
22500878,368,2026,3,1,22500878,d1fe76db-0f4e-af3c-13dc-6dd31344cc41
22500878,382,2026,3,1,22500878,e6f25955-e813-ab3b-22c5-8b74a7c61e86
22500878,39,2026,3,1,22500878,0474b567-1996-613d-8bc7-56bb22e3258a
22500878,395,2026,3,1,22500878,0f87c712-d837-84f7-4f7c-6fc0ec023dc4
22500878,397,2026,3,1,22500878,c4f80d96-f3b5-ab24-8ca2-6f1edac87d7c
22500878,41,2026,3,1,22500878,35ffc706-1358-e1ab-3b19-41981a452711
22500878,426,2026,3,1,22500878,d6f1a252-c024-d703-c84e-6b16147f6e73
22500878,437,2026,3,1,22500878,0dd59639-97ac-cfe3-8a02-c352700b7bcc
22500878,451,2026,3,1,22500878,01c064e3-de32-8e92-6f84-d7633aa89ae2
22500878,456,2026,3,1,22500878,7f133538-4536-c453-f57f-467270a6a525
22500878,460,2026,3,1,22500878,9b9e9631-2aea-0dd0-8857-a09b8816d1f0
22500878,468,2026,3,1,22500878,d5cfa09a-8d6f-c74d-bb20-346dfc8b96f9
22500878,485,2026,3,1,22500878,7de16a97-c37c-496e-6221-05f9df6619d5
22500878,495,2026,3,1,22500878,aef538be-96f7-2c55-1f7f-384fac7efe6f
22500878,509,2026,3,1,22500878,e2495367-a6cb-4e91-aaf6-fd47da35ffb0
22500878,51,2026,3,1,22500878,91056ca9-300f-a625-ef48-fba92b8c013b
22500878,515,2026,3,1,22500878,fe3f2fb4-8b09-c01a-de7e-140812af0c47
22500878,518,2026,3,1,22500878,25bd220e-db26-ea00-c308-105f0916983b
22500878,527,2026,3,1,22500878,5a513ec6-cd58-bbf7-a307-4fafc5ac5a0b
22500878,538,2026,3,1,22500878,9dbd09f7-1b54-8cf9-9fa6-63f0f8dc27a5
22500878,540,2026,3,1,22500878,ccf77bf3-8b61-817c-0427-20a9c2ed3e48
22500878,542,2026,3,1,22500878,645e492f-02c7-6078-58ac-a0323e5ea4c8
22500878,551,2026,3,1,22500878,8fcab8c3-5072-7cfb-5907-6bc0c47cc34a
22500878,555,2026,3,1,22500878,8d4c3bee-7237-1a09-f094-4f56b7151f81
22500878,581,2026,3,1,22500878,2575c0d4-cdf7-1c49-3418-74aef62f66b9
22500878,583,2026,3,1,22500878,291d5386-cc20-b611-d745-79118a80b4d7
22500878,585,2026,3,1,22500878,3efe72fb-c4f3-4cf0-7271-245ee1c2968a
22500878,587,2026,3,1,22500878,16556544-1afc-d469-3ef1-112df125afde
22500878,589,2026,3,1,22500878,c4a77a9f-46ad-1150-a01b-8e3bf57e220e
22500878,591,2026,3,1,22500878,2013bd6a-a08d-2513-f186-53317dfd6bc6
22500878,594,2026,3,1,22500878,47d2ca09-081b-7ffc-5af4-1b240398bec7
22500878,598,2026,3,1,22500878,d81e812b-6d3f-f010-b512-986e377ef657
22500878,600,2026,3,1,22500878,1bcdc1ea-8205-a240-6d5a-6acc189180b2
22500878,616,2026,3,1,22500878,457ff143-dba6-b381-e078-4f03001a5fd7
22500878,618,2026,3,1,22500878,78947a69-492e-d90f-e16a-ad3519d01e3d
22500878,621,2026,3,1,22500878,3de32021-1321-2338-91e0-9e6f3eb86b3b
22500878,623,2026,3,1,22500878,778ad932-e0b6-4315-66c3-615b12c0e289
22500878,627,2026,3,1,22500878,55f0934a-d2a2-a9d1-933a-01fdb6335c10
22500878,638,2026,3,1,22500878,932f5d3c-04d0-3be9-400b-2275b6d263d2
22500878,640,2026,3,1,22500878,b4a9050a-4913-f0fd-b7aa-3879fd599cfa
22500878,642,2026,3,1,22500878,1a297dd2-d7da-42b3-af0b-c4cfb165796e
22500878,646,2026,3,1,22500878,832477e4-0b3b-c876-2e7e-499a75b8a70e
22500878,655,2026,3,1,22500878,dd5d8630-2385-dc0a-d0f0-859a071399af
22500878,75,2026,3,1,22500878,0989ceb1-5e59-1f55-8e2f-ed3138fbd68f
22500878,80,2026,3,1,22500878,c1b9fa55-c552-0420-0899-9b98622b0556
22500878,82,2026,3,1,22500878,b0d04194-47b9-13bc-4686-a72f8da270bf
22500878,89,2026,3,1,22500878,c4a2f2e9-3958-9955-9af1-25f3571c73a4
22500878,11,2026,3,1,22500878,4d633415-390e-3e42-1594-97fcff7d2975
22500878,174,2026,3,1,22500878,ef75da2a-5198-4c2e-9010-1041fde6dd4e
22500878,180,2026,3,1,22500878,a44f0314-a5f0-fcb8-2f13-c232a0683c90
22500878,229,2026,3,1,22500878,bfe89a4b-a6b1-ce15-e23b-c650082aae00
22500878,238,2026,3,1,22500878,42b89537-8c7b-a1e0-5d8b-92e42772f4c0
22500878,240,2026,3,1,22500878,e0e934b1-a75c-27c3-a51e-b4fb4e1ceea2
22500878,327,2026,3,1,22500878,3e862f13-8013-dc2d-5cba-425aa07d7cc7
22500878,372,2026,3,1,22500878,d9778857-b7e2-d75d-dbf4-9f297930cee8
22500878,383,2026,3,1,22500878,df465eb2-a964-9b98-3683-7bfa4ab2c7bb
22500878,403,2026,3,1,22500878,ac555d3e-194b-fcf6-71ac-f27bcb639747
22500878,43,2026,3,1,22500878,20962707-eead-9984-8bcf-d509f435b80e
22500878,492,2026,3,1,22500878,8ba0daf0-e96d-9658-41e5-e3ab30c056ba
22500878,528,2026,3,1,22500878,53938995-eb14-9d45-475f-ea6614405e96
22500878,55,2026,3,1,22500878,ff1306b2-d0e7-f8bf-9f4e-7fe92b2d2c28
22500878,613,2026,3,1,22500878,752360c9-6fcb-b465-a512-4c7090bd9fc9
22500878,635,2026,3,1,22500878,72450296-f021-59d0-08c3-b1506c32be34
22500878,71,2026,3,1,22500878,490218c6-ca0f-c0a6-d6b6-90b8e18c2ce9
22500878,77,2026,3,1,22500878,28c91e9d-48e5-3d00-1b4c-40cbc2edd020
22500878,110,2026,3,1,22500878,1e2b3714-c63d-a7c4-c818-06a6306da828
22500878,148,2026,3,1,22500878,45c9d984-2fff-5e1a-7da9-c53d064a3c0f
22500878,190,2026,3,1,22500878,222cf1e1-2f93-00ec-6eb9-4ffead7fc624
22500878,268,2026,3,1,22500878,41ab7890-ea37-a96d-64c7-c8092ef03681
22500878,288,2026,3,1,22500878,c5c5d212-5168-946b-de4f-a09880234a02
22500878,307,2026,3,1,22500878,8c635bfa-6035-f66f-d38c-9370cdaf835d
22500878,310,2026,3,1,22500878,550d5155-6a88-3410-0401-c6c5cc4d7535
22500878,398,2026,3,1,22500878,909a094f-16f5-a39c-452e-3eaf6e3f2e36
22500878,461,2026,3,1,22500878,8dbbb100-2ff9-e4a0-df45-b67ef5d0c6b0
22500878,559,2026,3,1,22500878,bbf25b91-92ab-656c-f283-86ae7c5bdf7e
22500878,83,2026,3,1,22500878,2dfa301a-8df1-2deb-0b38-29ef2ec200a0
22500879,107,2026,3,2,22500879,fc12ba7c-eb4d-b08b-a2be-e01c9c41063d
22500879,128,2026,3,2,22500879,3de973b9-e986-03b1-013f-3c6cf7b57147
22500879,130,2026,3,2,22500879,8f194c30-9b03-1aae-fd59-a221d7dcfd36
22500879,143,2026,3,2,22500879,97fb3e6c-043a-8a13-9881-db0440562a0a
22500879,178,2026,3,2,22500879,42f95ec4-6c97-9b19-f629-215e2058af31
22500879,182,2026,3,2,22500879,aa78feec-e524-2523-3c74-0c0e94deb97b
22500879,184,2026,3,2,22500879,da0f5f3f-cf77-163e-5aa3-abca9e149341
22500879,187,2026,3,2,22500879,1ce83b64-cf64-d17c-7c45-c24c16779fb2
22500879,195,2026,3,2,22500879,6c5d44a3-8c12-ad91-bd40-4059948f395d
22500879,251,2026,3,2,22500879,0dd8eb15-2559-eef2-93a4-4ec888581474
22500879,255,2026,3,2,22500879,8b61f7c2-5ae6-dffd-784d-87dcdb583dfb
22500879,273,2026,3,2,22500879,550543ce-2360-35e7-bac5-b503f5527625
22500879,298,2026,3,2,22500879,d5a0aebc-39d1-9941-3902-8a6de0fb329a
22500879,302,2026,3,2,22500879,3be912e9-38b0-40ed-222b-1e5aeb2aedc1
22500879,312,2026,3,2,22500879,2b63c683-e446-d911-7d0c-80b73f3bc4d7
22500879,322,2026,3,2,22500879,95b2888b-4ce1-921c-0d48-26287377bf42
22500879,363,2026,3,2,22500879,2f6dfd24-0f4b-e8ac-8527-37a9acaac09e
22500879,37,2026,3,2,22500879,bf68e38b-14b3-f08a-9d9f-9a5eafa34df5
22500879,383,2026,3,2,22500879,9f2cdd81-1b4b-45fc-692c-d4bef6af612a
22500879,391,2026,3,2,22500879,ecce7423-487d-91bd-ffa4-7cdd8a1dda66
22500879,393,2026,3,2,22500879,7a3ce8fe-49cb-44db-d67d-d97656f413b0
22500879,398,2026,3,2,22500879,d53b60bd-837f-9d2f-f6eb-ac7342d3433e
22500879,412,2026,3,2,22500879,c6e3bcdc-73bf-b75d-ae8f-db01591cb295
22500879,419,2026,3,2,22500879,db17a3ed-6f5f-b80b-2681-30f144aa35d5
22500879,448,2026,3,2,22500879,7249c6a7-8827-03c6-9640-0d5dc918b721
22500879,473,2026,3,2,22500879,fd4abb0b-cfec-eb86-b6e9-f94db373e25f
22500879,493,2026,3,2,22500879,d4ae0204-3e8e-9eb3-d8e2-ce26e0820508
22500879,497,2026,3,2,22500879,af48f875-2f65-eda8-9779-ce6b248b491a
22500879,499,2026,3,2,22500879,dcb20169-83f5-04d2-0cab-b040a88c3b2c
22500879,54,2026,3,2,22500879,109f9d21-2fb0-2e29-9731-0ff238aeda55
22500879,555,2026,3,2,22500879,9f11e4b9-b2c1-c9fe-a51a-adc3dd1e42bc
22500879,558,2026,3,2,22500879,c18e33fb-da22-8baa-a986-3dd4aa22535c
22500879,620,2026,3,2,22500879,cddc30e8-b847-ce10-8d14-3458cd39bf63
22500879,628,2026,3,2,22500879,a378353d-75c3-9e48-0956-bcd8b1aad852
22500879,664,2026,3,2,22500879,7515cd95-d530-edac-67e9-4075a29acc45
22500879,683,2026,3,2,22500879,ac63af66-71d1-3af5-f2a0-d88d50c229f9
22500879,690,2026,3,2,22500879,5c7f1d83-a2e6-eadd-e3de-7a4a8b59adb3
22500879,698,2026,3,2,22500879,15ecebbd-6459-1d58-3b5a-1820bbefeab0
22500879,708,2026,3,2,22500879,d8dd564d-a636-b66a-75e9-f12a2b0e90e4
22500879,91,2026,3,2,22500879,045ff4f9-ef1e-e70a-862e-2db2fe6c13f7
22500879,112,2026,3,2,22500879,d2f3cb71-9726-b5cb-1d98-c4366db5342a
22500879,27,2026,3,2,22500879,697df0e4-c167-5b78-6185-f0b759a2f48c
22500879,31,2026,3,2,22500879,ef68d4f0-ed29-4de2-a786-e5e562fb9d9b
22500879,34,2026,3,2,22500879,31a1470c-2dc7-a489-24ee-0f6e07cff27a
22500879,371,2026,3,2,22500879,38b7a7fc-d150-2daf-939a-b68579755fc0
22500879,455,2026,3,2,22500879,e343f90b-f8a0-805f-e054-3c1e48721912
22500879,468,2026,3,2,22500879,5b4d17b8-872a-0205-2ae2-29410678c6c2
22500879,547,2026,3,2,22500879,cb108c21-4c16-48f3-3387-32cecf297cfe
22500879,571,2026,3,2,22500879,4c6000c0-c0f5-c4d1-1cc5-3c9f5d383aa3
22500879,105,2026,3,2,22500879,6d3386ee-1ba5-60c6-6a88-2f27c3a035e2
22500879,109,2026,3,2,22500879,b549b0ae-0a23-bee4-d1bb-6fef11663ae1
22500879,111,2026,3,2,22500879,887c761b-3dcb-642d-59ba-ad770c1aeffd
22500879,12,2026,3,2,22500879,afd98106-e90e-ad7b-5ce0-634ca1ff4e07
22500879,132,2026,3,2,22500879,01741153-c9ab-22cd-1040-b4dfa3d2a7fb
22500879,134,2026,3,2,22500879,f56f16d4-0fd7-8b9d-b771-effaf2c78548
22500879,137,2026,3,2,22500879,96a8c005-8ae3-f951-5ebf-fc35aad0f8c3
22500879,14,2026,3,2,22500879,a2c3402a-37b9-f185-35f0-8b50f6749b2d
22500879,145,2026,3,2,22500879,39f9b8ee-53b5-28dc-f715-f10e07212d42
22500879,151,2026,3,2,22500879,c24e8a98-3fc1-5d21-fbe7-2ce72f536883
22500879,152,2026,3,2,22500879,17ea3a84-ee1a-fff7-400d-e9132393cb91
22500879,154,2026,3,2,22500879,363acc61-c943-3382-7192-9de8cf8033b0
22500879,156,2026,3,2,22500879,05f0292a-1e65-32c7-db74-57365a97dffe
22500879,157,2026,3,2,22500879,aec69f83-1852-199e-5769-381569ef1a16
22500879,158,2026,3,2,22500879,a9cc17f7-534a-b8d6-0800-e0279781ba7f
22500879,16,2026,3,2,22500879,e1a4e6fe-261c-acb3-c9f9-d2aa7e54e00e
22500879,160,2026,3,2,22500879,40d8d212-9490-7adb-80b0-84df43df2a9b
22500879,162,2026,3,2,22500879,6ab6fd5f-b513-d626-930c-f05f026246f9
22500879,167,2026,3,2,22500879,5fbf1851-43cd-c144-40ff-f5b67b82b444
22500879,17,2026,3,2,22500879,815c14b0-91da-2efb-25cd-9f906c5943ea
22500879,180,2026,3,2,22500879,5277f1c6-70e4-82b9-da92-bbba33ffd4df
22500879,19,2026,3,2,22500879,2c0c73e4-a5ee-bc39-909b-d35b7067acf0
22500879,194,2026,3,2,22500879,e8a9d8e9-129d-f1a2-9757-3069e5beb1f9
22500879,199,2026,3,2,22500879,e356d5a5-dd1f-d2d6-c1a9-9687a4851f36
22500879,201,2026,3,2,22500879,2cfcec44-5fdc-a59c-a194-8c96a3d76c52
22500879,202,2026,3,2,22500879,925943e7-1297-d5fe-6702-c85f76d39241
22500879,206,2026,3,2,22500879,4aede334-cc8d-5810-4ab9-b2a65e811b55
22500879,220,2026,3,2,22500879,ddd50861-488c-888f-0694-64799dbd3500
22500879,222,2026,3,2,22500879,b22ef780-de28-e822-6c44-941c9242a109
22500879,229,2026,3,2,22500879,a9912818-a9ec-81e4-d38e-df09f57b4710
22500879,231,2026,3,2,22500879,33b1c619-7909-4c2b-31e5-634dd51ed60f
22500879,233,2026,3,2,22500879,69e0d56d-bf7c-f007-dc37-8963c8ca3718
22500879,235,2026,3,2,22500879,b0c17b19-0583-1789-0b0c-ef14e647a648
22500879,253,2026,3,2,22500879,2f939b5c-25fb-2181-d545-331459b94d38
22500879,257,2026,3,2,22500879,e6a66678-a41a-84fc-0fa0-09362d7248ba
22500879,259,2026,3,2,22500879,08ee51c8-314c-f92f-b6df-ac3cac7f0a0a
22500879,268,2026,3,2,22500879,b695830b-9848-bfc4-618b-c0da0b3d1525
22500879,270,2026,3,2,22500879,01ec4e70-937f-a928-6ad6-847782251601
22500879,289,2026,3,2,22500879,6173b1e6-2b6c-a7cc-df1d-67710e0391d5
22500879,290,2026,3,2,22500879,709beaec-4ec7-aa64-401d-a2bf34c81f06
22500879,304,2026,3,2,22500879,240ab8e8-481d-829c-0d2a-cec10b4c6a07
22500879,306,2026,3,2,22500879,9bacfec4-d71f-04e6-3655-4064a4d04c3b
22500879,308,2026,3,2,22500879,a181fe9c-f853-fdaf-5654-84aad1ea3fbc
22500879,309,2026,3,2,22500879,f291b426-a1f4-e1b2-3f65-c6055878ff97
22500879,314,2026,3,2,22500879,ef27c7f4-d54e-5212-1656-9db12ac112a4
22500879,315,2026,3,2,22500879,baffbca7-0cd7-49a0-c4ab-77fa8f04225b
22500879,317,2026,3,2,22500879,9f946371-f9ec-6c45-ecd5-60d13d168ed6
22500879,320,2026,3,2,22500879,6aed38fd-9533-6ba6-fd8b-48d336225eab
22500879,331,2026,3,2,22500879,cd839b10-c973-f230-25b7-cb743efc8ee5
22500879,343,2026,3,2,22500879,bc6a20a1-1fbe-3365-a539-866f076823cd
22500879,352,2026,3,2,22500879,384c7a1a-7ab2-ef69-02eb-737eb5c1b299
22500879,354,2026,3,2,22500879,2b15a4aa-8a33-ee7c-4225-7df4215821e6
22500879,360,2026,3,2,22500879,fd98efe5-742a-e864-f101-8051ea02cf3d
22500879,366,2026,3,2,22500879,a1f34d48-38a1-7e19-96cd-292923456545
22500879,368,2026,3,2,22500879,aa2c601d-dcdf-b8e2-cb12-7bcc4c2c1891
22500879,369,2026,3,2,22500879,8b55fa0a-181b-6434-04e9-e4d2f663063d
22500879,385,2026,3,2,22500879,2e08819b-dce9-f054-1836-283e38cabba3
22500879,386,2026,3,2,22500879,ff6cec05-4409-1214-9d51-1a719da2ff84
22500879,400,2026,3,2,22500879,375863b5-13a8-e76a-94ba-595fa2a39bf4
22500879,402,2026,3,2,22500879,0541f5b9-2163-884d-3c0d-b2ac5bc44a37
22500879,41,2026,3,2,22500879,4a71eea9-ce61-f8bd-5f49-8927ea2894bf
22500879,416,2026,3,2,22500879,8742d8d7-c64a-efc4-6a17-45d5eac1edf1
22500879,420,2026,3,2,22500879,b5f0e2bf-ebf1-6018-6b57-d0aa58e12f01
22500879,429,2026,3,2,22500879,2ee47057-8279-54ce-c9a1-d3b1f78bbd6f
22500879,43,2026,3,2,22500879,b600a076-528f-0612-f4d9-d82e1f6b8eea
22500879,430,2026,3,2,22500879,d87b8632-0903-de28-39aa-6bec04f025a1
22500879,432,2026,3,2,22500879,6dd8cb5a-d787-6a81-c906-07aca92e4e67
22500879,434,2026,3,2,22500879,0f9fe9fc-dc1c-5163-f47c-17c2484396a7
22500879,435,2026,3,2,22500879,d9373334-ef0a-58b1-15ce-3810a5228850
22500879,44,2026,3,2,22500879,a6ad599b-8810-018e-7147-41553e0b75c4
22500879,441,2026,3,2,22500879,56f22659-fe97-0f6f-98d6-2e892e7295c2
22500879,443,2026,3,2,22500879,5944ed7d-40d8-97f9-0196-7b4722a41b83
22500879,445,2026,3,2,22500879,d4929988-a8d7-7c48-d8e0-e0688c4836ca
22500879,446,2026,3,2,22500879,45be3a95-714e-78dd-7a29-fa52f4f70a43
22500879,45,2026,3,2,22500879,69233447-f7bf-7e75-edf8-5e53e9a1cf4b
22500879,454,2026,3,2,22500879,4e8073bc-a38b-c190-ccdd-7c17280b62b1
22500879,458,2026,3,2,22500879,88ab3492-72f9-2dd7-2487-0a2cb3a8393c
22500879,475,2026,3,2,22500879,f82413be-4fec-9196-7709-a9fea517f8b7
22500879,481,2026,3,2,22500879,9427fed9-a0d1-2e25-594b-5d753f015fc4
22500879,489,2026,3,2,22500879,386cdb30-e1b0-37f3-1e24-8206ecbef79c
22500879,49,2026,3,2,22500879,975cf5fb-8a3b-2d49-0de0-b6de5fbb4645
22500879,491,2026,3,2,22500879,285331bd-d648-ae92-c0b2-2694b2cee71a
22500879,495,2026,3,2,22500879,74f8e4c6-0ba4-f65e-549b-b5d2073a6cbd
22500879,50,2026,3,2,22500879,59a0095d-fd19-c9b0-009d-d0b1d838e21b
22500879,502,2026,3,2,22500879,4546c792-2113-0d14-9ff0-b864c749d7a1
22500879,52,2026,3,2,22500879,a7bc5e6e-fc88-87d8-c22e-2498fd06da34
22500879,525,2026,3,2,22500879,b8930f2c-bcaf-5a9a-db37-de4514e95de2
22500879,532,2026,3,2,22500879,fa31d681-a957-6410-0ce8-b7b591aeab33
22500879,544,2026,3,2,22500879,36b3deff-f3e3-247a-8e39-0a05509c0868
22500879,551,2026,3,2,22500879,c9d7a326-8110-3927-7f2c-a4d3fb0dd0d6
22500879,557,2026,3,2,22500879,2e1a1ab4-4450-5d99-938b-5c3a5891a819
22500879,56,2026,3,2,22500879,a0114032-ca11-c7a9-6f65-c460fee80125
22500879,561,2026,3,2,22500879,3e96bdc6-f677-b028-fc5a-ab4d5eb171d0
22500879,563,2026,3,2,22500879,70c88f0d-fbea-d63a-6350-b880bbdba7ec
22500879,565,2026,3,2,22500879,8aa05475-3504-c937-7cd2-538656ceec59
22500879,575,2026,3,2,22500879,c7a86c17-84a4-ac10-190b-35f77263798a
22500879,576,2026,3,2,22500879,102c079b-6711-bf95-bc1c-c57ee54d6540
22500879,577,2026,3,2,22500879,df2834b0-2d7e-f4d6-bee0-df8f16d2cf83
22500879,579,2026,3,2,22500879,74b6af53-ca59-423a-0d2b-2554e2100ab8
22500879,592,2026,3,2,22500879,739cc833-fd62-a0d4-b2b9-c611dac53768
22500879,593,2026,3,2,22500879,e4c5f2e6-5eeb-a706-9707-71bde585de41
22500879,599,2026,3,2,22500879,f35b4a8d-93d8-786d-12de-9d8d040df8bb
22500879,603,2026,3,2,22500879,fcc39d3d-15eb-f4ec-0acf-fa89e2ee878d
22500879,605,2026,3,2,22500879,585dafd7-e020-feea-dc84-1ce539b5cfb1
22500879,618,2026,3,2,22500879,b7197d5d-a3c9-3b37-6bca-4ecb56a64d8e
22500879,623,2026,3,2,22500879,e7c96689-1358-c422-d3ff-d92a269dede7
22500879,625,2026,3,2,22500879,04c8a0e3-e922-7138-9818-b778d839c382
22500879,626,2026,3,2,22500879,05f140f5-cdb7-5f7c-a68e-ef209502cc48
22500879,627,2026,3,2,22500879,712ab2f7-66d5-7f50-d4ff-fedea462776c
22500879,629,2026,3,2,22500879,e6f0c8e4-02ea-904d-b902-35fde6c9e5d8
22500879,633,2026,3,2,22500879,7da48219-8964-fbe0-f7e9-fd1c8ce45d22
22500879,66,2026,3,2,22500879,f3f4c15c-8989-eb85-d4c9-df9821ec0103
22500879,666,2026,3,2,22500879,d807d98f-47c5-584d-2b25-36c5a94c7adc
22500879,668,2026,3,2,22500879,a2dcc9c3-3aa9-105a-7d45-7ccb44694684
22500879,674,2026,3,2,22500879,792c6d65-0a16-759f-7aa1-60d4e39199f9
22500879,678,2026,3,2,22500879,e682e786-8280-f2a8-c448-988698adedba
22500879,680,2026,3,2,22500879,f695b339-d941-0950-98ab-4e33fd1c1d55
22500879,685,2026,3,2,22500879,91f1b2d2-f33c-bc02-04ce-d77532f0fc39
22500879,687,2026,3,2,22500879,dc9f64c3-924a-6e9b-5e96-b07eeff2c330
22500879,689,2026,3,2,22500879,486068ae-2b09-6b59-1699-7c1c8037c8ac
22500879,692,2026,3,2,22500879,60d108ca-6100-6873-8eb5-e2b2ae0a0813
22500879,7,2026,3,2,22500879,4e9f2a2b-d950-b001-9b58-6843650883ad
22500879,70,2026,3,2,22500879,b6707bb0-c6c3-9982-7e1e-d30af0c81f3d
22500879,700,2026,3,2,22500879,a4c9702c-14f1-a440-b467-8a55c55e805a
22500879,705,2026,3,2,22500879,3d4cc0fa-cf1c-6556-0a28-2620d91d9c6c
22500879,713,2026,3,2,22500879,85e41ae7-8888-eab4-9a79-ee31225ae963
22500879,74,2026,3,2,22500879,8d0f869b-b8a0-dd69-d654-d1cc4a565368
22500879,76,2026,3,2,22500879,6d75bfe9-bd16-84bf-3f2d-e7fc6bd50d3f
22500879,78,2026,3,2,22500879,6ee1d410-2846-4d22-a0ea-3d964f941009
22500879,86,2026,3,2,22500879,0c13d929-03dd-4d3a-d365-fdb6f8c36c24
22500879,88,2026,3,2,22500879,5f5a516c-7f16-abbe-8632-01773f548298
22500879,9,2026,3,2,22500879,c181bd6c-e7cc-bffa-87a2-f3d8f8a9f041
22500879,93,2026,3,2,22500879,e331bdb7-8d16-27fe-5a43-07c7ef429f33
22500879,106,2026,3,2,22500879,fe3d8dc4-c168-1427-abbf-f3977c51e8d8
22500879,110,2026,3,2,22500879,18c610a8-45da-80d4-a6e0-ede93085f8b8
22500879,13,2026,3,2,22500879,f83b7418-34b4-9fa6-d299-a4c7aaeaaeb3
22500879,133,2026,3,2,22500879,4b238f42-1d39-26ab-6bf0-79fd6a9f21c4
22500879,138,2026,3,2,22500879,f59de1ec-3de8-7e25-3793-0dd030d96ac1
22500879,146,2026,3,2,22500879,89fe7602-8505-7e07-08f5-adc3656f848a
22500879,15,2026,3,2,22500879,b7dcbcc3-ec09-93cc-813c-5d5a05285ad9
22500879,153,2026,3,2,22500879,dfdaa359-b53a-df67-d78e-f0449e0d21f1
22500879,155,2026,3,2,22500879,a7d79cd8-81e3-00b2-40cd-6d1bdf3b7522
22500879,159,2026,3,2,22500879,d04ec6c3-f7aa-03cd-9943-e770af5a2a10
22500879,161,2026,3,2,22500879,7b03ca01-c7e6-59e0-9a36-e4ee470df1dd
22500879,163,2026,3,2,22500879,951e8af1-b7d2-3d82-c8aa-6b48d3ca1d84
22500879,168,2026,3,2,22500879,bb0b654e-ada1-9612-4ec4-624432717957
22500879,18,2026,3,2,22500879,f1c75321-bd10-a0d5-a29f-f33233910d1d
22500879,181,2026,3,2,22500879,6fab22b1-c439-30bb-f494-7e03ea750da6
22500879,200,2026,3,2,22500879,f0dd4688-05ec-d4e5-c8ed-f9cbc1973fc8
22500879,203,2026,3,2,22500879,311f1158-d906-2539-47b0-17c4414cbe08
22500879,207,2026,3,2,22500879,10d78cb8-db10-ccf4-4d06-affc9af5a7a1
22500879,221,2026,3,2,22500879,e6bf2a01-1ce2-5feb-893e-f6f07cb062fb
22500879,228,2026,3,2,22500879,78000350-e0c4-7b4e-0920-310a4a7934da
22500879,230,2026,3,2,22500879,787443bd-6d67-fd85-bb63-e3186578629d
22500879,232,2026,3,2,22500879,7161bb38-9724-d673-16c6-275f32aa70a9
22500879,236,2026,3,2,22500879,ec0ba3de-28dd-0525-ffc8-e4180a57df70
22500879,254,2026,3,2,22500879,90b770e6-6c44-7aca-92d3-616bb3fa3a7d
22500879,258,2026,3,2,22500879,2cd9a5fd-2cbd-d72a-1567-bf00e19b74a3
22500879,269,2026,3,2,22500879,e5685907-1879-f13b-d631-54d07e22a72b
22500879,288,2026,3,2,22500879,18c1cb20-1b5d-7f37-f25f-9918eb319f42
22500879,291,2026,3,2,22500879,9dedd14a-8842-56f0-e715-9564a4e386cd
22500879,305,2026,3,2,22500879,9be0e312-7980-f481-f151-6fc1dd17670d
22500879,307,2026,3,2,22500879,7cdb7444-adde-4f0d-7e2d-bc95d7a8461b
22500879,310,2026,3,2,22500879,a17579ca-b5bf-e583-f5f9-562266652809
22500879,316,2026,3,2,22500879,434f308d-ca8e-40f7-5ef8-89a77edb143e
22500879,319,2026,3,2,22500879,2ee15bf9-c258-16c8-bc7e-a75c16e3a419
22500879,321,2026,3,2,22500879,19e52b98-eed6-be3c-f21d-f7eda6029ef3
22500879,33,2026,3,2,22500879,7323e1ce-5bb2-0642-9764-d464b3f8052f
22500879,332,2026,3,2,22500879,c4c37877-dd28-b56f-d87d-9ff3316d10f5
22500879,344,2026,3,2,22500879,c08fdb17-122b-6db2-2b6c-b2c4a07ba2e1
22500879,353,2026,3,2,22500879,4b844b77-bb76-f0b2-9e12-28407ea95270
22500879,36,2026,3,2,22500879,6f9c7290-ff5b-06c0-1736-6ac264db8179
22500879,367,2026,3,2,22500879,0d749558-ea99-18f6-fa2d-75321da078f8
22500879,370,2026,3,2,22500879,4b13e685-3bdc-515c-a86e-6bcc68b03443
22500879,387,2026,3,2,22500879,7d3d38ec-fca0-c6c4-dd77-3b4aa065dd6d
22500879,401,2026,3,2,22500879,afe1a485-a3d4-0ea3-f2d7-8499f87d6ef8
22500879,42,2026,3,2,22500879,f29d0664-9206-5da0-0a5d-f986c8616e71
22500879,431,2026,3,2,22500879,aebb05e3-a94c-a532-f4fe-304a29d83cd2
22500879,433,2026,3,2,22500879,2d2c92cd-82cb-aa48-d5cb-4219a020ab20
22500879,436,2026,3,2,22500879,1a8c0c3e-882e-38a0-8fd8-930ae7010e52
22500879,442,2026,3,2,22500879,ba967265-f69c-832a-0d4a-c67f43e7b147
22500879,444,2026,3,2,22500879,a20ecfe7-4237-6c79-9969-575bbe9f2d58
22500879,447,2026,3,2,22500879,286dd1e2-efc6-9427-c235-ff98d90ab581
22500879,457,2026,3,2,22500879,f6bb1cdf-0656-9f77-0b2c-29901517a21b
22500879,459,2026,3,2,22500879,adb2302f-5bfa-cb65-a579-8ea5c8dc461f
22500879,470,2026,3,2,22500879,d70c509e-7887-dcb5-8d07-dfc50d7fac9e
22500879,482,2026,3,2,22500879,45fecfdc-6666-e087-6e0d-435dfeb941fa
22500879,490,2026,3,2,22500879,b10e8e2e-5f08-646c-1628-a04126b24c2a
22500879,496,2026,3,2,22500879,8f514980-db5d-dd0e-b25e-24f5dcc205c8
22500879,51,2026,3,2,22500879,836eaded-ae64-48e6-0487-6349045c4177
22500879,524,2026,3,2,22500879,9efa3ce9-0ce4-e6c6-fcb7-d86eb97b6e42
22500879,53,2026,3,2,22500879,ab939af3-99cf-301d-c4de-104e559cf959
22500879,533,2026,3,2,22500879,7511dcfb-0c0e-1b0d-e574-a5a979994861
22500879,552,2026,3,2,22500879,34a2b9bd-8c11-0091-3dba-08c547560840
22500879,562,2026,3,2,22500879,473a4fa0-fa08-76a5-73bd-02070ed377f6
22500879,564,2026,3,2,22500879,a7ba883e-5073-2cd9-b71c-e31cb4e389c6
22500879,567,2026,3,2,22500879,25f90603-65a6-dba7-d631-40d81abc097a
22500879,580,2026,3,2,22500879,094ea59e-ccf2-d5e2-a7ae-e555a3bc532e
22500879,600,2026,3,2,22500879,32ebbd16-6d83-d4e1-6234-1beed55eb5de
22500879,604,2026,3,2,22500879,b6ff5339-5018-c28e-bf9b-b7404b1cf728
22500879,606,2026,3,2,22500879,8b705ad5-3409-94a4-cb7e-acc1052e2ef2
22500879,619,2026,3,2,22500879,6bb32518-1de2-ec4f-2d8a-2e0fe46c0bf6
22500879,624,2026,3,2,22500879,596e8557-3359-42b0-1b0f-1710df023bb0
22500879,630,2026,3,2,22500879,116cdd18-bc53-326c-f63d-d01ae8783b7e
22500879,641,2026,3,2,22500879,75b7df80-6c62-e928-32a0-5bd46601b206
22500879,667,2026,3,2,22500879,9249b3a5-c86d-61fa-0aab-b4b49daf5620
22500879,67,2026,3,2,22500879,13c9916b-70fe-91b9-659d-7e3e1ec12fbc
22500879,675,2026,3,2,22500879,ef7af560-1a73-c12b-3b36-a16ceb0b57c0
22500879,679,2026,3,2,22500879,eb7a2f98-4c3b-3563-8a22-27242ce51217
22500879,686,2026,3,2,22500879,782b199d-cd0a-d97f-1c52-04c4b6efde51
22500879,688,2026,3,2,22500879,3797baaa-69e1-1a8f-e897-f72cc20b412c
22500879,701,2026,3,2,22500879,1d7e76d7-e57b-7a84-4300-a821d12e6327
22500879,75,2026,3,2,22500879,5b74c8e4-9bf8-07e2-7306-53d1d4e43afb
22500879,77,2026,3,2,22500879,e4781e51-81a3-4887-2871-d3a966fdab51
22500879,79,2026,3,2,22500879,096c9871-7f3d-0043-6bab-bfa28e77073d
22500879,8,2026,3,2,22500879,b420834f-2a70-cd21-b494-0ebb2aca3ea4
22500879,87,2026,3,2,22500879,629c706a-d9db-f5a8-9d1f-4dddc588d75f
22500879,90,2026,3,2,22500879,905d72da-4f25-ab9e-133f-99c662616766
22500879,126,2026,3,2,22500879,f7a488b6-cc24-a6b9-059e-69d62281a05e
22500879,192,2026,3,2,22500879,642faa33-e9fe-a3d6-e802-a7b896c57527
22500879,197,2026,3,2,22500879,6bdfdcd2-864d-41d2-d1a9-875bd3bfec63
22500879,204,2026,3,2,22500879,0f1b5ba7-3353-0113-58aa-a5ff972d779d
22500879,249,2026,3,2,22500879,277c3630-4c1d-bf69-1895-d68f47ccad84
22500879,300,2026,3,2,22500879,977a5571-ce1a-f0c3-2744-c7c6519dbbd5
22500879,336,2026,3,2,22500879,87565eb9-e8f8-9e0a-9de5-5d206b63c111
22500879,345,2026,3,2,22500879,2c2239ed-e6eb-4bae-1724-cf58ef18df5b
22500879,350,2026,3,2,22500879,3e6f9085-512d-d14b-ddd3-f96c4a1b964e
22500879,358,2026,3,2,22500879,583ca5b9-d443-a848-d3fb-1aafa75ddd5f
22500879,361,2026,3,2,22500879,256370b0-ef86-8cbc-c44b-e04ad6b61784
22500879,39,2026,3,2,22500879,a1d13360-196e-afde-ed23-177ea093f777
22500879,410,2026,3,2,22500879,3caa98f8-e03a-4275-5153-79dc052b4e21
22500879,471,2026,3,2,22500879,76b041e4-9e50-4ee7-083b-17c1c0f35cac
22500879,514,2026,3,2,22500879,cc954dd7-fc45-ee3a-5f97-bda922f5e710
22500879,545,2026,3,2,22500879,1822b407-c051-eab2-a669-6e8fe1cf8bfe
22500879,581,2026,3,2,22500879,271f6bf0-2cf4-4c5d-30df-9c9b690eb17d
22500879,607,2026,3,2,22500879,c4517b1f-3cc6-e29e-2601-3f14cd504c3f
22500879,642,2026,3,2,22500879,a69adddf-b27f-56d7-e21d-b29c41bd5864
22500879,660,2026,3,2,22500879,ed5917e6-9da8-5c3b-948d-0bfcad8909f7
22500879,676,2026,3,2,22500879,f7f076ee-15f0-66e8-b69b-a237c47323b8
22500879,68,2026,3,2,22500879,09fdce40-9b9b-d5d2-2a9f-3e98f666fea9
22500879,681,2026,3,2,22500879,03fe1103-ae58-543a-1c75-f69a05603da3
22500879,703,2026,3,2,22500879,9352c60a-ffeb-b6e5-5c08-96069159ff4e
22500879,706,2026,3,2,22500879,cfea8f93-b38b-06b9-4089-e3958efcbe89
22500879,186,2026,3,2,22500879,4a6c26d8-9a85-14ce-5941-3ff7a7ce3ada
22500879,191,2026,3,2,22500879,81445082-5a62-1a84-518a-f96506db6029
22500879,390,2026,3,2,22500879,39d2e3f8-ccac-dc01-71a3-f9c07c4c2411
22500879,406,2026,3,2,22500879,bcf7e15f-2557-df5c-a839-11644cb1727e
22500879,505,2026,3,2,22500879,e9854dd0-4432-f34c-aa7f-4c2f19184a35
22500879,663,2026,3,2,22500879,6c2464f3-a042-8967-66a0-e8b67e24257b
22500879,71,2026,3,2,22500879,15881f25-b4d8-3f5d-d5c8-55600fed507b
22500880,12,2026,3,2,22500880,0c0c9fc0-5dc4-b520-72cd-760ccb8f50c7
22500880,120,2026,3,2,22500880,f10fb9bd-ab91-8ccd-bb17-9ac6ffe01df4
22500880,136,2026,3,2,22500880,308d8bf0-590a-1375-ea52-c487e3aae01c
22500880,138,2026,3,2,22500880,7d686012-0d74-0b21-a5fd-acee5f4755a9
22500880,175,2026,3,2,22500880,fdee5375-c290-eabe-bbe7-a7143855a73c
22500880,180,2026,3,2,22500880,4b3bc4ea-0be7-67e7-2270-1a852a8bcb94
22500880,189,2026,3,2,22500880,2d6f10ec-eb11-e364-067e-af61ef6b7b67
22500880,210,2026,3,2,22500880,ea6c7cf1-468e-dbb8-db0e-578bf812e960
22500880,217,2026,3,2,22500880,f86ef022-b200-32ef-72b4-ecff52924bca
22500880,219,2026,3,2,22500880,5b454e52-2219-b40f-4a06-ebeb8c1bec25
22500880,222,2026,3,2,22500880,7fb1b8e0-1900-45e4-bae5-327b758c5ce5
22500880,224,2026,3,2,22500880,a76bbddb-4c62-7195-d1c7-3c75006ed9fb
22500880,228,2026,3,2,22500880,0f4dace8-3e44-a6a9-ecea-bd656049af74
22500880,25,2026,3,2,22500880,74fff658-cce1-f5f5-a2c2-5a29eb0ae28a
22500880,27,2026,3,2,22500880,783a20b1-ffdc-79aa-c8cf-31c63eab762c
22500880,291,2026,3,2,22500880,f2b9325e-f5da-081d-2c06-83ed07b06a35
22500880,320,2026,3,2,22500880,6968e298-3794-3ac5-5b44-bbb84bb16657
22500880,349,2026,3,2,22500880,a2b81777-cb10-d037-6070-dbeafb192133
22500880,357,2026,3,2,22500880,01a39330-fd52-c7b7-43b3-59efa102b227
22500880,364,2026,3,2,22500880,215b3c24-976c-1357-6466-758c07f0934d
22500880,368,2026,3,2,22500880,07787c9f-521c-861a-89d3-f32fe89ee362
22500880,373,2026,3,2,22500880,7a28f77e-45e9-40c3-46c4-ffcd529030ae
22500880,38,2026,3,2,22500880,8767f0d7-1651-8492-f4ee-6ce5d0adc952
22500880,380,2026,3,2,22500880,adfe3d12-85ac-8948-1700-0bc2b3c3b61b
22500880,384,2026,3,2,22500880,6c24b10e-e72b-ff00-ac30-18c9ff1c1f96
22500880,398,2026,3,2,22500880,fc56cc95-9eb4-d46a-14c2-a33433c7db7a
22500880,420,2026,3,2,22500880,baeba231-fc4b-9ac7-a1d0-225bf5a7ec08
22500880,44,2026,3,2,22500880,49e90f08-7cd6-8d24-27fa-db7df5207d23
22500880,445,2026,3,2,22500880,ef661622-46ea-6d97-0a8a-9b3194f0fdb1
22500880,449,2026,3,2,22500880,aecd3182-8d17-1619-40ba-f7d1a059167a
22500880,452,2026,3,2,22500880,f63e1d3b-5153-a1d6-f6a4-37fa93f9e443
22500880,454,2026,3,2,22500880,24f31dd4-0a87-d5d9-2100-00b430687807
22500880,498,2026,3,2,22500880,f4e726ce-3fc1-19c5-228a-f68dec56c87a
22500880,506,2026,3,2,22500880,0b89f02b-5120-f13e-1513-ac629ae7f056
22500880,514,2026,3,2,22500880,071384f7-9f5a-3ce4-eda9-000b7139c538
22500880,531,2026,3,2,22500880,9c64048a-78a6-f7b0-1ef5-6385755861f5
22500880,541,2026,3,2,22500880,511cb9cf-4c5d-5b6e-7162-a6a6a5344f29
22500880,554,2026,3,2,22500880,875e044f-3fcd-aa60-cf88-6d1fc9b70cf8
22500880,578,2026,3,2,22500880,f09f9da3-8219-0825-d59f-30d06a19d8b3
22500880,597,2026,3,2,22500880,5ff8a169-dd66-6e02-01c0-daa4c6f3fc77
22500880,60,2026,3,2,22500880,40bb3e7a-ffff-e602-7fac-bc6679e71987
22500880,603,2026,3,2,22500880,a97e1f8c-c698-618c-7a5a-919a2acb9156
22500880,605,2026,3,2,22500880,bdd195e6-f69e-6b94-78e0-acafd7c58fb1
22500880,607,2026,3,2,22500880,c51a69f1-2018-ac99-249c-c5d0ba3f0c88
22500880,625,2026,3,2,22500880,c5e722cb-256c-696d-7589-da9b9f9277c0
22500880,66,2026,3,2,22500880,f6ab7693-5f47-c77d-b3ba-bfb1848922fc
22500880,88,2026,3,2,22500880,256bff67-5edb-5e04-174b-dd7e2c63906e
22500880,90,2026,3,2,22500880,9dea0dea-8f03-deb8-30cf-fa0fc9a33e36
22500880,97,2026,3,2,22500880,5032de62-f5bf-4ac8-9e28-5688e6a8c96a
22500880,103,2026,3,2,22500880,e1f79cc6-8e96-3e59-db2b-6e09fc0af438
22500880,117,2026,3,2,22500880,80cc92ba-5f8c-484f-344c-b49a8c552a3a
22500880,182,2026,3,2,22500880,049b79a4-00c4-20e3-ee67-f79a8f3a73be
22500880,207,2026,3,2,22500880,216fa92c-d326-eb06-bfa9-d3e80e28c9e7
22500880,270,2026,3,2,22500880,6a26a1a4-6920-08a7-b8cf-01daca6ceceb
22500880,299,2026,3,2,22500880,a813e146-590d-3b98-04fa-5015aad9c86f
22500880,317,2026,3,2,22500880,418c94e6-9ff7-b767-0280-1e2906ec537d
22500880,343,2026,3,2,22500880,6af74eca-2581-1b6c-2851-113755018d12
22500880,395,2026,3,2,22500880,cf959e4b-a0c1-87d2-90ab-8c1a8fc77850
22500880,111,2026,3,2,22500880,2258b492-1cd4-61bb-3205-8f7c73165905
22500880,113,2026,3,2,22500880,249222a8-c1db-efa9-6a7f-0e5e13438fdb
22500880,122,2026,3,2,22500880,bb6eb54d-58f4-60ed-d4ff-2b27b8942756
22500880,13,2026,3,2,22500880,e1e9cf73-1bd4-1b86-32c8-0dc64eaa2091
22500880,132,2026,3,2,22500880,f313dac1-ab7e-549b-5832-f42a55e4e001
22500880,140,2026,3,2,22500880,2b4f742d-eb65-42e6-b05f-75acd704cbf9
22500880,149,2026,3,2,22500880,c25d8e77-a6d9-1dce-34af-f670b600ce65
22500880,150,2026,3,2,22500880,f29321df-affb-3922-1885-ac50d24cbb71
22500880,152,2026,3,2,22500880,90179f03-ead7-3d05-da98-2fd9da542ef5
22500880,154,2026,3,2,22500880,d7e58391-a85d-c05c-2eac-871e58222b75
22500880,158,2026,3,2,22500880,db6aaab9-070a-b450-518b-ac5284645f5f
22500880,160,2026,3,2,22500880,2d53cd9e-f5bb-ec55-186d-bd153705c987
22500880,171,2026,3,2,22500880,2014ca92-c7f3-5cbe-8eb4-1262bc2828b7
22500880,177,2026,3,2,22500880,bc7f7e9b-af1a-830c-577f-8858515c1501
22500880,185,2026,3,2,22500880,3551b9e2-2e69-5090-2721-deb254b8f884
22500880,187,2026,3,2,22500880,8531a4a2-75bf-75c9-be52-5e17227d8815
22500880,199,2026,3,2,22500880,9c622bdf-767c-e551-47d5-79063c154936
22500880,201,2026,3,2,22500880,967db389-8687-3337-e2b8-cf6f76a31880
22500880,203,2026,3,2,22500880,b34fcc29-aa31-4c08-eb22-3494f0f77d2a
22500880,212,2026,3,2,22500880,d335b9d4-fb46-2d78-b512-2e9ce5d89b86
22500880,214,2026,3,2,22500880,c9512bfb-9fd6-be0c-8201-9f10f285d1c8
22500880,216,2026,3,2,22500880,5b339bd8-68a8-f994-2412-d0d1763d8319
22500880,22,2026,3,2,22500880,f4e93429-7cca-bc88-deb9-1b30cffc98da
22500880,221,2026,3,2,22500880,de4ae9ec-a38c-7176-7bd8-a39ef1dc5f98
22500880,226,2026,3,2,22500880,627a4964-05eb-bade-229c-cca375299926
22500880,23,2026,3,2,22500880,c8ef0b3d-21c1-aaa0-5816-83f8a9372795
22500880,232,2026,3,2,22500880,924788f4-6090-971c-54cc-e117500cda24
22500880,234,2026,3,2,22500880,2bb4da2d-e86c-677e-572a-f1a0e732d3ab
22500880,243,2026,3,2,22500880,0dbacaee-10b5-8d96-6c7a-afec779a3c32
22500880,252,2026,3,2,22500880,73f97e41-20df-2d01-0465-78e28a935a00
22500880,254,2026,3,2,22500880,869b00f8-c060-b5c4-0e96-1004cb810370
22500880,256,2026,3,2,22500880,2d0dc968-4c52-c326-0b97-728e87ad14c3
22500880,258,2026,3,2,22500880,cf213ff5-46fc-3301-d8fc-231140d22b5b
22500880,262,2026,3,2,22500880,b62868d8-7619-68af-5a93-0183a213d3d7
22500880,264,2026,3,2,22500880,48c4c981-a608-c27a-9ead-94341d95b030
22500880,268,2026,3,2,22500880,c9c750fc-695a-27ff-3c2f-829712cb5e4a
22500880,269,2026,3,2,22500880,f997b529-3e7b-9261-8a25-7e082416bdd2
22500880,287,2026,3,2,22500880,729db886-80bc-efb6-1372-90eff6a7193d
22500880,289,2026,3,2,22500880,c794e229-0fcb-a5ca-8b08-9ef416e0fd0b
22500880,29,2026,3,2,22500880,9fc60f18-a4dc-bb75-8f2a-aa5cbd369596
22500880,293,2026,3,2,22500880,8b98d7e3-058b-77e2-7572-13fbcfdc0ae0
22500880,307,2026,3,2,22500880,b396fac1-0217-a8b3-a1c1-082dcdc60476
22500880,31,2026,3,2,22500880,45a5dac9-af57-3856-4e48-ca8638d2bf05
22500880,319,2026,3,2,22500880,29135835-f07a-8377-b849-6b7ef6e833b7
22500880,322,2026,3,2,22500880,a195b596-71a1-47e4-5a7f-7989942dbdf4
22500880,324,2026,3,2,22500880,4469a86c-5871-1e48-5fe7-5cb78b9b1eef
22500880,33,2026,3,2,22500880,dcfb0223-4a2b-c9cb-7b30-5f603ba4a6f7
22500880,332,2026,3,2,22500880,7601ecb8-1990-1641-2dcf-8c9fd77a4349
22500880,346,2026,3,2,22500880,3e25eb9f-ff71-3dbc-9594-a739e85b5895
22500880,35,2026,3,2,22500880,5a0dcc12-1b86-23f5-7cd1-084d58b04367
22500880,351,2026,3,2,22500880,17b1eca5-19b1-70f8-c0db-27a2c19cc0f7
22500880,353,2026,3,2,22500880,cebb5818-e33c-9bb2-28ec-77d1496f2cf6
22500880,359,2026,3,2,22500880,b299b299-38dd-1aa2-af3b-33f2f8bff466
22500880,36,2026,3,2,22500880,e51b1350-86c6-9120-cc93-96af186b9357
22500880,361,2026,3,2,22500880,c671cb21-13d2-16cf-6ce3-1ddcfa45dd1d
22500880,363,2026,3,2,22500880,caa3bd7b-9326-8b52-216f-f04780f92715
22500880,366,2026,3,2,22500880,728e97d5-2192-7b8f-096e-bb1eb8f93897
22500880,370,2026,3,2,22500880,3bebbe3f-8a97-7bc5-422b-7381e28177ab
22500880,378,2026,3,2,22500880,1082bb1b-de0f-7504-a6a3-5129bb0faa8a
22500880,382,2026,3,2,22500880,7e1a1bf6-7e57-2dbc-91fb-9d1fe73bc681
22500880,393,2026,3,2,22500880,a8cba8bf-e05f-1e5d-a50f-d46e75364513
22500880,40,2026,3,2,22500880,ed2115d8-1bfe-2f4e-5197-5ba6971f5ba5
22500880,407,2026,3,2,22500880,d00a93c7-c402-9c1f-b48f-8e89b8bb20bc
22500880,409,2026,3,2,22500880,08bb8efb-3f44-4d72-6dfd-120f15d7ae10
22500880,416,2026,3,2,22500880,55c468ff-a388-d3b7-2204-f5454565baa1
22500880,418,2026,3,2,22500880,adfca47b-91e8-4fa4-5189-d1c24ce8f32a
22500880,433,2026,3,2,22500880,10707cf1-1881-e571-c7da-4c8d6a6d19de
22500880,439,2026,3,2,22500880,6bb29e0f-b1a2-dbc0-f21c-5e5c1c78de6e
22500880,447,2026,3,2,22500880,9410aef0-7e5a-1777-13ee-14071c30f2e4
22500880,459,2026,3,2,22500880,80f3b6ed-db7b-0b0a-9258-f8ce8d8294b8
22500880,468,2026,3,2,22500880,8e2423f8-84da-8816-b863-58d7f80706a1
22500880,470,2026,3,2,22500880,0d9b3f69-c81a-bde8-2dfd-6a9703ff9c55
22500880,471,2026,3,2,22500880,174584da-7017-e184-484a-392d2bee7434
22500880,472,2026,3,2,22500880,37a9863c-f1c6-821a-2b16-d2abb29cc11e
22500880,481,2026,3,2,22500880,3abc8f48-fdaf-b08b-16cc-dc546b26052d
22500880,487,2026,3,2,22500880,5a8d2523-a7af-b62f-5841-f197e2b16619
22500880,500,2026,3,2,22500880,6465c01e-f3f1-d8f6-cc77-bf6c1eff6d1f
22500880,502,2026,3,2,22500880,5afb8959-edd0-771e-ce1b-36dd017b9855
22500880,504,2026,3,2,22500880,55717682-a5c0-eb66-a4d4-9968c26003f8
22500880,51,2026,3,2,22500880,61fd8874-7f96-0d8b-651e-c18186c57fb2
22500880,516,2026,3,2,22500880,54fa36da-125f-6de9-ef0c-59fbf166a5f8
22500880,526,2026,3,2,22500880,849375c5-2305-e0a7-0d90-05bc41715934
22500880,533,2026,3,2,22500880,37e85126-029a-e9a5-4d78-43f73550fbfe
22500880,537,2026,3,2,22500880,144e166f-662a-caeb-7569-a28092beb367
22500880,539,2026,3,2,22500880,5dd8e8f1-0194-ab58-6ee8-02174a0b8be0
22500880,55,2026,3,2,22500880,5f4bb4bb-0202-7d70-7a19-4ce7041043ab
22500880,550,2026,3,2,22500880,fe0c6d10-9281-2347-672d-d61b40d1f332
22500880,556,2026,3,2,22500880,923e1a8f-f456-0306-e827-bcecc6819ef1
22500880,558,2026,3,2,22500880,40cd55c2-0d94-f542-d276-bd1d875bacc8
22500880,560,2026,3,2,22500880,ac1d485e-20a3-a27a-2ebf-2efd675fd415
22500880,57,2026,3,2,22500880,631763e7-3d0c-e28f-2015-d451dc439dd3
22500880,570,2026,3,2,22500880,1ec16c21-a1dc-dd03-9261-89a279797d29
22500880,572,2026,3,2,22500880,71552cd3-9021-e63a-90a8-748829614629
22500880,574,2026,3,2,22500880,96f3a44c-d89c-b54f-6c62-1e7fc0d50723
22500880,576,2026,3,2,22500880,67a1decd-1847-c9aa-4898-ccd520644da5
22500880,581,2026,3,2,22500880,9eff04df-da3a-2f0f-3a33-60c0d12775dc
22500880,589,2026,3,2,22500880,19e9c0ad-8293-bde2-e4d1-857c2fd4c7cb
22500880,591,2026,3,2,22500880,38dccd76-ae10-510f-f3ba-f4fd7c855734
22500880,593,2026,3,2,22500880,fa0f1618-fd0d-516b-f28e-a38b7c823eee
22500880,596,2026,3,2,22500880,bb59c0c9-0df0-ef3d-7c32-8d1a38ffb6d0
22500880,599,2026,3,2,22500880,23889c12-fd22-53a4-b6f4-eff04800a4ff
22500880,601,2026,3,2,22500880,a0f90a6c-eff2-c624-9c74-5c5059f3b284
22500880,609,2026,3,2,22500880,7c3f55c7-2e89-5308-fa0a-d4f4540efd2f
22500880,62,2026,3,2,22500880,a4ec9f48-f223-4b24-2408-06b011d5111e
22500880,627,2026,3,2,22500880,c3643b87-32e1-1cbb-91e3-3d4854cc5532
22500880,636,2026,3,2,22500880,7d1716e7-af6d-4177-979f-ed36e5cb0d87
22500880,64,2026,3,2,22500880,afc482cb-4b3f-fe9c-83aa-420a87025675
22500880,7,2026,3,2,22500880,d2510028-a2e3-9f7b-3852-8d491ee3f080
22500880,78,2026,3,2,22500880,7b3f45d5-6e78-b171-892a-7dee8b683451
22500880,9,2026,3,2,22500880,47576c30-fe11-3be3-71fd-e9fc50dc0421
22500880,92,2026,3,2,22500880,420f48f2-857c-7dd2-dc62-430bba8b5dea
22500880,10,2026,3,2,22500880,fd353d5d-b52e-6f7f-eb3e-6ea344d6009f
22500880,105,2026,3,2,22500880,7f2e7894-1ffa-edae-05e8-7eae750cf06a
22500880,112,2026,3,2,22500880,ccad3ce1-9dc1-1b25-f29b-1bfd64a1d358
22500880,119,2026,3,2,22500880,baa103d7-5c47-113e-e4af-4ab7b4e7a182
22500880,123,2026,3,2,22500880,dc0d2170-3da2-aae9-24e8-34c0aa0e455b
22500880,131,2026,3,2,22500880,555411a3-6752-ac3a-085e-d5b22c8879a5
22500880,14,2026,3,2,22500880,b28a21aa-b743-e60b-9fab-c6145a7fc560
22500880,141,2026,3,2,22500880,d68b791d-3f69-338a-298e-51a0ea9a791f
22500880,151,2026,3,2,22500880,aaef2100-b2d9-f869-ef29-9fd3fb757fa2
22500880,153,2026,3,2,22500880,13aa9177-4c60-cc8d-0169-1c7f819155b8
22500880,159,2026,3,2,22500880,47964fc8-4e44-6ada-7e64-50968489e034
22500880,172,2026,3,2,22500880,6ed8cb1a-b5f6-039f-37d3-a72243513683
22500880,184,2026,3,2,22500880,bcd9c1de-140b-9744-71dc-f379cdb871d4
22500880,186,2026,3,2,22500880,34d94715-ee61-fd21-1708-6aa994ff2dcc
22500880,188,2026,3,2,22500880,4c04a201-2c89-7981-a6a1-161e611135bd
22500880,200,2026,3,2,22500880,cbe80ffd-c5e2-cb58-869e-79aaaf956d8e
22500880,202,2026,3,2,22500880,926446b3-488a-79dc-b524-a4d3b472ab82
22500880,209,2026,3,2,22500880,d9da49c9-203c-9485-4736-7a4124978485
22500880,21,2026,3,2,22500880,e3254efc-f78f-3f30-4a38-fb13f7ea11bf
22500880,213,2026,3,2,22500880,c79bb088-27dc-4980-1c6b-6923c8042536
22500880,215,2026,3,2,22500880,53e1d678-eadb-41c3-a445-9482c2f634ba
22500880,227,2026,3,2,22500880,cb81ff00-e7d9-208f-81e8-1f933058b745
22500880,233,2026,3,2,22500880,2251699e-0788-e86e-d9a7-6872592912e8
22500880,235,2026,3,2,22500880,a351fc20-1fb3-3838-6a94-7eaa1e4fb5ff
22500880,24,2026,3,2,22500880,4f93fd7e-77f5-3431-f81f-213f9e8238fe
22500880,244,2026,3,2,22500880,93046834-e211-3f5c-3a73-f0b179dfb756
22500880,251,2026,3,2,22500880,55b242f7-735c-25ce-f723-67e48a778fd0
22500880,253,2026,3,2,22500880,1224043e-b0a5-77ed-bdf9-cdcceaceecae
22500880,255,2026,3,2,22500880,c998f1e5-c785-0093-a257-834c4f5b7051
22500880,257,2026,3,2,22500880,b96fa30a-b5a9-b651-0684-da9e8c933e68
22500880,259,2026,3,2,22500880,0f562a7b-d838-0fdb-e30e-59b222e3c1ca
22500880,263,2026,3,2,22500880,336b87ee-7ca4-5f7d-c0d5-02f366828448
22500880,265,2026,3,2,22500880,f7cfb704-119f-f015-2b91-94bba7586551
22500880,288,2026,3,2,22500880,d19b9c2b-02ae-1196-7486-efce18e5f372
22500880,290,2026,3,2,22500880,c4c1e385-5e80-daae-a570-16cf85a39713
22500880,294,2026,3,2,22500880,894acaed-a98a-f714-72b6-c65d124b9180
22500880,30,2026,3,2,22500880,974969b7-6b81-089f-820a-01c52ca77fdd
22500880,301,2026,3,2,22500880,fd0e6610-b9f4-a18e-2924-13fbcf65998e
22500880,308,2026,3,2,22500880,0d587ccf-237a-d2f9-7798-c397f07be3b2
22500880,318,2026,3,2,22500880,b45a6f99-21ed-3f30-4bc7-468a4cba7816
22500880,32,2026,3,2,22500880,2ac14f02-6df8-103d-60a9-889e91e91d29
22500880,323,2026,3,2,22500880,1be9eff1-4e8e-a084-05b9-672c68e0086c
22500880,333,2026,3,2,22500880,e515485b-6ccf-8f34-0652-9303ff9ad159
22500880,34,2026,3,2,22500880,e309dce0-ac80-046d-31c7-1fd6b61f454b
22500880,345,2026,3,2,22500880,c5ae3af1-4080-0fe6-3bc8-d08bf40acecd
22500880,352,2026,3,2,22500880,5c729eae-b619-3d45-bb62-4d7e73a4a412
22500880,360,2026,3,2,22500880,7ec79be6-7b6b-01b4-d503-c22b198adc8e
22500880,362,2026,3,2,22500880,0d86e9b4-ce41-3451-c577-f80c77c27dd3
22500880,367,2026,3,2,22500880,d7a1612d-b1e6-104f-10af-91b7c5b930b9
22500880,37,2026,3,2,22500880,a622a2ac-bf23-8c27-dd79-6530d0fdd968
22500880,379,2026,3,2,22500880,ec6a26e3-4ccd-1f23-dd00-d639346cf0f9
22500880,383,2026,3,2,22500880,1b6b8294-6a01-3744-4468-142e6990b637
22500880,394,2026,3,2,22500880,8acd3b88-7778-9388-84fb-94b926763c55
22500880,397,2026,3,2,22500880,b46a023a-14ce-adc6-0490-17467b65d369
22500880,406,2026,3,2,22500880,a280f915-d0a0-8052-248d-7ddacb150537
22500880,408,2026,3,2,22500880,384aa389-d53d-a023-1bfb-a0a46194e74b
22500880,41,2026,3,2,22500880,c718f129-126f-188f-303a-034b24af701f
22500880,410,2026,3,2,22500880,001068e4-2352-b2c4-a0f2-b3e91a6a8d58
22500880,417,2026,3,2,22500880,7c433fd0-f3f1-f15b-c338-ac5a3705835e
22500880,419,2026,3,2,22500880,fa53f0c1-d0f5-fa83-9406-87c52d8680f8
22500880,434,2026,3,2,22500880,da112e66-8abb-6446-244b-f02cc4ae7676
22500880,440,2026,3,2,22500880,95cb46b2-16cf-78c4-aa36-15d8b4dca104
22500880,448,2026,3,2,22500880,b6740430-7226-3e2e-8536-ca874adb451d
22500880,460,2026,3,2,22500880,2e88b753-3978-5de1-0bea-ed78200c0610
22500880,469,2026,3,2,22500880,fd461703-b5b9-66bc-b575-2131574760d4
22500880,473,2026,3,2,22500880,7e47c773-7105-ffe5-0445-9d5e42b61028
22500880,488,2026,3,2,22500880,2de98c73-966c-b0e2-4fbe-e7acecf3d789
22500880,50,2026,3,2,22500880,9e911a1c-a619-baa5-f309-4905835d21f0
22500880,501,2026,3,2,22500880,131c5add-e3fa-f0d9-2870-03b74f46bc5f
22500880,503,2026,3,2,22500880,7842214e-16fc-5c8e-286c-a500f1b32a8f
22500880,505,2026,3,2,22500880,3c7e3438-81c8-e2b0-6881-a64610b7a7e4
22500880,52,2026,3,2,22500880,1da0a3f2-edee-4f56-7334-ce316310b727
22500880,527,2026,3,2,22500880,2e28606f-df69-e1f2-274d-d2b5be91d115
22500880,534,2026,3,2,22500880,07a60f26-3f80-29bc-a4cf-054e3b0d95f6
22500880,538,2026,3,2,22500880,99763203-ae9f-0b7f-8ddb-c06a30ce7006
22500880,540,2026,3,2,22500880,3166e14a-f666-f31c-c150-cf11273f3ef4
22500880,551,2026,3,2,22500880,a7afb270-0213-34f2-4679-8e65d6b84324
22500880,557,2026,3,2,22500880,445cf88c-1b8c-41a1-5b9a-dc57c635251c
22500880,559,2026,3,2,22500880,cc2d848b-1fc8-e7df-7f9e-7114b11d0c4e
22500880,56,2026,3,2,22500880,c85e21d8-3923-6f03-ae35-a81771e5df8a
22500880,571,2026,3,2,22500880,54d41a69-b949-dac6-964f-66da65ffeaf3
22500880,573,2026,3,2,22500880,4a869c5b-3112-8df0-742e-32ba473ee221
22500880,575,2026,3,2,22500880,a8454078-cfe0-543f-c995-13baff0f1ce7
22500880,577,2026,3,2,22500880,db12ba22-1fe7-764c-384b-4606dcf57db4
22500880,582,2026,3,2,22500880,c208521c-9a19-2501-41bc-5eccd2015754
22500880,590,2026,3,2,22500880,7d70506a-0aa6-c18e-0dcb-cc3e79f4d703
22500880,592,2026,3,2,22500880,e2e993de-f776-301d-b216-30325953a1ad
22500880,600,2026,3,2,22500880,9d71442a-d719-f9ee-2ac8-7141a5ba610a
22500880,602,2026,3,2,22500880,2ad0c0a4-b124-b4af-c6e1-a6fafc8354da
22500880,610,2026,3,2,22500880,95d92578-40ba-54a9-8925-3526f679bee7
22500880,628,2026,3,2,22500880,ee9f94ee-7796-af14-6d66-e5562711e8f6
22500880,63,2026,3,2,22500880,91bcc17c-e06d-4a4f-a976-611a78b0e70b
22500880,637,2026,3,2,22500880,e781cebb-d135-2585-7d0a-1ade2626da4d
22500880,65,2026,3,2,22500880,6887b0b7-ceed-dffb-d68c-7db7bf32abbd
22500880,8,2026,3,2,22500880,525697b1-6c13-4dec-b7fb-d8691620cc67
22500880,173,2026,3,2,22500880,4d500c4a-335e-3273-118d-7844a9f2b39d
22500880,230,2026,3,2,22500880,23dd74a5-73dd-d617-92cd-377c2beee121
22500880,237,2026,3,2,22500880,b03fafcd-f1bf-e969-0521-431ea51b0b83
22500880,260,2026,3,2,22500880,aa0f9ddf-c9cd-9623-f42b-bb320475051e
22500880,266,2026,3,2,22500880,536feae0-2983-9c1b-c0c1-0fceded6f24c
22500880,285,2026,3,2,22500880,05bc018e-57bc-dac3-e9b2-4ece3dd5bd58
22500880,309,2026,3,2,22500880,d78e8037-f364-f940-1ad2-55765b5dc727
22500880,391,2026,3,2,22500880,13a87c27-7802-93a9-9913-e1bc3b3b58c3
22500880,42,2026,3,2,22500880,8860516f-75e4-05ae-18de-75b16b3477c3
22500880,508,2026,3,2,22500880,5f8b5764-d0fb-78aa-894a-c831a48484fb
22500880,522,2026,3,2,22500880,039df015-f1a5-ebe8-bc37-f263c88e0a03
22500880,528,2026,3,2,22500880,52851506-ad1a-1419-e90d-583c9c920e13
22500880,53,2026,3,2,22500880,471e956c-9277-6501-3c72-bfacd1bb6a7b
22500880,629,2026,3,2,22500880,6024ae47-8480-0c51-b370-6f4e97966eb1
22500880,155,2026,3,2,22500880,bd1609b7-ce0e-9540-75c0-3ac73f53c2c2
22500880,170,2026,3,2,22500880,40a047fd-855c-8755-1df1-6bb7a64d5020
22500880,328,2026,3,2,22500880,37ee8fab-5d63-4073-b624-a0e295b7d1fa
22500880,388,2026,3,2,22500880,f9d1cd08-979c-6f68-852a-52c3161016a1
22500880,413,2026,3,2,22500880,1cdfb397-e9fe-0237-5d79-84fc362042a7
22500880,444,2026,3,2,22500880,109d85fc-a046-10c4-9840-0cf5cc84a6a5
22500880,461,2026,3,2,22500880,53b6aa20-8109-c129-b127-0334e36b1d68
22500880,478,2026,3,2,22500880,cd0208f6-3e79-c6b0-2c3d-efeb55fd20b2
22500880,513,2026,3,2,22500880,c4a74568-47a2-71ba-804c-61fa6dd634b8
22500880,530,2026,3,2,22500880,c6e1fb50-a68c-449a-7087-caf35d0c48e1
22500880,624,2026,3,2,22500880,751eb691-c2b7-e1b4-bb93-dcc662075a3c
22500880,83,2026,3,2,22500880,13dd69a0-938a-8175-439d-6fe3c54d4abf
22500881,100,2026,3,2,22500881,1aa439c8-fe90-43a6-65cf-c1efcd39a74b
22500881,102,2026,3,2,22500881,48b36340-b671-d854-d4ad-5e87425e2f90
22500881,104,2026,3,2,22500881,435cae87-328b-904b-c398-b9bc271795fd
22500881,108,2026,3,2,22500881,6d9c89a6-e0f8-398a-1ada-54b7b96ddd82
22500881,134,2026,3,2,22500881,717d7540-1adc-20b6-9c62-669fc564336a
22500881,143,2026,3,2,22500881,3f1ed65e-be76-8444-7139-5662ab9802ab
22500881,153,2026,3,2,22500881,cdc9c67b-ab57-d4c1-713d-19040db7df0f
22500881,166,2026,3,2,22500881,e4aba9fe-84c3-5e82-f7be-0464e9d97340
22500881,172,2026,3,2,22500881,77e0d9fa-9ded-640c-f3b8-3300b0a897ba
22500881,177,2026,3,2,22500881,1821ce05-7916-8b3d-740c-d3c04351605f
22500881,185,2026,3,2,22500881,2fcca6af-adea-b1fd-f205-9b076df418d7
22500881,188,2026,3,2,22500881,d9723dc7-e4ba-dac8-38ff-ae2156164d84
22500881,190,2026,3,2,22500881,d0dfaf9f-0058-ff5a-31f8-0422c355f6f1
22500881,192,2026,3,2,22500881,0c44c41c-1a8e-de03-0a53-fbe6ee2281bb
22500881,194,2026,3,2,22500881,836d3f31-6867-654f-b23f-589636545853
22500881,200,2026,3,2,22500881,0519ecd5-4ef0-dd22-8d3e-4ebfa4a05f4b
22500881,202,2026,3,2,22500881,a0d18a95-d88e-3186-d11d-e2f7a60be4b1
22500881,23,2026,3,2,22500881,d2a08e76-9f40-38d1-4518-f1b28741da2e
22500881,231,2026,3,2,22500881,fc95a3c6-f114-b7c4-e173-c2cf149c6479
22500881,241,2026,3,2,22500881,5ebcf139-19ea-6ae5-f2c6-97e51e80b3ed
22500881,25,2026,3,2,22500881,329e4f6f-d049-7b73-fddd-a64572b6b22c
22500881,271,2026,3,2,22500881,3a984d62-0bba-197a-8093-8a896c9cbea1
22500881,273,2026,3,2,22500881,779949c0-52f3-70ae-2c17-2b72eea9f862
22500881,275,2026,3,2,22500881,b48a3ae1-7416-c8f5-a8a7-f37518ad2431
22500881,277,2026,3,2,22500881,1ec73190-8ed2-84cd-8ba1-4114943add00
22500881,278,2026,3,2,22500881,8b28b281-57d5-ffe7-07a3-65897f2ae6d5
22500881,286,2026,3,2,22500881,cfb7bdfc-6268-a120-96fb-1e34388c22c3
22500881,317,2026,3,2,22500881,b07cd728-7516-1473-a98f-49e30ce1d601
22500881,321,2026,3,2,22500881,b56b58aa-45ac-1b34-8cad-ee3cd2c13a85
22500881,358,2026,3,2,22500881,f38b349b-626d-6952-fc20-3d4d8877a225
22500881,377,2026,3,2,22500881,aefea785-de38-7855-f635-4b08067c96a1
22500881,381,2026,3,2,22500881,b36b64d9-1c9e-80b0-1eda-d0882f73a5a6
22500881,398,2026,3,2,22500881,40a4c231-c908-592b-2362-9dccb5336ea3
22500881,438,2026,3,2,22500881,dc4550f3-2b50-4c54-e814-58dbae218445
22500881,467,2026,3,2,22500881,1da8c9a6-0435-4489-75be-54a634060918
22500881,509,2026,3,2,22500881,de098848-d597-5bdf-fccc-76558d4006cc
22500881,523,2026,3,2,22500881,e35076de-55d5-f3b0-9dce-06848efd867e
22500881,525,2026,3,2,22500881,fc9bf1c4-9667-e2e1-df89-a270d34040ff
22500881,540,2026,3,2,22500881,37738c6d-6d81-e6b2-a5d5-81f98e9b7f89
22500881,548,2026,3,2,22500881,04900374-5341-b73d-7704-c291b493c597
22500881,55,2026,3,2,22500881,95178685-9941-268b-f4bf-2c04d138d786
22500881,558,2026,3,2,22500881,ee5ebf33-56bb-924c-307d-b9949a684bd6
22500881,576,2026,3,2,22500881,73ba3770-a072-fe4f-b949-9c3c4d67a159
22500881,580,2026,3,2,22500881,14768b90-d3de-1d28-453f-3df9aa3cc31c
22500881,585,2026,3,2,22500881,c0ce0e5b-f436-0a84-7a3e-d1e4f3dd3de3
22500881,63,2026,3,2,22500881,78c0d4a6-20c8-d9eb-1595-a8be9e8c5250
22500881,70,2026,3,2,22500881,5e021f5b-1be3-1c78-5239-058c6678fdc5
22500881,76,2026,3,2,22500881,b69c55c5-b48e-cf87-74f2-da98463f0d05
22500881,92,2026,3,2,22500881,806d859c-ce3f-d133-58a9-05e61d03ed5a
22500881,120,2026,3,2,22500881,9c051f5b-7ae7-b6fb-4c7e-3b15a9aff649
22500881,125,2026,3,2,22500881,91f5ec2a-cccd-37bd-8173-338bfe6f2534
22500881,283,2026,3,2,22500881,21f1070a-e395-51f1-7a03-a9c1f010e94b
22500881,475,2026,3,2,22500881,6a51ee2b-78f6-a61e-60b8-43c2b8e71bd3
22500881,620,2026,3,2,22500881,fcb6354d-036f-6f9d-aa26-b2f129961f25
22500881,106,2026,3,2,22500881,310ab211-ac67-239b-4a9f-015bbb65f7de
22500881,124,2026,3,2,22500881,bd36b8cc-621b-87dd-8fbb-fb83820fd5e6
22500881,128,2026,3,2,22500881,480fcfb0-96e6-7e45-e4e8-5cabb191bf8a
22500881,129,2026,3,2,22500881,d1888796-bb0f-68d2-7cff-413559168893
22500881,131,2026,3,2,22500881,f0bbbb07-fdae-aaf6-0ce7-8e1ccf3bfb98
22500881,133,2026,3,2,22500881,c6714b61-2b5b-da2b-716b-6b3776cd2a79
22500881,142,2026,3,2,22500881,ea452121-13fc-95a0-7887-49c3663f9d45
22500881,145,2026,3,2,22500881,ffe67597-0cd9-26d4-95d9-6a4f6ddf4180
22500881,147,2026,3,2,22500881,08bc5145-20b4-c28a-fbe0-d0c81d21d0b5
22500881,149,2026,3,2,22500881,22b3db88-a19b-efbe-9f2c-052971066f2e
22500881,150,2026,3,2,22500881,3a3f7131-db79-7892-3f23-b707412bf9a0
22500881,151,2026,3,2,22500881,b59dddb8-cb69-4b83-0fef-f05ed126e20d
22500881,157,2026,3,2,22500881,740395f2-3e92-5e10-2f0b-cb2d0d9f9f82
22500881,168,2026,3,2,22500881,e564dc70-3f7f-ac66-c2f4-d3d3e1fbd2c8
22500881,170,2026,3,2,22500881,14809f99-42f2-928d-5d84-0b1beaaa45d2
22500881,174,2026,3,2,22500881,5bcba278-cd9d-041d-2dc9-e72ad7605fe1
22500881,176,2026,3,2,22500881,4132ead7-c617-35e5-0509-66e4922b2a75
22500881,180,2026,3,2,22500881,a8c98b9e-2f53-36b7-4452-78c8c6f3a012
22500881,182,2026,3,2,22500881,42423115-e9b2-dc4a-d4ce-8f1a1f7b634a
22500881,186,2026,3,2,22500881,8d651ab5-decd-3b8a-35ac-6ea6b1a652a9
22500881,196,2026,3,2,22500881,13479d2a-f000-11a7-7783-2a260cd0d354
22500881,198,2026,3,2,22500881,de857a6a-6dc0-76b5-2a78-74917085db07
22500881,204,2026,3,2,22500881,f6c95dc2-4c8c-56ee-b589-1a0896551e5e
22500881,206,2026,3,2,22500881,0330c9ea-6919-c52e-074b-ee4c833149fb
22500881,221,2026,3,2,22500881,dd74b256-0ca9-7300-506f-a57f8504794f
22500881,223,2026,3,2,22500881,9929a36b-5920-3e18-ee4e-6f872081677d
22500881,228,2026,3,2,22500881,d777da01-a82f-be10-7bc4-df6256f61438
22500881,230,2026,3,2,22500881,6069f2f3-6859-5ac8-229b-8b344f2b86c7
22500881,233,2026,3,2,22500881,428666d4-816b-7e03-516f-a8a02d458d7f
22500881,235,2026,3,2,22500881,0ea568aa-c61b-ca8c-1f4e-f01c072b99be
22500881,237,2026,3,2,22500881,01853253-fccc-a80d-3b3d-fa0998b1e15b
22500881,243,2026,3,2,22500881,1d1e8dde-2c04-1e29-b9c9-dfa52058788f
22500881,259,2026,3,2,22500881,6965120b-a237-1f5e-3109-b2f1e6ef5597
22500881,269,2026,3,2,22500881,a7a57cd3-60a8-6911-acd2-d74063ff1c34
22500881,27,2026,3,2,22500881,9f8cd2e8-6c93-ba7b-9a4b-bdb637bfb010
22500881,281,2026,3,2,22500881,a5b8cb32-b117-ab5c-c6de-c38fd7add3d3
22500881,288,2026,3,2,22500881,5d93d067-7fbb-255f-1801-90eb3460b018
22500881,29,2026,3,2,22500881,0f0250f2-699b-d5a2-5e22-8a9f756c18a5
22500881,296,2026,3,2,22500881,76e58267-6e58-d693-9d6b-27c7c5ca7b4c
22500881,308,2026,3,2,22500881,c1674a14-b64d-56e5-80b1-cb589231d6bd
22500881,31,2026,3,2,22500881,a6eaeaed-970b-68fe-5887-1865ffc2a9c4
22500881,310,2026,3,2,22500881,1710aefb-5049-c71b-66a5-14f7ffd0fa50
22500881,315,2026,3,2,22500881,b6785a84-5dbc-f8b6-dd3f-e0fbe048eb8d
22500881,319,2026,3,2,22500881,5ef993e2-09cf-ff79-77e2-58ca651f7884
22500881,327,2026,3,2,22500881,5145b80c-3195-3fc2-adf1-1d0e2bbe7e15
22500881,328,2026,3,2,22500881,10a159e7-f833-e704-dc3e-966ddca58acc
22500881,335,2026,3,2,22500881,cb2161d4-a1e9-2c85-f14b-0f7bd7f48b64
22500881,341,2026,3,2,22500881,c5314775-7a8d-1b88-d36b-85dec1aded3c
22500881,346,2026,3,2,22500881,755a15d2-dbcf-186a-0a81-33f60bd0b2c1
22500881,348,2026,3,2,22500881,fdb059da-9fef-327b-eaf9-fe585a5837a3
22500881,353,2026,3,2,22500881,ef30ae87-adb1-0d12-cb37-e581e987876c
22500881,360,2026,3,2,22500881,4f5aa935-42e7-68e7-19cd-1576d0a7c08a
22500881,362,2026,3,2,22500881,01cfe247-e371-73a3-6fcb-658b39a60499
22500881,374,2026,3,2,22500881,f4c663b6-e0bb-2780-f1cf-970a9a759282
22500881,375,2026,3,2,22500881,856b854c-c046-dd63-c5ae-8ba71364f57b
22500881,376,2026,3,2,22500881,d9a7d3f0-41b2-4510-9bc7-5784348821fb
22500881,379,2026,3,2,22500881,69a98274-1cce-4f2b-0ffd-030dc78430c0
22500881,383,2026,3,2,22500881,786ca350-5e12-7cf9-9366-7530aa2cc57d
22500881,400,2026,3,2,22500881,a0308fb9-1761-5acd-449d-a7bc2e31e1d9
22500881,41,2026,3,2,22500881,c32857f7-a90b-26d4-c522-6a00e57cb707
22500881,411,2026,3,2,22500881,dbd81afc-d1d3-76a4-275f-63d362ebd39c
22500881,417,2026,3,2,22500881,9d8b1751-5800-11b2-8a76-7d9ed2637c2a
22500881,419,2026,3,2,22500881,97775575-d6d0-96cd-a221-340e529bee9f
22500881,420,2026,3,2,22500881,66d25e3a-30e3-7b9d-5c90-f70a782f762c
22500881,428,2026,3,2,22500881,2ad44bfe-1e5a-636f-eb30-6e3c7f9fee0e
22500881,430,2026,3,2,22500881,8939ce88-ab25-05b3-9e7c-e5926686166d
22500881,431,2026,3,2,22500881,24d47457-e8f6-b5ca-feeb-75ba04bca718
22500881,433,2026,3,2,22500881,88144613-bf61-3a7f-6f0a-7b802482935c
22500881,434,2026,3,2,22500881,5705edb5-957f-6cf3-748a-a2161641730d
22500881,440,2026,3,2,22500881,2d0cf1d2-d427-dc6d-1bec-07fdef8245b9
22500881,446,2026,3,2,22500881,22063784-71de-dff0-02d5-6a0c3dd27527
22500881,448,2026,3,2,22500881,7a719033-5db6-5cfa-c4fe-4bc5cbd4f2df
22500881,462,2026,3,2,22500881,b9566e00-679e-05e4-0912-97e415f2d978
22500881,464,2026,3,2,22500881,c3f0db14-f30e-6876-00f6-3b236a5e1a2f
22500881,47,2026,3,2,22500881,a5e89fd1-8034-9237-cc34-4b47905d1c22
22500881,471,2026,3,2,22500881,d4b885d6-4006-994a-b8ab-39b8f8f5b26a
22500881,478,2026,3,2,22500881,6ad78db7-cb8a-e50f-c4aa-f3fe301b9938
22500881,483,2026,3,2,22500881,b068d108-08fa-47dc-942e-f9b6be42e6dc
22500881,485,2026,3,2,22500881,974ba1b8-cb50-f7f7-ee18-1073809f802e
22500881,488,2026,3,2,22500881,f6100b88-0833-ccb0-ec1b-9599c037a7d8
22500881,49,2026,3,2,22500881,28e48689-3c06-d117-88dc-42f6d9debbd6
22500881,490,2026,3,2,22500881,ae30e279-ec1f-036a-655f-60383680c987
22500881,495,2026,3,2,22500881,288b7558-1323-e28a-cd51-39f0eac90779
22500881,497,2026,3,2,22500881,06df94eb-f745-b62d-181f-a8bb7c4457f3
22500881,51,2026,3,2,22500881,cdc1dd73-8efc-e46c-80c6-6b84bee8658c
22500881,511,2026,3,2,22500881,cb26d5bc-aae0-1050-333c-ffa676f67a22
22500881,527,2026,3,2,22500881,990a47e9-61f3-e26e-845c-b34686fbb409
22500881,529,2026,3,2,22500881,4605ab3d-d031-16f8-02e4-9105453825dd
22500881,538,2026,3,2,22500881,5f87e532-b03c-1497-cc58-50166ec6b4aa
22500881,564,2026,3,2,22500881,71bcc82b-cc8c-130c-9da4-2caf3d74f87f
22500881,572,2026,3,2,22500881,74894f31-f9d7-8b7a-16f7-d73e9b045567
22500881,579,2026,3,2,22500881,873ca76a-d56b-0815-0004-ac97aefc49f1
22500881,58,2026,3,2,22500881,21dc1bc5-0d16-3e75-cb66-038e3c606fbd
22500881,591,2026,3,2,22500881,d0a13d28-0333-1833-8d87-50731dc9fb17
22500881,597,2026,3,2,22500881,0db693af-3022-abe4-3c68-6661e88b3120
22500881,60,2026,3,2,22500881,9068b548-289c-ea10-e2cf-263eca322347
22500881,601,2026,3,2,22500881,e622ff60-1c05-bf6d-ffb8-e2ee672624f3
22500881,602,2026,3,2,22500881,4a3a1047-b0fc-2237-e13d-82e38d535bfd
22500881,61,2026,3,2,22500881,64cad632-e06e-4cb2-a0ba-ad7387e13d88
22500881,644,2026,3,2,22500881,5819fefd-2c4e-45dc-f686-ccc6b2dab167
22500881,66,2026,3,2,22500881,21c78ded-c5b2-f5c0-94aa-c6471b531332
22500881,7,2026,3,2,22500881,8c61731c-ff59-1bee-d532-8016259af6cb
22500881,72,2026,3,2,22500881,e5d4f02e-6f4d-502d-e5eb-6e6458579899
22500881,74,2026,3,2,22500881,5c24bb9a-7489-8dfc-3ab1-46c6d3695c92
22500881,90,2026,3,2,22500881,dfc7a988-0b50-5c13-7d81-963daeaaa78d
22500881,96,2026,3,2,22500881,f935aef2-ff1f-5b46-f092-4b97af8c1857
22500881,107,2026,3,2,22500881,8e576443-e10b-b5bf-3bc0-579b085c7dd4
22500881,127,2026,3,2,22500881,35ae8477-efd4-e978-a3a8-97a12ab30fa2
22500881,130,2026,3,2,22500881,335106df-f266-716e-bc43-7fa7b12a23d7
22500881,132,2026,3,2,22500881,f64ce0ae-e0d0-5d0a-cb37-02a1de2e213b
22500881,146,2026,3,2,22500881,e42327f0-7d31-0041-d32d-d8de0e9a6053
22500881,148,2026,3,2,22500881,12af6e03-b306-56c1-3ad2-5958a7fc57db
22500881,152,2026,3,2,22500881,92af08ea-5454-c8ef-7ad3-a7c402602749
22500881,169,2026,3,2,22500881,cefc8788-5097-cab9-68e7-46f67fa167a5
22500881,171,2026,3,2,22500881,ce2222c2-8707-8550-8719-1ca1f19053c5
22500881,175,2026,3,2,22500881,85fb3075-c0c4-3bee-38ed-11c9f918c1c5
22500881,181,2026,3,2,22500881,54039a7f-6556-f56a-503e-bd280cb92c30
22500881,187,2026,3,2,22500881,427970de-a7b1-d758-cd41-1126d501e77d
22500881,197,2026,3,2,22500881,4cc92455-cf44-dc6e-7a28-11650823e19f
22500881,199,2026,3,2,22500881,a6feb10f-ec78-a98f-b939-20ca00b67cd6
22500881,222,2026,3,2,22500881,d1e73815-52f5-a716-866b-8cd76ecc9518
22500881,229,2026,3,2,22500881,8e104907-398b-85d9-9f85-6f98bfa6aa81
22500881,234,2026,3,2,22500881,bb60a6fd-0081-3ebc-99e6-5f2ad11fd0cc
22500881,236,2026,3,2,22500881,8634fae5-209a-939e-e2a8-b951d6537a6d
22500881,238,2026,3,2,22500881,d8cdb7a3-feff-7724-4779-b52a6b1e8253
22500881,244,2026,3,2,22500881,8a759f2a-def9-5caa-691e-bc47c5487956
22500881,260,2026,3,2,22500881,a63d11c2-ee83-16e4-aff0-07b2b115dfa1
22500881,270,2026,3,2,22500881,2e92d40a-fb38-bdfa-f81f-1ff86aab839e
22500881,28,2026,3,2,22500881,bb4da94d-8d72-3604-60e9-111af3068d53
22500881,282,2026,3,2,22500881,a28dccd7-4687-b061-b6eb-8abc7d0222f2
22500881,285,2026,3,2,22500881,e0a9138f-12e9-1c74-3695-476030ebde5c
22500881,30,2026,3,2,22500881,202e1904-3a33-2942-6180-d06108e291d0
22500881,309,2026,3,2,22500881,ff51f5b0-362a-3c40-54bb-a461202b8bca
22500881,314,2026,3,2,22500881,9b20dcd0-e382-b9de-a46b-0aec60c1aba8
22500881,316,2026,3,2,22500881,7d70b5a9-01d7-227c-de45-9017e3c9e31b
22500881,320,2026,3,2,22500881,635e6f96-4048-b94f-fa69-3d90b3444db0
22500881,329,2026,3,2,22500881,f9e2b47c-676e-ab05-0807-34ccdf107afe
22500881,334,2026,3,2,22500881,b5fb43ba-b80b-4428-2d7a-3da1f695976d
22500881,336,2026,3,2,22500881,be6417bb-aaba-a5d3-af00-b61e113d875c
22500881,347,2026,3,2,22500881,52b7ef14-ac9c-8ac7-581c-3bcd222db3d1
22500881,361,2026,3,2,22500881,707582a8-7531-f103-2fff-a13fb53983ff
22500881,363,2026,3,2,22500881,773ceeb0-2a69-5d1b-0bfe-d90b6c243d5e
22500881,380,2026,3,2,22500881,7cff257e-784b-4e73-3b56-df3b25c9771e
22500881,397,2026,3,2,22500881,a335895e-a09f-cc45-60e1-6709c8531ae6
22500881,40,2026,3,2,22500881,ae30989c-fef4-0f13-505b-4caa80fb7b6d
22500881,410,2026,3,2,22500881,5e44b10a-f2b5-ba70-4da9-b6884628a9d0
22500881,412,2026,3,2,22500881,e43b7267-aeac-a72e-312d-ca37e07af0ff
22500881,418,2026,3,2,22500881,49c11d87-d964-b675-8901-ad606ec6b63e
22500881,42,2026,3,2,22500881,13360c13-dc6c-b258-fdc8-5edf84312fd7
22500881,429,2026,3,2,22500881,43596e16-fc69-30d1-b2f8-69632b09f2e4
22500881,432,2026,3,2,22500881,964bb649-6f66-ad4f-3447-dcb35e142083
22500881,435,2026,3,2,22500881,e7561f5f-3dcf-5d25-8964-9ae81435661c
22500881,447,2026,3,2,22500881,b10f69d0-ec1a-e328-a82d-cba55b3ebd67
22500881,449,2026,3,2,22500881,2624f794-b3d3-8742-bd04-d6b7245a2729
22500881,463,2026,3,2,22500881,abfdf6d9-a3aa-ec8e-fca6-90c9fa6e3c18
22500881,465,2026,3,2,22500881,e5ac3945-e7dc-a372-5406-e780b2ecd60f
22500881,472,2026,3,2,22500881,5a6c58fe-ec4d-b0a1-6dc2-699be0a1bb5a
22500881,476,2026,3,2,22500881,ac80c046-98d4-877f-3f30-a6e799f2a966
22500881,479,2026,3,2,22500881,6f49ec5a-6a47-08d9-0aa6-abf695bfe221
22500881,484,2026,3,2,22500881,775d5256-4eca-0e2a-a3d2-efa89622b6ac
22500881,489,2026,3,2,22500881,d5273cbb-6e48-97b9-133a-05941c8a0472
22500881,491,2026,3,2,22500881,b10601c8-290a-13cb-db96-9f477f44515d
22500881,496,2026,3,2,22500881,6c340b9d-c943-8465-386c-50309730bc41
22500881,50,2026,3,2,22500881,69aabede-0f54-f61d-377b-e333d4cd06c0
22500881,512,2026,3,2,22500881,c9ae1eff-5152-d1a4-832d-533b5cdbf210
22500881,52,2026,3,2,22500881,d8d3af96-38ff-b724-857d-8651691f71e8
22500881,528,2026,3,2,22500881,02642762-8878-d0c7-1858-14bb48a14870
22500881,530,2026,3,2,22500881,ef0a83af-67b2-a9cb-8bca-4801e2a55e3e
22500881,539,2026,3,2,22500881,ea48b887-5bc8-643d-cb4e-a2346384f679
22500881,59,2026,3,2,22500881,6baf347a-13f9-74f9-dfa0-795c7ecafd01
22500881,603,2026,3,2,22500881,90ca7736-ee29-ff64-8aa9-e198012ef2f2
22500881,613,2026,3,2,22500881,e6af934a-a066-26de-6d25-e2be60a5ff33
22500881,62,2026,3,2,22500881,4333f49a-c792-017a-58af-65923469007e
22500881,73,2026,3,2,22500881,42807056-7262-f260-2fc2-919d7db5f1de
22500881,75,2026,3,2,22500881,dbb67f81-eef3-acae-08b4-6f8bcf80911f
22500881,91,2026,3,2,22500881,1bc7cd6b-52f5-4c16-7b19-13d9b55d2b7d
22500881,97,2026,3,2,22500881,8b9dcd79-cde2-779f-c80a-77cac52bed1f
22500881,155,2026,3,2,22500881,693123b0-62be-3587-2c1c-8ddbe8291327
22500881,21,2026,3,2,22500881,20b04c14-947e-22d8-48ee-5ce7e196bb91
22500881,245,2026,3,2,22500881,9bd89325-85e0-a4ab-8ce7-bbeb03a6e4e9
22500881,262,2026,3,2,22500881,526c7c0a-3609-91fe-5e42-6201c02cbf52
22500881,306,2026,3,2,22500881,667c8667-5b15-f60e-d35d-dcf637a9b05d
22500881,32,2026,3,2,22500881,b7732b83-633f-b11b-1c25-3118007af349
22500881,356,2026,3,2,22500881,8c1c802f-5e76-c0fc-f59b-4f12c8f482aa
22500881,450,2026,3,2,22500881,e100b8f0-c18d-5dbe-e10c-0e535055c17b
22500881,460,2026,3,2,22500881,5f97319a-1269-5d94-6f29-c69e2732c8f6
22500881,53,2026,3,2,22500881,e3d1170b-ea53-9eae-fa7a-6cf93cd9de12
22500881,573,2026,3,2,22500881,ed9fbd7d-7385-5713-c25e-d30b6bcc59b9
22500881,583,2026,3,2,22500881,3b9ee1b8-bdc7-858c-5e02-e914af0fb122
22500881,68,2026,3,2,22500881,29c4fdbf-be40-bc2c-0ffe-ca06ad57c5c5
22500881,78,2026,3,2,22500881,f545da58-454f-26e2-ba4a-8905f8c7e22a
22500881,98,2026,3,2,22500881,69c0b96b-9b2c-b449-ca22-3b3d241ac871
22500881,261,2026,3,2,22500881,395444ac-59a2-b7e0-6b71-939cd0015006
22500881,370,2026,3,2,22500881,611c7852-03c5-401a-9bb9-3243e075df99
22500881,466,2026,3,2,22500881,6d69522b-9c44-31d7-24ad-d9847c88dbb8
22500881,473,2026,3,2,22500881,90d061e3-6652-6913-4760-3d9dc81b491b
22500881,48,2026,3,2,22500881,626fc3cd-d883-4e7a-29e6-1bfe9246c457
22500881,492,2026,3,2,22500881,d5d4bab6-a3a4-b0c3-99ae-db955a5b196c
22500881,504,2026,3,2,22500881,f5410f40-f882-da9f-caad-d46d1cb9f115
22500881,604,2026,3,2,22500881,689843e3-ff73-d549-fd92-3a88717a4647
22500881,67,2026,3,2,22500881,d7a71394-7341-ae39-8a99-cdeab39c08c2
22500882,11,2026,3,2,22500882,8168ac97-f85d-2545-f1a0-28b3c2a44a10
22500882,128,2026,3,2,22500882,79c01c33-5aea-15a9-cd53-a9eb8ca1f7ce
22500882,141,2026,3,2,22500882,b506de4a-438d-4670-0257-c80849fee76a
22500882,156,2026,3,2,22500882,824354d6-4265-99da-3787-759007d52fe8
22500882,18,2026,3,2,22500882,8a84d25d-1496-16e2-ca80-73d213eddcf4
22500882,182,2026,3,2,22500882,a398eae4-e56d-b2ed-f8f3-87d02d0708b2
22500882,197,2026,3,2,22500882,dc22959a-4142-8ebf-bb3b-7f339675e01d
22500882,199,2026,3,2,22500882,1e21d26c-973f-126e-bb1c-52395a3f4363
22500882,203,2026,3,2,22500882,a60a6722-2406-e592-38a4-376eff2b8cf4
22500882,219,2026,3,2,22500882,a3dde67d-f1e7-75fe-c16a-47691f16887a
22500882,228,2026,3,2,22500882,345b91aa-0845-9a15-b2ed-bfaf904e326f
22500882,244,2026,3,2,22500882,7b5b2af3-6662-6860-561c-ea05ea434a0d
22500882,279,2026,3,2,22500882,62667328-4190-9266-4d55-e552b4634d28
22500882,293,2026,3,2,22500882,f50fd1de-7333-267b-ffb6-84da0ad6ce7d
22500882,304,2026,3,2,22500882,59e7f761-abb4-233e-961d-d3819160e3ff
22500882,306,2026,3,2,22500882,258f351e-49e6-056d-95da-bf11b66ed74d
22500882,339,2026,3,2,22500882,7eb38474-d21d-fe8b-1729-d0252bb22c73
22500882,350,2026,3,2,22500882,6cd3b79b-9e88-2c91-2a12-069c4890ca9e
22500882,357,2026,3,2,22500882,c970784c-ddbd-28e0-2f85-b8dbc67150cb
22500882,379,2026,3,2,22500882,09e98fc9-b853-1b71-26b0-834ace32b4f1
22500882,383,2026,3,2,22500882,38047481-68f1-6824-717c-333b218239c6
22500882,403,2026,3,2,22500882,c0e01329-77a9-e7fd-eeb5-71f54a6f0646
22500882,405,2026,3,2,22500882,832284cf-9db4-413a-2c4b-9780afcaba88
22500882,414,2026,3,2,22500882,ec2a81dc-37d3-d331-7a7c-45faddbdde0a
22500882,46,2026,3,2,22500882,856326c7-3aa4-6505-3bba-4f511b20604f
22500882,48,2026,3,2,22500882,7a641001-f5b5-7b23-f701-edcd5b3a982e
22500882,488,2026,3,2,22500882,1bb9476f-48d1-1ac3-4c3e-b629d1e27d93
22500882,50,2026,3,2,22500882,04f969d8-8fa4-fd87-0211-1912b821c695
22500882,536,2026,3,2,22500882,5f90d940-a4aa-b039-65dc-77347a6d927b
22500882,538,2026,3,2,22500882,ff187e77-a151-f560-3a17-0582eec33d20
22500882,564,2026,3,2,22500882,fb9f9b41-0f82-ac86-e441-667281874f20
22500882,586,2026,3,2,22500882,ed3b12eb-bf22-147a-35c1-3f374b2416bb
22500882,598,2026,3,2,22500882,35e12741-ce51-b2b3-6bbb-43bc88341cac
22500882,605,2026,3,2,22500882,c3c3f976-d68e-61e3-81bd-d5b8752f4b5d
22500882,608,2026,3,2,22500882,f631cedd-4bdb-c72c-611a-9637df20cf37
22500882,639,2026,3,2,22500882,f24dac69-155c-0c43-becc-5a86292abec6
22500882,656,2026,3,2,22500882,8366d7b7-7550-1a87-a696-b8c3c1249f75
22500882,662,2026,3,2,22500882,cf6b6876-b47c-ae36-4b51-71651cc8170c
22500882,677,2026,3,2,22500882,85640810-77c6-b676-00ff-b0d8a7ce1d2c
22500882,682,2026,3,2,22500882,edd206a6-b7ce-a62c-01e5-a57ce8eef1b9
22500882,691,2026,3,2,22500882,3a81195f-dcd4-0aad-2834-7dfe782fe943
22500882,702,2026,3,2,22500882,39bf789b-a553-6d9b-28a0-bc79e5780a5d
22500882,76,2026,3,2,22500882,6d0c0fdb-7a0c-0ae9-c604-3636b4815fae
22500882,81,2026,3,2,22500882,f6adc1da-9c67-13cb-e802-4c452fcb50e2
22500882,161,2026,3,2,22500882,d8c5bcff-1c1a-a0ab-45a3-21daa95f34c3
22500882,235,2026,3,2,22500882,2f787c59-2218-d113-5fca-6fe733caa006
22500882,323,2026,3,2,22500882,1bdf7ea9-781d-b289-e235-38a79b885abe
22500882,544,2026,3,2,22500882,7725fbda-d378-77f2-7ad9-8cbcdc627c1c
22500882,547,2026,3,2,22500882,6a1df45b-2e30-7e62-9a4f-e477779ffdda
22500882,595,2026,3,2,22500882,822750e4-524d-f9cb-5e99-224af511bd64
22500882,69,2026,3,2,22500882,97b76fd8-98a8-1881-afd9-44ef387937c9
22500882,694,2026,3,2,22500882,20bccb7f-ca1a-8bf8-8500-5064d550a103
22500882,100,2026,3,2,22500882,2f665b8a-7bcb-c3fc-85d0-4cfb6ca60e9c
22500882,102,2026,3,2,22500882,e38a5211-36c6-4021-194f-6fc14ea90225
22500882,103,2026,3,2,22500882,7dd36b43-9a4d-93fe-d627-0828414486cb
22500882,116,2026,3,2,22500882,040b73f9-a785-a9ee-681d-6475a347487d
22500882,118,2026,3,2,22500882,fa85bb12-8658-6a88-ccae-d44e12f2dbfa
22500882,126,2026,3,2,22500882,27579798-bd6e-7c15-902a-62029c0631d6
22500882,13,2026,3,2,22500882,d73aa7da-e25d-d7c7-9dde-9b0f2878110e
22500882,130,2026,3,2,22500882,b0d4065f-4604-d99a-034c-0af5385dfc6a
22500882,132,2026,3,2,22500882,0ea7f4d2-380e-8c59-8fa0-9e785b2c4990
22500882,137,2026,3,2,22500882,2bd080be-21f9-902d-e577-1d1ba7d27451
22500882,14,2026,3,2,22500882,5daa6041-c12f-e2d9-f6eb-6dd7201a95ed
22500882,143,2026,3,2,22500882,6fdc87a4-d14b-b23c-fb69-b5f3ca480163
22500882,144,2026,3,2,22500882,664deebf-a2ff-9d4c-1801-392b1fa04114
22500882,159,2026,3,2,22500882,3f5468be-47a5-ff9f-8d22-522f219e55ae
22500882,163,2026,3,2,22500882,e5791387-9ace-700d-e289-144f2586e24d
22500882,165,2026,3,2,22500882,4dad9587-8d0b-e175-489e-77a0340eee9d
22500882,178,2026,3,2,22500882,0a21da25-bc23-1e40-2922-7d94ce1e5ebb
22500882,184,2026,3,2,22500882,0cfe328c-51a2-b28b-3d31-c3e18e7f0fe5
22500882,189,2026,3,2,22500882,b2fb78e6-a21e-81cb-b21c-38105958918a
22500882,190,2026,3,2,22500882,584db8f3-8896-900c-703c-36ac03a4d6c0
22500882,192,2026,3,2,22500882,5c9f5ad9-3257-1275-fcef-71712e14f4d8
22500882,196,2026,3,2,22500882,a979f973-9520-f1d1-9f43-e8498ba9545b
22500882,20,2026,3,2,22500882,c86e1d28-8cc8-b003-4455-c469f97dbfd7
22500882,201,2026,3,2,22500882,7f9fb25a-2f77-baa6-374f-6d4da0b4197b
22500882,213,2026,3,2,22500882,852e1fad-87ba-a9b7-d922-024dda6a439b
22500882,215,2026,3,2,22500882,00af56d5-72e4-1912-c025-8637a9aa9596
22500882,217,2026,3,2,22500882,3d7a8157-f214-e5d3-d814-d79d59e0c9fd
22500882,231,2026,3,2,22500882,18f791e5-54b2-fd1a-430e-6f3cb72561d7
22500882,233,2026,3,2,22500882,64cb23fc-9ba2-aaf0-2bf7-9257969cf449
22500882,238,2026,3,2,22500882,9064a388-6d84-3013-7716-43007af80c32
22500882,24,2026,3,2,22500882,4244351c-1109-8bdf-ffb7-8869692f495f
22500882,240,2026,3,2,22500882,97c8a1fc-3922-8643-3ad1-1ad783e6bc52
22500882,242,2026,3,2,22500882,9d2eb4ca-3b8d-68c7-d8a3-2471aed355b4
22500882,25,2026,3,2,22500882,c4abbf34-23d5-74b1-c625-04ffc6f08f28
22500882,252,2026,3,2,22500882,cb3f961c-fa76-ecb6-b205-81284c7539d4
22500882,253,2026,3,2,22500882,4247b730-5d41-b43b-ac32-bb773c7f14b0
22500882,255,2026,3,2,22500882,e5ae6827-4c06-4141-d6dc-be9880ef385d
22500882,259,2026,3,2,22500882,72b33e26-98a2-ab5b-19f5-dcc10a90dae3
22500882,27,2026,3,2,22500882,69c3d73f-24c2-9829-a225-87d44a43f176
22500882,276,2026,3,2,22500882,c7db4248-bfdf-aa12-1c86-a84a2891203c
22500882,278,2026,3,2,22500882,430ede4a-de60-43f8-f6c7-396883b335f6
22500882,28,2026,3,2,22500882,c143ddf2-29f9-85d6-c3a3-c03304eccbc6
22500882,281,2026,3,2,22500882,4d617356-6799-651c-795f-947120f1c26e
22500882,283,2026,3,2,22500882,11dcc190-95ef-fc74-72be-27dc0c2adce9
22500882,284,2026,3,2,22500882,5058df37-9363-01b8-b114-2f7c6e488b2d
22500882,285,2026,3,2,22500882,63f12faa-f2d9-6fc1-9972-aa7dfdd8c630
22500882,287,2026,3,2,22500882,08784dc0-2d60-e0f7-d65f-bfd8638230ca
22500882,291,2026,3,2,22500882,383ddb1a-1471-47d7-c435-8a31ae2b7bac
22500882,31,2026,3,2,22500882,9ec59160-d028-b71e-348b-ece25fdd0d5a
22500882,313,2026,3,2,22500882,fc286d25-45fb-1053-4b31-d4b221c517b1
22500882,315,2026,3,2,22500882,252ec228-4e33-d3c5-d19b-a87561458a32
22500882,346,2026,3,2,22500882,4ee97ad9-9028-d677-267c-b9bffd20e818
22500882,351,2026,3,2,22500882,fbc5e3c3-79a3-1441-f7de-08af1b598244
22500882,353,2026,3,2,22500882,de35c351-c73e-9c87-978a-bf9efda86c14
22500882,355,2026,3,2,22500882,3a9fe729-79b0-f468-0015-feb001cb325b
22500882,359,2026,3,2,22500882,4bc7a493-236f-6b95-b4b0-a295f5a7aac7
22500882,366,2026,3,2,22500882,e8b6d173-95e0-0ed3-7470-16499a087a89
22500882,368,2026,3,2,22500882,43f39aab-1cf7-51b7-6a84-f813ad1243ff
22500882,37,2026,3,2,22500882,18f8ccb2-f78e-cceb-ed16-0845b196053b
22500882,376,2026,3,2,22500882,80170cfa-4415-d23f-5f77-3aa538bf412d
22500882,378,2026,3,2,22500882,84424871-44b2-861e-ae40-6a7ad06913ec
22500882,381,2026,3,2,22500882,02024c58-55c1-2007-7b19-1c2b2a03382c
22500882,385,2026,3,2,22500882,744ed49c-08e3-78f8-9de6-73fc53ffa056
22500882,387,2026,3,2,22500882,14542dae-56a8-e856-5c9e-47fe9352a42a
22500882,389,2026,3,2,22500882,29373a9b-28f6-cc53-6387-6de1562a5336
22500882,39,2026,3,2,22500882,7dba3dea-6ea4-ac37-9aaa-572c70c7b4d3
22500882,391,2026,3,2,22500882,60bba46b-0f3d-5ac9-0b7a-e57e9322346c
22500882,400,2026,3,2,22500882,26e7ebb5-3a90-577a-e79b-0cc64352d67c
22500882,401,2026,3,2,22500882,c1ab9d1b-ebcd-a1c0-308b-f0d8f4a10e93
22500882,42,2026,3,2,22500882,8c276335-f71d-e8fc-ef32-fc786bca1bef
22500882,428,2026,3,2,22500882,8325cb32-bc8a-8cff-39fc-487e53a0849d
22500882,430,2026,3,2,22500882,a25066b9-b2ed-bd93-090f-d91525379fb0
22500882,432,2026,3,2,22500882,2353bcdf-3768-4cb4-1ad6-ad67372f0a9c
22500882,434,2026,3,2,22500882,24442127-5b7f-765d-1fb6-0c037856c612
22500882,436,2026,3,2,22500882,9a2c5d42-a782-f7e6-d2e1-6b70bc4a9aa9
22500882,437,2026,3,2,22500882,0cf61c35-b3df-dfca-5e06-ff4b3673f38d
22500882,439,2026,3,2,22500882,de2bc1e9-6572-c9f3-9240-63595b7cf7ff
22500882,44,2026,3,2,22500882,f948ea40-5f54-bb08-9e16-99652e7ee709
22500882,446,2026,3,2,22500882,80044ab3-ad80-8468-1921-b8e6e4eb9999
22500882,447,2026,3,2,22500882,b6f8fcfe-5d68-dc75-fa82-2c8cfbd760e8
22500882,449,2026,3,2,22500882,f890d8fa-050e-74e1-4e60-6ff3390bf893
22500882,467,2026,3,2,22500882,5b92845a-e7d9-605c-953f-194d43be8f8a
22500882,470,2026,3,2,22500882,abe1469d-1fcb-ded0-7db9-8b4d1a49651e
22500882,479,2026,3,2,22500882,b63717dd-a5f6-bd1b-5b6f-cbfb0d28a570
22500882,481,2026,3,2,22500882,aeb90307-d5d3-0c2c-132b-337d52c6063f
22500882,483,2026,3,2,22500882,debc6a9c-0088-67a0-aec5-5e86f6e06531
22500882,507,2026,3,2,22500882,6196e240-7a06-2224-288a-2eb7ee046318
22500882,518,2026,3,2,22500882,63e77382-3cf1-be68-6fce-781532abc477
22500882,52,2026,3,2,22500882,1140e1b5-dedd-d594-f2b6-ccf39c221d03
22500882,54,2026,3,2,22500882,e810cc8d-0a9f-f942-7ce1-aeac56cadb5e
22500882,540,2026,3,2,22500882,3da1e158-b8c5-45a7-d71e-44710e22fa24
22500882,543,2026,3,2,22500882,a209d303-120a-26c9-6ff5-982f38b83985
22500882,550,2026,3,2,22500882,f4c8d77a-8938-9ab7-9fdd-ec80c7b6dfa6
22500882,551,2026,3,2,22500882,8b9d6a02-9a85-eeef-91ea-cd3946812915
22500882,553,2026,3,2,22500882,b56fbdd3-714d-ea24-10be-29e155d7627c
22500882,560,2026,3,2,22500882,4fefa535-d1bf-4693-9ea7-f66534a15d41
22500882,570,2026,3,2,22500882,57faf1cb-f52e-a49b-9eff-772678d1bb5e
22500882,579,2026,3,2,22500882,57ddb4d6-cf4f-2806-ba02-6a3bcd909f0e
22500882,584,2026,3,2,22500882,1a9b50e3-a24b-4853-fbc0-da42aed51a8b
22500882,588,2026,3,2,22500882,f1f910f2-a688-9093-51e9-ff6762d64cbf
22500882,59,2026,3,2,22500882,5840359d-9279-1b9c-efe7-eae1c9d4684c
22500882,616,2026,3,2,22500882,3af5375a-e684-cf9d-4c29-4b2d4ad0773f
22500882,618,2026,3,2,22500882,3afae790-4f79-5d9e-1f86-d138c743b4f0
22500882,619,2026,3,2,22500882,9c545305-5a43-ffce-a8c2-5cec4dd088e7
22500882,621,2026,3,2,22500882,11741f32-6ead-194b-15a8-b09480adb28b
22500882,624,2026,3,2,22500882,51d2f808-acf5-ceae-6655-da35cf887548
22500882,628,2026,3,2,22500882,9e1bcaf6-5c9f-b063-1a90-9107ed502284
22500882,631,2026,3,2,22500882,27853946-6146-fa5e-098d-3993314f6b91
22500882,635,2026,3,2,22500882,abb2ef4b-c3f2-a53d-d702-e2f12299ffc7
22500882,637,2026,3,2,22500882,426f9790-6e50-b115-9964-60774ad45128
22500882,649,2026,3,2,22500882,510358c2-ec37-b3c7-ba57-46a7215f035e
22500882,653,2026,3,2,22500882,f94bc688-dc4b-6617-23c2-5cabd373d5f6
22500882,657,2026,3,2,22500882,8233e085-d52e-fbe3-8588-0ce898ef0ade
22500882,679,2026,3,2,22500882,eb699ce6-3fd9-c447-47fc-3c445e4fa0d9
22500882,685,2026,3,2,22500882,0348c141-8e91-3ab5-b44d-0ce149ff9d9c
22500882,687,2026,3,2,22500882,64e2acff-3e64-5955-c5ad-69d1bf4b728f
22500882,689,2026,3,2,22500882,d0c6c4c1-61a3-4b5e-262f-aa2ba562617f
22500882,690,2026,3,2,22500882,29eeb0c1-faca-1a30-b8b7-59529fb068eb
22500882,7,2026,3,2,22500882,476cea42-eef0-b3dc-2c29-822050e12902
22500882,72,2026,3,2,22500882,7c407c0f-7737-f389-080d-7fe28eb2fc9a
22500882,74,2026,3,2,22500882,a6dee8eb-7a6e-b3b4-88c0-81baded0597e
22500882,78,2026,3,2,22500882,82f7fde2-dc8d-b90e-0d5d-31c7b7b13b42
22500882,80,2026,3,2,22500882,69daf2d3-d4fa-e7d3-30ad-45fe1cf2fe04
22500882,83,2026,3,2,22500882,bf9dafeb-1248-568b-3f05-7d02fce520e5
22500882,9,2026,3,2,22500882,de7926a9-714d-04ad-0225-f2d5ed866600
22500882,10,2026,3,2,22500882,30b4acb6-c238-0c2f-cd71-5c277eb3fba0
22500882,101,2026,3,2,22500882,d9bcd17c-ec61-13e9-6bd8-516318611cfe
22500882,117,2026,3,2,22500882,570eb937-8ccb-7392-e887-044192ba5628
22500882,119,2026,3,2,22500882,09bb44cb-4aa9-0335-ce4e-c9d1edde71cd
22500882,127,2026,3,2,22500882,b8f5461f-1c46-3329-fe03-ff687627d964
22500882,131,2026,3,2,22500882,a62e420b-8180-6039-bc3c-2a2b08580e67
22500882,138,2026,3,2,22500882,d6eb2ea2-a738-00d6-302b-8acec887f13a
22500882,145,2026,3,2,22500882,a527d2a2-8088-3aa3-82eb-2c19e25303db
22500882,15,2026,3,2,22500882,3f6e0b98-4bc9-ed2f-6597-c21da7768f70
22500882,160,2026,3,2,22500882,cf618335-e294-48a6-b11c-24db37bdba93
22500882,162,2026,3,2,22500882,df6958b2-96d4-12a9-9733-c6ec3ec3e2dc
22500882,164,2026,3,2,22500882,23bdec38-1d51-1af2-85c6-aa5ca3ea78ea
22500882,166,2026,3,2,22500882,8a2f8a0f-79d4-ff36-4370-dda37caae476
22500882,179,2026,3,2,22500882,ed42fc75-1be5-9cfd-2ad8-655c5c240d1f
22500882,185,2026,3,2,22500882,90c7931e-f163-d423-22d8-ab03d81cb414
22500882,191,2026,3,2,22500882,9a5dadb9-7c9f-6f46-a897-85b68235c577
22500882,193,2026,3,2,22500882,2d48da38-a22a-0158-1f99-5c73cd279ae8
22500882,202,2026,3,2,22500882,c6cfae51-edc5-ea95-4525-ac822204dd7d
22500882,21,2026,3,2,22500882,3fc7ee94-5ea7-54c1-5aea-9cb57d4f6757
22500882,214,2026,3,2,22500882,1bccb10b-85ab-3e10-160e-b4deea5424a1
22500882,216,2026,3,2,22500882,fb3469d3-9aa9-716a-ef9d-c5418165ff94
22500882,218,2026,3,2,22500882,1a145e81-81fb-4f7b-a321-665eab4af76b
22500882,234,2026,3,2,22500882,62d76ad5-773b-2c1b-b028-2a77f4e541ef
22500882,237,2026,3,2,22500882,8db602a6-c794-d566-7e5f-0db819041d4b
22500882,239,2026,3,2,22500882,2e9a58cf-26b1-f201-b95c-5c3bf22449c9
22500882,243,2026,3,2,22500882,6ef2675f-e65b-0816-cb5c-0adbb6093c47
22500882,254,2026,3,2,22500882,8fd540a2-7e61-1d95-66f3-80e044360828
22500882,256,2026,3,2,22500882,50a63a0d-a6f0-6e89-0162-1490a12d2f34
22500882,26,2026,3,2,22500882,f5259c3e-8e47-7740-5b4d-e4157981f0d0
22500882,277,2026,3,2,22500882,9dfa1e88-9ee7-467a-27a8-e5a2d62aa302
22500882,282,2026,3,2,22500882,ed12541a-b302-c050-56ce-d2ff78a287da
22500882,286,2026,3,2,22500882,b4b641a9-42e5-e2e5-65bd-fd6dc0069637
22500882,288,2026,3,2,22500882,22289f24-c7aa-0fe1-876d-19cce5c5721f
22500882,292,2026,3,2,22500882,80ac65ee-65bb-dd70-ecee-440fc0dc0232
22500882,314,2026,3,2,22500882,77be6247-1a6d-1e2e-37ab-3c3cfe522aff
22500882,32,2026,3,2,22500882,24fbd22d-a8fd-7217-ec4d-2aedff70a803
22500882,325,2026,3,2,22500882,a6a5c9ac-c520-2ea2-2d00-1b5960967b8c
22500882,330,2026,3,2,22500882,b4625039-67ce-0996-51cc-7969ef12f4e9
22500882,344,2026,3,2,22500882,3b6057b7-d121-85d0-42e9-4804984165f7
22500882,352,2026,3,2,22500882,a2851391-7b45-ec14-2e2b-03714874ab70
22500882,354,2026,3,2,22500882,432a9cc4-19fd-6b0b-62df-d87a5ab052c5
22500882,356,2026,3,2,22500882,3d1128f6-4624-b097-86d3-c3be07228070
22500882,360,2026,3,2,22500882,b40d331b-ad4c-c8d3-b6ff-df0be8f74762
22500882,367,2026,3,2,22500882,69cd8241-7fd5-7dd5-190c-bae5bae5e214
22500882,369,2026,3,2,22500882,8625744d-ddc9-d521-708a-cd67f6fd5e66
22500882,377,2026,3,2,22500882,273a3155-15c1-99b0-1d3b-97c24565e63a
22500882,38,2026,3,2,22500882,11ec5a99-db2b-eda8-5631-5d4d567d4c0c
22500882,382,2026,3,2,22500882,d47a2004-8a28-79eb-be6a-d0df42e01ae2
22500882,386,2026,3,2,22500882,0a0957af-17e8-3e84-f270-c97a5941167c
22500882,388,2026,3,2,22500882,529686a8-d709-400b-3b7f-c3fe9a274a1f
22500882,390,2026,3,2,22500882,7abadfbd-f159-a23f-e735-9be9b10769c7
22500882,40,2026,3,2,22500882,5f4c1f88-6460-e80f-d8f5-bfbfa27d871a
22500882,402,2026,3,2,22500882,1a61faa6-6b9c-fdd4-5890-19ab7706cc1d
22500882,429,2026,3,2,22500882,70cdf5ee-c54b-0142-56e2-f49c90fe9895
22500882,43,2026,3,2,22500882,fa49fa60-5b02-d508-e0dc-abcf3d836719
22500882,431,2026,3,2,22500882,e527e004-38c5-d7dc-d0ae-551c2c22eccd
22500882,433,2026,3,2,22500882,afd968fe-ef67-e24a-e2db-87209c498b85
22500882,435,2026,3,2,22500882,e50980af-d037-8371-d384-46607aade026
22500882,438,2026,3,2,22500882,a3831f17-d752-fc76-18c2-0a76aae47f9a
22500882,440,2026,3,2,22500882,62cc15d9-ac12-a4ed-a8e9-06c01f7e163c
22500882,448,2026,3,2,22500882,a5bd5679-7e59-3e66-5762-7a590e08123a
22500882,45,2026,3,2,22500882,95b7da62-58c1-47e9-f98a-42983e79a062
22500882,480,2026,3,2,22500882,f55e0253-c478-5e5c-1e53-3478122d7864
22500882,482,2026,3,2,22500882,3fbea93d-a3d4-2dcb-99f4-01277f9d2a58
22500882,502,2026,3,2,22500882,5ef56540-5365-e76b-fcb2-ea9cf432370c
22500882,519,2026,3,2,22500882,c1aff60f-e407-9484-9fc7-92e1822a67f9
22500882,53,2026,3,2,22500882,d3ce6493-4368-9a30-fdbd-6ee34ad4f267
22500882,546,2026,3,2,22500882,27d0a818-9fb5-1ef8-daf4-490eb952cf8d
22500882,549,2026,3,2,22500882,17de2789-c45e-a683-4920-f02bf1d41736
22500882,55,2026,3,2,22500882,8b3f2d99-c464-f889-0165-b13e74506a30
22500882,552,2026,3,2,22500882,ad2e753b-1b18-4ba7-9540-a2ef99e34654
22500882,561,2026,3,2,22500882,cefd13b4-ef35-e627-0add-d346bbcf21fc
22500882,585,2026,3,2,22500882,6101de0a-5430-62a1-768f-30528d7a4e38
22500882,597,2026,3,2,22500882,1b988e99-6074-0cab-25d1-bb621d4c2718
22500882,60,2026,3,2,22500882,37d36bbe-d6e6-0f1a-c9a0-2c1e04020911
22500882,617,2026,3,2,22500882,09007a7b-d88c-5611-28c4-007251d52392
22500882,620,2026,3,2,22500882,2617dad6-4466-c2d7-b9ad-ba2ef76e10b8
22500882,632,2026,3,2,22500882,5581ad1d-d5bb-51af-df9c-9f810ca6df75
22500882,636,2026,3,2,22500882,a2943345-f870-a417-dac4-5d0426605b3c
22500882,638,2026,3,2,22500882,b4c756b3-f46d-2fc0-d8f9-4df1335a1499
22500882,650,2026,3,2,22500882,916ac57c-2cff-fdd1-1ec7-243575ccf108
22500882,654,2026,3,2,22500882,cbf4abb2-7d0a-78d5-19d6-765b9c2e5702
22500882,680,2026,3,2,22500882,1f2643bc-05b7-b329-6e8c-f276e8651d9c
22500882,686,2026,3,2,22500882,5a130dc8-ed8b-eb51-d907-ffddaa60eb4f
22500882,688,2026,3,2,22500882,2697ff61-bb5b-d7d2-9a54-714b51c15068
22500882,71,2026,3,2,22500882,b2f29da7-5ac5-3971-d15f-1f2e5922aa39
22500882,73,2026,3,2,22500882,408724f7-8011-2463-19ea-c947fe423559
22500882,75,2026,3,2,22500882,1223ec27-6c9f-933a-3e63-204af5d3b661
22500882,79,2026,3,2,22500882,6b0418e2-d247-68a6-981f-66fc66505b22
22500882,8,2026,3,2,22500882,c0fc656f-a1cc-859e-e752-8a6383abe06e
22500882,84,2026,3,2,22500882,3786bbbe-02a1-83b1-e43b-87dd9aabe34f
22500882,97,2026,3,2,22500882,61419962-bacc-80cd-035c-e6ca44afae37
22500882,105,2026,3,2,22500882,d1518d7e-2329-6eb9-bdfc-a3625e5e0c50
22500882,139,2026,3,2,22500882,bcefe739-4e36-77d8-8299-d8f2b09a6f06
22500882,16,2026,3,2,22500882,732acf38-5702-455d-6d80-3adb8597d137
22500882,194,2026,3,2,22500882,41403e8d-b4ac-fd62-125e-2b349b6f6918
22500882,22,2026,3,2,22500882,b93a4739-ec39-21f1-66f6-6a11eb25cd50
22500882,222,2026,3,2,22500882,5acb5752-0784-1944-b316-cbc06f2551bf
22500882,318,2026,3,2,22500882,dffe1608-7f02-fd6b-ad88-b819a76ab645
22500882,468,2026,3,2,22500882,c3b338c0-343c-626a-7535-c553b5e04929
22500882,490,2026,3,2,22500882,ef0b2119-96b6-811a-00fd-bbba0d499a57
22500882,492,2026,3,2,22500882,3891df37-0e37-c79d-96f6-b9dc2215d83a
22500882,541,2026,3,2,22500882,488c663c-29bb-f659-0c67-538ca6fb51e1
22500882,562,2026,3,2,22500882,f9170ada-b768-fbae-cdf5-43befe012339
22500882,566,2026,3,2,22500882,db981b20-c3e6-afc4-ff1b-87b9911c872f
22500882,568,2026,3,2,22500882,b5069202-2c13-99b1-8107-03f018075a33
22500882,603,2026,3,2,22500882,4982256c-b2fc-ff6c-138b-28c499e2f667
22500882,622,2026,3,2,22500882,b9b55b68-7cb4-8d1e-2307-b74dae29bcbe
22500882,115,2026,3,2,22500882,c092a7eb-11a6-881f-5fab-a54bb8786f96
22500882,136,2026,3,2,22500882,7b58bc0e-ea7a-33d9-f0b8-ed9f8bd727d0
22500882,157,2026,3,2,22500882,6e75e0ad-2f0d-d2f1-2782-848d4a05daa2
22500882,186,2026,3,2,22500882,387dd276-eae3-3083-e4b0-96af7c5cdb31
22500882,322,2026,3,2,22500882,513e2f84-91a2-10c4-6b7e-701dc54e81aa
22500882,345,2026,3,2,22500882,4458920c-1cce-2fed-dba6-453262b765e1
22500882,420,2026,3,2,22500882,78f5ead2-6490-cdad-6a2e-546f8d909406
22500882,524,2026,3,2,22500882,cf08e167-94a0-2c57-ccac-942872eb9b76
22500882,634,2026,3,2,22500882,937e9ba2-ae41-4506-65c4-85ebfe629e3c
22500882,655,2026,3,2,22500882,702d4bf5-bc7e-5e5c-e559-160c56b593a4
22500883,106,2026,3,3,22500883,863ed51c-fd98-5597-a016-c6241e5cc7b2
22500883,115,2026,3,3,22500883,bdc48155-9dd3-ef19-2bbf-a5d39855b561
22500883,127,2026,3,3,22500883,54ce831c-e47e-4d05-b6a3-54c043ec02c5
22500883,130,2026,3,3,22500883,7014a3b8-8ae0-9ae2-0351-ba82a3737f96
22500883,156,2026,3,3,22500883,97582882-5cd7-3056-5b9e-104e310faeb4
22500883,20,2026,3,3,22500883,21db782a-83e1-b55e-fad0-7e2c7702ad4b
22500883,210,2026,3,3,22500883,d6ccc216-f376-8adc-b7a2-e93eda2b339e
22500883,220,2026,3,3,22500883,f74ebc07-4b92-e30d-2108-73964cb47f42
22500883,232,2026,3,3,22500883,5894c42b-78b5-35a9-6187-c8d21774ed90
22500883,236,2026,3,3,22500883,5c632c92-ad04-de15-7a21-1ec0510edd40
22500883,26,2026,3,3,22500883,cd7c3c57-e377-cfc0-3076-52ed29215857
22500883,264,2026,3,3,22500883,e84a7c79-29fa-0eda-aa11-c0e954124b32
22500883,28,2026,3,3,22500883,bbeb3b45-602f-f243-dc16-e744773e5a96
22500883,280,2026,3,3,22500883,d03dd54a-8fc4-67a4-0c3f-7227dd18bbb3
22500883,297,2026,3,3,22500883,6a3a0c30-d515-ab72-76ba-7f9e18f78521
22500883,313,2026,3,3,22500883,0ff03bec-4166-cd29-3706-bf7f1970c83a
22500883,327,2026,3,3,22500883,b47aacc7-4d5f-514d-4458-e075595268c3
22500883,335,2026,3,3,22500883,e523b5ad-476d-a4c6-bfef-37609145e05d
22500883,339,2026,3,3,22500883,d02a4338-114b-7c33-f996-5ca74d80224f
22500883,341,2026,3,3,22500883,ae772cb7-8cf9-f35b-8e85-358e6b33b4bb
22500883,358,2026,3,3,22500883,7a2bcee2-d706-8cf3-db5e-73ea9e2a749c
22500883,364,2026,3,3,22500883,62ec617a-3b99-961e-2c10-d8d4b60f3d6e
22500883,38,2026,3,3,22500883,fe17138b-89e1-121d-9eca-43b3538e4561
22500883,381,2026,3,3,22500883,74620630-76a5-bfd3-8868-ae992ea06b37
22500883,388,2026,3,3,22500883,f44ac1c3-055c-cdc5-6583-ef255d33ef05
22500883,400,2026,3,3,22500883,55f16473-51f1-e94c-14b0-75799874a1ee
22500883,402,2026,3,3,22500883,67ea1044-0e53-9bc4-381b-928587bd8099
22500883,42,2026,3,3,22500883,43e1ed99-f7af-9afc-db5b-4e99b41f0575
22500883,462,2026,3,3,22500883,2d72dfea-5059-dbda-aaad-2fffd8c841e5
22500883,468,2026,3,3,22500883,1590a343-19e4-91a3-b907-646e0665b1be
22500883,471,2026,3,3,22500883,5a2d3a31-3add-e319-0efb-c96961c7be98
22500883,482,2026,3,3,22500883,496d86c4-4762-76bc-2461-15f6b6790c23
22500883,496,2026,3,3,22500883,ed531563-d999-adff-82b2-5839dbdda9c9
22500883,503,2026,3,3,22500883,5e609d39-737f-4a06-1696-5be5134cc22f
22500883,513,2026,3,3,22500883,172144df-fbd8-4b0f-6bd3-8d7892ab24d5
22500883,519,2026,3,3,22500883,0eef9b53-5401-613d-45f9-f79ee8ef3c39
22500883,525,2026,3,3,22500883,61a774df-f43d-42a7-d0d2-8d2fb2a8a6af
22500883,529,2026,3,3,22500883,a3f003d5-9ecc-882c-8f87-fb236af42aae
22500883,533,2026,3,3,22500883,9210d366-13fd-4663-cc96-bd981e884e05
22500883,561,2026,3,3,22500883,db0d5165-78ae-c22a-cd7b-12972140b450
22500883,576,2026,3,3,22500883,785aa71e-9eff-7137-9add-581bffb84949
22500883,578,2026,3,3,22500883,4604b488-8911-6cb9-b25a-fbc075727324
22500883,595,2026,3,3,22500883,9084f3c8-6bb4-88a8-69ff-20ef510bacd0
22500883,602,2026,3,3,22500883,2b12e1e4-488b-de00-83e7-a629cad95ca2
22500883,627,2026,3,3,22500883,2a0195e0-0bbf-3616-2173-a482c07a609a
22500883,650,2026,3,3,22500883,515d771e-051e-0cad-fd87-3ec594da7558
22500883,699,2026,3,3,22500883,0a3eafe4-661a-f8b6-c536-61a686ffe210
22500883,7,2026,3,3,22500883,aa35bee1-5b3d-51b0-57d5-bdc50c51568e
22500883,714,2026,3,3,22500883,37f2e54f-90a5-3b11-23ce-6aa4d6a08af6
22500883,9,2026,3,3,22500883,d5395b7e-881e-335c-e37e-51bcb8e31bbf
22500883,94,2026,3,3,22500883,d715f9c3-6866-1ce5-ef84-00d6ddc9f1d0
22500883,174,2026,3,3,22500883,2de6f788-6b94-f8a8-c466-e27aab31df5b
22500883,192,2026,3,3,22500883,56b3ca2d-aa71-1949-569d-25ef6cb5c90a
22500883,22,2026,3,3,22500883,0866906f-519c-a5a8-f9ae-918379e7dae2
22500883,266,2026,3,3,22500883,f056d254-2c6b-0d3f-0bcd-ac8bdddf3a51
22500883,352,2026,3,3,22500883,fdaf5ee6-a942-3219-697c-c89039d3e9d5
22500883,49,2026,3,3,22500883,77388d00-b57e-16bb-4ba4-a7e54956370f
22500883,498,2026,3,3,22500883,5a3023af-3272-6849-b5f6-575cfd819177
22500883,588,2026,3,3,22500883,d90e46d4-84c4-0ab8-38c8-3cc160f57408
22500883,599,2026,3,3,22500883,613fc787-33b7-98ae-d530-0606173cb68f
22500883,633,2026,3,3,22500883,8c5939d5-1a87-d62c-d6c5-0a4bab561c91
22500883,70,2026,3,3,22500883,ed7bca63-fb1f-4a0f-66c7-68aecc7785b5
22500883,110,2026,3,3,22500883,2dc4fda3-e7b2-2a69-4548-fd963c69e184
22500883,111,2026,3,3,22500883,0e289c67-2d3a-5e8e-524a-b51e846441f0
22500883,113,2026,3,3,22500883,dff39d83-42e3-14e7-1b3c-e02fb6663cf0
22500883,125,2026,3,3,22500883,db92d650-45ef-ad5d-fb31-b877e700cfa9
22500883,135,2026,3,3,22500883,9033f817-cd23-0bb8-8a6d-c65b6730afab
22500883,14,2026,3,3,22500883,78362f53-4910-8124-c1a5-2f96cb14e506
22500883,146,2026,3,3,22500883,09965151-ca91-1939-681a-9613ab6d6dc4
22500883,150,2026,3,3,22500883,9a66e21d-a58c-ef80-dff6-b0f762d7edd8
22500883,154,2026,3,3,22500883,ced0134b-7c61-44f8-7374-d4e0e2d36bf8
22500883,16,2026,3,3,22500883,39e4de0a-6b12-c357-983d-54dd61a19443
22500883,163,2026,3,3,22500883,c61003ba-4e98-2c73-73b4-f619e98845f7
22500883,176,2026,3,3,22500883,f03f8f4a-db36-9dae-bacd-ce0655d61ce5
22500883,178,2026,3,3,22500883,305a7fec-d074-a58a-f60c-203fe49b86c0
22500883,194,2026,3,3,22500883,ea113994-6ccd-a9bb-0705-15f7e33aa6d7
22500883,196,2026,3,3,22500883,2748cbe2-a6fb-5eb4-27b9-a7eaa9c03170
22500883,198,2026,3,3,22500883,978a8abd-28dc-13e2-1503-7ac0366d7ca0
22500883,204,2026,3,3,22500883,01429dc1-ee85-6f33-79b9-d57bd755a1ba
22500883,214,2026,3,3,22500883,bc088029-384b-134f-e134-efaab0b93d77
22500883,222,2026,3,3,22500883,cf1f3022-1346-5f8b-41b5-fdcad4381af7
22500883,234,2026,3,3,22500883,9f50c752-5446-83f4-0b01-4a3e01e10003
22500883,238,2026,3,3,22500883,48bbfe23-e7dd-eb9d-e555-c8ae1a3af05a
22500883,240,2026,3,3,22500883,0aa293b1-622a-673a-9750-4f4ec1d37a58
22500883,25,2026,3,3,22500883,efdd3a89-119a-aa1e-2c82-2fe73e0d46e4
22500883,269,2026,3,3,22500883,e9fa158a-6127-5698-1492-d56c4a47a739
22500883,27,2026,3,3,22500883,6659b30b-66df-d5ac-a625-fbc783be9d70
22500883,271,2026,3,3,22500883,149a7590-9119-f512-5559-debf306d9e28
22500883,278,2026,3,3,22500883,1f688bad-74b8-8ced-a8be-bf0b7ee6ed5d
22500883,287,2026,3,3,22500883,3a73720d-0f50-569a-51b4-ef9ee277e536
22500883,291,2026,3,3,22500883,5a6ee0b5-f70e-42ae-9614-0f9b9f773584
22500883,294,2026,3,3,22500883,c4bb189b-0d73-085c-28a4-dbd37652f8f3
22500883,296,2026,3,3,22500883,cf2c20b4-a777-a26e-2f53-f679a3153f7f
22500883,32,2026,3,3,22500883,f238b4a4-9158-7e35-7a72-57bd4a00e54f
22500883,337,2026,3,3,22500883,157532b7-826b-ade9-bc20-a48291e20604
22500883,34,2026,3,3,22500883,87b05f2c-1d65-28b8-85ff-6b5d1c2e4cee
22500883,343,2026,3,3,22500883,2ed32112-3b57-8542-7598-3df0ac8b1a79
22500883,346,2026,3,3,22500883,4e81848a-fd1a-c752-6709-55ff955101a3
22500883,348,2026,3,3,22500883,d1a82311-5b27-6936-d996-a55ad8245b1e
22500883,350,2026,3,3,22500883,c7701285-055c-9290-c21b-94ab59f905a7
22500883,360,2026,3,3,22500883,56b6f124-e305-92bb-1e25-4513f6498343
22500883,367,2026,3,3,22500883,c0fa0b69-366d-fd01-c238-73c7180a8a65
22500883,379,2026,3,3,22500883,5968c549-5652-ed8a-ab4b-0e6375406c77
22500883,384,2026,3,3,22500883,90bfb055-dc7a-c657-64fb-87fcfbbe1adf
22500883,386,2026,3,3,22500883,280b1321-b3f5-3bf2-b69b-346ea9011c12
22500883,390,2026,3,3,22500883,790d1d9c-38f1-9957-5c3a-0f2a66ab1509
22500883,393,2026,3,3,22500883,920a3d25-e32d-9c20-cc78-6079ec69d420
22500883,395,2026,3,3,22500883,d4cc0df7-0f29-279c-f5cc-cca68715d8f6
22500883,398,2026,3,3,22500883,c4c42091-c498-ff6a-d427-3e8a098ba99b
22500883,40,2026,3,3,22500883,839bf91b-28e0-431c-7843-bb87c5638002
22500883,410,2026,3,3,22500883,b6be4110-c609-ec84-3717-f86e41489a84
22500883,413,2026,3,3,22500883,bcd56bca-db52-4948-dcf8-581b3ec853e1
22500883,415,2026,3,3,22500883,4866ef2d-945c-b85d-59a2-cc5b0576aeb7
22500883,417,2026,3,3,22500883,69e148da-5fdb-fc93-88f1-ecb0df3f1d27
22500883,419,2026,3,3,22500883,12f3218f-ed66-2983-139e-0dc766cf95c7
22500883,426,2026,3,3,22500883,da3d4fe7-e914-6667-adfd-d80264f74852
22500883,43,2026,3,3,22500883,f072f77f-8304-9d3f-7ea6-40a85329ba9e
22500883,434,2026,3,3,22500883,0f46e9ec-d168-7e8d-9b62-9588e4626272
22500883,436,2026,3,3,22500883,c48046d3-acb4-c7dd-7506-9cfc68584dd5
22500883,45,2026,3,3,22500883,fc0a91dc-0769-fd64-9587-d5f307730d8b
22500883,452,2026,3,3,22500883,312aa55a-4efd-ce7a-9abb-4bfefc937be5
22500883,454,2026,3,3,22500883,c0179619-f5da-89f8-0ab4-8c4d1182b7ac
22500883,470,2026,3,3,22500883,07f58f97-ac98-1aef-ef83-a79b699542f4
22500883,473,2026,3,3,22500883,aba370e5-46d3-3a80-f5cb-ada9bc91f5c4
22500883,484,2026,3,3,22500883,f96762d8-ad3c-4a79-37a5-333f5764834f
22500883,501,2026,3,3,22500883,61cc96bd-6740-55c9-704c-7faaa334e2bf
22500883,511,2026,3,3,22500883,3b324ff6-9792-0987-58ed-5325ad2a958b
22500883,527,2026,3,3,22500883,f14d53f2-9829-b602-687f-1b7f5bdd61a1
22500883,531,2026,3,3,22500883,82bf1179-a4e5-f16a-fe87-3382b73e328c
22500883,563,2026,3,3,22500883,24b41fc4-5e7f-62a6-d073-c452065e0863
22500883,565,2026,3,3,22500883,67776169-580b-1d8f-1486-e149850370d5
22500883,57,2026,3,3,22500883,74581586-bf68-8ba6-2abd-b2b94972d86c
22500883,582,2026,3,3,22500883,7e7b5247-2cd4-9084-bb73-268775fe6b44
22500883,590,2026,3,3,22500883,6c09fb53-633f-0a93-79b3-799ed5037343
22500883,591,2026,3,3,22500883,62945da9-8c33-334a-1fa4-b094be237d9f
22500883,593,2026,3,3,22500883,af0dd313-7754-ac4b-b885-1fe3151c3109
22500883,596,2026,3,3,22500883,12af9f05-3b51-e297-dfc6-83bbd40d01cb
22500883,604,2026,3,3,22500883,a6478686-5a91-1984-c1e8-93885617c3e5
22500883,619,2026,3,3,22500883,deb14e14-cb73-edc9-1c47-a4c54bb0f2a2
22500883,625,2026,3,3,22500883,a6e181ca-5b29-43a6-3e13-edb9aa5165c1
22500883,640,2026,3,3,22500883,eff90910-25cf-bad4-77be-f4a31dab9a20
22500883,642,2026,3,3,22500883,2863c1e5-a847-b1d2-b7a7-30594ca342dd
22500883,644,2026,3,3,22500883,3d25b895-0d05-96a2-0e32-f1d72531ba61
22500883,646,2026,3,3,22500883,69bb1923-2710-6289-3b51-664a3e6cf751
22500883,648,2026,3,3,22500883,6dfe65ba-1ee5-8e5e-2398-72eb6881f29e
22500883,655,2026,3,3,22500883,ab6b54b9-387d-3b1d-0da8-f111600594b1
22500883,66,2026,3,3,22500883,11bb770d-df92-3cc6-81eb-2db7b851191a
22500883,672,2026,3,3,22500883,2f84cb3e-6487-38ee-682c-e2b654fbb6e3
22500883,68,2026,3,3,22500883,8be9aa1d-ce40-cdb3-4548-25461607bff6
22500883,682,2026,3,3,22500883,2ac39324-279d-6e06-a8db-89e5cc3b3a72
22500883,684,2026,3,3,22500883,c95269c4-6db8-d5f2-6ba8-4ccdab4c13ed
22500883,686,2026,3,3,22500883,13ff9c65-55d2-9746-351c-f347f254dd86
22500883,688,2026,3,3,22500883,2ce3ad26-bf04-1ac5-f8e9-91b1e7476620
22500883,709,2026,3,3,22500883,b416d443-3eda-e264-8f39-3d90ac1a52a4
22500883,712,2026,3,3,22500883,439676f8-e378-5f6e-ff19-101fe0207a33
22500883,735,2026,3,3,22500883,bf76c443-1c23-b861-1d85-683e05710d62
22500883,77,2026,3,3,22500883,543fc5d5-d370-165f-bfec-07aa54a178ea
22500883,83,2026,3,3,22500883,6e41057e-54da-cb3f-9e52-c0b70278870b
22500883,84,2026,3,3,22500883,12ba89b9-b9cf-6017-7b44-6e8380781a59
22500883,86,2026,3,3,22500883,6c4d2dff-0829-074a-e60f-b3a9d0d58aff
22500883,88,2026,3,3,22500883,48a58adf-bb09-a3c5-fd96-6e41d27020eb
22500883,90,2026,3,3,22500883,41694d4f-00c5-7f2b-cef1-f4ead416a558
22500883,112,2026,3,3,22500883,5ffed3c7-9bc2-2c56-c698-50aa09727ff4
22500883,114,2026,3,3,22500883,13014a8a-c301-9baf-be52-8949665e3204
22500883,126,2026,3,3,22500883,75c8c030-241f-8acf-2cc6-1f7a5e495dbc
22500883,15,2026,3,3,22500883,b002ee00-3fd3-d4ea-f9f3-6b8d6230d8d2
22500883,151,2026,3,3,22500883,2509cfd3-cc2c-c627-7a48-1a4d3afdd4ae
22500883,155,2026,3,3,22500883,6ee20116-85cd-5731-bc7f-a7e50e295ed4
22500883,17,2026,3,3,22500883,413afd8e-a7de-e2c2-a871-d28a5c157fcc
22500883,175,2026,3,3,22500883,9b947a27-823e-7635-a946-4a563f36d065
22500883,177,2026,3,3,22500883,25410a84-c367-260c-7101-de10d3ff39bf
22500883,193,2026,3,3,22500883,393578ee-3914-59b3-f117-2494b5b7e61e
22500883,195,2026,3,3,22500883,9969c1a5-da57-e08f-f7f5-ec86288dd006
22500883,197,2026,3,3,22500883,325f8632-dcb7-880f-e0af-65ad855bcebc
22500883,199,2026,3,3,22500883,c989ea50-129f-c496-2f14-c8e69883e47e
22500883,205,2026,3,3,22500883,ffb15878-1bb1-010c-8751-71567fd586e8
22500883,215,2026,3,3,22500883,77e574e6-e957-5373-e13e-f4c15b03aa6b
22500883,223,2026,3,3,22500883,d0faf412-ba88-5760-3830-2b8911de7752
22500883,235,2026,3,3,22500883,585696f9-3a15-df6d-c6ab-2349f5c92fb3
22500883,239,2026,3,3,22500883,ef7075ef-1cbf-92d9-d895-fca85095caae
22500883,24,2026,3,3,22500883,455b58df-8d7c-d15f-0481-eff834c16725
22500883,241,2026,3,3,22500883,3fde7886-c598-a176-597c-2bb4f2fa5cc1
22500883,255,2026,3,3,22500883,8765e67e-cfa6-dd83-deba-78c4bf2128a8
22500883,263,2026,3,3,22500883,a6b66640-ba6c-e310-9883-a8265edb5f9e
22500883,268,2026,3,3,22500883,51c82f74-39dd-df15-b169-6e376915a4e8
22500883,270,2026,3,3,22500883,34b8997b-b621-5380-8a19-ccab30614099
22500883,279,2026,3,3,22500883,40609fad-f129-9bc4-1cf6-ae08d38fcf7f
22500883,292,2026,3,3,22500883,5c0a501e-9f7f-3443-7c45-6c7ba4b1db23
22500883,295,2026,3,3,22500883,f6d6ae3d-d077-d46d-161d-02dd71465350
22500883,312,2026,3,3,22500883,6ade2bcb-a68b-0614-dea6-f54a297670d9
22500883,33,2026,3,3,22500883,2f752dd2-1f52-1839-748c-1e7f0deda5d6
22500883,338,2026,3,3,22500883,27e89eff-f526-b0f9-cd97-d1b7e3469cc2
22500883,347,2026,3,3,22500883,dbf081c5-1456-5d77-c291-5a3623c565d8
22500883,349,2026,3,3,22500883,70be2d09-4edc-81aa-3f7f-8a9b8da6e649
22500883,351,2026,3,3,22500883,4b90e78b-fc52-f14b-c2da-c8d19d6a99f5
22500883,361,2026,3,3,22500883,ed3d7159-859c-f96b-fa46-456a2a9c986c
22500883,368,2026,3,3,22500883,f9e8a0a1-44ec-3344-ee5b-7e5094b4b035
22500883,380,2026,3,3,22500883,15e7a5e0-c8d5-7a87-0cb6-479fa1f00e74
22500883,385,2026,3,3,22500883,95afd631-57b9-430e-e72b-24919ef129a4
22500883,387,2026,3,3,22500883,5f1ab055-aa08-7ad7-b6a1-0d6ca605a349
22500883,394,2026,3,3,22500883,1b3fe0d2-b500-7730-9485-c01db674c9a1
22500883,396,2026,3,3,22500883,48fa72c5-7c32-d65a-6b86-a75fdfc9ccc7
22500883,399,2026,3,3,22500883,6ece5c43-f289-4941-7756-8d84c2f11b95
22500883,409,2026,3,3,22500883,d4961a3b-1f54-5d7f-5555-b445a2b39734
22500883,41,2026,3,3,22500883,212f1800-df74-144c-efd1-73b184e292b3
22500883,416,2026,3,3,22500883,f9416439-3421-f6d0-1c87-a038decdbcc3
22500883,418,2026,3,3,22500883,c53db02d-9a3c-8308-96d1-5d9112a6fe68
22500883,427,2026,3,3,22500883,5829ff94-f7d6-ad17-3e57-71b84b598f6c
22500883,435,2026,3,3,22500883,8f2fd4e2-4d65-c221-b6c1-b2e260c13095
22500883,437,2026,3,3,22500883,787957b4-1edc-ca5c-b078-5259df91a891
22500883,44,2026,3,3,22500883,d9b832b0-de15-a873-8bf3-f99da2a4652b
22500883,453,2026,3,3,22500883,0144d672-ac27-5797-ce34-506b8fa6d3ac
22500883,455,2026,3,3,22500883,6c5d2be0-dcc5-8ad7-f54f-0e9be5ef4dd4
22500883,46,2026,3,3,22500883,d7c5d9ca-5b22-d3e6-b350-2f03994031ea
22500883,485,2026,3,3,22500883,8931c4d3-34d2-2251-1c33-3c781e476203
22500883,495,2026,3,3,22500883,555b17be-09e5-0333-b431-53ca8dec7ea2
22500883,500,2026,3,3,22500883,37308d34-bc4d-8be6-40bf-9b7312a6862a
22500883,502,2026,3,3,22500883,cb74cdef-10ba-e86d-c4c3-4df1cbf18076
22500883,512,2026,3,3,22500883,06a80360-75be-5811-2182-a0abf019f48f
22500883,518,2026,3,3,22500883,e534e50b-358b-0d1e-ce25-4841a2781097
22500883,528,2026,3,3,22500883,6945a8cb-2990-59ab-9c85-ce46367180cd
22500883,532,2026,3,3,22500883,1e4e72b6-ff1c-22c2-cb06-e5f925716ecd
22500883,564,2026,3,3,22500883,07803727-1dd3-d220-a194-5c41397e3898
22500883,58,2026,3,3,22500883,2bca5678-463c-2d40-522a-74181ea70b7c
22500883,589,2026,3,3,22500883,eb06059f-4843-02d6-629b-352283fd2e76
22500883,592,2026,3,3,22500883,c17dac01-85c4-8d6f-649c-8996e321ae25
22500883,594,2026,3,3,22500883,6cb2f8dd-ef49-c22e-b53b-c3ba288d1677
22500883,597,2026,3,3,22500883,7ef40e40-39cf-a2af-c1cb-4d58dd743f4e
22500883,601,2026,3,3,22500883,e1c68352-aac3-1ce4-e5c5-cc42bb1fdfba
22500883,605,2026,3,3,22500883,ff2c010b-11d0-ea32-e52a-f245f7be1ef9
22500883,620,2026,3,3,22500883,dae040fb-8b94-3cc9-49e8-94e3bd5b27df
22500883,626,2026,3,3,22500883,fadb478f-981f-e8c0-cc03-3eeb6ab5c39a
22500883,635,2026,3,3,22500883,de880ff3-a203-30e1-0abf-8e4b19baaf0b
22500883,641,2026,3,3,22500883,84937b4b-a94d-cd01-d7df-25d262fd9409
22500883,643,2026,3,3,22500883,21628a66-e22b-a8e7-415f-2d06a1591b6e
22500883,645,2026,3,3,22500883,420787f4-31ed-c070-4389-ebd6a452c26a
22500883,647,2026,3,3,22500883,759ca99d-81e5-f1e7-7b42-bb98fc6e2ead
22500883,649,2026,3,3,22500883,ada1a468-1d08-06c4-e5c6-bbcde65b2dd1
22500883,67,2026,3,3,22500883,d562271d-1769-bab9-43a5-3a27bd037137
22500883,673,2026,3,3,22500883,907614c3-50a8-1b83-ef6b-b8f7d677c1b6
22500883,683,2026,3,3,22500883,5a9cbbbc-548b-30de-11d5-30c76f4bdc95
22500883,685,2026,3,3,22500883,d8c41b78-8eee-baa2-2e2a-751a62718ed1
22500883,687,2026,3,3,22500883,c55e6bb0-06c4-9782-a00d-fe804253a4c5
22500883,69,2026,3,3,22500883,c31b9db0-2e0d-2aeb-4dfd-0bd8a6fc4821
22500883,692,2026,3,3,22500883,2ec400a0-91ff-6aed-2036-5744df8f1ebc
22500883,698,2026,3,3,22500883,8e3c421f-8921-9667-ab8b-f2b92080ff3e
22500883,713,2026,3,3,22500883,29deb1f7-94a7-9fb2-2a5d-111e95be54d3
22500883,724,2026,3,3,22500883,c80096ae-3d6d-341b-cee2-3711ea450a08
22500883,736,2026,3,3,22500883,0a51daf9-cd96-7f9f-ca18-b56b44333a3b
22500883,85,2026,3,3,22500883,2bcba3ae-9101-7489-e730-2d0a0415abd4
22500883,87,2026,3,3,22500883,588a1485-5fb1-76ca-12ea-2d0d541452a0
22500883,89,2026,3,3,22500883,32f701cc-13c8-ddc3-997e-a9c4a4c7c939
22500883,91,2026,3,3,22500883,0a4c553d-ded8-3dc2-cab6-74a8ad234c53
22500883,123,2026,3,3,22500883,12cd4914-7fbd-5f91-df07-d573a84b259c
22500883,128,2026,3,3,22500883,1f29503e-002e-f2b2-cc6d-9f602c254e10
22500883,148,2026,3,3,22500883,c5a4d1e8-5776-73d6-a20e-50a2ac294848
22500883,152,2026,3,3,22500883,0b900355-3016-8772-8d65-21ade4a48619
22500883,172,2026,3,3,22500883,6a5d2c95-a2f4-1d6a-1620-69dd7d18910f
22500883,216,2026,3,3,22500883,b0128c05-e26b-7aa2-e7e6-5256a3faa493
22500883,218,2026,3,3,22500883,4da8b129-95a6-1389-252b-0d64f41a90c2
22500883,30,2026,3,3,22500883,555d001c-7eb3-3716-8811-9df520d7f8e9
22500883,344,2026,3,3,22500883,5cb34d7d-cdd9-fd7f-7b84-dbddead924bc
22500883,362,2026,3,3,22500883,d8e48782-ce88-9aa3-8a0e-fc87216ed537
22500883,391,2026,3,3,22500883,ee0996b2-5835-3c38-d735-992f972b6d5f
22500883,47,2026,3,3,22500883,2345c3c5-e8b2-65e4-f390-14b3c9782ed9
22500883,541,2026,3,3,22500883,f9dffb94-1418-c4ea-1b23-4168945cdafa
22500883,623,2026,3,3,22500883,78421783-febe-bb4a-952f-ed49f5cbe62a
22500883,710,2026,3,3,22500883,5c23b111-48dc-87d3-e3bc-329fd09b0663
22500883,715,2026,3,3,22500883,d0449ef1-8e92-248d-5602-9cf7d7750019
22500883,717,2026,3,3,22500883,e9797d7d-7b9d-a7cd-685c-56180debdbb6
22500883,92,2026,3,3,22500883,21204b0e-3728-a1b4-a64f-3f9020a00b1a
22500883,290,2026,3,3,22500883,fc6497d5-d5ff-da16-33b2-7d8635fde041
22500883,293,2026,3,3,22500883,1519dbc3-8c60-6962-5691-472f1ed7ae57
22500883,329,2026,3,3,22500883,dffe0f32-a402-f2f6-f3f6-5d2687ab5457
22500883,383,2026,3,3,22500883,60fc4dc3-fb09-c273-e2e8-086b85e9a258
22500883,425,2026,3,3,22500883,1cb38710-50b4-3fa8-98e7-110f92d42f18
22500883,510,2026,3,3,22500883,6fa3bf7c-e960-1272-7c58-12b5bd8ffe5a
22500883,598,2026,3,3,22500883,9266591a-694e-cdfe-d7c7-c28371fb87b7
22500883,608,2026,3,3,22500883,71844212-7981-0ccb-d757-4ae7a83a1498
22500883,671,2026,3,3,22500883,906696ae-c06f-8708-2fc8-0f1562e80925
22500883,78,2026,3,3,22500883,dcd0f511-1ddd-7d38-1c62-26e1e103a1c6
22500884,105,2026,3,3,22500884,123db4fa-610a-cc55-a159-44ba3947d57f
22500884,107,2026,3,3,22500884,c2057680-eda9-c5ac-4186-c419bacccf66
22500884,126,2026,3,3,22500884,63896345-484d-106a-896b-5f4197fea71e
22500884,138,2026,3,3,22500884,2a4b4e14-31e7-1c62-f3c1-54cd56d5be70
22500884,140,2026,3,3,22500884,00ae7a87-e9c0-5d14-2f57-373ced56294e
22500884,146,2026,3,3,22500884,43bb3a50-97ed-28a0-4560-46ab48a23c3a
22500884,15,2026,3,3,22500884,6e3e1c87-b75d-664e-bec3-5c34a3539226
22500884,158,2026,3,3,22500884,c402dad0-f761-cedd-2c5e-2c78ff950409
22500884,162,2026,3,3,22500884,3becf0a0-ce30-8d54-5541-d240b0131964
22500884,166,2026,3,3,22500884,61fb53fb-b414-2a1f-c810-a4beaf8e6172
22500884,170,2026,3,3,22500884,1ed90525-ed36-64ce-ebaa-7365f5b61fe8
22500884,175,2026,3,3,22500884,0e12fef6-a765-88c8-f584-42626dc36bac
22500884,178,2026,3,3,22500884,4b37e996-8df3-5378-e353-fc6f45b024cb
22500884,185,2026,3,3,22500884,60c3a183-c14e-ed11-7108-ac62d49020d8
22500884,190,2026,3,3,22500884,28d07e52-33c9-62fc-deb8-cb298b0da32d
22500884,192,2026,3,3,22500884,34700e36-6627-2a1f-cc2a-afdccb1c9ca1
22500884,22,2026,3,3,22500884,fa59a99c-093c-e590-b6cf-f07cd1242b64
22500884,238,2026,3,3,22500884,a76b8efe-0a03-df6a-565d-5df7821d0e72
22500884,300,2026,3,3,22500884,60e7f3bd-1c54-7034-7f13-cc02e65c6bd8
22500884,321,2026,3,3,22500884,6590bfe3-8d5f-2b14-7782-144913ebbdf8
22500884,335,2026,3,3,22500884,38c63edc-c24d-8f6b-195d-561d2d52b00b
22500884,345,2026,3,3,22500884,b72b9a02-4ae7-cac4-388d-8df45189634c
22500884,347,2026,3,3,22500884,37981d32-7e2b-bd87-4de0-e9406d9f5644
22500884,353,2026,3,3,22500884,0c4e2539-c290-a118-080e-8978bd5e4f86
22500884,358,2026,3,3,22500884,d1d1286f-b6af-c5b2-8689-f62d1350dfed
22500884,360,2026,3,3,22500884,3a3a4e97-764d-49a8-9a3d-54c4d1aa1d12
22500884,362,2026,3,3,22500884,8b6360b6-1b1d-94b0-b3a9-c0079754f691
22500884,372,2026,3,3,22500884,bb7db897-3759-1a56-bcf8-fae77e298c8a
22500884,388,2026,3,3,22500884,97836ff0-df9e-8b9f-4d40-ca88c39695ea
22500884,390,2026,3,3,22500884,b1139163-4cf8-55c3-79ea-ce9389366187
22500884,421,2026,3,3,22500884,bd823ffe-d61d-37b1-2e60-77f3b0b98946
22500884,446,2026,3,3,22500884,ed58101a-e304-0f74-31a7-860a7d818281
22500884,462,2026,3,3,22500884,223511f8-3aa6-8371-248c-3dfd15235b5f
22500884,464,2026,3,3,22500884,9f93a46c-6966-3fca-da77-cdb45a6fd142
22500884,473,2026,3,3,22500884,5f707dbc-ebda-6ff7-a23f-103b4768d038
22500884,488,2026,3,3,22500884,460c5a40-9fec-d831-aa13-f85e507e1189
22500884,50,2026,3,3,22500884,677d9f95-3a21-b2a7-3e21-0610aa3ba408
22500884,508,2026,3,3,22500884,61f4ffbd-5fa6-0602-f5ea-d40f99362dcc
22500884,510,2026,3,3,22500884,6d0f7cc8-3fb1-d70c-70a8-19e92f5365d8
22500884,52,2026,3,3,22500884,3e76ad09-c7b8-0f41-b6f8-d51c64346218
22500884,526,2026,3,3,22500884,c6eae5dc-44b0-b939-6e4c-71d281c73220
22500884,542,2026,3,3,22500884,d0f837cd-7e4c-bf25-b140-fb9ac82622f0
22500884,548,2026,3,3,22500884,811319a7-3b80-4ec2-26a9-4d73b61bb3cf
22500884,566,2026,3,3,22500884,f08f9351-4832-5c47-30db-17fd885cbbab
22500884,570,2026,3,3,22500884,c050bce5-b0a8-cb23-e795-ff4b33fbfdfd
22500884,584,2026,3,3,22500884,576f3498-091f-52da-1d9c-9011805a72e2
22500884,63,2026,3,3,22500884,7fec7ae5-9b5c-6b6d-addf-366736f5e39b
22500884,636,2026,3,3,22500884,5cc2ac27-4246-12f0-ca64-8ae652aecdcb
22500884,638,2026,3,3,22500884,1d229558-3018-3e5a-9fee-592dc2cb819a
22500884,640,2026,3,3,22500884,f35208b0-cc00-d0b0-78c3-df4a4e65b8b5
22500884,669,2026,3,3,22500884,eb51cc3d-593d-adfd-fd71-53d35d6d5785
22500884,67,2026,3,3,22500884,699ff422-cfea-9f03-18be-78bf51f7be6f
22500884,676,2026,3,3,22500884,20f661f8-9d53-ee28-de92-dc9dea55e6dc
22500884,88,2026,3,3,22500884,be8eb061-07a0-e59b-ae7e-1d608745bcd4
22500884,90,2026,3,3,22500884,1b693c4d-ef47-2491-9b9c-f3b5689bb43a
22500884,92,2026,3,3,22500884,1aad3aa2-783d-4a3e-d7d4-a28fce120e51
22500884,180,2026,3,3,22500884,71d8f93b-cc42-b656-4610-70c46715dbce
22500884,240,2026,3,3,22500884,cd9d38f2-3e21-f9ad-2d37-492f6b91d1ab
22500884,260,2026,3,3,22500884,769ae3be-78ef-ec9c-4d90-7d6177e2a24a
22500884,269,2026,3,3,22500884,2e46a906-48a5-9c5e-03c8-ce369182bddb
22500884,272,2026,3,3,22500884,8912f297-8ce3-89da-1502-74d0fcd552c1
22500884,47,2026,3,3,22500884,a2c1a146-008f-a7a2-97ff-001d9a4bd7c2
22500884,478,2026,3,3,22500884,5fdf2b60-9a0b-9c23-f649-a48cbb89455f
22500884,492,2026,3,3,22500884,c7ee2440-478f-6e25-5d79-87c999d87c9e
22500884,594,2026,3,3,22500884,5e7f1ff1-baad-8b3c-099c-b2a53cecca61
22500884,602,2026,3,3,22500884,4b1424af-1775-7a6b-6292-434a9f646195
22500884,101,2026,3,3,22500884,1bfbb4fd-c02e-a2c2-2c5a-fb8a8e209da7
22500884,109,2026,3,3,22500884,0c8107fe-a673-b9f4-7d1f-d770fe2fac09
22500884,11,2026,3,3,22500884,41224e0a-ace5-93b6-09ef-d679e869d3a5
22500884,124,2026,3,3,22500884,6cc91700-96bb-dd62-c662-7a307832da7b
22500884,128,2026,3,3,22500884,c59becc8-1f88-fc43-d9e4-eddd663a0b08
22500884,13,2026,3,3,22500884,67837eb3-2b24-66aa-813d-ff23a03f8c58
22500884,130,2026,3,3,22500884,84bdab7e-70ab-f011-53ce-7764b30e0de6
22500884,148,2026,3,3,22500884,293685db-662e-8c29-6a89-ff029e5ee88e
22500884,164,2026,3,3,22500884,02a8451f-4392-e214-04ea-8c5469a270bf
22500884,168,2026,3,3,22500884,cb5f11d4-5e1f-8ada-5f56-9738597f3b6e
22500884,172,2026,3,3,22500884,b6573f8a-90dd-7bb8-57a0-43d43b49252f
22500884,173,2026,3,3,22500884,ad7b36a5-7ff0-647d-afdf-2af19a0570b1
22500884,183,2026,3,3,22500884,0ef2ba97-501f-60ae-6e6a-ada95707bc18
22500884,187,2026,3,3,22500884,9a51cfca-a687-c535-c397-1a07fab4d25c
22500884,189,2026,3,3,22500884,e0ef58ce-5a2f-e679-de3d-72fcfe83f2ea
22500884,194,2026,3,3,22500884,71ec342a-f415-9e52-d88b-bd9ea521d5da
22500884,196,2026,3,3,22500884,6afa090a-0b15-e193-c0fd-b9c2b15e6834
22500884,198,2026,3,3,22500884,1e4cb791-d627-fd71-d5f8-c363a2155cdb
22500884,216,2026,3,3,22500884,c85f342c-3efb-c035-319d-3a06bb8300cf
22500884,218,2026,3,3,22500884,99816844-5dc5-2256-1e53-87170966ca68
22500884,227,2026,3,3,22500884,54f6d515-116d-3b12-d953-a785aa003497
22500884,229,2026,3,3,22500884,30d2a435-f858-e6be-a69e-c8821a986f35
22500884,236,2026,3,3,22500884,f3e87e4e-1602-07ec-16bd-8257cb7e708f
22500884,246,2026,3,3,22500884,ae5b2015-f59c-bc43-1532-37d23e8dfae6
22500884,253,2026,3,3,22500884,62b837c7-9b15-c7e8-b8d6-73290ca40e02
22500884,255,2026,3,3,22500884,2fe85a8b-07c0-76cd-b38e-2c55b22f5df0
22500884,285,2026,3,3,22500884,f4cf33b9-a27b-6649-2dfd-3d508171963d
22500884,287,2026,3,3,22500884,0e21db41-4a47-ec55-bde1-fa973a0136b0
22500884,288,2026,3,3,22500884,3044cd46-8e2d-5023-cced-17c0a61723a8
22500884,29,2026,3,3,22500884,a63183c9-66cd-9514-dc54-146e80bc758f
22500884,290,2026,3,3,22500884,bfedc6ef-834b-95a9-89ca-fa49e2e9fc2d
22500884,293,2026,3,3,22500884,4d811d37-7226-a818-d084-a35942945a41
22500884,295,2026,3,3,22500884,a4c9e1d8-29b9-ffe6-de5f-20f1accbc096
22500884,296,2026,3,3,22500884,280b8491-04dc-443e-ec39-2c47ade149c9
22500884,298,2026,3,3,22500884,4699fb7e-703e-8d3b-81c9-e4fe18a3ca9e
22500884,302,2026,3,3,22500884,bde94263-efb6-c665-341a-e31156931680
22500884,314,2026,3,3,22500884,96848492-dc05-2dd1-cff8-8da1beda14a5
22500884,317,2026,3,3,22500884,04270e8d-16b4-c57b-7144-925ffe1a0f55
22500884,319,2026,3,3,22500884,e05aedff-4b68-5efe-6708-e1fb48eb0ef9
22500884,323,2026,3,3,22500884,01842ab8-64d4-76b2-0795-189f85313525
22500884,337,2026,3,3,22500884,0e250785-544c-f480-fdd4-8a486af0f958
22500884,34,2026,3,3,22500884,5677e8e5-0bd4-c28d-330a-403c9f6f2710
22500884,35,2026,3,3,22500884,1eeec983-b2a0-6411-97fb-d8e3bc30f1b9
22500884,351,2026,3,3,22500884,a91b8a94-2f4b-bec5-6116-155172f907d5
22500884,364,2026,3,3,22500884,17aed0f3-9cd2-0ab9-7f8c-d4c5b8574a48
22500884,37,2026,3,3,22500884,fd3b2ef2-ba40-3538-9712-9fbb5ff82c11
22500884,376,2026,3,3,22500884,2523e652-eee8-37d7-afe8-5481c333793a
22500884,378,2026,3,3,22500884,a215e638-aae4-058c-63f6-9c1a88151305
22500884,382,2026,3,3,22500884,3503d21e-4be0-58f4-bed3-03f00f6eee93
22500884,384,2026,3,3,22500884,04672662-a03b-8bfb-c1e0-478be6e6f763
22500884,39,2026,3,3,22500884,0e39d061-a0c9-cb90-b07a-3c38d82c9f07
22500884,399,2026,3,3,22500884,0231470e-06a8-207d-e625-7e7208396b73
22500884,405,2026,3,3,22500884,cf166979-6640-b879-1116-7efd4ba6c501
22500884,407,2026,3,3,22500884,c2872b07-8e79-74b8-8f13-0378a00808a5
22500884,413,2026,3,3,22500884,7b141d1a-4bd2-73b9-4d06-e66699941551
22500884,426,2026,3,3,22500884,c00d9e65-3186-d4da-82ef-d7ada20b3bcb
22500884,438,2026,3,3,22500884,fa30b74a-8a2e-ff5f-c786-e1457ca0da3b
22500884,44,2026,3,3,22500884,a5967df7-265a-c4cc-566a-6584893a0616
22500884,440,2026,3,3,22500884,745ba19f-6774-1727-522a-250c20e36498
22500884,441,2026,3,3,22500884,31d0a702-df33-3a96-b80c-629f2a3a18e9
22500884,45,2026,3,3,22500884,aab5f41b-4d4a-df92-ef61-23802273469d
22500884,460,2026,3,3,22500884,ac44fbae-5b6a-cceb-4f2d-803b51a2fe84
22500884,481,2026,3,3,22500884,93e41ec9-ca56-3559-0551-56371498d608
22500884,483,2026,3,3,22500884,0948ff4e-8d02-d5d8-c206-66c4a7f70524
22500884,490,2026,3,3,22500884,5a758a3b-2861-d650-1f52-46616505550c
22500884,495,2026,3,3,22500884,70f432c7-c90c-2a3c-94ce-a25d8911c9d8
22500884,496,2026,3,3,22500884,97c37e16-7028-d98c-2d8d-f3b86a08903e
22500884,504,2026,3,3,22500884,83d7af49-733b-0b24-4e07-c88a8e9e1a4e
22500884,506,2026,3,3,22500884,8984d97b-b15c-5053-ed2b-1cf21127ad27
22500884,512,2026,3,3,22500884,0a26fe23-662e-bc0b-39cf-85e063c22202
22500884,514,2026,3,3,22500884,668ef3da-6424-fbb6-6992-655e7d251ee0
22500884,515,2026,3,3,22500884,c4027480-cf28-4e93-5471-3f7e3840ca46
22500884,517,2026,3,3,22500884,c0ebd1d7-0e2c-6e02-b657-fae8c5e6df39
22500884,524,2026,3,3,22500884,f2b91b98-0cf1-b552-5b72-cc4f03983f4c
22500884,544,2026,3,3,22500884,ff03285f-85bc-83e2-ed97-b9dd77968397
22500884,56,2026,3,3,22500884,5e2be087-2749-5715-f452-ab73e2ee46ef
22500884,591,2026,3,3,22500884,6f5830ea-7cbc-1405-152a-f055dc53dbea
22500884,611,2026,3,3,22500884,6df3ef61-84fc-65b7-6ccc-fc9cb76a0d26
22500884,612,2026,3,3,22500884,9713e5bb-b078-31c9-ac38-5ca9babc96b4
22500884,620,2026,3,3,22500884,13a34c0b-2424-0279-f1b5-09f3fc05b369
22500884,630,2026,3,3,22500884,93abc0aa-72b8-a9e6-c47f-7640de066fb0
22500884,634,2026,3,3,22500884,a7031b8a-734e-5e3a-8eee-c819d87d316d
22500884,65,2026,3,3,22500884,c05394a9-a9f3-a262-7ad4-186b32b94b47
22500884,656,2026,3,3,22500884,c20eea7e-d062-35f4-6f10-f932fb5ea700
22500884,658,2026,3,3,22500884,b64e0370-d5bd-c2c3-ac1c-32f0e2aa44f6
22500884,661,2026,3,3,22500884,161c1cfe-75fa-6c73-834c-ee35f81ac876
22500884,662,2026,3,3,22500884,faa83b3c-6488-d269-9e28-0d937b5d5913
22500884,664,2026,3,3,22500884,a6dee3e2-64f4-f2e3-46cf-d3befee10309
22500884,77,2026,3,3,22500884,23d94151-49a4-eb60-f9ef-f7d4d6595062
22500884,78,2026,3,3,22500884,9172094e-ea0e-101c-59eb-d0c67a77d8ad
22500884,80,2026,3,3,22500884,0e259163-a7d6-a1b0-c3af-2a499c297df4
22500884,9,2026,3,3,22500884,bd49df78-0f4d-e7fd-c791-b10b5e1fbc01
22500884,94,2026,3,3,22500884,8aa51c62-8408-f1f5-0c89-00cffe7cef8e
22500884,96,2026,3,3,22500884,731cc7f7-0a29-9d30-c6f7-6b50bd6194a6
22500884,98,2026,3,3,22500884,f6b4ef95-8096-a458-a708-776755348e5f
22500884,10,2026,3,3,22500884,0f1c1b9f-2f48-42a0-03cd-509100c276fb
22500884,100,2026,3,3,22500884,20628879-413a-c68d-a866-d2fc5312b9f2
22500884,102,2026,3,3,22500884,6a55aa7b-7c27-6320-733c-aa0f2d328c8e
22500884,12,2026,3,3,22500884,6a0e720a-e3eb-88ca-6cb0-fbf248840fa8
22500884,123,2026,3,3,22500884,a020b786-ee7a-5083-5f5d-30fc8528f6b1
22500884,125,2026,3,3,22500884,4bfbdda7-5659-6c07-8d89-2b203f471a4a
22500884,129,2026,3,3,22500884,990d11c5-1491-7210-f3cf-10c23bed81fe
22500884,131,2026,3,3,22500884,ff2e84c0-669f-dbc9-89a5-6fcf378b0813
22500884,14,2026,3,3,22500884,db7497a4-a38c-7ec2-5cfd-5212ace981d3
22500884,145,2026,3,3,22500884,74c6c977-1057-351d-6061-da68faa485d2
22500884,165,2026,3,3,22500884,920656ff-09c7-323e-18c1-72d49fe09da2
22500884,169,2026,3,3,22500884,7a197cc3-37d0-5704-7340-25742b11d5ae
22500884,174,2026,3,3,22500884,3cf8aafb-fa64-5c9c-a8ff-c8e8f3a566e0
22500884,182,2026,3,3,22500884,9cba3c2c-194d-725b-3208-0c3eaba2ca43
22500884,184,2026,3,3,22500884,1d5d665a-99b5-4cb9-ef46-502931fd3c3d
22500884,188,2026,3,3,22500884,a93f0a94-e4d7-7aee-5d13-75018d5ccdb5
22500884,195,2026,3,3,22500884,bd7e4d29-1245-52ba-6c1a-79f11b4babf9
22500884,197,2026,3,3,22500884,74c83e64-ac9b-aa80-d0d0-5ebd987885c3
22500884,199,2026,3,3,22500884,b1a9c6f4-5cf5-a27b-3758-2f6bf27feb10
22500884,217,2026,3,3,22500884,d1763236-2712-4237-b77a-ca30ea24781f
22500884,219,2026,3,3,22500884,5d4d6f94-095e-72f2-514e-e3a80c6a591a
22500884,228,2026,3,3,22500884,1d8c1ec4-41ba-19f0-93e6-100b72548253
22500884,237,2026,3,3,22500884,8f670688-c97c-3ec5-d331-455fe83a7a58
22500884,247,2026,3,3,22500884,48481cfb-bcf6-6e3f-aa50-e5b19a23be4d
22500884,254,2026,3,3,22500884,5a930c26-061a-c1be-e50a-929d7f4ad9c0
22500884,262,2026,3,3,22500884,8afe85bb-cce7-f7fe-92db-77b200e61fe0
22500884,286,2026,3,3,22500884,32aea66e-aeaf-779d-cb8c-683ff944e556
22500884,289,2026,3,3,22500884,96724ef1-9332-b2c2-ca1b-fbc1351ee2d5
22500884,297,2026,3,3,22500884,16839444-496d-a740-ce59-51d9aa85b6f1
22500884,303,2026,3,3,22500884,239c51a1-e972-b3d9-f5a9-e19163f128d8
22500884,316,2026,3,3,22500884,1895b562-0d2c-4a7e-647b-b34e9d55f673
22500884,318,2026,3,3,22500884,2c3caa46-84be-a3db-68d5-d7923c8db356
22500884,320,2026,3,3,22500884,ef151778-0363-1c60-a4cf-38806070b192
22500884,324,2026,3,3,22500884,0cc6804c-91ee-2151-3f0f-e2ade97b4ad1
22500884,338,2026,3,3,22500884,11216ab1-39df-4797-aa2d-e57eaa856a01
22500884,352,2026,3,3,22500884,1cca1418-9cec-9e56-f802-874971b6fbe9
22500884,36,2026,3,3,22500884,a72aeed8-cbb6-53ec-2cbe-2e891ae6f6a9
22500884,375,2026,3,3,22500884,69f46a32-2e9e-b39d-d60c-43013eb2fde0
22500884,377,2026,3,3,22500884,d1531123-cf90-8032-f504-906d0b70a506
22500884,379,2026,3,3,22500884,3dc4f2cc-8c34-d707-0891-689c29672a6b
22500884,383,2026,3,3,22500884,02856585-8658-f6d5-f62b-b93cd39d9ff1
22500884,385,2026,3,3,22500884,84f7e9fd-7175-617e-2c9e-aa888d5e6640
22500884,400,2026,3,3,22500884,b651499c-e097-8202-49d8-45cfa2ab78cf
22500884,406,2026,3,3,22500884,382d9bd6-de0b-3392-9fba-84a1ede15194
22500884,414,2026,3,3,22500884,86c3f82b-018a-edaa-7680-d9d60848f8ec
22500884,427,2026,3,3,22500884,a7cda191-465a-4970-a707-2357ba27debc
22500884,439,2026,3,3,22500884,56bff8d9-24aa-64db-5207-e026fca9a9f0
22500884,442,2026,3,3,22500884,ecb1fe95-2f1c-5e71-6013-230e6b87ce9a
22500884,459,2026,3,3,22500884,6e088eac-181d-1c31-9c7c-2cea90612d03
22500884,46,2026,3,3,22500884,598abe7e-49b0-463d-38ba-c6158988a72d
22500884,461,2026,3,3,22500884,187fb9d4-895f-a580-0df7-dc85045109fc
22500884,480,2026,3,3,22500884,d7ef8567-3429-55d6-9b1d-fbbee53fca1e
22500884,482,2026,3,3,22500884,3a7e6436-1201-2192-79df-d300426fea4f
22500884,49,2026,3,3,22500884,b1fc3ce2-63ef-4b92-ac61-b13573353173
22500884,491,2026,3,3,22500884,b5d78c51-a914-f636-ccc9-d0443a8dadd7
22500884,494,2026,3,3,22500884,d0b8c886-ab73-9b18-d485-c4fde0054ece
22500884,505,2026,3,3,22500884,5da4e85c-a507-6064-8236-762d1f91045e
22500884,507,2026,3,3,22500884,373208b6-e9a6-33eb-3920-57db030b311e
22500884,513,2026,3,3,22500884,a208205b-6eeb-0911-15f5-5fe7ac45d2b0
22500884,516,2026,3,3,22500884,3788bb67-62df-3513-e23c-0e22db5af70c
22500884,525,2026,3,3,22500884,0e1297e6-9c18-780e-64e9-47103058e580
22500884,541,2026,3,3,22500884,940b4697-4e94-0a81-5270-380501020670
22500884,545,2026,3,3,22500884,6361297f-7e42-0c16-ee15-3d2bc1849308
22500884,592,2026,3,3,22500884,94eae599-6eed-670d-9bdd-7ebe844ab406
22500884,596,2026,3,3,22500884,2938f939-b7ab-5a38-c3db-ff7afb0cb555
22500884,604,2026,3,3,22500884,2bdf9e30-d016-a133-2e79-948f733fc5f0
22500884,621,2026,3,3,22500884,1667776c-7f17-9488-9543-352ae161e49e
22500884,631,2026,3,3,22500884,3814a6ef-f883-b9c2-86ae-2993636d7c84
22500884,635,2026,3,3,22500884,badcb27f-04c3-ff2b-d9f0-b2c3d192f0dd
22500884,657,2026,3,3,22500884,26a12a0b-74cf-0304-ec8b-37d60ce3768b
22500884,66,2026,3,3,22500884,b7cefd0c-deac-17e3-9d7d-7481b486c296
22500884,663,2026,3,3,22500884,63528952-6420-136a-76fe-07583b779277
22500884,665,2026,3,3,22500884,9a3f3689-7a8d-d5b1-298f-ca7ec4246070
22500884,682,2026,3,3,22500884,614aa4ac-3e5e-c1f0-bba6-964888317680
22500884,79,2026,3,3,22500884,674353c5-f5fd-a597-3d6c-192a44430115
22500884,81,2026,3,3,22500884,73ddbc8f-3348-0d22-76da-4f742e48d79d
22500884,95,2026,3,3,22500884,48f2cbbf-bf2e-3b75-f42e-62644251cb34
22500884,97,2026,3,3,22500884,61eca768-04f5-adb6-432e-710d8803e5d9
22500884,103,2026,3,3,22500884,b8068ce8-9eb1-2c87-44bd-aa2264127e0c
22500884,244,2026,3,3,22500884,0a0d1491-a8e0-bb2f-edf9-4984a63d08f3
22500884,278,2026,3,3,22500884,996f6c67-94b4-9da1-71fb-54a19344847b
22500884,283,2026,3,3,22500884,31253321-4bc2-0980-87cf-858fbc3b8eb8
22500884,349,2026,3,3,22500884,a7f51a86-3acf-6e24-37c9-b41e26d0fa58
22500884,386,2026,3,3,22500884,c4915fd9-16ad-a141-8913-75499adea751
22500884,533,2026,3,3,22500884,54c59c2a-beca-fc87-b3e7-834124bcb733
22500884,546,2026,3,3,22500884,27976453-9249-dfff-9bf1-3ad7c02194c4
22500884,550,2026,3,3,22500884,a724aec8-8b00-7132-2437-613ae6c811f6
22500884,552,2026,3,3,22500884,aa00299a-09ff-f830-a01b-dc1ca338214e
22500884,568,2026,3,3,22500884,ae1c7d15-9978-0c4c-ef54-1fd0a69ad4a8
22500884,582,2026,3,3,22500884,98560ef8-04ef-ae5d-e033-e884c2c32f86
22500884,632,2026,3,3,22500884,badf8054-1b21-366a-5b8c-21afcaded663
22500884,667,2026,3,3,22500884,b05d2c38-0e2e-9c9d-ea88-51c13a2a841f
22500884,674,2026,3,3,22500884,d5229a0a-8fab-d401-6a48-c6e153c7881f
22500884,7,2026,3,3,22500884,6f898e15-f6e1-9e97-14e5-f859d4be6138
22500884,282,2026,3,3,22500884,a85a1d3a-0ac7-8719-6308-81596471d53c
22500884,313,2026,3,3,22500884,b087ea10-b2e6-9e7a-9a8f-ea7701d77a07
22500884,401,2026,3,3,22500884,a427cb32-068f-14b4-6bac-91e047c377e1
22500884,423,2026,3,3,22500884,14551dd6-50bb-5c9f-ef56-ff8732df4ac6
22500884,443,2026,3,3,22500884,c98bbdd4-c3b1-7c2f-cbcb-3fe974766169
22500884,619,2026,3,3,22500884,7740f8bc-1800-4e9b-4b3d-21e6c8794368
22500884,660,2026,3,3,22500884,9b41ee1e-b143-a75e-7139-24ef9db29903
22500885,11,2026,3,3,22500885,36397696-ac26-c08b-ed8e-8adfc3a30cd6
22500885,126,2026,3,3,22500885,0200bfc1-5498-1b88-a662-e65c78b83e96
22500885,13,2026,3,3,22500885,b99e3861-8343-6799-5816-34b43f006fa8
22500885,139,2026,3,3,22500885,e4cf4e7d-1fcb-55f3-592f-e748a618ef2e
22500885,173,2026,3,3,22500885,1852a1d3-7722-d765-6575-64ea642d2efd
22500885,175,2026,3,3,22500885,f5e92a4b-be4b-6616-dedc-a45234172a0d
22500885,179,2026,3,3,22500885,bf6ccf32-cae7-f9aa-8448-1c18076d680b
22500885,184,2026,3,3,22500885,d7c8bb4e-3e7d-0d83-72fa-0d4e1c006189
22500885,206,2026,3,3,22500885,df54353c-1a31-8baa-aa96-2425dd2d57bb
22500885,211,2026,3,3,22500885,16fe9ebc-5b92-74e1-c961-9c23be3ad10d
22500885,218,2026,3,3,22500885,18db3c14-b072-220a-4832-f9d0dc65b433
22500885,220,2026,3,3,22500885,91132c73-5950-b678-ab75-1854340c4b86
22500885,278,2026,3,3,22500885,4c2927ed-dd8f-fe4c-9397-2802ef6bb52b
22500885,280,2026,3,3,22500885,69655f63-f121-211c-fb0f-8c63e20d48f7
22500885,30,2026,3,3,22500885,76eaa09e-aa1a-59ce-7a67-f4531b219ab9
22500885,302,2026,3,3,22500885,206b06b0-f945-9bea-c798-8f1b9808f61d
22500885,32,2026,3,3,22500885,590548cb-a4cb-81a5-7a7a-84eec8089430
22500885,353,2026,3,3,22500885,08997b1d-be64-3b10-ffd6-9265fdff49c3
22500885,364,2026,3,3,22500885,f4dc9f24-c469-b00e-a4e8-7e2b81110b00
22500885,368,2026,3,3,22500885,2011f9c6-16f0-a691-8f4b-a439f80dcfc2
22500885,379,2026,3,3,22500885,a8355503-774b-bd6b-3826-8faf5474710a
22500885,385,2026,3,3,22500885,dfe3d564-aab4-2156-26cf-4aa0c77fc375
22500885,390,2026,3,3,22500885,3f4fee60-d64a-6be0-9e17-f2d190643a0f
22500885,396,2026,3,3,22500885,5a89c4ad-b31b-a9ad-7470-1af9ab1bae34
22500885,40,2026,3,3,22500885,13857ad9-6a87-138f-c33b-392a640be686
22500885,418,2026,3,3,22500885,53bccb0c-e425-f2cd-67a6-97ddddde0dee
22500885,422,2026,3,3,22500885,2d835d64-03ca-86e6-0b5b-d376e349d096
22500885,434,2026,3,3,22500885,fe2d672c-348c-9c0c-f788-858eac460900
22500885,44,2026,3,3,22500885,49958004-1501-b80c-a84d-77d4a600d9f6
22500885,442,2026,3,3,22500885,d0fe82dd-2234-f8af-f0d9-295ad1f5ea21
22500885,446,2026,3,3,22500885,c01f0d73-8255-3ad1-cfc6-46370d912e2f
22500885,448,2026,3,3,22500885,069feee0-b747-d6b6-8fa5-8ebe9d5f8b3e
22500885,450,2026,3,3,22500885,a5b4f1a5-9efb-c1df-4d9b-eafa29f6bfd2
22500885,452,2026,3,3,22500885,41495ece-15b3-b991-6d27-4a8c097a4e38
22500885,468,2026,3,3,22500885,5e997e63-1100-0d9a-0e42-39eddecd4eb6
22500885,470,2026,3,3,22500885,f66dc0ed-7dc0-a100-2e7a-c508889cc127
22500885,473,2026,3,3,22500885,fb7cfb45-a8b8-3141-2d76-bc55fb246f01
22500885,484,2026,3,3,22500885,33de97cd-1194-7957-a98c-69386f84aae2
22500885,490,2026,3,3,22500885,72cb4faf-6248-422b-5b21-a1196912d66d
22500885,537,2026,3,3,22500885,9c346da6-6171-e5cc-3769-4ec864bcf07d
22500885,541,2026,3,3,22500885,bcd4f9c5-88ae-60a9-4c77-2516db87057e
22500885,548,2026,3,3,22500885,3321b0c7-a6bb-72b3-98ad-64f3cb24be93
22500885,550,2026,3,3,22500885,4d94de9c-7cd8-131c-3d38-d2dfa62b1805
22500885,569,2026,3,3,22500885,3ed4108f-2817-e147-5ea0-60ee44926604
22500885,581,2026,3,3,22500885,c16658db-07b0-b074-e896-249143134f58
22500885,586,2026,3,3,22500885,20f208a6-8151-88e7-cea8-3111224da04c
22500885,588,2026,3,3,22500885,aea937bd-2311-5a92-66b6-ea00f74d1c57
22500885,590,2026,3,3,22500885,a2dc568f-8d92-0935-8dde-896de5ce1112
22500885,597,2026,3,3,22500885,6eb9b936-5d99-e93f-edba-d243be9e6c40
22500885,606,2026,3,3,22500885,d9f59bf0-8f21-780f-55f8-b34b6e750633
22500885,631,2026,3,3,22500885,bccc8324-104d-0d63-2ce1-5056b9b177ad
22500885,648,2026,3,3,22500885,bf5b3608-4471-ae44-29fb-f2b35abec49e
22500885,652,2026,3,3,22500885,f40056a3-7170-e436-ef71-dcba335cdcc5
22500885,68,2026,3,3,22500885,2dd5f34d-c5f9-aa5b-ec6d-8986718f2bc1
22500885,70,2026,3,3,22500885,d02d8b08-0d82-dd9a-207c-be692daf28aa
22500885,83,2026,3,3,22500885,363062c5-9fdd-47b0-6663-84d8ecf46f97
22500885,101,2026,3,3,22500885,f5589ba8-7b9e-c4a4-d947-6b3ece0f09d0
22500885,145,2026,3,3,22500885,08c4c8c0-c6f3-4c07-966a-eace11fb7056
22500885,148,2026,3,3,22500885,660d07c9-ceb1-ce19-1edd-07b75ef90463
22500885,268,2026,3,3,22500885,0c66a426-15ff-06dd-f1d4-59b306dde4e7
22500885,374,2026,3,3,22500885,c4293cb8-8d8d-413a-c091-90f733a872a0
22500885,383,2026,3,3,22500885,64be24cf-38e1-b0b2-2eb5-efd6f17d7b35
22500885,523,2026,3,3,22500885,5c681611-0383-8858-cb14-9d72f1170e8d
22500885,526,2026,3,3,22500885,22b495ff-f080-525d-9585-3ab4d2b6742e
22500885,533,2026,3,3,22500885,c6fee386-d51d-1200-ee30-504c7aaf38b5
22500885,544,2026,3,3,22500885,5f07d24b-b5ef-0cdf-4eed-c097223cd33e
22500885,553,2026,3,3,22500885,56a08ab1-dde7-29d9-d085-8916041f8265
22500885,603,2026,3,3,22500885,313b5ec5-ecf3-4025-3316-00309d6b4482
22500885,104,2026,3,3,22500885,236c206e-598f-bd1a-2491-77c6497d5705
22500885,113,2026,3,3,22500885,9ce8f1aa-28ff-2071-0eac-2778bb009e1a
22500885,115,2026,3,3,22500885,f0699916-779c-70b5-186b-3b20110debfa
22500885,131,2026,3,3,22500885,141a8642-d933-2ed5-30b5-067df9530b89
22500885,135,2026,3,3,22500885,2732036e-6859-1b56-04dc-2ce350e7501a
22500885,136,2026,3,3,22500885,7df9888d-df23-9c51-ba2b-f74ec780cad0
22500885,138,2026,3,3,22500885,6c630b59-ef1a-e276-13b0-b821ddfcf8c7
22500885,171,2026,3,3,22500885,0d1005d5-aa18-33f8-3357-9496e14dd73b
22500885,181,2026,3,3,22500885,278c751d-c99a-611f-6f06-806f13c49ea1
22500885,197,2026,3,3,22500885,835739f7-09e9-a406-48e4-35b59fe569ea
22500885,20,2026,3,3,22500885,c24dad83-0371-8106-f189-e3c2c38254dd
22500885,208,2026,3,3,22500885,882c96e6-285e-453c-a855-f66318ae8ee1
22500885,213,2026,3,3,22500885,fbe61ef3-c896-82b1-0fee-4d5c1b5d6a36
22500885,230,2026,3,3,22500885,73f1b5ae-cffb-537a-4ae4-89b1925c7ec7
22500885,232,2026,3,3,22500885,ae6e33ef-1b1f-9fc9-f2b2-0f74c4f188b6
22500885,233,2026,3,3,22500885,af2a80f9-260e-05a3-e161-162a7464d749
22500885,240,2026,3,3,22500885,00d828b9-db46-8cde-9de7-e435919b6d53
22500885,250,2026,3,3,22500885,a5680a9f-ae7b-cd37-55f2-6440d8822848
22500885,252,2026,3,3,22500885,0779ebf8-79a2-a95b-b3e2-535362508886
22500885,254,2026,3,3,22500885,b7d3ffe1-cd6c-b636-9bcb-ee709bfd81ef
22500885,255,2026,3,3,22500885,d43ec74b-8d55-3045-e957-83f93420f8cf
22500885,266,2026,3,3,22500885,d8abfbcf-4b1a-9c7b-31e6-f01f7cb44f19
22500885,27,2026,3,3,22500885,c5b91a2a-6645-74d0-eb8e-edee3da3c49d
22500885,271,2026,3,3,22500885,500277e8-95d5-8d06-a9dd-84719c15f37d
22500885,287,2026,3,3,22500885,826212be-3e95-b045-e613-6cf5d7ddeab7
22500885,296,2026,3,3,22500885,ced2258f-c007-fb71-6458-75284be0660d
22500885,304,2026,3,3,22500885,4330d590-af2a-8ae7-0a01-c179c9eb8fa7
22500885,306,2026,3,3,22500885,1194689a-cfef-d3e5-3be4-1e88595c9dbe
22500885,311,2026,3,3,22500885,4beb4567-f4bc-fec9-71c6-57d29f50912d
22500885,313,2026,3,3,22500885,bbc4ea6b-8df3-942d-6c0d-2c12cce7c5a6
22500885,317,2026,3,3,22500885,ed644149-a826-cb81-aaa5-afa6396d15d4
22500885,325,2026,3,3,22500885,47885ffe-2727-695f-c484-49f2cc0c51c8
22500885,327,2026,3,3,22500885,e862d31b-51c7-40ea-3800-87151d7246b6
22500885,328,2026,3,3,22500885,3d4f9d75-08d4-17ce-1785-994d84c56b08
22500885,330,2026,3,3,22500885,d11c0454-e49e-09a8-5459-7ab83f8f82dc
22500885,332,2026,3,3,22500885,8875742e-3930-614e-e38f-e184b741b4a5
22500885,334,2026,3,3,22500885,57c4795b-3b2c-0dc9-51e2-2f875211bb00
22500885,338,2026,3,3,22500885,ba47adc2-8158-c393-d7e7-8fe4f0caa112
22500885,34,2026,3,3,22500885,632536a7-dbe3-9028-9bbd-dbd79ff305db
22500885,343,2026,3,3,22500885,e8355c9d-014a-e720-9a37-85ec96c7da98
22500885,355,2026,3,3,22500885,5ab2dce1-7903-e40f-be16-b20b3fd79bd5
22500885,357,2026,3,3,22500885,1ed8b15b-ad1b-c504-574e-3cca28bef2bf
22500885,359,2026,3,3,22500885,74d59ae6-b08e-2208-9cfb-405605e9501f
22500885,38,2026,3,3,22500885,47f16c37-41da-a140-3230-658009295950
22500885,398,2026,3,3,22500885,a96545cd-17b2-9e0e-f0cd-3bd3b8ff9fa4
22500885,409,2026,3,3,22500885,913092b1-5b3c-163b-0426-ee7d343d4c96
22500885,416,2026,3,3,22500885,0d54cb7e-b7a5-6555-f973-fda9cf365f65
22500885,42,2026,3,3,22500885,32f54518-25b7-cdf3-877f-3967049e309d
22500885,420,2026,3,3,22500885,5672518a-b70e-33e7-7a03-5eea67c2b52a
22500885,432,2026,3,3,22500885,33565ea7-a1dd-7d0c-ba13-276328e0534f
22500885,444,2026,3,3,22500885,93851673-4eed-9475-0964-5ecb94a1baa6
22500885,454,2026,3,3,22500885,625b7ac8-a62a-2fd6-dcb0-365982cd4602
22500885,455,2026,3,3,22500885,0d352633-8e18-5732-5831-e239b5f4ada0
22500885,457,2026,3,3,22500885,20ccc170-7484-2e9b-8145-a84dd74d82ca
22500885,458,2026,3,3,22500885,57dd09cc-a351-0cdd-22a5-4277fa7347a4
22500885,46,2026,3,3,22500885,a7de13b1-e277-4a83-1588-f6db88872436
22500885,48,2026,3,3,22500885,de9d3d0b-81bf-b3b9-5db5-a3c53d7d53ea
22500885,485,2026,3,3,22500885,671be59d-7b08-3489-c9ca-59cc559b00ab
22500885,487,2026,3,3,22500885,7e2ec89a-2457-8e7e-14a9-ffb07177fdb3
22500885,50,2026,3,3,22500885,85f10bbf-90b2-6ebc-0a8e-9fed505f8f8d
22500885,502,2026,3,3,22500885,5b8cd22f-93c1-ec71-a7c4-3d690efcee80
22500885,510,2026,3,3,22500885,2b506941-597e-bb6d-45a7-0e91652eba44
22500885,515,2026,3,3,22500885,40bd8fdd-ceff-b821-783e-0674be0c18c6
22500885,52,2026,3,3,22500885,b849410f-e4f6-dbfb-51f0-ed04cde79ae8
22500885,520,2026,3,3,22500885,f63b4172-7a01-6245-0bbf-d3aebf1aa65c
22500885,529,2026,3,3,22500885,9737c64b-5981-9039-11bb-8c0766c20b66
22500885,531,2026,3,3,22500885,08ecb107-2c3d-4f12-8189-fcd373abe8f1
22500885,539,2026,3,3,22500885,e3c9871f-c521-c482-49a9-aafeed0b1c91
22500885,54,2026,3,3,22500885,9aef97a4-b02d-ca24-790a-2b1250cd8d71
22500885,546,2026,3,3,22500885,bd51c536-75f4-7a44-a1b2-60d1356cb94b
22500885,556,2026,3,3,22500885,a919edae-73c4-de39-d885-601865c5214d
22500885,562,2026,3,3,22500885,6fd3da96-b170-4cfe-8625-b5e10b997994
22500885,571,2026,3,3,22500885,9fc18e43-78c9-d3c0-aa58-7520ec60cc21
22500885,572,2026,3,3,22500885,1f3f1ec2-ab73-eaed-87c5-44c2cf162089
22500885,574,2026,3,3,22500885,1abbf2be-575c-b650-059b-a8868fb17dd7
22500885,576,2026,3,3,22500885,b9af31a0-0317-3073-3ed0-60309ff28b6f
22500885,579,2026,3,3,22500885,795ebac4-af0c-8f79-42c9-aafaae8a8740
22500885,595,2026,3,3,22500885,92d01e49-1188-e2f4-8c26-7d1f6a8b844b
22500885,599,2026,3,3,22500885,be0d0bcf-5fee-af54-ca53-47d1ddded386
22500885,60,2026,3,3,22500885,e604798f-a3ad-2c28-1648-bd461867e14f
22500885,601,2026,3,3,22500885,20761a24-9d86-1b11-16f4-5153a1ee5647
22500885,602,2026,3,3,22500885,6759c01c-8041-deb8-c9bf-c8746111f8f8
22500885,62,2026,3,3,22500885,ee9efed4-55af-c2bc-84ed-a304a0548e45
22500885,624,2026,3,3,22500885,080665f1-0b53-5395-3de7-10e68cc0dd68
22500885,626,2026,3,3,22500885,9deeaef4-f661-1370-c3c6-afa43fc79d4b
22500885,629,2026,3,3,22500885,bc4c8f5f-3b7b-2458-2aff-1ecb3182d73d
22500885,633,2026,3,3,22500885,aabd1180-ec5a-0017-40f3-b28e9c6d26fa
22500885,635,2026,3,3,22500885,26f6315e-2ab2-20ba-7bbe-4ac90d6cd09d
22500885,64,2026,3,3,22500885,bf7e8067-ec41-640b-5a46-8f34dcddd4cb
22500885,640,2026,3,3,22500885,8ea79e41-0340-ddbd-296f-add4f39b1f14
22500885,643,2026,3,3,22500885,14858f0b-e841-8de4-664a-aa746b41eec8
22500885,645,2026,3,3,22500885,ea307351-e31d-9fac-b2f5-b6ef1231dce4
22500885,650,2026,3,3,22500885,a05ecd09-525e-bf64-2fb2-b18bd7541cb0
22500885,66,2026,3,3,22500885,d98248a1-0e32-b6b5-9868-a976df6cfec9
22500885,660,2026,3,3,22500885,e3a9aeac-ee81-be66-da2f-cd757b6d8e37
22500885,8,2026,3,3,22500885,39d273cf-2d30-971d-a787-549590d7dcf8
22500885,85,2026,3,3,22500885,915db1ac-9db8-3ebc-46a4-4335653844c8
22500885,86,2026,3,3,22500885,4d4a4e72-e79f-4837-2919-df8f8678d9b3
22500885,88,2026,3,3,22500885,cecf7687-4eed-5e81-01ea-8431328f2255
22500885,98,2026,3,3,22500885,0fc4fd1d-c908-b5c8-0f1e-2280a205dbf2
22500885,103,2026,3,3,22500885,71249818-85e7-cb1d-c841-afeff0c9879f
22500885,114,2026,3,3,22500885,2212f12d-b437-3a75-7a36-1e184abec45f
22500885,116,2026,3,3,22500885,e1d325a1-7a8a-35dc-2cb9-aa614ae1aa7a
22500885,137,2026,3,3,22500885,76051c43-b496-d1b0-e383-654d1c96eb7e
22500885,147,2026,3,3,22500885,fc3048ed-0036-ba8c-64b3-33bef33c3bc7
22500885,150,2026,3,3,22500885,ef36d69f-c1b5-28f1-5d36-24f8e886caf6
22500885,160,2026,3,3,22500885,c8cb72b6-9279-ae7b-d1e4-fd0604ff963b
22500885,172,2026,3,3,22500885,16636f80-f976-9a75-fc95-c1e150420fd4
22500885,19,2026,3,3,22500885,3da3b674-9ab5-d72f-d58e-28e60bb241c0
22500885,229,2026,3,3,22500885,f98ee142-8a5c-d223-6fb8-2ba5cb70c187
22500885,231,2026,3,3,22500885,7fcd58b2-168c-35c0-0f9f-edd6ba38d097
22500885,241,2026,3,3,22500885,fa120710-3078-b141-5272-f2c35390c70c
22500885,251,2026,3,3,22500885,a2c57115-406d-ae0a-6bec-509f8d7ff8a5
22500885,253,2026,3,3,22500885,0941cac6-3a72-6693-41ce-604dddb3afbc
22500885,256,2026,3,3,22500885,d695114f-3767-1c35-8bad-50c6561f20f1
22500885,267,2026,3,3,22500885,3d1d03f1-01a2-ae41-bc88-9f103bb19dd9
22500885,270,2026,3,3,22500885,52e7a6de-06b1-17c9-c535-07ca77de77ca
22500885,288,2026,3,3,22500885,07657363-16ae-613f-3e5d-90dd60906e05
22500885,297,2026,3,3,22500885,335746de-ebae-a619-de7e-f4ab3df3b8a1
22500885,305,2026,3,3,22500885,9d33e4da-8e80-3d51-e69c-6e7cb202ba51
22500885,307,2026,3,3,22500885,0da4b30f-e794-6fa2-c8c8-d7760b58be70
22500885,312,2026,3,3,22500885,c668dad9-eef1-529e-28d4-dccf279acf1b
22500885,326,2026,3,3,22500885,1c26ce5c-bbb2-f3df-2d05-38b317f5d012
22500885,329,2026,3,3,22500885,1d36dfd2-4990-b0f5-173b-888cfcfd15e6
22500885,331,2026,3,3,22500885,7ed93b22-fbbd-cd3b-9697-f4d575cf31c1
22500885,333,2026,3,3,22500885,ea69249c-2e29-f6a5-e432-fae199868bad
22500885,335,2026,3,3,22500885,0d57429f-7ece-4c50-f230-82695de5b002
22500885,356,2026,3,3,22500885,5d224fb1-1fd3-3f5b-f899-f4fea71cdbcd
22500885,358,2026,3,3,22500885,7b539611-5fa2-dbd9-1dc7-4fc7894781a8
22500885,363,2026,3,3,22500885,ad0b2809-e086-a774-6cb1-42ef3f10e334
22500885,384,2026,3,3,22500885,3735dc4c-9147-2cf6-7e5c-418ecf3c9e5e
22500885,39,2026,3,3,22500885,e44a7195-d656-7639-e34e-f94e814048dc
22500885,399,2026,3,3,22500885,58c2c797-a6a0-b432-a6a1-07cf5e4ec595
22500885,410,2026,3,3,22500885,7c33e0f8-b478-77e2-9573-528f41d960ef
22500885,415,2026,3,3,22500885,a97bcae9-ab75-1299-2ac8-ce8784a1a017
22500885,417,2026,3,3,22500885,d9acd132-559f-e6d9-98da-fa1b997d181e
22500885,421,2026,3,3,22500885,54289635-2ea2-9c1c-40db-6c00ae891925
22500885,43,2026,3,3,22500885,08c03408-1da0-5dc8-f64a-5d39c4b5bbec
22500885,431,2026,3,3,22500885,95a742ee-2482-85da-6eca-6e1cc61578e6
22500885,433,2026,3,3,22500885,8df3c22a-c235-9197-85c7-b2f55fc941d0
22500885,445,2026,3,3,22500885,9d6ce5f2-30e2-42b5-07dd-dfdc3062ca79
22500885,456,2026,3,3,22500885,86652f92-50a2-44b0-3831-95ecb18acf0d
22500885,47,2026,3,3,22500885,a4492fc1-5ffe-1d54-b104-cd4e5bd56de4
22500885,486,2026,3,3,22500885,6ec00dbe-9ae5-e403-52a4-f021be60bc2e
22500885,49,2026,3,3,22500885,a172330e-4279-1d55-a4a0-e7b4f448efcb
22500885,503,2026,3,3,22500885,e66b9662-d5a2-cd8e-fdba-f1e8221cd760
22500885,51,2026,3,3,22500885,92171bd5-ba6e-e8df-19e0-1137b71c5356
22500885,511,2026,3,3,22500885,280cef65-0924-37e8-86e2-eae25e6d8591
22500885,525,2026,3,3,22500885,c9ec438a-a076-c033-b5a2-030620caee86
22500885,528,2026,3,3,22500885,df742fa7-d55e-7397-e0e1-6ca3106ac048
22500885,53,2026,3,3,22500885,ef173858-94f6-39ee-7e33-41f9cd129671
22500885,530,2026,3,3,22500885,ba848761-ef21-5f6d-b029-0b67444bf8ce
22500885,532,2026,3,3,22500885,2854b8b2-09c9-bbfa-11d2-c6c33ee9345a
22500885,535,2026,3,3,22500885,fa41eb58-6344-b1f8-ada9-47cad03122fc
22500885,540,2026,3,3,22500885,5aae8ff6-b511-794f-b570-150982cbf3ab
22500885,545,2026,3,3,22500885,04f2f1e8-be08-3657-43c1-d2830853bc96
22500885,547,2026,3,3,22500885,30b11371-fa70-2406-fd14-a4688c6f9ce8
22500885,555,2026,3,3,22500885,2fd86d05-ab22-25a1-0898-62ceb2aaaea8
22500885,557,2026,3,3,22500885,0234c386-a362-c19c-2c29-6101b8c6cad9
22500885,563,2026,3,3,22500885,bbd5eb35-b085-6fc6-5cd6-2a90ad639486
22500885,573,2026,3,3,22500885,67e05df1-c6ca-d82a-ed86-02fe46ddca80
22500885,575,2026,3,3,22500885,1a70ebe2-f2f2-e0ab-71ff-b3ac2d6a88a1
22500885,580,2026,3,3,22500885,a885a079-5367-c3ff-e6a2-63be3cdee384
22500885,596,2026,3,3,22500885,2715d2be-5f65-3e4e-d223-9fa43a827256
22500885,600,2026,3,3,22500885,d4dbcd77-027f-48b7-fc4e-91f8f0f0cb80
22500885,605,2026,3,3,22500885,b0a3bebc-0577-cdac-c181-4df44a46d57f
22500885,61,2026,3,3,22500885,a399ba79-7cb5-de08-c15d-4e0151708ebb
22500885,625,2026,3,3,22500885,b42d859a-53e4-3516-c9f1-e347d2642af2
22500885,627,2026,3,3,22500885,312653da-ae27-29bc-cb18-a28513e9e9ce
22500885,63,2026,3,3,22500885,914951c1-0a9d-48bc-0560-dee2a1c069ff
22500885,630,2026,3,3,22500885,fda263d6-0322-d710-342a-e801e43f645f
22500885,641,2026,3,3,22500885,78847c4e-c4cd-2bfd-0dcf-5b32fa4a9acf
22500885,644,2026,3,3,22500885,aebaa08f-a403-0ee3-1806-6e78ca8748df
22500885,65,2026,3,3,22500885,095bf83f-c8b4-41de-ee3d-35be1b2ef3d4
22500885,651,2026,3,3,22500885,9d2f5cb8-026e-1be7-6086-2ffc3e45b369
22500885,67,2026,3,3,22500885,4ec7b573-c64c-5246-afeb-69e6d0d58177
22500885,80,2026,3,3,22500885,79bced9b-9be3-1fd8-0ac6-1de8594563bd
22500885,87,2026,3,3,22500885,404e957b-f49a-7ad9-eb66-e1cc708d1aa8
22500885,9,2026,3,3,22500885,4458094e-ba99-685e-a74f-bce82e5363c1
22500885,99,2026,3,3,22500885,aab3f8de-8c25-068d-4484-adac54166e22
22500885,336,2026,3,3,22500885,d8496fb0-10aa-ad39-2dd1-7c6b66bc6a01
22500885,341,2026,3,3,22500885,ccea6dee-902e-001b-f0dc-e5dd3cdb589e
22500885,366,2026,3,3,22500885,6a580588-ec61-f231-2937-a9a766025175
22500885,407,2026,3,3,22500885,c2df97fb-7a2b-512e-8e29-d3ae6e72bee6
22500885,488,2026,3,3,22500885,5334c40a-2552-81ce-a5e3-06198f43fd59
22500885,646,2026,3,3,22500885,b7c53bf7-aed8-ee07-cd20-c4727051c3c7
22500885,81,2026,3,3,22500885,199d1990-845f-e788-4a50-358544ec99ce
22500885,10,2026,3,3,22500885,0be8be4c-6f25-0bf7-e3d7-fce7ac132fcd
22500885,100,2026,3,3,22500885,21b54cc8-1f28-a73e-156f-818c37f2852b
22500885,196,2026,3,3,22500885,0eb5d9c8-06f2-ae16-753c-756626b1f3e6
22500885,203,2026,3,3,22500885,88d6762f-5ee9-54f7-6b6d-4d165f6e95ae
22500885,263,2026,3,3,22500885,ea329340-71b1-9f00-8738-346b9fcf12f7
22500885,315,2026,3,3,22500885,1b5928b4-b3b0-6c70-0270-09b3b114c47f
22500885,339,2026,3,3,22500885,c2f10d3b-966b-3cee-f371-dee4b7290d87
22500885,378,2026,3,3,22500885,df8a5850-7aba-38d6-ee26-dbf80db37841
22500885,522,2026,3,3,22500885,925aaaab-ab83-060a-7f3c-51925a1018af
22500885,564,2026,3,3,22500885,aae51980-2d80-87cf-3f50-05ea84be9a53
22500885,628,2026,3,3,22500885,5b9acb4b-6352-dc8b-1016-cac873d4a4c8
22500885,642,2026,3,3,22500885,8f7f6b08-20af-9e84-6067-a40207991285
22500885,91,2026,3,3,22500885,bf4818b2-c0c5-6e0c-c2ed-2fb4215241e0
22500886,124,2026,3,3,22500886,2cc1bd3c-f4dc-e8c4-83b6-dc19346606ba
22500886,127,2026,3,3,22500886,1d4b19e9-c134-a9c3-1a9f-cee997559039
22500886,131,2026,3,3,22500886,923c1973-99cc-cd12-6793-ae1bdafc9c71
22500886,138,2026,3,3,22500886,ec82eaa1-4b0d-c3ff-dfa5-c849c9161f3f
22500886,147,2026,3,3,22500886,5e668a34-f590-a232-17bc-87269c0c828d
22500886,159,2026,3,3,22500886,316ab7a9-bd9a-6a44-b37e-3e3e4e6e5660
22500886,189,2026,3,3,22500886,2598251f-0ae8-cf4d-42fa-23721b5a6df9
22500886,190,2026,3,3,22500886,d63515e3-4d5d-29f3-c795-332448ace98c
22500886,207,2026,3,3,22500886,efe456c4-eced-4ca0-63ec-43bbed00868a
22500886,209,2026,3,3,22500886,8971136e-381a-f687-129d-d139f6eff13c
22500886,213,2026,3,3,22500886,5f55d3ce-358e-39f5-bc54-8ff7334dcf84
22500886,26,2026,3,3,22500886,e4e0df36-1d31-3771-3452-9d45a327b34b
22500886,273,2026,3,3,22500886,70b1fd06-1ac1-05d3-700c-bdb6cf7abe51
22500886,303,2026,3,3,22500886,7df461ef-b6b7-8df8-b098-b9693e840806
22500886,311,2026,3,3,22500886,a7d4cad8-62ab-6fd3-6a7f-7446644990a4
22500886,318,2026,3,3,22500886,bb83ee28-3420-cf67-eac7-2181b9a9b741
22500886,32,2026,3,3,22500886,265e1c93-39b4-47cb-4dc2-b8c38cc81af1
22500886,335,2026,3,3,22500886,f6def214-d4b5-73e9-70e9-dca693fe526a
22500886,34,2026,3,3,22500886,1574bbff-c7da-239b-24bc-ec2fb16a7549
22500886,363,2026,3,3,22500886,75f90075-bbe9-cb7c-d620-000a6909c911
22500886,37,2026,3,3,22500886,aca457d5-1733-7406-c074-bee8fbb9b91b
22500886,381,2026,3,3,22500886,9f685e93-f980-8bc7-973f-b7adb73e5d9f
22500886,393,2026,3,3,22500886,f7500ba5-9d59-2214-df7a-a95e0e014fad
22500886,395,2026,3,3,22500886,4ff89612-eb4c-dfb4-4012-7f85df4e86d8
22500886,399,2026,3,3,22500886,a4dbf34b-94e5-360f-9aa3-b2c34c20b50c
22500886,410,2026,3,3,22500886,5d69da04-7eb9-21a6-b7c6-8ae4794f3504
22500886,442,2026,3,3,22500886,cd9db66e-bd56-63a3-bf72-8566537fae43
22500886,48,2026,3,3,22500886,ea53cd4a-94e2-6bde-b311-c7b9b720f358
22500886,486,2026,3,3,22500886,255085a4-858e-6d3e-912d-35a3ae565802
22500886,496,2026,3,3,22500886,6a3dc3b7-74a0-75b5-ada1-fc29b61a8493
22500886,507,2026,3,3,22500886,bf6e4987-61a1-632f-c2b1-2ae85bac63b9
22500886,509,2026,3,3,22500886,1d39f0fe-4242-f645-bf6d-d52fd18040aa
22500886,51,2026,3,3,22500886,fc5f1161-bb27-6431-be01-53146765327a
22500886,517,2026,3,3,22500886,51346d43-e550-4d32-9efb-04788178dd66
22500886,531,2026,3,3,22500886,d85a1b84-4ade-d225-ac3a-e5beacbdab88
22500886,538,2026,3,3,22500886,8db8bab5-ecc9-da7d-0ad0-3a80770d307d
22500886,565,2026,3,3,22500886,c7698425-6590-7176-6c67-c85b1af188b4
22500886,567,2026,3,3,22500886,17de6ba6-6a42-7a3f-141d-8435ed5f6700
22500886,571,2026,3,3,22500886,875bdedc-9abd-f3d0-85b6-7dbc8874f026
22500886,584,2026,3,3,22500886,cc660aaf-44d1-8b8f-cdcc-c6a132c8f14a
22500886,586,2026,3,3,22500886,afed399a-2360-80f8-7e59-4f33980dafb4
22500886,625,2026,3,3,22500886,20643000-6667-8e05-caeb-244de7f850d9
22500886,627,2026,3,3,22500886,b3ae6133-33b1-41cc-d394-7e649f262f9e
22500886,629,2026,3,3,22500886,b1c78640-bb68-0038-bf28-3caf6eaa4832
22500886,631,2026,3,3,22500886,5c3d78fd-676d-c001-f241-975d87125f8b
22500886,636,2026,3,3,22500886,3865249f-0756-0396-7a0b-b65e1fe975c5
22500886,643,2026,3,3,22500886,e8f1f2b5-7321-6e32-dde3-6fbe817c219c
22500886,648,2026,3,3,22500886,a57e6d59-2cfd-f5f9-ac3f-67edaf053275
22500886,650,2026,3,3,22500886,32c5b702-c008-585d-e063-48fc6345058d
22500886,76,2026,3,3,22500886,5016f45b-48fb-8e88-ccbd-f20154145b4a
22500886,83,2026,3,3,22500886,bb63ad76-0493-ed2d-6434-9252b12e4dad
22500886,85,2026,3,3,22500886,9578cee4-279d-61f6-64da-1525a3898641
22500886,220,2026,3,3,22500886,fe613d43-62e8-e8f9-6e43-dce71e3f10a0
22500886,223,2026,3,3,22500886,dfe28ffe-1469-4eed-c6d5-6f922d18e247
22500886,23,2026,3,3,22500886,15d51946-c64b-7e1a-36cb-400be972acce
22500886,274,2026,3,3,22500886,eb84c09b-a028-9569-8ff4-d10104ab1c34
22500886,291,2026,3,3,22500886,08a3b3b3-f118-ffc9-2976-98b299e59ca7
22500886,320,2026,3,3,22500886,92463e22-967a-cc69-77c9-c14cc73a564f
22500886,337,2026,3,3,22500886,d69cd50c-25ba-8315-b5c4-1557038799d3
22500886,372,2026,3,3,22500886,639e760b-1fc8-83e7-cc94-a204393c81c9
22500886,407,2026,3,3,22500886,ea34f727-1e45-7563-1102-b3aa2a7e69b0
22500886,429,2026,3,3,22500886,49c96d5f-6f3d-1052-48c7-570c7985947c
22500886,483,2026,3,3,22500886,964a8856-349f-6535-3253-6d981e628e41
22500886,505,2026,3,3,22500886,aad25f4f-a74c-fea7-47cf-d742a77bf94b
22500886,66,2026,3,3,22500886,838c4e94-c0a5-d316-6e15-18f0b6cbb952
22500886,100,2026,3,3,22500886,99cf7f6f-74ab-2704-d0ef-eefe70f78b13
22500886,102,2026,3,3,22500886,24ef2da7-dfac-8042-8646-9958f439cb67
22500886,104,2026,3,3,22500886,093cbc3c-b94a-2e17-7866-7da241795584
22500886,105,2026,3,3,22500886,5121660c-bfa3-7f6b-574d-da5deabc1827
22500886,107,2026,3,3,22500886,610c8b5d-2036-ffbb-9b5b-fdc85a28dd9c
22500886,109,2026,3,3,22500886,ddbb1e6a-a0d2-84ea-6be4-af5e44592960
22500886,12,2026,3,3,22500886,67fedad5-23c0-3add-2685-d779aadbc96f
22500886,129,2026,3,3,22500886,66e4e009-29d3-604a-d379-4ad4fae0a648
22500886,132,2026,3,3,22500886,7e428ac1-434e-0c09-9f54-dba0f5efd147
22500886,134,2026,3,3,22500886,e69b1a5d-409c-bc94-a7fb-4b5de3441ffc
22500886,137,2026,3,3,22500886,06b432f8-a996-eb3f-5f7f-a16309d14a3f
22500886,142,2026,3,3,22500886,b5270ea5-5b3e-69ce-9a9e-27970f8d2518
22500886,146,2026,3,3,22500886,794d0382-51b5-200a-4d5d-dc2bc8d055f9
22500886,157,2026,3,3,22500886,e7235b1d-f6cf-3900-730b-f08f7107da39
22500886,175,2026,3,3,22500886,18f4db6b-aa63-09bb-1eb5-c28856a2e3af
22500886,177,2026,3,3,22500886,3e6d2dab-2cef-51eb-9617-9281fff46f75
22500886,178,2026,3,3,22500886,f96ff2f2-790a-7ba3-3fa9-80bb172a445a
22500886,180,2026,3,3,22500886,34111a14-7852-771c-e3c8-e92a49de1581
22500886,181,2026,3,3,22500886,0d9d4280-9a3d-e425-c6d9-79ed0d123084
22500886,192,2026,3,3,22500886,a2756401-406c-ebcb-a9df-53191fb6cd1c
22500886,194,2026,3,3,22500886,ae1500dc-fffb-26ac-5ee0-599d7ea71258
22500886,195,2026,3,3,22500886,7e3be4bf-c0ab-878b-1715-550331ea5754
22500886,20,2026,3,3,22500886,2d541c1b-970d-0899-2455-8ed24869de56
22500886,205,2026,3,3,22500886,e41c18b2-ec72-21aa-8be8-e2dab226917c
22500886,22,2026,3,3,22500886,3b6662e8-0380-f519-73a9-89e646f05186
22500886,230,2026,3,3,22500886,c0b5c78f-223a-6645-1705-b9d2f9d0c4be
22500886,232,2026,3,3,22500886,4146e27b-b6aa-a9bb-e0e6-7743385aa652
22500886,242,2026,3,3,22500886,04bd6a8c-4911-3139-ba69-8b304d98dcb3
22500886,260,2026,3,3,22500886,b9126ed6-94ba-6ff1-9787-c24e0b0a5f6c
22500886,262,2026,3,3,22500886,1caf3adc-8b80-4e48-8e30-3c8368200ee4
22500886,271,2026,3,3,22500886,6fc55bcc-0756-a797-945c-d392a5eea96b
22500886,297,2026,3,3,22500886,8ec4f42b-6c32-76e3-4fa8-64a1dc7d0fcf
22500886,30,2026,3,3,22500886,cbfe127b-e415-1cb7-b43b-dcc591efdf83
22500886,301,2026,3,3,22500886,63a470f5-16c4-b7e2-6f43-2f711d257964
22500886,313,2026,3,3,22500886,76595250-ac09-e1f4-b3ce-308f5be16f1b
22500886,316,2026,3,3,22500886,e2d30c6c-d49b-4616-eba8-44060dfc31c8
22500886,324,2026,3,3,22500886,d8bc23b5-19df-d44a-bf53-da2eaadbc16f
22500886,326,2026,3,3,22500886,6799d37e-2582-e676-7d7b-5df012230643
22500886,332,2026,3,3,22500886,a9f18363-7f43-4a10-8b5d-4f5ed373728a
22500886,346,2026,3,3,22500886,6754fa4c-9cbb-099d-1deb-2ced538c4698
22500886,347,2026,3,3,22500886,74ffc9e5-d668-7455-9b79-f90b7aebd602
22500886,359,2026,3,3,22500886,e14268ca-f87b-f3dd-20b0-5abfec6c2514
22500886,36,2026,3,3,22500886,354c7cd8-e496-e0d9-4d3d-337ec9377398
22500886,361,2026,3,3,22500886,adbbab1f-5673-0f85-05cd-b0a3b7b79b7d
22500886,382,2026,3,3,22500886,cf302734-74ce-c055-a78d-7f0e75a283fc
22500886,384,2026,3,3,22500886,7c40390c-c06a-9649-ece1-c88ef64f4e34
22500886,386,2026,3,3,22500886,7934ca8c-123f-cf3c-ce0d-a7c6c1611b64
22500886,389,2026,3,3,22500886,5309ef65-ddb0-aeb9-4d63-b74dbb7eb373
22500886,39,2026,3,3,22500886,deb04e12-fcb5-79c2-2987-426c22742f80
22500886,391,2026,3,3,22500886,6742a2f0-f50b-5654-f9b6-790179f94932
22500886,397,2026,3,3,22500886,bdf1a40c-9073-3c71-4283-362e8eb88403
22500886,40,2026,3,3,22500886,3f686a3d-4cc2-ce82-2136-0b8cac8efc27
22500886,412,2026,3,3,22500886,856d8bfc-4991-9974-9ed5-d0bf5cd2daac
22500886,42,2026,3,3,22500886,c8b0b7b2-2c6f-7fb0-4d92-b42a45c7ac41
22500886,421,2026,3,3,22500886,4bf136aa-4514-c4b3-f3c5-4abd1161b3e5
22500886,427,2026,3,3,22500886,74c84ea1-8397-3d51-1d28-09e023da9d08
22500886,432,2026,3,3,22500886,948cfc2b-ec56-a7d7-3589-1f2feafc648e
22500886,44,2026,3,3,22500886,47903ce1-907f-50aa-586c-bed9ce5baf94
22500886,440,2026,3,3,22500886,4df5de1c-99a7-4f12-2a51-d6462bd7a9f6
22500886,450,2026,3,3,22500886,b6d95bb1-0a93-877f-a696-0f53f57870ca
22500886,455,2026,3,3,22500886,d75ab59d-c876-0611-39d7-2b0c2b7d3e02
22500886,46,2026,3,3,22500886,83e366d9-ab57-0e82-0f72-38a492a8b6b7
22500886,467,2026,3,3,22500886,dd0338f7-f56b-e380-1936-224e09ed4b44
22500886,473,2026,3,3,22500886,19a73ced-3cac-df2c-b447-b95027398791
22500886,481,2026,3,3,22500886,0c0b5940-b56b-4a2d-e31d-e4f28c3dcae6
22500886,488,2026,3,3,22500886,9f7816d4-0e65-7280-40ec-a71adab866b0
22500886,494,2026,3,3,22500886,cb6ef1b4-06ff-1503-768b-7e940825a7bf
22500886,498,2026,3,3,22500886,d959c506-7df5-7ed9-48e9-d3b8e2a689db
22500886,502,2026,3,3,22500886,251ca4a3-839a-a382-6548-2293275a3b3e
22500886,503,2026,3,3,22500886,d2d79d23-66f4-4451-1627-48adb52794df
22500886,513,2026,3,3,22500886,8c0b39fb-071e-df9e-f572-bf0b8c17bf9b
22500886,514,2026,3,3,22500886,6991fcce-de66-a845-4667-0934aca0f488
22500886,516,2026,3,3,22500886,afcca50e-a879-0803-fbe6-31db1b84b389
22500886,527,2026,3,3,22500886,43ba6f96-d6e1-eb86-b72e-ca42159830cd
22500886,53,2026,3,3,22500886,25b7e3aa-909c-8982-9654-61ffeabd4adb
22500886,540,2026,3,3,22500886,bb7e0f5d-6bdc-3948-7605-1c1769a44f86
22500886,548,2026,3,3,22500886,03bbc077-72f9-9483-6f2a-f143093382a5
22500886,551,2026,3,3,22500886,03bfd40e-48bf-5efa-9e4e-2059be40a3a5
22500886,553,2026,3,3,22500886,7c9a171f-cc63-a2c2-b095-5297b6e92210
22500886,555,2026,3,3,22500886,41d24d56-65ce-8d36-83f1-9eea92280bb9
22500886,569,2026,3,3,22500886,04442a40-d372-e489-c84a-35a093f1bb4a
22500886,578,2026,3,3,22500886,578871e2-595b-8e9d-45ba-cf0fa47f867d
22500886,580,2026,3,3,22500886,f016adb7-ecc0-ac5a-7c63-1359835899d1
22500886,599,2026,3,3,22500886,b9bcb395-375f-275a-4b7a-70f13a3855d5
22500886,601,2026,3,3,22500886,70ed0ec1-733f-8187-7309-8076873d0b59
22500886,605,2026,3,3,22500886,e42dda9b-cf9f-eae0-0c33-b37ce257089a
22500886,609,2026,3,3,22500886,93351e9a-f976-9f35-5d33-e2d2d81c6586
22500886,614,2026,3,3,22500886,91aef1bd-b7e5-5e66-ae07-0c6e534d6880
22500886,620,2026,3,3,22500886,c766c081-b892-1451-0436-d281e6030d3f
22500886,622,2026,3,3,22500886,dc0130d1-a196-0357-5bf6-3358f7f92932
22500886,624,2026,3,3,22500886,264b2649-2b6d-6fac-6984-9aa50c4356fa
22500886,63,2026,3,3,22500886,764b09f4-7535-ed3a-dd58-5374ac2461fa
22500886,630,2026,3,3,22500886,9ea30bfd-657c-8fa5-be99-023441476b78
22500886,634,2026,3,3,22500886,cbab768c-c8a5-a8ad-8da6-0a385bacc5a3
22500886,645,2026,3,3,22500886,e1237b2b-0ab8-4a89-c7be-967a291602b3
22500886,647,2026,3,3,22500886,270918b7-fd10-f0b7-6565-e4af49b54529
22500886,663,2026,3,3,22500886,e8ccc535-8b62-3b71-8b82-d00da2564b45
22500886,666,2026,3,3,22500886,cef732df-8a86-3d41-4f6b-f631558ad24c
22500886,668,2026,3,3,22500886,5c3bb7d8-801b-e993-7ecd-0ddacba66776
22500886,677,2026,3,3,22500886,183381b1-79f9-6f44-f523-37aff7452159
22500886,686,2026,3,3,22500886,bd66781a-51c8-86d9-693a-128690b76122
22500886,693,2026,3,3,22500886,cc28094c-23a8-01f4-e26b-5d5f70a14cb3
22500886,695,2026,3,3,22500886,af17000b-42eb-cdb4-3c7f-d64a442bf6a9
22500886,696,2026,3,3,22500886,41ba1798-b936-fd9b-5351-d693d2932e2a
22500886,7,2026,3,3,22500886,73037c67-bb6a-3949-cb08-5c83cad6ba06
22500886,78,2026,3,3,22500886,57e29998-7674-434a-d3e3-d05387392a12
22500886,81,2026,3,3,22500886,45c57f66-6b8b-666e-6c5a-7831c01684b5
22500886,9,2026,3,3,22500886,d323eb8c-b174-e93a-46db-6edaf4a6054d
22500886,95,2026,3,3,22500886,e577a4d0-69ad-ae8e-093e-dcee2e836924
22500886,97,2026,3,3,22500886,a1d820d2-5f96-ef1f-0873-c0934d216ffe
22500886,99,2026,3,3,22500886,008c0456-1b1c-ddb6-096e-6fb0d46c05d3
22500886,101,2026,3,3,22500886,2c8d5a8e-3c7f-456c-6dc2-e7301e1dd717
22500886,103,2026,3,3,22500886,6dd21cc5-76d1-70ea-b52f-dd83433c127b
22500886,106,2026,3,3,22500886,89305f7a-a9da-98a3-e77f-608aa1c52e17
22500886,108,2026,3,3,22500886,da281ba1-c7cc-8f2e-1657-abf1303e6aef
22500886,110,2026,3,3,22500886,a27aad66-ffd5-abf5-a106-1342e89bdc52
22500886,123,2026,3,3,22500886,9efd8827-fef4-5c17-59da-920829518b3a
22500886,13,2026,3,3,22500886,5533331e-a872-1dfa-70df-d08e1b0c7d6d
22500886,130,2026,3,3,22500886,661678da-325c-47ca-fbe0-46c76b9caf6b
22500886,133,2026,3,3,22500886,dc300717-44bd-f197-4d02-11436693ec62
22500886,143,2026,3,3,22500886,3b3c8acf-0ba4-c270-a0da-8e338900841f
22500886,158,2026,3,3,22500886,1f232816-7e9a-b56d-7b70-b6fb844bc322
22500886,176,2026,3,3,22500886,a4e1d3c5-808b-0918-671a-a6577c71e63d
22500886,179,2026,3,3,22500886,3090243c-f457-be00-e21f-9df517cb5ee6
22500886,182,2026,3,3,22500886,82c9e0f8-ac56-1225-b499-dc526e113e9f
22500886,196,2026,3,3,22500886,ff7254c5-2fb2-1b46-9434-8ad3889b6f35
22500886,206,2026,3,3,22500886,0f778926-afb6-5781-1177-6551810799a8
22500886,21,2026,3,3,22500886,302725e5-f4db-d23a-8638-e459da759bdc
22500886,222,2026,3,3,22500886,d85dd41a-b4db-6885-0c2b-5f4eec0a6c46
22500886,225,2026,3,3,22500886,cbdf7a7f-3358-85fc-73f3-7b5a9e0316f5
22500886,231,2026,3,3,22500886,4476c54a-379d-093f-1c54-4511e0f8b361
22500886,25,2026,3,3,22500886,cb4e1547-f0ef-a7f3-8f52-3bb2c96ab2e7
22500886,259,2026,3,3,22500886,a19cec90-fc22-a9c4-1490-876253b3922d
22500886,261,2026,3,3,22500886,e0c178a4-2166-17d3-0246-4149c4260962
22500886,272,2026,3,3,22500886,184669d0-0e10-7af4-0aab-2427a344d464
22500886,293,2026,3,3,22500886,45d39fd2-26e8-1f54-6245-b5304ea5c2d0
22500886,302,2026,3,3,22500886,fcd6c28f-2ab6-8507-1e9b-8e400c11e621
22500886,31,2026,3,3,22500886,b4209ec9-617e-d563-6ced-880865162f54
22500886,317,2026,3,3,22500886,d87ef687-df58-a36c-7b68-a4c91a6df078
22500886,325,2026,3,3,22500886,d63a8004-5286-54ab-92c4-4ee2c0206b94
22500886,327,2026,3,3,22500886,45fb6282-d8b5-1db6-1c6f-ef9d8b01edb1
22500886,360,2026,3,3,22500886,4b44eb40-366c-04f3-9d90-8f4d58baaac1
22500886,362,2026,3,3,22500886,2765534f-ce04-d00d-2371-779f49512b2b
22500886,374,2026,3,3,22500886,1c84dc62-65f3-7092-089f-f2fac6bbdac3
22500886,383,2026,3,3,22500886,1cae5507-99c9-d42b-8b2b-4ea24d908cdc
22500886,385,2026,3,3,22500886,e5cfea1b-3efc-677a-5407-054a76ce82b5
22500886,388,2026,3,3,22500886,72b8e636-fc83-09e2-736a-7d8ae05453d8
22500886,390,2026,3,3,22500886,7dab9fca-45eb-3e20-958d-f5eb952d77b0
22500886,392,2026,3,3,22500886,952a7870-5e3d-776b-1301-ac8fa422a46a
22500886,398,2026,3,3,22500886,2e98e846-33d1-e9d8-c478-797847ff0b38
22500886,409,2026,3,3,22500886,a1f2b8fb-2d3d-a21c-fbea-85e50422f37f
22500886,41,2026,3,3,22500886,adcae802-5fe5-dc98-bc85-53bc4df619f7
22500886,413,2026,3,3,22500886,c937d993-2a70-8cd5-fc95-8c42b1fc940c
22500886,422,2026,3,3,22500886,fc4b5afd-e34f-fdf9-9daa-ab7c4ef356f9
22500886,428,2026,3,3,22500886,5a61e4db-d938-b966-2699-6b5c6087145f
22500886,43,2026,3,3,22500886,b7c40759-96af-6803-eb14-59d8407ed5f6
22500886,431,2026,3,3,22500886,55f4a384-49e9-52a0-12dd-ecc522352dc0
22500886,441,2026,3,3,22500886,e2397c2b-f857-775e-1f04-9095c2bbb481
22500886,45,2026,3,3,22500886,b1bc33ee-00be-9989-2017-f71bff20b91a
22500886,451,2026,3,3,22500886,8bc58afb-ea2b-4e4a-acc3-5950334f5022
22500886,468,2026,3,3,22500886,8666f689-1fc4-e67b-505b-eaa4538e8a68
22500886,47,2026,3,3,22500886,46314660-b987-4961-ed1b-3d59c31bebbb
22500886,474,2026,3,3,22500886,26ac4c55-26ab-405b-71b6-0c2c43ae514e
22500886,482,2026,3,3,22500886,71131937-5ae5-ced9-9e60-5b873818ac77
22500886,485,2026,3,3,22500886,68376237-cb00-a9b0-d2a4-fc36b290a552
22500886,489,2026,3,3,22500886,9278e0ad-6e59-3148-cfe9-7461cd34727f
22500886,495,2026,3,3,22500886,f3cdc842-529b-9e8b-8a36-4a66d517772f
22500886,499,2026,3,3,22500886,e049f62a-feb5-b1c2-a116-5e802cde23da
22500886,504,2026,3,3,22500886,802d40c8-25cc-ebcb-4e3f-a034d41ee1bd
22500886,506,2026,3,3,22500886,f9332cf5-873d-c200-ac7e-3f4681366d9a
22500886,515,2026,3,3,22500886,b2d7a9aa-603a-b5b1-e610-a75bcafbf9cd
22500886,528,2026,3,3,22500886,17753bfa-90ff-58b1-7154-b2f75d7380fd
22500886,54,2026,3,3,22500886,fa724129-9ea3-b686-6a33-ea6bda573bf3
22500886,552,2026,3,3,22500886,87f44cff-707a-16b3-8f8b-4cf1b84becae
22500886,554,2026,3,3,22500886,8fb247e7-a2ed-255a-08f4-d6826bdf2565
22500886,556,2026,3,3,22500886,04e276fc-cbc5-7e87-5279-06164e058ce5
22500886,570,2026,3,3,22500886,2858146e-ba0c-7d50-0746-688e2323093b
22500886,579,2026,3,3,22500886,00ab2371-72ba-ebd5-f0e5-af626e4ac749
22500886,581,2026,3,3,22500886,a2ebbefd-a331-38ff-0fa4-92b9ac4a6449
22500886,600,2026,3,3,22500886,08de4c23-adc5-0dca-3bfa-5777092ed311
22500886,602,2026,3,3,22500886,ce4247ff-6eb7-b64a-1713-4f57414f8394
22500886,621,2026,3,3,22500886,cc93f999-3116-bed5-85a2-30339e8969ff
22500886,623,2026,3,3,22500886,b952c4d7-0705-55e1-1599-a0f147c6fa73
22500886,635,2026,3,3,22500886,1e17d0b1-2ec6-4909-be46-54eff4cf2a3c
22500886,646,2026,3,3,22500886,67ad2016-9a68-621f-3467-f4108c5fd0ec
22500886,667,2026,3,3,22500886,9c7e814b-8354-187a-a92c-5423f7257d0e
22500886,678,2026,3,3,22500886,4eb8a547-8f33-8d8e-6cb3-2178d48d51df
22500886,694,2026,3,3,22500886,3eeea628-26a9-4f50-c9ef-5423bdf7b51c
22500886,697,2026,3,3,22500886,a30c0e54-1443-1d6f-db2b-5c05d04ecab9
22500886,8,2026,3,3,22500886,8e8ebc91-8de2-9878-31d8-25dfde589b1e
22500886,82,2026,3,3,22500886,ec47d8e8-4d01-6446-ca7c-03267abb8201
22500886,94,2026,3,3,22500886,2bf5092e-4227-998a-da6b-0511f90e12d0
22500886,96,2026,3,3,22500886,2715c723-a189-9489-47cc-9e4f1c6cb2e4
22500886,98,2026,3,3,22500886,61f4c271-c840-3825-63b6-e625083992a5
22500886,140,2026,3,3,22500886,db242a78-4537-480c-2131-b833fb2e5fd0
22500886,166,2026,3,3,22500886,eeec4295-3dba-b998-bca3-9d3cf646bd98
22500886,18,2026,3,3,22500886,72a112de-5570-691f-8046-ea328398a9ef
22500886,197,2026,3,3,22500886,4d74dfdf-ef07-988f-7909-2ff6d4fa3b24
22500886,211,2026,3,3,22500886,6b2a67a5-9ea0-7eed-e914-b4bacf7ae880
22500886,28,2026,3,3,22500886,606383f3-5159-95a0-de98-2cbdc9299953
22500886,285,2026,3,3,22500886,4fa10d25-1b84-0718-11d0-7f0c5da8d15a
22500886,490,2026,3,3,22500886,45c6c83d-bea5-a104-3bf5-fed459e87d7b
22500886,500,2026,3,3,22500886,a4c06834-873f-5447-0332-1d1b9b961d83
22500886,511,2026,3,3,22500886,6ffd608a-13e0-5fe2-8c0d-44ec368f9721
22500886,529,2026,3,3,22500886,1508356b-c039-af73-f017-183571316770
22500886,544,2026,3,3,22500886,f7ec0a08-559d-abe4-a9f5-9965d6e05355
22500886,546,2026,3,3,22500886,e1abb1bc-5ba5-3187-4efa-346fb223d5c9
22500886,582,2026,3,3,22500886,8c616104-2acf-6610-bc33-9b1109d8c899
22500886,603,2026,3,3,22500886,8343da75-e3d6-8d9c-06e0-a18ee743ffe7
22500886,612,2026,3,3,22500886,6010b8d9-d5b5-e9f1-0e51-4462bd772edf
22500886,64,2026,3,3,22500886,b9a75fe9-d3ab-f361-4b6f-caec39956823
22500886,126,2026,3,3,22500886,59f773e8-6e4b-c0cd-8cd5-e21506b98b5b
22500886,173,2026,3,3,22500886,420ee1ec-1fca-3622-4c97-02e5a2c38bd0
22500886,365,2026,3,3,22500886,ca508d26-fe6c-07a1-38da-ee9b27872359
22500886,406,2026,3,3,22500886,048dc883-9e2a-2e34-a543-69164c35d4bc
22500886,423,2026,3,3,22500886,908d76fe-4c0b-c9f9-33ef-91f9957dc5f4
22500886,426,2026,3,3,22500886,f1ac5545-77c5-69f9-2278-aab04825f2b8
22500886,452,2026,3,3,22500886,ca19ed74-e97b-e37f-ecba-6c2495cd0ee8
22500886,472,2026,3,3,22500886,539011e6-c13c-1a95-8aa6-dbd10ee5899e
22500886,676,2026,3,3,22500886,4742fbfb-83e5-ef20-c113-227525078b95
22500886,679,2026,3,3,22500886,9568490c-d1ac-be5f-fadc-832ddd6c9e43
22500886,685,2026,3,3,22500886,264d6ee1-bb19-3083-143a-810ac84bbe43
22500887,109,2026,3,3,22500887,aece1783-d855-0f26-2fbe-346b2dd6196f
22500887,122,2026,3,3,22500887,77b4a3ba-4e86-35d4-9957-8b21404083be
22500887,128,2026,3,3,22500887,7f19cc2f-5504-25b9-2225-529eb842f9cf
22500887,147,2026,3,3,22500887,0e8edb7a-51e7-c76a-1b1f-2f245f907530
22500887,167,2026,3,3,22500887,e09e8f1b-82ef-590a-2f85-b5164d459fdc
22500887,171,2026,3,3,22500887,d7f22040-5f94-5d4e-873f-a8e37a8185b1
22500887,176,2026,3,3,22500887,28c1c14f-f027-b55b-74c1-b4389c0a0a60
22500887,18,2026,3,3,22500887,2fc0e631-2eae-1ac9-5c03-c7959702082a
22500887,184,2026,3,3,22500887,30e13132-4732-10f7-a997-24ecc4a90f81
22500887,198,2026,3,3,22500887,ed439dc2-3447-3b78-9f90-c03a62d166c3
22500887,206,2026,3,3,22500887,78441275-e18b-9335-a03f-b277bd189cbe
22500887,210,2026,3,3,22500887,280df928-b1af-9c0d-4b40-2b1e271688f9
22500887,214,2026,3,3,22500887,1fc7d43e-94a2-bde6-cd5c-201f38ed41ae
22500887,220,2026,3,3,22500887,6200dbdc-4355-098d-6b05-ce7caec3dfab
22500887,226,2026,3,3,22500887,87d6c41f-f73b-3a2f-b745-328aa18f5443
22500887,23,2026,3,3,22500887,f753a049-5f6e-338a-65c1-1d5fd1172bec
22500887,259,2026,3,3,22500887,ed63dc23-4250-6f46-3642-afe81835026c
22500887,273,2026,3,3,22500887,1335964b-8fd2-b583-657a-fdd511c1374a
22500887,277,2026,3,3,22500887,f1468ccb-8b4d-86a7-50ce-d25bb895eea7
22500887,279,2026,3,3,22500887,aae646ef-dc86-7749-dfda-3be52de5bdd2
22500887,286,2026,3,3,22500887,b076d142-753a-9411-b390-59f2106fbda6
22500887,288,2026,3,3,22500887,8ac8410e-d43a-9ac9-58fa-f7d189fa11c5
22500887,289,2026,3,3,22500887,69c7ea77-7218-f72a-4047-6d42128c080b
22500887,29,2026,3,3,22500887,c488cced-4bc1-f6c2-5f86-d4c11fd3bdf9
22500887,291,2026,3,3,22500887,fc3cca5b-31d7-3fa6-a5d0-6ea196a28beb
22500887,300,2026,3,3,22500887,a8926d46-dd72-14cd-3caa-8d9ec0f1f12c
22500887,31,2026,3,3,22500887,67d6e8dd-bb4c-7df6-2194-012294025dc5
22500887,320,2026,3,3,22500887,4a2c3fda-f8c4-a2fa-e408-ac0666460e28
22500887,322,2026,3,3,22500887,3966711a-1ce7-c886-1355-53d88cf289ff
22500887,338,2026,3,3,22500887,21770ea0-2ff2-7658-4dfd-eacfb623fdf6
22500887,345,2026,3,3,22500887,21b20f26-7da1-7f15-25a8-f24ed52262e8
22500887,358,2026,3,3,22500887,dd983a67-cc7d-aaff-3170-6b06e7d1fabb
22500887,364,2026,3,3,22500887,b50f3b97-c14f-7ddd-ef52-45884eac5bf8
22500887,366,2026,3,3,22500887,770074b7-c685-9b74-2fbc-63f505684cdf
22500887,369,2026,3,3,22500887,111ec8da-3dc6-0243-a7bf-d8bae58f7eec
22500887,37,2026,3,3,22500887,5226ce5a-628d-1c4a-aa31-0e0ef53b80ce
22500887,382,2026,3,3,22500887,4c21c7de-bd84-797c-3a9d-f812cc41cc08
22500887,390,2026,3,3,22500887,5b1da10f-abec-b6fd-b58f-1c93048e96ab
22500887,406,2026,3,3,22500887,52a49406-0a0a-3e42-ec5b-d258aacf7801
22500887,410,2026,3,3,22500887,3fdfb115-60e6-bde6-1c25-8b230b6f5b11
22500887,42,2026,3,3,22500887,c561bfa7-da1d-9be2-82b8-660ae438273a
22500887,44,2026,3,3,22500887,77d8f8a5-a29c-6c32-0667-5f5ab2fecda4
22500887,460,2026,3,3,22500887,9abb4333-5c8c-b19d-a8f0-9d07dc4966eb
22500887,470,2026,3,3,22500887,705cc306-04ec-3e8e-b8dc-aab1a810d099
22500887,472,2026,3,3,22500887,c11aca74-09b9-c543-793d-3143f9c37235
22500887,49,2026,3,3,22500887,b3cd44fb-5c83-4c3a-3c1f-50761846e95b
22500887,499,2026,3,3,22500887,662e4ee5-ab4b-53f7-5912-2fd791933953
22500887,51,2026,3,3,22500887,503b4361-f7cb-015a-b8e7-b1974a5156fe
22500887,536,2026,3,3,22500887,e8ab524c-6c65-7d02-5b6a-4e0f05f8ba86
22500887,543,2026,3,3,22500887,5b33c59d-4c9f-5ad6-3126-18dcf163d2dd
22500887,566,2026,3,3,22500887,fa1166ac-c9e9-2ce6-4b68-fb08c70c734e
22500887,593,2026,3,3,22500887,24eb4f3d-1050-a68b-b6b0-60d8f3e21988
22500887,595,2026,3,3,22500887,1619235e-e7a8-600c-38ed-8ec9b733d9f7
22500887,620,2026,3,3,22500887,da71eccb-aa70-b2d9-1648-cff923f28721
22500887,66,2026,3,3,22500887,9cc7efb6-b727-1c5e-6c57-f86d5b79e025
22500887,9,2026,3,3,22500887,393f33fc-8957-6220-70a3-f50a04da2ac7
22500887,12,2026,3,3,22500887,ff71d92d-9009-ebfe-d81c-2e1b9988553f
22500887,216,2026,3,3,22500887,0b48f2e8-857b-822f-1b93-0d4c16fd0c36
22500887,270,2026,3,3,22500887,0f07a9d2-adc8-4f23-4a90-da6a0a91f01b
22500887,325,2026,3,3,22500887,eee30f0b-1b83-cb22-efb2-78690f60908c
22500887,351,2026,3,3,22500887,53a641bd-d0ac-bc84-a633-f3e4a9cad66e
22500887,493,2026,3,3,22500887,8d0606ee-bd4d-7763-ea1e-69cb4b92f518
22500887,53,2026,3,3,22500887,6e64955f-eaf6-f0f2-7c24-5e46f658c2c2
22500887,10,2026,3,3,22500887,dc04e426-f46f-8d62-9116-9ecba1b25407
22500887,101,2026,3,3,22500887,46026bad-2228-d80f-0117-36cb5c272750
22500887,108,2026,3,3,22500887,0520cee0-6345-5c8e-89af-bce1e6cf6227
22500887,11,2026,3,3,22500887,efb3495e-c5af-33f4-1b4a-9855e84b6b2d
22500887,111,2026,3,3,22500887,2628b9a4-af3b-1a13-3c73-3ee6004d5377
22500887,130,2026,3,3,22500887,4899d9cd-d9bd-3670-ddd5-736f34a0531e
22500887,132,2026,3,3,22500887,463bc8a9-44ce-5937-f2a9-00aaf175e876
22500887,149,2026,3,3,22500887,f76c6cc1-ff4f-addf-9424-c6c44c1340a1
22500887,165,2026,3,3,22500887,51b0f429-4770-a46f-ec1e-81c0f058e7a3
22500887,169,2026,3,3,22500887,3b43f915-b457-64bc-9b9a-050cc342b243
22500887,182,2026,3,3,22500887,9341f238-977d-f7ce-6898-cb299234b6e2
22500887,186,2026,3,3,22500887,312fe618-a5ad-2109-6a1a-9ea70d61cfba
22500887,188,2026,3,3,22500887,bb96b77d-50f1-c254-4d15-ede58d6abdc5
22500887,204,2026,3,3,22500887,a0120619-1c3e-545f-4883-1ab5b3f5feb4
22500887,208,2026,3,3,22500887,5038d6ff-a78c-9586-0342-d4ab5f3ae153
22500887,21,2026,3,3,22500887,d8986944-f0a5-5c02-eba8-0ae72adfe2ee
22500887,222,2026,3,3,22500887,fa9aa03d-ddd7-9f9a-40a4-549fa2121c16
22500887,224,2026,3,3,22500887,51b0c895-e92b-3099-e7dd-8063c035ac1b
22500887,230,2026,3,3,22500887,63e7a465-1cf4-2cff-af1a-0162dcd5e587
22500887,240,2026,3,3,22500887,7e6fb4b4-bd76-c8cb-84d3-625a2046c1d4
22500887,244,2026,3,3,22500887,aa1b304d-6f31-130f-6442-431a6db724dc
22500887,248,2026,3,3,22500887,094f8269-8d6c-6744-1c69-5032f102df03
22500887,250,2026,3,3,22500887,492b0615-4198-53d8-9d0a-22c365ce8611
22500887,258,2026,3,3,22500887,6ed54a18-79c5-fe41-44d6-b87ee5b722e8
22500887,275,2026,3,3,22500887,7e68d498-ea9d-58ba-222e-815af9a28eb1
22500887,295,2026,3,3,22500887,1192c902-a665-05c0-956c-79c91fdbe1bc
22500887,297,2026,3,3,22500887,5045db72-314f-63c3-3806-c7a08a291aeb
22500887,298,2026,3,3,22500887,9bd0d12d-0149-7c6b-09ee-1b3639b6a8c6
22500887,312,2026,3,3,22500887,4078e151-c3ea-5093-3cb7-715a0791a06d
22500887,313,2026,3,3,22500887,865a1a4e-1f61-88ae-6e07-41dadef0d80c
22500887,324,2026,3,3,22500887,a6f8cace-cfac-6866-3a67-58824f1a5801
22500887,33,2026,3,3,22500887,e76ec9e2-aab9-b22a-e01b-8dcdde2390ba
22500887,340,2026,3,3,22500887,18359fd7-632e-d939-f39d-ba74ceadd512
22500887,347,2026,3,3,22500887,c1341528-4092-3219-e5c3-46228d123c37
22500887,349,2026,3,3,22500887,f5b73061-8956-ea22-4b28-e6d0f4c197aa
22500887,35,2026,3,3,22500887,6e3782b1-47d0-e7fb-b8cf-dfdc71ea5ea2
22500887,354,2026,3,3,22500887,61305e1f-cf64-7af9-d2ac-b972c3efc35f
22500887,380,2026,3,3,22500887,a1ee7f19-2c02-ca44-1d3d-faf5e9147be8
22500887,384,2026,3,3,22500887,c9f87d3e-46b0-c947-623c-51871eec7793
22500887,386,2026,3,3,22500887,a9b586ec-0f93-499e-2d23-042fdf2be5c1
22500887,39,2026,3,3,22500887,1bf3ec04-08a8-57e9-84bd-166864631d8e
22500887,400,2026,3,3,22500887,211a1663-c81f-b9b0-0c6c-1e69ad742f2f
22500887,402,2026,3,3,22500887,a6d6229a-fbaa-81e7-6b19-536f584f2705
22500887,404,2026,3,3,22500887,de16b49d-2bec-6f70-1701-6b66893de874
22500887,408,2026,3,3,22500887,c77ca7de-3867-8841-0ae3-fd290f735657
22500887,421,2026,3,3,22500887,9b7caf01-5909-276a-fa10-bc853507edcb
22500887,424,2026,3,3,22500887,4fe9f541-c34d-5573-dc0d-a5f6e131dfef
22500887,428,2026,3,3,22500887,23f55198-628b-6bb5-53b5-ad5d4fa22d6f
22500887,431,2026,3,3,22500887,40181514-0cd5-4736-08d3-00be1c97edd2
22500887,434,2026,3,3,22500887,d71584c4-d0a7-1049-2f51-c1d392a1353a
22500887,444,2026,3,3,22500887,eea68ee0-3597-d203-899b-8952382598fb
22500887,450,2026,3,3,22500887,b582dfb1-6f4c-7247-1535-b39718092113
22500887,457,2026,3,3,22500887,73415f24-f938-d062-bd2c-86b60ec7d73e
22500887,46,2026,3,3,22500887,87c05f03-7b00-bd82-7d8c-11e2a3d39404
22500887,465,2026,3,3,22500887,03ae6e9b-1f02-65d0-af2b-d1258bfa0400
22500887,467,2026,3,3,22500887,52e15818-2052-974b-4ab9-07e850f40ab6
22500887,477,2026,3,3,22500887,a07b7457-084f-8cb0-b19f-004c53e9ddef
22500887,48,2026,3,3,22500887,030857c1-ecae-90d1-cd9b-a1eca5030a79
22500887,491,2026,3,3,22500887,933883db-48eb-9d67-65e5-f53236a084cc
22500887,496,2026,3,3,22500887,d5f044f0-aade-833d-18d3-d4050d5a69ed
22500887,501,2026,3,3,22500887,2f4e6043-1cfa-23ea-289a-8410883070fa
22500887,503,2026,3,3,22500887,01af8109-a98d-1d17-8796-22f049d417bf
22500887,511,2026,3,3,22500887,bdc78d19-024a-6c25-0d64-7bbc6b887ac4
22500887,521,2026,3,3,22500887,99d5ff3a-0cb3-ca94-82f0-e71be7b3dd85
22500887,523,2026,3,3,22500887,c5158a05-380b-0723-b215-efb4b14cc26f
22500887,524,2026,3,3,22500887,4ec726a6-d622-0d73-ff98-56fd74103572
22500887,537,2026,3,3,22500887,d8276bef-98e4-2ae5-f906-bc72d7366aa9
22500887,538,2026,3,3,22500887,ae240082-4185-def3-8dea-3b30868159f2
22500887,539,2026,3,3,22500887,8d022078-6e48-39e6-c273-369a5144fb54
22500887,541,2026,3,3,22500887,fcd7fa6e-e65c-1995-56d8-80f13475e76b
22500887,546,2026,3,3,22500887,0d9fcd97-0b58-658d-b68f-cb2f655924f7
22500887,548,2026,3,3,22500887,9b96030d-7f50-548d-b092-8a41827f23bf
22500887,549,2026,3,3,22500887,7721ddaf-3063-ff1f-18a6-d35a967334b2
22500887,56,2026,3,3,22500887,5966f4f7-2d60-810e-fae8-064ee0dad65f
22500887,561,2026,3,3,22500887,bb42a291-f9c2-fdeb-7c87-b0b9161f1bb4
22500887,564,2026,3,3,22500887,a480b2bf-1f57-ac81-5d92-3db9bf6eb3a4
22500887,569,2026,3,3,22500887,75afc9d9-9cdc-54d2-d9cc-5ce1367159e1
22500887,571,2026,3,3,22500887,f16332cc-7c35-df25-2134-38cd21f9edac
22500887,573,2026,3,3,22500887,a16d864b-33dd-761c-36f3-2624ca8aa436
22500887,575,2026,3,3,22500887,6f69d118-3f07-c9fa-0a2a-42cb22c03641
22500887,576,2026,3,3,22500887,9f64f73c-fc83-8cbf-19bd-099c9fbc3b19
22500887,58,2026,3,3,22500887,93306472-bb27-257b-63b1-94d56525acd5
22500887,584,2026,3,3,22500887,b49936bf-c337-2cdf-ef6b-ba0aac093c62
22500887,586,2026,3,3,22500887,4c73452a-ebb2-807e-d33c-e39debebd84d
22500887,590,2026,3,3,22500887,8eb72432-71aa-b579-bab9-7eb27f3fcfaf
22500887,597,2026,3,3,22500887,ee074d6a-2a76-1428-c697-28ef74f40a40
22500887,598,2026,3,3,22500887,d4d2df49-47ca-3e8b-e31a-271d5adce9fa
22500887,600,2026,3,3,22500887,02b9556d-2b93-38c8-f2d9-0b79cabee954
22500887,606,2026,3,3,22500887,059b9f31-bae0-3f17-0650-433ec60f9d64
22500887,637,2026,3,3,22500887,64bd43e9-4bc5-cfee-65de-69f26799829b
22500887,642,2026,3,3,22500887,f23bc911-180d-8d7b-d503-51ca920b6ef8
22500887,67,2026,3,3,22500887,4b06bea1-cb05-1bfb-cf5d-06be64807285
22500887,76,2026,3,3,22500887,75392b46-bcc7-8aa1-5579-a0150c45169f
22500887,98,2026,3,3,22500887,179919f1-2989-419d-d30e-42b57f33e316
22500887,99,2026,3,3,22500887,6160a47d-7fe5-1418-8bba-e95ab0445c9a
22500887,100,2026,3,3,22500887,6f7c369d-2126-907f-ca10-f139f9df7cd1
22500887,112,2026,3,3,22500887,8cba088a-9ba0-a73f-c9d8-d378a5c2d3c0
22500887,131,2026,3,3,22500887,9c78b8d3-9c38-a46d-f056-cd20fa8a4386
22500887,133,2026,3,3,22500887,8ffad69d-00fb-542e-f128-d2afb18d437c
22500887,14,2026,3,3,22500887,478659b2-74d6-832d-896f-70c34e89b5ec
22500887,150,2026,3,3,22500887,ec7e1ccd-8256-3030-fa36-2b9a9b40269c
22500887,166,2026,3,3,22500887,c596dce4-8973-1316-3635-fcf7030ae608
22500887,170,2026,3,3,22500887,729b091d-d78e-b551-4b5f-d77bd3252c67
22500887,181,2026,3,3,22500887,59a0b962-fe53-0dd0-833c-6d6be78af3b2
22500887,183,2026,3,3,22500887,fb1ea7f7-8211-8a38-6c18-09ed991d2f95
22500887,187,2026,3,3,22500887,b3d712c8-e88b-0002-c495-c31f5f2524f9
22500887,205,2026,3,3,22500887,709f930a-f37f-fef8-f7e4-232c4c4290d4
22500887,209,2026,3,3,22500887,b94fbfb7-e0bc-37f5-2da1-de88242ae57a
22500887,22,2026,3,3,22500887,4c149d4c-7ce0-e662-e55f-6d30aa9241ef
22500887,223,2026,3,3,22500887,f546a7a0-c6ed-76df-e35a-2604cf27caeb
22500887,225,2026,3,3,22500887,6c8ed39a-a7db-4065-6dde-b48f372cd779
22500887,241,2026,3,3,22500887,91c764a3-e76d-9a0e-75cb-12e5bb1139e7
22500887,245,2026,3,3,22500887,782ff37d-daf2-bcec-3002-42fd349e1291
22500887,249,2026,3,3,22500887,987567b2-2fdc-46c7-5dd7-e713da1174e2
22500887,272,2026,3,3,22500887,5f5c8853-9685-18f5-f012-36fee78bb5a4
22500887,276,2026,3,3,22500887,7fddab9e-3414-3ece-11b5-832ff2ca84d0
22500887,296,2026,3,3,22500887,d49b91b3-a135-2f5d-29e1-3fb83c98dafb
22500887,299,2026,3,3,22500887,11c8f15a-b80a-8941-f82e-c3f447efdc8f
22500887,314,2026,3,3,22500887,cf24bc01-2283-c651-cd96-b4386bd68ffe
22500887,34,2026,3,3,22500887,e68ca16e-df50-3179-27b5-ae1fd550df2c
22500887,348,2026,3,3,22500887,1e0df081-3ae5-abd8-bde4-e4b7a1adeaec
22500887,350,2026,3,3,22500887,2c60b6d3-33c7-a672-2eaa-9c75d97546e9
22500887,353,2026,3,3,22500887,57ed61a0-8eb1-f130-9b19-a9488ab16ee9
22500887,355,2026,3,3,22500887,98e739fd-0fbc-7c1d-153c-b710eaf107f0
22500887,36,2026,3,3,22500887,6b57c1ae-1849-3450-e90f-327ffe5229f0
22500887,381,2026,3,3,22500887,0a7a531f-c55f-f54c-9d8d-4c45e230d24c
22500887,385,2026,3,3,22500887,0075350e-b62a-5ac2-b7b8-459d0f55b5f6
22500887,387,2026,3,3,22500887,c4e30c9c-e6ff-e38b-93eb-e1f8d5ec6d8f
22500887,40,2026,3,3,22500887,c2c56661-a5a4-6934-5c1c-4cfd497b323c
22500887,401,2026,3,3,22500887,20fac9a9-87aa-dc3e-48a9-4a83bcf7abc1
22500887,403,2026,3,3,22500887,ffac76a1-08e4-1767-1a70-9eda5e4c5359
22500887,405,2026,3,3,22500887,13c51555-dd28-4713-9907-9802e91b6196
22500887,409,2026,3,3,22500887,112302f5-0c2d-4de6-83c0-3930b20f150d
22500887,420,2026,3,3,22500887,e8a49ec8-7b54-5f29-91e4-392943b17cb7
22500887,422,2026,3,3,22500887,ecdfe8c0-ddfe-4e4e-e3b5-8e69123758b3
22500887,425,2026,3,3,22500887,e3537abd-e4dc-070a-9a1b-88cd68a49922
22500887,445,2026,3,3,22500887,5e1cca0e-7b21-a6bf-2e62-b81ba753a920
22500887,466,2026,3,3,22500887,43cafcc5-29a9-deb6-21c3-e7de83892610
22500887,47,2026,3,3,22500887,44560711-9749-ac8a-ca7c-447384773d51
22500887,478,2026,3,3,22500887,98a65a9a-bc8c-937b-5b59-8401eddefff3
22500887,492,2026,3,3,22500887,b84b9ba0-b8e7-0492-107e-d0d645f15e93
22500887,495,2026,3,3,22500887,88a6657c-6ae1-1966-19f4-1180beeac753
22500887,502,2026,3,3,22500887,83b74aea-a5b9-720a-dc1b-af508ed373dc
22500887,504,2026,3,3,22500887,8c953ba6-7ecc-a5b7-661b-a2407f3e8bce
22500887,512,2026,3,3,22500887,6b8d887d-e47e-ee81-97fe-c623f8c8c39c
22500887,522,2026,3,3,22500887,f2911646-493c-5599-f455-d968f19b8bf8
22500887,540,2026,3,3,22500887,bd9b7f7b-5158-440c-d3cb-463b57894ca6
22500887,542,2026,3,3,22500887,39ae78f8-9837-2a05-da1e-c5cbd1cc5691
22500887,547,2026,3,3,22500887,ea7790e2-1dcb-9c7e-4118-9bb8f2855733
22500887,55,2026,3,3,22500887,1e067ed0-e763-8736-384a-99c627cbcde5
22500887,550,2026,3,3,22500887,8e339d12-cb95-4826-7719-6baf65c483bf
22500887,565,2026,3,3,22500887,98158d62-2df8-a0ec-9142-c82a7a512a09
22500887,57,2026,3,3,22500887,e5fed6f1-7ed2-0bed-9840-60035dddc39a
22500887,570,2026,3,3,22500887,4dbd9219-6f86-da22-532d-d87d5a631d74
22500887,572,2026,3,3,22500887,73098e1e-2e30-cd5f-537d-bb4c7593d745
22500887,574,2026,3,3,22500887,f3c0bf82-ace2-0a95-a81b-fefe543a2c30
22500887,577,2026,3,3,22500887,a1a73f12-6aca-0ca7-0199-e704089e80df
22500887,585,2026,3,3,22500887,dd7126f5-0524-0703-db0c-c86b49c1b269
22500887,587,2026,3,3,22500887,c2070b84-0848-0fee-a1ed-4ab21a2f2307
22500887,59,2026,3,3,22500887,9d644401-cfc8-6dc6-9d80-7cade5396aea
22500887,599,2026,3,3,22500887,ece7933b-2e5b-2a73-d124-d144edf24479
22500887,607,2026,3,3,22500887,754d0972-4a39-5f52-5153-91f28a3fbec4
22500887,619,2026,3,3,22500887,1e7bd31a-600c-ab03-1c16-a0ffae896d2e
22500887,638,2026,3,3,22500887,e665d3c1-d84b-9710-ebf5-b59d72cafbf0
22500887,643,2026,3,3,22500887,f042e3ff-9472-9ba1-7cca-6f174823d53d
22500887,77,2026,3,3,22500887,aaf16b06-7cf8-dbcc-2d04-39cf471887cd
22500887,120,2026,3,3,22500887,29171693-db16-79f3-0dfb-4f5633407b88
22500887,151,2026,3,3,22500887,b0a65f77-a2a3-27ed-f8c9-10d5a148a22f
22500887,228,2026,3,3,22500887,0d1904fa-d9a8-638e-0e42-1db9b8a54204
22500887,246,2026,3,3,22500887,be406411-010e-9c12-739f-d27dcde4e71b
22500887,293,2026,3,3,22500887,60bfcec0-6fbc-9af2-341f-a66f50330cea
22500887,304,2026,3,3,22500887,c180deb6-9ae9-29ac-85ae-7a090ad280fa
22500887,356,2026,3,3,22500887,8ac3b79b-a5ee-8800-1b48-589bffde7cca
22500887,388,2026,3,3,22500887,10f4c101-5a83-ad73-6abf-0fb7a002a15b
22500887,426,2026,3,3,22500887,66a4f24f-9087-55ea-8600-90cbd2d2fff9
22500887,432,2026,3,3,22500887,ba76e71e-5a11-cb87-b764-64aa947a924c
22500887,458,2026,3,3,22500887,c48951c4-34cd-dd39-2e78-fe9758d100e5
22500887,479,2026,3,3,22500887,71b52443-cac2-e53e-b4d6-5f1e62b35a48
22500887,509,2026,3,3,22500887,194ba75e-3934-f63f-2157-3baa03d47d7d
22500887,513,2026,3,3,22500887,7f0c0a6f-40bb-2968-e162-2f3db168e79a
22500887,525,2026,3,3,22500887,e7ac0130-ca65-da54-2ac1-39bcdeffe99a
22500887,534,2026,3,3,22500887,d485bf26-3777-50f5-237d-2d2edf6a7834
22500887,591,2026,3,3,22500887,46e67c70-63f4-b178-5be7-f825e26cf7fc
22500887,84,2026,3,3,22500887,ed8de5ec-ce3e-13b2-3b71-ee60c617cd96
22500887,191,2026,3,3,22500887,18ab12f8-0281-8e4f-04c2-6eed2f34617d
22500887,292,2026,3,3,22500887,e0fa2e50-12de-e990-dc40-b9fb0fb4cb8e
22500887,310,2026,3,3,22500887,1aba0fcd-028f-b938-f9bc-44d14d321bf4
22500887,363,2026,3,3,22500887,c653afbd-b4e5-6050-484a-763db9a4ba19
22500887,378,2026,3,3,22500887,347401a0-045f-4b44-666a-85557a04114d
22500887,41,2026,3,3,22500887,24c1d07b-86ff-3157-f344-990ca2563cb1
22500887,462,2026,3,3,22500887,8e81215d-39a7-1696-0297-29365cf617de
22500887,551,2026,3,3,22500887,386663dc-5e1d-8afd-8894-277329dd50bd
22500887,645,2026,3,3,22500887,106435e0-9d71-d15e-1387-75eb584e36b8
22500887,65,2026,3,3,22500887,4211a1b2-8baa-c98a-6be8-9f44739c1c67
22500887,89,2026,3,3,22500887,9e5c0911-6309-7761-7bc4-d31614394b64
22500888,103,2026,3,3,22500888,c4e50d6d-1faa-8c30-faff-5b8568a3a7b4
22500888,131,2026,3,3,22500888,6058a20c-1496-e754-4d3e-669f582945e1
22500888,139,2026,3,3,22500888,87f6ab4b-8087-4825-9109-fae1dc23f282
22500888,143,2026,3,3,22500888,6591110b-0555-af36-44b8-1428b1e2ee6b
22500888,158,2026,3,3,22500888,3c32980e-5972-d561-2418-e3e834a7c031
22500888,160,2026,3,3,22500888,3c2ce49f-565b-671e-c824-689f83243b82
22500888,164,2026,3,3,22500888,071b9cd6-fcf7-e43b-35d3-f9c27efb6f92
22500888,168,2026,3,3,22500888,e3b6940b-46bc-ebfb-131a-dd3f86885b05
22500888,171,2026,3,3,22500888,fe70f519-5fbb-c890-d8b1-3166f13b2558
22500888,185,2026,3,3,22500888,e70a9c74-81c2-420a-8537-5f63776fee6c
22500888,186,2026,3,3,22500888,82f9b971-7e49-9591-dfa6-60d5dc7f4daf
22500888,207,2026,3,3,22500888,d67cb9bf-1e4e-5255-10f8-8b568481d5b3
22500888,210,2026,3,3,22500888,5202585a-4e0f-882d-f05d-b3bcbd493691
22500888,211,2026,3,3,22500888,6c7cc4ce-6c51-bc5b-212b-3cab848e794c
22500888,257,2026,3,3,22500888,5c3672a6-8a02-1f72-83d8-77160e039476
22500888,265,2026,3,3,22500888,d726820a-d2f6-190d-27b2-e87285b3764f
22500888,298,2026,3,3,22500888,002e8fdf-38da-ae99-2f32-242f1455aca1
22500888,318,2026,3,3,22500888,6ef61821-ce9f-a124-f139-b7f20eff09aa
22500888,320,2026,3,3,22500888,94a0d762-8f88-2306-93c7-944af19a6f8d
22500888,33,2026,3,3,22500888,45c423f3-7b27-7c18-12e1-1bad2b8441b7
22500888,335,2026,3,3,22500888,7b3edcf7-f869-c4de-9ee8-6eb7673ad657
22500888,343,2026,3,3,22500888,72140064-b522-7ecb-2e63-d35b1ccc1c95
22500888,345,2026,3,3,22500888,43519c4b-3285-aa4b-3062-6cf94707d60a
22500888,352,2026,3,3,22500888,4df0eb2a-7b88-559e-5226-a3e68a44dfd3
22500888,356,2026,3,3,22500888,923ed1dd-4804-96e7-21e9-7d4ae52b334c
22500888,383,2026,3,3,22500888,940a4a6e-b4a8-8282-abc4-28ebcc3cc05f
22500888,39,2026,3,3,22500888,a0edd629-9c17-dce2-3800-0ee23a1a722e
22500888,402,2026,3,3,22500888,9f8ddb62-e980-c5b0-0b63-f0114be3c584
22500888,413,2026,3,3,22500888,354c9b36-5e57-254b-cbb8-9a1fbce569f6
22500888,417,2026,3,3,22500888,062f09aa-eabb-ac39-ad2f-1f24b6a9a58f
22500888,423,2026,3,3,22500888,26febca8-73bb-9ab1-ba66-0ac52766ab05
22500888,441,2026,3,3,22500888,694a498e-0817-4ae6-c878-3a9242c176a2
22500888,45,2026,3,3,22500888,af0a56a1-11a2-fafc-82c5-bf39a0174cf7
22500888,455,2026,3,3,22500888,6ff848fb-b8b3-9bed-8471-f36a1a70f6c8
22500888,464,2026,3,3,22500888,0177dae9-4bce-dcbe-927e-e7ea556bb98a
22500888,484,2026,3,3,22500888,bd9f3e3c-5962-30d2-44df-d9d4b6936445
22500888,488,2026,3,3,22500888,8a5f6d31-adab-1b27-4dd2-d14b6420490f
22500888,490,2026,3,3,22500888,64333690-be71-4a04-4768-b3961738ae7c
22500888,500,2026,3,3,22500888,50929bee-69b8-6aad-f087-fdb11148ac12
22500888,538,2026,3,3,22500888,db6635f2-ebff-0cc7-5dc3-be2f2f60e977
22500888,545,2026,3,3,22500888,d2f434b5-f86c-42a3-63f3-2b1760bb1200
22500888,574,2026,3,3,22500888,9f220cc4-863e-2f8f-75cc-2bc1aac93d1a
22500888,582,2026,3,3,22500888,c4f384af-8336-a194-ea70-a9de1cdcde49
22500888,592,2026,3,3,22500888,9ee1c952-3a06-d0e0-f4a0-58e3a4ccc9dd
22500888,597,2026,3,3,22500888,4cc8c185-866e-603d-d5db-b481d9a0ce82
22500888,611,2026,3,3,22500888,a90b4649-f8b2-fbdf-0fef-2ca0daa78118
22500888,621,2026,3,3,22500888,f5a01bbd-ec94-2e67-648c-55d64bd1062e
22500888,623,2026,3,3,22500888,af9f3d72-1612-8d4a-f66e-e79f4b252e35
22500888,629,2026,3,3,22500888,7e964e81-1513-dd5c-1d8c-9a0328c9f15d
22500888,639,2026,3,3,22500888,fba059d8-eaa3-8813-c321-86d849ddaa6c
22500888,657,2026,3,3,22500888,2f1160cf-1037-948e-f625-2860cd683667
22500888,673,2026,3,3,22500888,5817b5de-a41d-14e7-ec51-b18a5c3e753d
22500888,676,2026,3,3,22500888,9a9f1211-e4cc-a1c0-a4b3-a22f768ffd03
22500888,680,2026,3,3,22500888,e9e80b08-1566-43c7-daab-596b20688308
22500888,76,2026,3,3,22500888,a437300a-8d6e-c7e6-408b-7ce9f5e165aa
22500888,85,2026,3,3,22500888,4abe64cd-3644-3ac2-7c71-cdd6887ceea8
22500888,113,2026,3,3,22500888,2de81f96-3299-3cf5-6c2e-6d3432e97be9
22500888,134,2026,3,3,22500888,e3560480-0eca-e024-fa36-2114e510a66e
22500888,204,2026,3,3,22500888,2e4280c5-d37d-a5fb-f992-7474b9ab3fdd
22500888,259,2026,3,3,22500888,4aa6f530-81fa-d065-9442-90c19eac92c3
22500888,286,2026,3,3,22500888,8175791d-57d6-edd2-526d-5fb4bc5d2b9f
22500888,461,2026,3,3,22500888,4c07bd28-648b-3d1b-b768-e485684563d6
22500888,466,2026,3,3,22500888,c37eb1fc-bcac-3820-65ab-d6405ebad9cf
22500888,49,2026,3,3,22500888,c344d526-bfd0-f0e4-7dd1-c36955b40db0
22500888,531,2026,3,3,22500888,b650484b-d039-a807-d781-0fbfdb760e0d
22500888,569,2026,3,3,22500888,3d5c514e-0555-ee57-e4ef-f4fd5f654c54
22500888,60,2026,3,3,22500888,39ef52fd-55d8-59d6-19a1-2699c95592d9
22500888,641,2026,3,3,22500888,d62c6ac8-a6aa-c8df-9eaf-7619d356561b
22500888,68,2026,3,3,22500888,585748cf-a080-16f1-f2eb-4f4ef29b4f9a
22500888,73,2026,3,3,22500888,f6cf1e3b-837a-4bbc-1dd6-211ae8fb2a27
22500888,9,2026,3,3,22500888,4bdb3511-34c8-1c7a-274d-583702aa9e28
22500888,100,2026,3,3,22500888,42bc834e-467b-d47e-93cf-28e4d5e5b61f
22500888,102,2026,3,3,22500888,2af2bdf2-3097-a6f4-0eee-df3944dd562c
22500888,106,2026,3,3,22500888,24e8c007-9211-e6a3-83e3-8631573f2d87
22500888,116,2026,3,3,22500888,70c1d781-a8d3-554d-a077-8b4ae5e24cbf
22500888,117,2026,3,3,22500888,2094c87d-00ea-d7e0-8aa5-7b926ccffc1e
22500888,12,2026,3,3,22500888,1f0a0103-3f7c-a1bc-2ce8-654b5f80e77e
22500888,13,2026,3,3,22500888,73079e8f-6c47-d9f7-7b90-1562347a408f
22500888,138,2026,3,3,22500888,758f7a50-aa4a-8bf4-03d4-7af07af1f73a
22500888,141,2026,3,3,22500888,be888d59-553c-20fd-bedc-60e6fb986fb2
22500888,15,2026,3,3,22500888,2f7e82f8-e399-f13f-6ec5-064f85f69677
22500888,150,2026,3,3,22500888,11e42ca5-cc9c-0c2f-783c-02417dfb1057
22500888,152,2026,3,3,22500888,50034e1a-f943-4862-50c0-078ba9304469
22500888,154,2026,3,3,22500888,7cd09c9e-31d6-b396-10bc-fb5ff76732cc
22500888,162,2026,3,3,22500888,5b72c556-9721-acc3-32b3-2dd7788709c4
22500888,166,2026,3,3,22500888,6fc4f84e-0422-b5a5-3df5-43b030054c6c
22500888,17,2026,3,3,22500888,7e4f05cf-60c6-de43-de52-892c19b79270
22500888,170,2026,3,3,22500888,771206e8-8e7e-7767-4f76-6ec6b9ce2cbf
22500888,183,2026,3,3,22500888,439bc42b-2f63-dc84-9a62-ec102ca0015a
22500888,188,2026,3,3,22500888,4b0772ef-1d38-76dc-af3f-e0712769f672
22500888,190,2026,3,3,22500888,85b20ad4-fa0a-afe1-c8e7-426bbfa80dd5
22500888,199,2026,3,3,22500888,cbd3f196-13a9-a130-1c1e-5a5d48b8b37b
22500888,20,2026,3,3,22500888,7368f36a-a07a-8278-592d-73e2cdbf6af8
22500888,209,2026,3,3,22500888,46e38512-8c19-eb1f-7fd0-ba98e846bb62
22500888,222,2026,3,3,22500888,8e0bce23-d869-0e7b-53fc-502fbd1b074c
22500888,227,2026,3,3,22500888,5c076121-ed08-45c7-859e-ddb2730ea43a
22500888,236,2026,3,3,22500888,9bb8ed3b-36d4-2591-1fbc-50936c8e2e3d
22500888,239,2026,3,3,22500888,62d50c8c-87c8-d949-2f01-522fb483d144
22500888,242,2026,3,3,22500888,48955d5c-5c69-29be-5258-738d16d126bc
22500888,244,2026,3,3,22500888,4c1d9440-a866-46ec-f8a3-f50fb8035411
22500888,254,2026,3,3,22500888,3b0f2390-eb73-0749-f1f7-0b3fc5e0f564
22500888,256,2026,3,3,22500888,b7322a6b-ce23-0a87-602b-943c1f10bc2e
22500888,262,2026,3,3,22500888,e46e8e4d-088a-2218-02d2-782b8096f66e
22500888,263,2026,3,3,22500888,a4ce832a-fadf-1af2-d36f-ed9d4d4b1429
22500888,281,2026,3,3,22500888,aa58ac0f-78fc-e6c4-d838-5d7b4e9c07dd
22500888,296,2026,3,3,22500888,b7b92615-56a2-a0e9-003b-4e89ff8e8c20
22500888,30,2026,3,3,22500888,4194e0bb-fa24-abf6-c1e9-cc7c8acac34c
22500888,303,2026,3,3,22500888,f3c7e856-03aa-6eaa-a37d-3d0a42faaa61
22500888,306,2026,3,3,22500888,b902fb5d-8555-91ef-1fcd-82d393edf1cc
22500888,327,2026,3,3,22500888,377e0e9f-bab7-c1df-daf6-615503173056
22500888,333,2026,3,3,22500888,5ec56e22-bc67-798c-a6ee-3544fb10b72f
22500888,337,2026,3,3,22500888,5898d86c-4489-8c94-3968-a7a492f5f7d9
22500888,340,2026,3,3,22500888,e6a6676f-7a08-51f3-bb7c-612e7ae4bb1c
22500888,342,2026,3,3,22500888,1e736316-3d60-2197-9b7c-3a96d2f29a1c
22500888,348,2026,3,3,22500888,6f700a30-80fd-e2ac-056d-8f41e0e75f7b
22500888,35,2026,3,3,22500888,9e7a1f7a-3c56-46ea-197f-20d5fb7a749e
22500888,350,2026,3,3,22500888,c6a4eecd-8d5b-ab7b-b490-3ce002ab992c
22500888,351,2026,3,3,22500888,20832ea6-c6d8-6f9d-c3f1-70309004c91d
22500888,354,2026,3,3,22500888,ff4255fe-5d87-c4a6-2a0b-0a9fc18890b4
22500888,376,2026,3,3,22500888,0a9ccb5d-0843-b60a-6b51-c9ae4d664ade
22500888,378,2026,3,3,22500888,6c20c3c2-d81d-32a0-5a2b-21139f68440a
22500888,385,2026,3,3,22500888,c395d1ca-1258-c4bd-2af3-76cf8a78ca41
22500888,387,2026,3,3,22500888,3c19d94d-b79e-7cc7-0113-681671e66677
22500888,389,2026,3,3,22500888,f9c16e88-8939-1653-0dc8-91f507d438d4
22500888,391,2026,3,3,22500888,19523257-1978-2986-4734-d1315be5f0e8
22500888,393,2026,3,3,22500888,d93ba108-0c00-c667-1aa5-1d51654ac2a6
22500888,397,2026,3,3,22500888,7e51633e-e074-7d7c-cf5e-381cdb9edaf6
22500888,399,2026,3,3,22500888,d7a4aa8b-fd6a-703a-39d0-066f8eb16542
22500888,401,2026,3,3,22500888,aefb00d3-0e84-5e04-130f-f3ead296d141
22500888,404,2026,3,3,22500888,1cb1119b-860c-303e-efea-ae863ccd0102
22500888,411,2026,3,3,22500888,d4b9dd4e-8b24-9b79-e509-cd916e437667
22500888,415,2026,3,3,22500888,a09ce9d9-4c22-b095-14df-9d27399396ac
22500888,421,2026,3,3,22500888,f7c4722e-74c7-2b5d-88df-7110fc18e3a7
22500888,440,2026,3,3,22500888,b9092773-49e1-7532-75ad-4999a7e691b4
22500888,443,2026,3,3,22500888,e99f4825-e3cd-d717-286b-0f73c52b64ae
22500888,445,2026,3,3,22500888,0f678210-2a1a-0116-919d-2b2990c6a493
22500888,451,2026,3,3,22500888,16337178-5ecc-0ac2-4144-b9cf55ddfa95
22500888,457,2026,3,3,22500888,4e4fff96-7cff-3e8b-e68e-045bea55e6f6
22500888,47,2026,3,3,22500888,6b78d699-7a2c-7ea9-0530-8994505d7aa9
22500888,481,2026,3,3,22500888,aaae39a3-4b70-f977-9c66-07e391f33763
22500888,482,2026,3,3,22500888,cfb640e5-3653-f817-96c9-b3a342174612
22500888,486,2026,3,3,22500888,85049c56-3a03-8e20-f4bc-63b8425577d6
22500888,492,2026,3,3,22500888,c904d6fd-e71f-7cb6-b7b1-ac08f2c69f25
22500888,494,2026,3,3,22500888,50409e14-520f-aad9-a138-f40b78274280
22500888,496,2026,3,3,22500888,15f93145-237a-4d2f-d966-e5b754ab0ce1
22500888,498,2026,3,3,22500888,9dbafddd-19b1-1704-650b-36874d0cf18b
22500888,502,2026,3,3,22500888,76791463-9c8a-1514-c8b6-bea60682c7ac
22500888,507,2026,3,3,22500888,99657f92-b58a-0521-83b0-ab8a39e5c6c9
22500888,51,2026,3,3,22500888,3c5537b4-e348-8c18-a824-2368657197aa
22500888,522,2026,3,3,22500888,a203ecd7-1207-3b92-324f-0dd96d253e75
22500888,529,2026,3,3,22500888,32d89ae4-f2f9-a71d-ed7e-18c01faced69
22500888,54,2026,3,3,22500888,26d2d1d3-05f9-bfb4-a145-3358de391133
22500888,540,2026,3,3,22500888,c02c7b54-198e-55f6-f57f-ce87aa0dadf6
22500888,542,2026,3,3,22500888,6505545f-a6e2-43a0-fc6b-4db8fdfba416
22500888,544,2026,3,3,22500888,a346bf57-c2f8-fc92-1771-d62b4e27c75d
22500888,561,2026,3,3,22500888,c0f7b173-e4f7-9a01-40c5-26b07fa4cacd
22500888,563,2026,3,3,22500888,fe85c02d-72cb-e44a-eb81-c2641013239d
22500888,572,2026,3,3,22500888,5d750a65-7c92-ffbb-fc19-2f2a1cd98ba6
22500888,576,2026,3,3,22500888,51b5ce08-ba75-9c4a-fbeb-5e8c2636482b
22500888,578,2026,3,3,22500888,45fbb6ac-5ec3-4a12-fb59-f524324d9349
22500888,580,2026,3,3,22500888,cca358cb-0fc9-c0ab-65ba-d465c2dd85fd
22500888,584,2026,3,3,22500888,396ff4c8-a17a-62c9-4025-556cdc680ecb
22500888,599,2026,3,3,22500888,d955934b-f325-d8d8-8e04-5282672fbe77
22500888,601,2026,3,3,22500888,562f6d1f-afcd-6008-df24-1c9033085345
22500888,603,2026,3,3,22500888,e267994a-31b3-cc7c-ed7e-4ffc2fea7514
22500888,606,2026,3,3,22500888,c838bba8-b443-a63b-2bc5-f3f14eee450e
22500888,613,2026,3,3,22500888,c33ac07a-c06c-359d-780b-e4add1336305
22500888,615,2026,3,3,22500888,15a84d0c-319e-3f60-8b82-11c374e2c3a2
22500888,627,2026,3,3,22500888,192136a3-7bb5-ecba-4b31-85f8ce0c43ec
22500888,63,2026,3,3,22500888,ae3308c7-22ca-e7cf-518d-2b492f56fee0
22500888,645,2026,3,3,22500888,11085fed-00b8-7c74-ceff-efc2a895c31b
22500888,648,2026,3,3,22500888,730e637c-ffee-cdf1-8c77-82547046dd8b
22500888,654,2026,3,3,22500888,7b3ec4b6-296c-1cec-4c59-641024712464
22500888,662,2026,3,3,22500888,20c95c9d-0008-0f12-56e4-e2616db08485
22500888,664,2026,3,3,22500888,17ef4c12-aac0-2b99-69bc-4109e29c6e35
22500888,666,2026,3,3,22500888,72257adf-a25f-e315-92c4-7f8ea51bdb60
22500888,668,2026,3,3,22500888,4f2dcd43-e39d-f7a1-397d-f2ee9838491c
22500888,678,2026,3,3,22500888,52ae1d59-cb93-aacf-0f45-12ae7727015b
22500888,7,2026,3,3,22500888,00db4412-3166-6c0a-c847-974e2954b3d2
22500888,71,2026,3,3,22500888,9106e85c-50d6-c8a1-8005-2cb7c5790319
22500888,87,2026,3,3,22500888,70e41c9c-0e3b-ba48-1ada-e7526f719eba
22500888,89,2026,3,3,22500888,e6118947-d199-20a0-9042-5fdbb06eb2cb
22500888,98,2026,3,3,22500888,5549ffc0-4e1f-d7ea-2d59-bc4f05136c76
22500888,101,2026,3,3,22500888,05830f0e-34c7-3d41-b3a4-8fe984292fd0
22500888,11,2026,3,3,22500888,95c4756d-0fa6-ae95-35a3-d33733bed7cd
22500888,115,2026,3,3,22500888,974dcb06-705a-0591-1c95-6d35dda18733
22500888,118,2026,3,3,22500888,0863d0c9-e5eb-a114-9926-21b4b4e326af
22500888,136,2026,3,3,22500888,621f1546-58f0-8996-ffb8-9e303ff6241a
22500888,14,2026,3,3,22500888,75275a4c-867e-08dc-d408-53973f59c3c1
22500888,142,2026,3,3,22500888,0b881f16-ab79-79ce-9020-8136395cc6a9
22500888,151,2026,3,3,22500888,b6a46723-abb0-0095-2792-314c95e8a0d7
22500888,153,2026,3,3,22500888,1e545b05-dc04-a3d9-01dc-ff7fe9e28410
22500888,155,2026,3,3,22500888,193c972b-62b7-d820-3778-6f2f9ebefc07
22500888,16,2026,3,3,22500888,c52e8e73-3e51-c895-e4ab-9bc323e595b6
22500888,163,2026,3,3,22500888,2d23bf4f-9dfc-39fa-ee43-413276a167ac
22500888,167,2026,3,3,22500888,e9c31c10-a6bf-30e8-69d7-52499b64ff75
22500888,18,2026,3,3,22500888,1cc69224-d4d6-d723-ea35-e11925a09e3a
22500888,184,2026,3,3,22500888,86921c5a-bd95-a249-8c3f-c1b60d6c197f
22500888,189,2026,3,3,22500888,b177ed0e-a795-8308-54dd-a19c1e5d61e3
22500888,200,2026,3,3,22500888,7fb031d8-3edc-d8fd-b9ce-1ac410fa41af
22500888,206,2026,3,3,22500888,57e57f52-9f55-4804-6d93-3f8714e60806
22500888,21,2026,3,3,22500888,29da6aa6-d410-ab6d-4de4-6ccb2ed3c2ba
22500888,223,2026,3,3,22500888,307bd64c-4016-9193-64b0-ca15f6e7da6f
22500888,228,2026,3,3,22500888,5e56aee7-7299-d584-068e-896a3d021b44
22500888,237,2026,3,3,22500888,7976918f-8cef-2f6b-b0ca-2a93a4c6a9eb
22500888,243,2026,3,3,22500888,a724a6a9-c407-37fb-4468-372a2cac95bc
22500888,255,2026,3,3,22500888,ca204ced-4006-2155-f7f8-304f32a3eb73
22500888,261,2026,3,3,22500888,7d9fe039-404b-b9cc-c348-4b0d91d4531d
22500888,264,2026,3,3,22500888,464ca733-b1f9-40a9-757e-53158c443523
22500888,276,2026,3,3,22500888,6b6ad4b2-d5cd-92e0-6647-19c2a7cb81ef
22500888,297,2026,3,3,22500888,afe30e36-b026-0c11-ce38-ff76072e9cc4
22500888,32,2026,3,3,22500888,a0552e31-c6ea-b14f-cc2e-e130d2271d8b
22500888,328,2026,3,3,22500888,8b12c031-22cf-7ff6-fd67-be00335a0420
22500888,334,2026,3,3,22500888,bdf8f87e-467f-07fb-9158-518d972564a4
22500888,341,2026,3,3,22500888,1483f82a-f432-4bd4-666f-fff0e0989387
22500888,349,2026,3,3,22500888,3d283d79-217d-2eaa-73b6-6f436ee75fb1
22500888,355,2026,3,3,22500888,ba1ae16a-0e0a-932e-d5e7-4cbea49ec0cf
22500888,36,2026,3,3,22500888,32b12c24-36bf-3965-1fcc-703f62a83b38
22500888,377,2026,3,3,22500888,ca4c249e-f373-25e1-4ae3-8df9dfbf3451
22500888,386,2026,3,3,22500888,f044607b-040b-7637-6a9f-08832c061445
22500888,388,2026,3,3,22500888,4350f00b-13fd-8dca-3fd9-7ebc2e13d9c8
22500888,394,2026,3,3,22500888,3dea6d58-6771-5b8c-ab90-a70dbcb83d59
22500888,398,2026,3,3,22500888,b9d87aa9-45c3-ffbc-5240-df81bf38f61e
22500888,400,2026,3,3,22500888,7d2cfd6c-a394-7c10-da36-aa1ef81247c3
22500888,405,2026,3,3,22500888,3e69eecc-56f5-4492-6f22-8b199bf6325f
22500888,410,2026,3,3,22500888,41b15148-fedd-2c75-40c4-842516ef1527
22500888,412,2026,3,3,22500888,dd851318-0f37-f010-ecd0-4297d62aba10
22500888,416,2026,3,3,22500888,0651660a-fd36-c1d2-26fd-54eb541c99e6
22500888,422,2026,3,3,22500888,70b87895-edb8-36b9-c502-d348e9279e74
22500888,444,2026,3,3,22500888,a99390a6-8645-0ada-5d99-b084add983e7
22500888,446,2026,3,3,22500888,ef58e558-1651-2d61-273a-8b2e80eae0a0
22500888,452,2026,3,3,22500888,eb3c8ab9-3338-f8ed-0c4a-9af609e7b9c8
22500888,458,2026,3,3,22500888,2f4ba440-1aa2-13f9-2a14-93eac14620f8
22500888,463,2026,3,3,22500888,c7597d1b-c783-632c-b5f7-6f89f0d29475
22500888,468,2026,3,3,22500888,eecdbe71-74d4-15a2-922b-82daadb880f7
22500888,48,2026,3,3,22500888,5efea18b-fddd-ebc8-3746-d4a1aabc103d
22500888,483,2026,3,3,22500888,5856ba25-7218-7bdb-ae60-eb702f6ae662
22500888,487,2026,3,3,22500888,1244c84a-ccaf-ce53-b694-d9ca35ee08f4
22500888,493,2026,3,3,22500888,e988b535-4add-39c4-30c3-707a1584daf6
22500888,495,2026,3,3,22500888,9f3d1ff4-f801-5f95-3305-c7731c4ed6fe
22500888,497,2026,3,3,22500888,e80accb4-b975-caca-e216-eaa5e83a4c80
22500888,499,2026,3,3,22500888,a243ed66-be22-6070-3d8a-30a607b0e908
22500888,50,2026,3,3,22500888,6473d304-0202-446f-f357-f8cb24cc758e
22500888,503,2026,3,3,22500888,d85cc768-b2cc-4566-9c02-983ce64e7b02
22500888,530,2026,3,3,22500888,ba041587-3aed-6a75-9e14-47b242aa7390
22500888,533,2026,3,3,22500888,a4717dd1-8420-172f-0b5f-ed98bde63db6
22500888,541,2026,3,3,22500888,5163497a-5f73-2e80-869a-228612058bcf
22500888,543,2026,3,3,22500888,88ffa74e-41fe-3add-6500-2c9ddc9aba70
22500888,562,2026,3,3,22500888,d84105a9-bbf3-2bce-fd93-d5ea022c1a30
22500888,564,2026,3,3,22500888,32a695cc-5552-28a8-8f34-b3b2cdeb54d4
22500888,571,2026,3,3,22500888,2cb27ef3-cb1c-aba8-e249-484b16c7a1e8
22500888,573,2026,3,3,22500888,afca3e69-020e-3f54-de13-8ccb4ce89cdd
22500888,577,2026,3,3,22500888,0d2df69e-e803-683b-0dda-5592b98342d8
22500888,579,2026,3,3,22500888,b97fdc52-7c39-0b63-5d70-ef688fc1611a
22500888,581,2026,3,3,22500888,019a02a4-6396-cdff-765b-34bd65918bbb
22500888,600,2026,3,3,22500888,14fe2292-469f-b9be-2dde-e63906eeb381
22500888,602,2026,3,3,22500888,ed74a027-2a2d-81ef-ea88-f08f40ad5052
22500888,605,2026,3,3,22500888,bd6fb84f-8f44-91b5-47f8-c6247f64d3ad
22500888,607,2026,3,3,22500888,be9ca0da-2b4b-77a8-3d81-3ca94ea57767
22500888,614,2026,3,3,22500888,968c26f4-c037-8e42-2756-c2607858d442
22500888,628,2026,3,3,22500888,bc3fa417-2cde-137f-14f3-3ae590e013a9
22500888,638,2026,3,3,22500888,6f7d2a1c-90b6-5880-a8b2-196128ab636f
22500888,64,2026,3,3,22500888,bc620231-4cd6-a8c4-3f25-f97a02b138ae
22500888,646,2026,3,3,22500888,ff57f204-edee-c7a0-6481-849fd61915ff
22500888,649,2026,3,3,22500888,487ac17a-64cd-75fd-11fc-94a86b54e23a
22500888,655,2026,3,3,22500888,9785c8c7-0c26-9857-a933-2165f63b472e
22500888,663,2026,3,3,22500888,2e73a7f1-d1ad-a8d2-5603-e26db54dfaed
22500888,665,2026,3,3,22500888,92aa48a0-8755-c671-435e-426ebe289a68
22500888,667,2026,3,3,22500888,47531b19-9f77-d24c-3232-b479d111fe41
22500888,679,2026,3,3,22500888,fbea4557-01ab-588d-3398-41288626b98c
22500888,70,2026,3,3,22500888,af2958ab-d5a7-4505-07bb-cce358f880c4
22500888,72,2026,3,3,22500888,7fc3a214-4301-c33c-468d-2f7d1f0a686b
22500888,75,2026,3,3,22500888,4147eb20-09b2-efad-739b-676937f4f5c2
22500888,8,2026,3,3,22500888,cf87706f-f37f-bcd7-2d74-b71e1fdd74fd
22500888,88,2026,3,3,22500888,41994dca-60ac-f51d-19bf-6270ae248fae
22500888,90,2026,3,3,22500888,34e1c233-cef1-7814-6a49-4e3587e38b00
22500888,97,2026,3,3,22500888,0cf8057c-42c8-f8dd-4ea1-2d46bbafe364
22500888,99,2026,3,3,22500888,54491f99-740c-8954-6480-b5d708d792d7
22500888,156,2026,3,3,22500888,5d8feac7-39bb-7c4a-fee6-8d66ea5ae664
22500888,201,2026,3,3,22500888,f5301ded-536f-52eb-73f9-5479a5bac077
22500888,220,2026,3,3,22500888,4c494037-4f7f-5564-61de-9e09fae3f3e6
22500888,279,2026,3,3,22500888,10abbb62-bdc6-8a4d-d1ea-d19fbbe261a7
22500888,284,2026,3,3,22500888,b75f9dbb-9b86-9a58-5951-d643c8ab3d24
22500888,316,2026,3,3,22500888,b32df3dd-177b-898f-3ef4-fa2a6b5bdf59
22500888,338,2026,3,3,22500888,a673af1d-577c-4392-4947-c8e08bec30b2
22500888,365,2026,3,3,22500888,21f6317b-2a24-b892-cd24-17b6f6c277ff
22500888,381,2026,3,3,22500888,bc95caf9-918b-4abe-b28d-5206eb86766f
22500888,395,2026,3,3,22500888,cbd39551-5929-cd05-dbd0-a7e4bb7b7d07
22500888,438,2026,3,3,22500888,637d6912-d2b2-4599-90a2-9ed961e3980d
22500888,453,2026,3,3,22500888,44f70f4c-8799-c157-320d-065ee7581826
22500888,459,2026,3,3,22500888,5013394f-1c7d-2300-deb3-6257329d2ba1
22500888,505,2026,3,3,22500888,fae4473f-e376-56b7-47b2-208a0e4bb2e5
22500888,566,2026,3,3,22500888,cc8ea510-7b9c-0c32-0b48-1c4930e987b6
22500888,594,2026,3,3,22500888,211a2c8a-90ef-9c0b-2b9d-0f44df3840b9
22500888,619,2026,3,3,22500888,356c2e76-60d7-bf7f-807b-31a7882d23f1
22500888,66,2026,3,3,22500888,ffb5cb51-0360-4651-d22b-5116ce924307
22500888,137,2026,3,3,22500888,f2f6207d-daf4-9b3e-b79d-c81e0dcd93a4
22500888,213,2026,3,3,22500888,1ef3c2e2-fc73-93cc-74c8-4a56312f0419
22500888,231,2026,3,3,22500888,98a58970-7629-b8ba-0376-265be3826b47
22500888,238,2026,3,3,22500888,18689f82-f57e-9e82-d7e3-301a14347125
22500888,324,2026,3,3,22500888,20565781-0132-ee35-1a71-fd0b904a3d82
22500888,565,2026,3,3,22500888,a9b785e9-6150-452e-6f22-2ce5f4e1a7d3
22500888,568,2026,3,3,22500888,dc3da9d0-a53d-2fff-f146-7f42fc0bf40a
22500888,626,2026,3,3,22500888,8413566c-17dc-7403-2d53-ebbea6f7d5ca
22500888,65,2026,3,3,22500888,7f47e475-ee5b-7398-4a7c-df5325114260
22500888,675,2026,3,3,22500888,62f62a0c-2d60-018d-d1aa-7047b36c8378
22500889,101,2026,3,3,22500889,bde19a62-8dd0-a7db-e68b-728b5aaf1b31
22500889,103,2026,3,3,22500889,88e9f86c-6810-42e2-5254-805f9c691135
22500889,113,2026,3,3,22500889,29227cfc-b14d-8ca1-30e8-e7cf14fb7f3a
22500889,124,2026,3,3,22500889,36e04ccc-4bd5-be6c-8d3e-f7490559eada
22500889,127,2026,3,3,22500889,bef7ae12-4d5d-b729-4280-832d2317d20a
22500889,139,2026,3,3,22500889,f2432080-bb9f-7eae-2961-03aeb5cfba14
22500889,153,2026,3,3,22500889,f8003bb8-564b-f488-1058-3357dcb22b5e
22500889,163,2026,3,3,22500889,7e890149-5cdd-92b1-7951-5afb14a80766
22500889,190,2026,3,3,22500889,646dd84e-13ea-8e3d-2682-db6d0860b8fe
22500889,201,2026,3,3,22500889,117324a3-9697-320c-6bb5-1d0b0d60fda9
22500889,203,2026,3,3,22500889,b531621f-28fb-735d-ef91-bcb7c5e1f407
22500889,21,2026,3,3,22500889,231deac6-7a6a-b3a8-b04c-c11864acaf2b
22500889,226,2026,3,3,22500889,49cf58e3-c4e3-5f57-4074-5de18d67bd5f
22500889,247,2026,3,3,22500889,ad0c4a91-c307-7b7a-fa3f-b4947219eb8d
22500889,255,2026,3,3,22500889,a4a5739c-b315-8964-08b5-13409c457b07
22500889,262,2026,3,3,22500889,ce8d1fde-c938-ed68-e856-e5e8112c058c
22500889,266,2026,3,3,22500889,e2dd97e3-6ca0-6d00-2a8b-7eb14d79599b
22500889,270,2026,3,3,22500889,8533a257-3daf-fd3b-0ce3-b602782386ca
22500889,272,2026,3,3,22500889,e5fa2d60-e7ef-eb55-7cf7-dc7cde750e9b
22500889,274,2026,3,3,22500889,ab789956-e99d-a260-da4e-6668a53b2e93
22500889,276,2026,3,3,22500889,da3321bf-7780-3a9d-f38f-cfc4c08db2b2
22500889,278,2026,3,3,22500889,e83d6250-9a1d-9760-24ea-59a3cbb50f17
22500889,308,2026,3,3,22500889,9292e386-6540-0c45-c0b3-9e0a2002889c
22500889,310,2026,3,3,22500889,875a8f14-6af9-cb9e-3444-1097688f3b0b
22500889,314,2026,3,3,22500889,fb4596e0-94f4-5b34-2e97-7bc154197ec9
22500889,316,2026,3,3,22500889,36b6f198-2d9d-1e76-3ebb-95f9a403e824
22500889,359,2026,3,3,22500889,f3087928-5666-2144-7e8e-38f633a7d3f9
22500889,380,2026,3,3,22500889,3296299a-4df6-64bc-cbd5-07b7c13ecb69
22500889,393,2026,3,3,22500889,9f43eb31-d800-f717-c40e-5e425bd44b17
22500889,395,2026,3,3,22500889,6fac74b7-4573-1a5d-1968-c91ff2b3c9fb
22500889,434,2026,3,3,22500889,16f0817f-ced4-9008-be43-a72c0b78629f
22500889,436,2026,3,3,22500889,9e28d723-2c06-ada8-c523-42ed726082ce
22500889,443,2026,3,3,22500889,fac991c1-0e62-3561-9e45-71885d444e49
22500889,477,2026,3,3,22500889,43f1c0b7-3c7c-1cff-45d7-a32fff54651a
22500889,495,2026,3,3,22500889,6d5c2499-81ed-35b3-19ad-cea2e4d88c20
22500889,509,2026,3,3,22500889,d56172a8-4df9-916d-7465-6a8dec41242b
22500889,564,2026,3,3,22500889,58a86700-276b-196f-2500-0f35a21e1753
22500889,588,2026,3,3,22500889,22b444b2-c2b9-2435-9f8f-986addfd2c2b
22500889,595,2026,3,3,22500889,331404d2-b75d-c5e7-49e7-782884914489
22500889,619,2026,3,3,22500889,fcb3d328-43a7-7706-d575-9b0eb93475c9
22500889,625,2026,3,3,22500889,1447dff5-d698-5f32-1c1f-014ed0a24a42
22500889,632,2026,3,3,22500889,53ab8418-9239-612e-8bdc-06daac42fc9b
22500889,634,2026,3,3,22500889,c089da6d-6f10-7278-8b2f-f1d9f87a977b
22500889,636,2026,3,3,22500889,ee4c8a1a-cf43-8e0a-6c2e-08e028f0735d
22500889,654,2026,3,3,22500889,cac3e1b3-4a39-f4d1-5c78-9a4cfaa13ab6
22500889,674,2026,3,3,22500889,4ace13df-08d2-3bc2-e287-1f5860c5008a
22500889,684,2026,3,3,22500889,f94ccf3a-0c42-0d6d-6ee2-7df1a93818e8
22500889,689,2026,3,3,22500889,513c587c-149a-f1ed-81c5-069592af562b
22500889,703,2026,3,3,22500889,740ad5c8-38d0-4dd5-8816-ba29743dc480
22500889,80,2026,3,3,22500889,95a1d1d5-4024-5731-759b-a6720da2a8da
22500889,397,2026,3,3,22500889,f057944c-1855-2e37-2ac8-29c1643dae4d
22500889,406,2026,3,3,22500889,e0539b11-3181-edbd-76b7-b3850c35f725
22500889,423,2026,3,3,22500889,439670c0-b13f-bd70-3130-088f9d44f048
22500889,445,2026,3,3,22500889,eda60c0e-0a44-5e1e-d296-d8d2c48ac8d4
22500889,50,2026,3,3,22500889,74ea99d0-8e3d-0fc0-48c9-2bda76e81d5c
22500889,93,2026,3,3,22500889,2ec0a166-ee85-e3d0-afdb-61d18ae7d20b
22500889,105,2026,3,3,22500889,b77bb481-5e11-84ca-159f-1e03d9a9c17c
22500889,109,2026,3,3,22500889,7441213a-9cf6-9c5f-a268-6b2946dec30d
22500889,111,2026,3,3,22500889,a8f79954-69fe-a7c6-5537-09935f46444f
22500889,13,2026,3,3,22500889,e5016673-150b-b70b-bc4f-ac07050747d1
22500889,130,2026,3,3,22500889,830a1984-34af-b3ec-3651-f05607839cbc
22500889,131,2026,3,3,22500889,d9364f89-cca4-8a15-f8b2-d24b77097815
22500889,133,2026,3,3,22500889,93ce7d91-fe9a-5a6b-753e-81e44a6df0d2
22500889,135,2026,3,3,22500889,e6e13fbc-711a-1002-f6a5-1cdf105b85e0
22500889,137,2026,3,3,22500889,40abd2fe-a84e-dd19-e760-55c5b683ea73
22500889,149,2026,3,3,22500889,1ab27e14-4e1c-9904-c8ef-7683a293346d
22500889,151,2026,3,3,22500889,91c6ecf1-2580-d375-93a4-649022e35267
22500889,155,2026,3,3,22500889,6dde932e-b88a-f6a1-b4ab-5c0aa4484a74
22500889,162,2026,3,3,22500889,4e2fe88c-6463-a913-1133-48a7a051a118
22500889,165,2026,3,3,22500889,e1f0a8e8-61b9-9796-94f6-de8f00590f06
22500889,17,2026,3,3,22500889,a3bb631d-fa5d-3985-48e9-b0686063b94f
22500889,176,2026,3,3,22500889,e309dbc3-6d84-fdbe-f527-ad99b7c49b16
22500889,180,2026,3,3,22500889,a9f2c4cb-1faf-8059-7ad1-7bb90edba318
22500889,19,2026,3,3,22500889,45a3defd-d057-047c-94a8-935be9d333fd
22500889,196,2026,3,3,22500889,00497da2-b09f-d738-5f6c-b0bef932fb0e
22500889,197,2026,3,3,22500889,b927557f-7824-ead6-a7b3-febda18891b7
22500889,199,2026,3,3,22500889,dd161afc-3c00-e4c8-a06e-11b4268b7ae3
22500889,209,2026,3,3,22500889,541bcdec-f96d-3e9a-1640-37fe98acf5de
22500889,212,2026,3,3,22500889,27615216-d64c-63b6-9154-ea2d0c11f1d3
22500889,217,2026,3,3,22500889,0174b120-11d0-ca01-b045-c8ad3060495a
22500889,228,2026,3,3,22500889,ebe77e4a-170d-4aa9-691b-90735328eaeb
22500889,232,2026,3,3,22500889,05361c72-6423-70c0-7bdd-1321e852189f
22500889,234,2026,3,3,22500889,33b3989c-edd1-e672-4162-1d60871095cd
22500889,236,2026,3,3,22500889,c61781c2-f364-43a7-9a83-7aa5c7d6830a
22500889,238,2026,3,3,22500889,445ae4fd-a47d-5df4-9115-adad750f103e
22500889,240,2026,3,3,22500889,cafd30b3-f3d1-bbeb-e1bf-99a0baf472a1
22500889,246,2026,3,3,22500889,0c59ed5d-2d66-41c4-b303-ca0a84fd6c13
22500889,257,2026,3,3,22500889,d14f6a01-976f-8203-4585-79c61521fd24
22500889,258,2026,3,3,22500889,b01a956f-9ae7-536f-3223-53499b821575
22500889,260,2026,3,3,22500889,7480580b-f859-3d6f-2198-d00d844c6e6f
22500889,264,2026,3,3,22500889,410401b7-5fe4-94f7-811d-2a0baeb12b41
22500889,268,2026,3,3,22500889,c04dd75f-d233-209b-5225-c0e8775c1c99
22500889,282,2026,3,3,22500889,96a8ba46-1ff3-c9a4-5016-e0412f823e89
22500889,284,2026,3,3,22500889,81bbd593-ce12-e6f0-ffe4-2c02aca5a518
22500889,286,2026,3,3,22500889,44ea97a6-7d4f-bdc2-77d7-cb1315bc9cca
22500889,29,2026,3,3,22500889,41fd673c-fded-4fd7-6887-97b478c3cf3e
22500889,304,2026,3,3,22500889,4b27154c-887a-dd91-868e-98e8dcc6c232
22500889,306,2026,3,3,22500889,098f0bcf-2d53-041d-c22c-4174110e924d
22500889,31,2026,3,3,22500889,dffd8a22-a8a0-cf65-f996-60d83bf149e4
22500889,326,2026,3,3,22500889,5e76aedc-dff7-2b16-9bc3-1fbdcb17b6fa
22500889,33,2026,3,3,22500889,85b625dd-652c-2986-f284-0553f5d785f6
22500889,346,2026,3,3,22500889,20ebac54-4304-ee21-1131-aaf2d1376945
22500889,35,2026,3,3,22500889,81fe257c-5381-29bb-fa04-7bf9bff48f78
22500889,356,2026,3,3,22500889,e65cb012-4397-5b3a-9c9b-6cab2029e56b
22500889,357,2026,3,3,22500889,e317bf62-f93b-e22d-6de9-d1ec842f64e7
22500889,361,2026,3,3,22500889,fe040985-4181-07c5-b194-88590dfde9ea
22500889,369,2026,3,3,22500889,d04f56f4-33b9-660f-a8c3-9078bea8e74a
22500889,370,2026,3,3,22500889,270e8991-c246-1a14-cf50-8d657c7a6f6c
22500889,382,2026,3,3,22500889,9fbebad6-f29d-5775-60f3-ef29eb952fc9
22500889,385,2026,3,3,22500889,914122a7-1e5e-52a6-14cd-7df5d104d730
22500889,387,2026,3,3,22500889,b2b53015-a0d4-c2e8-fcd0-6e16b50a62aa
22500889,389,2026,3,3,22500889,985da046-bd57-6256-aebf-2ff8746f4c06
22500889,39,2026,3,3,22500889,23cff8b3-21d2-084f-f746-aa9d35573285
22500889,392,2026,3,3,22500889,b7351d33-617e-32b2-533e-882afba60c5c
22500889,41,2026,3,3,22500889,f56d9981-170c-7f49-8668-a0a92013edde
22500889,415,2026,3,3,22500889,3b73c046-8ce6-5e71-8e79-f114f70e5697
22500889,417,2026,3,3,22500889,2c0c1623-5d1f-b7ff-9ab6-61a8e5e71093
22500889,419,2026,3,3,22500889,f65df566-b0c2-894b-1e83-b5d3bdc112ba
22500889,438,2026,3,3,22500889,37722afb-0275-652f-2130-06c5583b8f3e
22500889,442,2026,3,3,22500889,32afb37b-9d95-de28-8825-705d91ed6276
22500889,447,2026,3,3,22500889,f0b6c1d1-b8b5-37f5-3621-ceba4c7da469
22500889,455,2026,3,3,22500889,69ebf80f-bb5e-9674-fe52-eb64e71f3c39
22500889,457,2026,3,3,22500889,77a9809c-dbe7-afd2-cb6b-3862dc3324c0
22500889,459,2026,3,3,22500889,acd170a0-e523-5826-417d-9c28296b3e7f
22500889,46,2026,3,3,22500889,eacb7a4e-d7d9-4dd1-f13d-e76f2785b578
22500889,461,2026,3,3,22500889,199fef80-394d-4dfc-7843-e5591a8cf35a
22500889,463,2026,3,3,22500889,708fedb3-2970-3f2d-311d-487732862c0e
22500889,471,2026,3,3,22500889,4dd4f8ec-a0fb-ddc4-1a5f-1649e3396724
22500889,475,2026,3,3,22500889,41e58c05-fa2e-0948-2527-10ad65b26497
22500889,48,2026,3,3,22500889,e7d5409e-439c-753b-f23a-83492f2df368
22500889,487,2026,3,3,22500889,e76669be-4f97-1a41-c46a-e38049e919cb
22500889,488,2026,3,3,22500889,fe252ce3-f077-b238-23a2-1e908c498a5a
22500889,493,2026,3,3,22500889,5b515651-2c1c-e121-f44a-b943cc0c1568
22500889,497,2026,3,3,22500889,2e9aec53-1f91-dca8-24b3-3664fc6e45b2
22500889,504,2026,3,3,22500889,6e7a49af-6b99-2e0a-ef06-b743c647e09a
22500889,506,2026,3,3,22500889,dcb3c2a8-2eb9-36e5-45ff-4d8a65e3f791
22500889,511,2026,3,3,22500889,e588877d-e4e0-581c-d68e-7c89c9c983db
22500889,513,2026,3,3,22500889,4799df48-2644-8b3a-d3e8-168f0d4ede18
22500889,515,2026,3,3,22500889,0ec170bc-2556-981c-9738-01a078ee6c10
22500889,525,2026,3,3,22500889,5a372dbf-2be9-6dc6-74c2-c03ffc31d82e
22500889,527,2026,3,3,22500889,eeb5b71b-2d11-c3b3-32ef-e3d15f3356dc
22500889,53,2026,3,3,22500889,0d223095-15f8-6134-e38c-cfcfd9ad5ca9
22500889,538,2026,3,3,22500889,2d304699-5ecd-4cb0-3409-e03ac0fcb607
22500889,547,2026,3,3,22500889,f87425be-76d5-7a14-57e0-71783d1a4877
22500889,549,2026,3,3,22500889,9ddc0d11-4419-4b92-7711-a2723ee1fc54
22500889,55,2026,3,3,22500889,cc583ced-76d5-558d-87e5-5235f8b7acbd
22500889,555,2026,3,3,22500889,f0728ad0-5d34-e9d4-a3e3-2997f5950170
22500889,557,2026,3,3,22500889,f449d76c-b0ec-f897-40cf-02063727fd8a
22500889,561,2026,3,3,22500889,ed0afb75-624e-cce7-c3a9-4f3bffd6552a
22500889,562,2026,3,3,22500889,bd03520e-4110-0833-72a6-df5a10f644d9
22500889,566,2026,3,3,22500889,37b89fb2-2b4a-28f3-3f61-6aca07f319fb
22500889,571,2026,3,3,22500889,e8581450-9609-e3d5-0d4c-90ecca784071
22500889,572,2026,3,3,22500889,6bea39f1-a0ca-a165-9b2b-3a9a7a06932d
22500889,58,2026,3,3,22500889,96b854a0-5fd5-3ff9-f778-e2486521e0b5
22500889,580,2026,3,3,22500889,801b8b0f-c98c-7c7e-7fbf-17fa6f989b4c
22500889,586,2026,3,3,22500889,34d3b323-1aae-e9ff-9d34-2505ac01889c
22500889,590,2026,3,3,22500889,f0e7fe7b-f378-06e3-728a-0386eb994de4
22500889,594,2026,3,3,22500889,fb22793e-6d0f-cf98-578b-be44d95d6b97
22500889,60,2026,3,3,22500889,7c598faf-ddbb-6094-1fb9-fdf255cd95b6
22500889,608,2026,3,3,22500889,004fd133-8ee7-9ba8-7e9b-1d958c27e9b1
22500889,610,2026,3,3,22500889,fe1ae5f7-ca30-cb40-5942-0b929a5af865
22500889,612,2026,3,3,22500889,ad0433c7-80c8-0d2c-dcb4-45653f0124de
22500889,616,2026,3,3,22500889,77c2b7e0-7cd0-27d1-9e1c-2c0683bbd369
22500889,623,2026,3,3,22500889,f8b30571-180d-d781-8615-3ef4653adcbf
22500889,627,2026,3,3,22500889,eb9bd42e-9313-9cbf-4c52-210f8cad90ac
22500889,629,2026,3,3,22500889,9d3e0d53-3949-87ea-d9bb-bef4599c06e6
22500889,630,2026,3,3,22500889,ddbe1555-13a1-3ba8-6390-634284720243
22500889,651,2026,3,3,22500889,a64b5baa-af51-4887-0637-f116ade1264d
22500889,656,2026,3,3,22500889,192cf3f5-840d-8edc-98a2-6294866aa92a
22500889,657,2026,3,3,22500889,6dea0a7e-ca4a-f2b2-41fb-07a25e1959e0
22500889,666,2026,3,3,22500889,4c57cd19-32b3-b638-73ae-87337d6bec26
22500889,667,2026,3,3,22500889,e7564286-da26-3ee8-bdb0-e539239020a1
22500889,682,2026,3,3,22500889,b0354569-be96-73c4-8259-875656ef3876
22500889,686,2026,3,3,22500889,d243f673-4e9d-ef37-a054-28633b3c987d
22500889,691,2026,3,3,22500889,e85d7c2d-b3fb-c19f-967e-7bc4cc4e88d5
22500889,693,2026,3,3,22500889,46875575-3cdb-eeb7-22d4-0ae1019a10f4
22500889,7,2026,3,3,22500889,3d1e20ee-605c-51de-8639-5f6205780e4e
22500889,701,2026,3,3,22500889,d8d0c140-5404-5e7e-f0fb-71898b101e6b
22500889,705,2026,3,3,22500889,b8f30ce8-6b25-bcfa-31be-f8c043201b1b
22500889,707,2026,3,3,22500889,f746c4c6-5f0f-4054-3454-991234128441
22500889,718,2026,3,3,22500889,5b4b0f52-6b08-0e0f-105b-e7765b809aaf
22500889,722,2026,3,3,22500889,b9423099-a92a-88fd-bc2f-b7f0db19eada
22500889,730,2026,3,3,22500889,615de84d-be3f-9a0a-6748-7032134fb862
22500889,75,2026,3,3,22500889,2f08dec6-f6da-dac1-28a0-abe80d99a47e
22500889,78,2026,3,3,22500889,6b114098-86ca-58c1-d073-0266d54c0c00
22500889,88,2026,3,3,22500889,8f0006ce-576c-b574-10d3-12b9a09eddfe
22500889,90,2026,3,3,22500889,53cde0a1-79dc-bc0f-2544-f50a1b8d4915
22500889,91,2026,3,3,22500889,c448cba0-8983-5170-72dc-68e5be14c871
22500889,96,2026,3,3,22500889,73e7ee2a-330f-376c-9a42-1cada14e3fd8
22500889,106,2026,3,3,22500889,d8df23ae-8312-84fc-63d1-3de4927fd73c
22500889,110,2026,3,3,22500889,292d895a-2e08-c48f-3fa5-bb64dd1d739f
22500889,112,2026,3,3,22500889,e4529c40-8df8-cd10-e7aa-2233fd3e2fce
22500889,132,2026,3,3,22500889,3012f827-b179-e15c-9662-8d5da6e48c28
22500889,134,2026,3,3,22500889,e280d979-9e98-4c6f-89dc-b5c701e2c0db
22500889,136,2026,3,3,22500889,6492aaa7-2fc2-a1a9-c553-57446c0bbc94
22500889,138,2026,3,3,22500889,b2bf4e0d-a505-868b-5c78-6382f853caec
22500889,14,2026,3,3,22500889,12cd7f59-03bc-ece5-e6c9-8fe9071f1a93
22500889,150,2026,3,3,22500889,dd4854ec-06bb-9995-c8bf-d2c7199a25f0
22500889,152,2026,3,3,22500889,f5ca9fd5-7c0d-541e-2b7a-8d89d1c531e0
22500889,156,2026,3,3,22500889,e9527956-f606-5cc6-6d89-438913a12d2e
22500889,166,2026,3,3,22500889,5a1d1358-1772-30eb-5d6a-908ff093f98a
22500889,18,2026,3,3,22500889,afe6180d-bacb-73ac-706b-1fc7333ab18b
22500889,181,2026,3,3,22500889,d861a5ab-cc74-f52c-5f84-97c6a1d20815
22500889,195,2026,3,3,22500889,9032cd60-c008-6f39-fe69-f1096bf77c72
22500889,198,2026,3,3,22500889,3a24391c-1901-10d3-a34a-ebfae8416425
22500889,20,2026,3,3,22500889,e26607ab-358c-8845-3dd6-42717784f153
22500889,200,2026,3,3,22500889,592c1d23-f60a-8853-ac85-275ccef66559
22500889,210,2026,3,3,22500889,80880d1a-f566-50a2-0f06-2cf10b462fbf
22500889,213,2026,3,3,22500889,22a8f6c2-74ca-d05e-06a0-4074132c3741
22500889,218,2026,3,3,22500889,679eb0e5-f222-cc71-2913-be4d779b399b
22500889,223,2026,3,3,22500889,fb02878e-5a8c-0375-4d66-0af0d04ed502
22500889,229,2026,3,3,22500889,b3de08a2-80d4-f9f7-ce60-f77888b32c63
22500889,233,2026,3,3,22500889,c2c8fd2c-aaca-b685-9120-a29b60de6a03
22500889,235,2026,3,3,22500889,84fda936-15a8-86cc-978f-5d6f731dcb37
22500889,237,2026,3,3,22500889,35abdd33-3fb6-cb21-0f1a-fb35e6f8d411
22500889,239,2026,3,3,22500889,48a6736f-5103-0c17-048d-82f672a451ad
22500889,254,2026,3,3,22500889,cdcb33ff-5ebe-9927-90c9-53f829791209
22500889,259,2026,3,3,22500889,318d1a7e-d951-3f3f-deb6-24e21b80eeab
22500889,261,2026,3,3,22500889,24288524-a43f-08a7-95dc-a85d4ffc64d1
22500889,265,2026,3,3,22500889,d44b54d4-5f48-de4e-3df7-7746292bb0c2
22500889,269,2026,3,3,22500889,5941c69b-14b0-dc67-15eb-f38f42d66e0b
22500889,28,2026,3,3,22500889,3242677b-add3-f4df-799b-902ad41c246c
22500889,283,2026,3,3,22500889,dd53ea54-6f1a-de48-10f6-7badb79d7e36
22500889,285,2026,3,3,22500889,74a79ca5-2982-a283-a4ab-2ba15d9bb8b1
22500889,30,2026,3,3,22500889,e71b8fb2-0014-ab93-934f-a1310a3fd7d6
22500889,305,2026,3,3,22500889,41900859-963a-ca04-fe3a-d48b00ec04b0
22500889,307,2026,3,3,22500889,f27332e4-094a-bec8-31c2-ba61fc6e7719
22500889,32,2026,3,3,22500889,283a26d8-3258-127a-d092-fc65d45a2715
22500889,327,2026,3,3,22500889,20b143c1-7bdf-af4a-012b-7dbad9ac4760
22500889,34,2026,3,3,22500889,2de134c9-021e-1d93-cbbe-56e0a6fcf9a9
22500889,358,2026,3,3,22500889,e9a1a4f1-bd0b-1b6a-b1db-a92c797d6535
22500889,36,2026,3,3,22500889,63409986-5fa8-80bd-2c8e-0bececa69c78
22500889,362,2026,3,3,22500889,7fbb4ee1-a94a-c65f-6dbb-d528ea527069
22500889,371,2026,3,3,22500889,9dc511b8-b6e3-6e90-9283-b7c725993532
22500889,386,2026,3,3,22500889,36b97f79-312d-5c71-03f1-e8055b7370ec
22500889,390,2026,3,3,22500889,7491c04b-ffc3-622f-e0b2-7787d2350b80
22500889,399,2026,3,3,22500889,e44871dc-3d03-3e3d-fdbd-4a489d77e7d0
22500889,40,2026,3,3,22500889,c182e5cf-9189-d946-1b07-3b0f9a3607f0
22500889,408,2026,3,3,22500889,ed965274-435b-6fa0-8a5c-94e744f05cb2
22500889,416,2026,3,3,22500889,cc837231-def1-e9af-5484-677b555d8e23
22500889,418,2026,3,3,22500889,73a54439-42b0-9dc9-a3e6-67e0a3c315de
22500889,420,2026,3,3,22500889,57bc2579-ee7b-709a-6939-d8864a57b7fb
22500889,439,2026,3,3,22500889,f9b81a8c-0a8c-5a97-584d-a107d5f43802
22500889,446,2026,3,3,22500889,a92955b5-a13a-ca90-3f4a-108168aaa279
22500889,456,2026,3,3,22500889,31b358ba-9b16-f854-8349-14f4c67d13b9
22500889,458,2026,3,3,22500889,f6d01847-8ad3-5390-1d1f-44c982446232
22500889,460,2026,3,3,22500889,b6b0be78-3d8f-12a3-3730-c6144ca7ffc7
22500889,462,2026,3,3,22500889,071353e0-10a5-f5e7-ed93-82c516aea660
22500889,47,2026,3,3,22500889,df4d2c35-0494-177a-db6d-b43b755e8c7a
22500889,476,2026,3,3,22500889,592d4be8-118a-f51e-0dcd-a3e1311097f4
22500889,489,2026,3,3,22500889,6490833b-9469-a5a7-b82b-bcc33c181102
22500889,49,2026,3,3,22500889,a7fd62f0-d398-c06c-62eb-8cc4ab395168
22500889,494,2026,3,3,22500889,2fcbc1be-b86f-c245-fd7b-c03a66e499a9
22500889,498,2026,3,3,22500889,d9b6e38f-ac91-9746-0ac3-7105e4504d9a
22500889,505,2026,3,3,22500889,90b35375-e570-c1b4-689b-2112021a3d63
22500889,512,2026,3,3,22500889,191fe739-49c0-e63d-e9c4-ba57416b504a
22500889,514,2026,3,3,22500889,b048bbb7-468c-74f0-7892-9d775687d48d
22500889,516,2026,3,3,22500889,2b09d309-6790-8c62-95fc-038193a73dcc
22500889,52,2026,3,3,22500889,aae50177-ce6b-e49b-b039-0e806b0d4e09
22500889,524,2026,3,3,22500889,b05e869b-0780-3a62-8780-c60cf59ccf43
22500889,526,2026,3,3,22500889,8425f127-5dfb-a3a3-5b61-6702aebbe620
22500889,528,2026,3,3,22500889,f9a99782-62c5-82d0-d2f0-535066fee3b0
22500889,537,2026,3,3,22500889,117e9fd7-7049-9639-62b7-b512f87d794f
22500889,54,2026,3,3,22500889,b8ad9c04-cf29-a05b-4a54-b267aeadd549
22500889,548,2026,3,3,22500889,2f354027-9640-93fc-1e33-5bc4b446f215
22500889,550,2026,3,3,22500889,45fdd5e8-2ee3-d67f-2d3e-083536f59d44
22500889,556,2026,3,3,22500889,94a39a85-65fc-6a9f-db91-05524de1898a
22500889,558,2026,3,3,22500889,2c9fc97c-9578-72dc-80ac-f411ead5fd74
22500889,56,2026,3,3,22500889,2f76544b-c811-ce29-5ac5-4a8da8be1d92
22500889,563,2026,3,3,22500889,543a47ae-03b4-fe60-980e-d79f2b68392f
22500889,567,2026,3,3,22500889,23373477-e7f0-9b0f-1e3c-3c805a005e97
22500889,573,2026,3,3,22500889,3cca232e-4ade-6048-795c-2b45517c489e
22500889,587,2026,3,3,22500889,71483a04-6b0c-da37-d8a4-e7589fd67652
22500889,59,2026,3,3,22500889,89d5d4f5-0288-93a0-83fc-d0b1910ddc64
22500889,591,2026,3,3,22500889,eda8cf6a-e6cf-6ad3-aab8-fa7e2bef2d30
22500889,607,2026,3,3,22500889,2e82f2d7-549b-c4bc-c8b8-ba69f06843f1
22500889,609,2026,3,3,22500889,d35554a8-807b-b797-a115-278ab9817dc7
22500889,611,2026,3,3,22500889,ac7fc212-d1a7-94e8-35cc-e9f19e93ca80
22500889,624,2026,3,3,22500889,c1b2d375-89da-e672-ba73-df18974a1ece
22500889,628,2026,3,3,22500889,572be0c8-b575-64db-7fc5-02e0a72ae9bc
22500889,658,2026,3,3,22500889,3858f30b-f3b7-3ed5-0b5d-ce2dead65f53
22500889,683,2026,3,3,22500889,a6017e69-71d7-9260-24ad-6e8406cea93e
22500889,687,2026,3,3,22500889,a201df72-9af9-8409-a806-cd741056fcf1
22500889,692,2026,3,3,22500889,7b9e0e73-0d9a-1930-d11a-1fb959c5be36
22500889,702,2026,3,3,22500889,5ad8ba02-335b-fa82-8dca-301ded05d78c
22500889,706,2026,3,3,22500889,caebd7b1-6369-ef1d-f5b4-0391291460cd
22500889,708,2026,3,3,22500889,32eb0446-4208-2c46-786a-60294b6132ad
22500889,719,2026,3,3,22500889,d0abcfa2-9243-d87e-5c94-18cfb02b968d
22500889,79,2026,3,3,22500889,399689c4-4b64-65e5-9f20-a191dc2e9a97
22500889,8,2026,3,3,22500889,7f00c595-3efc-0d4a-e52a-f193fdbc0ab9
22500889,89,2026,3,3,22500889,b58f2063-302f-446c-13cb-8d9f4bf52887
22500889,92,2026,3,3,22500889,41b272fd-fe37-01f4-860f-37a1682562df
22500889,97,2026,3,3,22500889,6f252b06-59e8-a66c-9c0b-2ea552a83d6b
22500889,107,2026,3,3,22500889,43376818-95c3-c6a7-fb2b-23e05bde039f
22500889,182,2026,3,3,22500889,e8dcf07f-c850-2be7-f7d8-bd50bbd644dc
22500889,230,2026,3,3,22500889,e593147b-fa51-1cf1-3d75-470d7f66e627
22500889,280,2026,3,3,22500889,04ea4e59-237c-8461-21d6-5a3a4df66386
22500889,312,2026,3,3,22500889,23b0f848-657a-2713-0b7e-c0c862ed93f5
22500889,37,2026,3,3,22500889,1b6e94b2-9a0f-fc20-b7aa-c09911972916
22500889,440,2026,3,3,22500889,58b67171-bc61-75db-262c-7b0f1fe6d2c3
22500889,473,2026,3,3,22500889,0359f788-4b81-bb5e-4972-ddc87ba5a629
22500889,499,2026,3,3,22500889,bdfe9b9d-1ac3-dc11-b3c0-c7027d88f17e
22500889,559,2026,3,3,22500889,8e1d43ee-cc0a-f6cd-06f0-1c22d0c45d0f
22500889,621,2026,3,3,22500889,01b88440-42f9-92ef-cd62-fa8cf497ee0e
22500889,649,2026,3,3,22500889,19e9e811-4a4b-def3-9f7a-193afb971796
22500889,652,2026,3,3,22500889,c6a19084-5f59-bfa4-e892-2d514de2b6af
22500889,100,2026,3,3,22500889,50be2dfc-effe-2ec6-e801-7d96ef4f8adc
22500889,114,2026,3,3,22500889,8f6b1bb4-785f-2b92-1628-547bc280ab7a
22500889,126,2026,3,3,22500889,184789f7-ac2d-c5e3-daf3-bdd6deb5202a
22500889,158,2026,3,3,22500889,2efbeccb-3657-5348-5b17-1edf8f56dbd5
22500889,320,2026,3,3,22500889,1a4d4c3e-9748-c622-2b73-5470d7d35cfe
22500889,328,2026,3,3,22500889,65f1f03c-fc56-735a-5e69-f9964d1fa402
22500889,329,2026,3,3,22500889,754f3d2d-20eb-3a00-cba8-965adf18f1ed
22500889,330,2026,3,3,22500889,e30492d1-d5ae-c5c0-b809-29fabc0516f7
22500889,343,2026,3,3,22500889,2b8eba66-ec4d-d9ab-13c3-89f12b4ad3a9
22500889,374,2026,3,3,22500889,8e752942-a5ba-0d89-864c-a1efd1424e85
22500889,492,2026,3,3,22500889,ceda0cb7-9f65-cde9-7be3-619d5fbf8cbd
22500889,501,2026,3,3,22500889,c3bc99dc-cda0-f982-66d1-99dcdff8db38
22500889,57,2026,3,3,22500889,812f7ba0-e3c5-8803-0eac-ad45bf938160
22500889,618,2026,3,3,22500889,596eed89-41ca-2eef-2ef7-44919d2880e0
22500890,100,2026,3,3,22500890,ec22b07b-4af0-c7e0-3b58-42213f46f522
22500890,119,2026,3,3,22500890,d1c78ea3-d482-945a-0a43-814530eec5b5
22500890,13,2026,3,3,22500890,08ad093c-5229-3cff-5dc8-8d1301b88306
22500890,134,2026,3,3,22500890,2a036a5b-d031-64c1-46c3-127172537b9c
22500890,150,2026,3,3,22500890,0015977e-371f-350d-5a2d-1c6136da9683
22500890,18,2026,3,3,22500890,921b3bca-d666-bbd6-614c-f69165860f73
22500890,213,2026,3,3,22500890,6e328a47-a8e7-d7d3-052f-b0f7367028ce
22500890,234,2026,3,3,22500890,31fe00bf-5f7d-8208-3a78-9bc18c4b6031
22500890,242,2026,3,3,22500890,a1ddff44-4b46-35a6-e6c1-6acb3d185b81
22500890,248,2026,3,3,22500890,119c15bc-73e4-a7f6-db94-bb49c96742cf
22500890,255,2026,3,3,22500890,b28736d0-bdba-1375-5313-0358b8172540
22500890,279,2026,3,3,22500890,c95795ee-b4b1-1596-c007-fdc6cd2133d9
22500890,281,2026,3,3,22500890,659a6d98-eee4-673f-3ee9-4c1a1c5bc0f8
22500890,283,2026,3,3,22500890,14881b72-d6e6-fe24-3b83-be7f05bdb585
22500890,286,2026,3,3,22500890,6ec3f249-61e2-edca-c99b-6999fec992ee
22500890,312,2026,3,3,22500890,5eec9070-f840-f2eb-8c45-4a23f111615f
22500890,316,2026,3,3,22500890,39fcad35-1394-124b-7ccf-2b55b6b4d880
22500890,336,2026,3,3,22500890,c51a84fe-4c58-eb24-8629-0dd95ead1dc7
22500890,349,2026,3,3,22500890,b2e29f3a-cf24-c160-9bc8-94ff4d28a719
22500890,35,2026,3,3,22500890,5dbdc242-08ea-f276-0dd6-12031446e7eb
22500890,370,2026,3,3,22500890,9ef46e29-0b90-8088-83bf-efc05a2812a2
22500890,375,2026,3,3,22500890,c5294b1f-83ba-63a3-97e2-771d7f2d6bc0
22500890,382,2026,3,3,22500890,bac4a884-2a0b-7cd2-818a-1de15b2ade48
22500890,39,2026,3,3,22500890,e072bafd-7a3d-bd30-e3df-0e2943b75f49
22500890,391,2026,3,3,22500890,8b28cfde-aab4-0622-401b-20d0a71e9d15
22500890,403,2026,3,3,22500890,68e6fb79-0bfb-165b-babc-00702227e44d
22500890,410,2026,3,3,22500890,606ee601-a5e2-d089-94af-39961ef4afb8
22500890,414,2026,3,3,22500890,bc38b03b-a07a-ea2b-cffa-48dfde5f5d23
22500890,430,2026,3,3,22500890,ad17d61c-a864-fa95-8477-7b0cab3bb0ac
22500890,432,2026,3,3,22500890,2383af89-ef89-d98c-6c72-c48b59381c71
22500890,494,2026,3,3,22500890,a22a4b21-504d-a0ca-ed3d-9deb2c16831b
22500890,565,2026,3,3,22500890,c1a7d1e4-dcc2-f899-68dc-5db49188714a
22500890,569,2026,3,3,22500890,8ea22ea1-6255-e785-f1a0-5cd33cf788f4
22500890,588,2026,3,3,22500890,1637e906-7398-e858-2b17-80c43de12526
22500890,605,2026,3,3,22500890,e8954699-d956-8733-b40f-2eec2af8beb2
22500890,607,2026,3,3,22500890,a1784e5c-79af-b773-b42b-8f628201ec21
22500890,631,2026,3,3,22500890,9c66dd75-6c9a-3ba7-fd34-f64ff4d060a0
22500890,659,2026,3,3,22500890,5ac05e52-1dba-789a-4b7e-f64d1ada22e9
22500890,689,2026,3,3,22500890,43e40f3b-8426-f771-d5c9-9a501c8b0cc2
22500890,693,2026,3,3,22500890,f5740636-9d43-e442-6519-9723db405ab0
22500890,703,2026,3,3,22500890,342399c5-252d-b4c8-154b-4e62aeb5a075
22500890,72,2026,3,3,22500890,0df5f2bf-f2b4-e9e6-673f-27230c0a1491
22500890,76,2026,3,3,22500890,f3b58a4a-9d59-8906-c809-3f5fe25abb16
22500890,79,2026,3,3,22500890,a7eb3b3f-3359-8cd1-75cb-f7a02c04f34b
22500890,9,2026,3,3,22500890,6ae3a58b-19c0-aa1c-e6d8-4184ddc61a6a
22500890,94,2026,3,3,22500890,c246428a-e674-89ce-94b8-31db121af07f
22500890,44,2026,3,3,22500890,bf582cf2-ffce-3272-9c2c-4610584cfb3a
22500890,460,2026,3,3,22500890,872452c5-d671-9591-ef65-dd4cd90d20e9
22500890,482,2026,3,3,22500890,3f2029a9-ceec-e3f7-0cda-aa971e898db3
22500890,506,2026,3,3,22500890,5e4de3cb-07df-5f4b-7daa-7463b4edbdf1
22500890,524,2026,3,3,22500890,cdaf0cda-1b5b-8d13-1822-1d1b3c2c58ff
22500890,609,2026,3,3,22500890,4919bd1b-019d-96d0-3505-7e1b800aad0c
22500890,102,2026,3,3,22500890,3f5799db-9d91-5d1a-5265-25f8dc8d656b
22500890,11,2026,3,3,22500890,fe163f96-fb13-9853-6e1f-f46ae13828d6
22500890,117,2026,3,3,22500890,b758da5b-a58d-ea6e-0663-9ab3537b2696
22500890,126,2026,3,3,22500890,e5e38a30-2e55-ff05-c13b-c8f991178232
22500890,136,2026,3,3,22500890,9b763f25-986d-9859-bf47-bf8c8802f01b
22500890,138,2026,3,3,22500890,f9a4624a-3557-0813-8777-50d72ac8c103
22500890,140,2026,3,3,22500890,fb77d85c-ee91-79bc-ef78-9ed6d6047718
22500890,149,2026,3,3,22500890,6eedb459-32ca-2aab-f4b5-0634a240dcce
22500890,15,2026,3,3,22500890,eef4abf5-b638-4395-7b57-a65fede3eb4c
22500890,152,2026,3,3,22500890,d1cfcd5a-6a7c-3e3d-15dc-70c7afdb6136
22500890,154,2026,3,3,22500890,c001daec-f2d0-ef55-8dc2-fdec36f05f5e
22500890,16,2026,3,3,22500890,b4eaacee-1797-2510-d422-d527bbce63c9
22500890,166,2026,3,3,22500890,b71687a1-83d3-2703-8ccd-1b4fe80c77ce
22500890,168,2026,3,3,22500890,26fe3ca4-90ec-b394-6b2f-7a056d744624
22500890,174,2026,3,3,22500890,a4790299-d5eb-d11e-50d2-70480131d694
22500890,176,2026,3,3,22500890,11b19353-4581-3cf9-d56a-50b66fee88da
22500890,178,2026,3,3,22500890,418ed3d6-9ae7-50fa-d924-a253fa000375
22500890,185,2026,3,3,22500890,3f577ebf-4f88-6786-34c8-82f014f00e18
22500890,187,2026,3,3,22500890,d51d8065-749e-a00d-7d7f-c4fbd962c4a2
22500890,20,2026,3,3,22500890,675e3c6e-7595-2eb4-c811-e09ddbfaed27
22500890,209,2026,3,3,22500890,7e07db56-904d-ebc0-4c10-32438d625632
22500890,22,2026,3,3,22500890,c87012b7-b9e1-8deb-43dc-3a6c1296a1c0
22500890,226,2026,3,3,22500890,caddd50c-7938-7ca5-67e9-640bb38b5fc0
22500890,228,2026,3,3,22500890,cff6e80a-7188-940d-38af-7a9b8b2e4bd1
22500890,236,2026,3,3,22500890,9d968545-0e4a-87d1-fe09-9d3419ea6419
22500890,244,2026,3,3,22500890,777ab2ca-c613-7866-9123-91e243040d56
22500890,246,2026,3,3,22500890,2af5dd68-ee6c-6e71-5ce7-0ac1c4709fd8
22500890,254,2026,3,3,22500890,89bc64a6-ff18-5b08-939a-83704504748f
22500890,257,2026,3,3,22500890,d7e7f1b6-b5a0-f51c-6d29-0c4afc4be01f
22500890,269,2026,3,3,22500890,42d9644b-a2e5-f885-67f3-6340b67bc075
22500890,272,2026,3,3,22500890,84fd7edb-e344-fe7a-395e-6a9dd5016b41
22500890,28,2026,3,3,22500890,7948e500-b998-61d6-043d-1590724109fb
22500890,285,2026,3,3,22500890,fa7bb499-28a5-d20f-3424-1e65e759b2af
22500890,29,2026,3,3,22500890,ec664442-6f71-1013-0506-5b9314024aa9
22500890,294,2026,3,3,22500890,a9fdd302-a862-0e08-b560-b9d0dc332cd4
22500890,31,2026,3,3,22500890,3c3b2eff-10fd-cbb6-c0c7-0a88ca0caff5
22500890,310,2026,3,3,22500890,e77ce7da-2389-5d28-3a35-f686bd840434
22500890,33,2026,3,3,22500890,4845d180-125d-c512-b1ae-315d81e504d0
22500890,330,2026,3,3,22500890,c85d057d-2d85-29b4-fdaf-e0f60e90449d
22500890,338,2026,3,3,22500890,1e1088ab-dd87-8c9b-dd7e-200d3cae4c75
22500890,348,2026,3,3,22500890,57f25ba7-09d3-96a9-5720-274d8b302de9
22500890,37,2026,3,3,22500890,c0cfd838-860b-7ae0-b4f8-8f8254645193
22500890,373,2026,3,3,22500890,1f01d90d-0fa0-df23-4454-c1faca8fece3
22500890,377,2026,3,3,22500890,87c81fc5-262c-8f08-d98e-a8e6d0f4d232
22500890,381,2026,3,3,22500890,ef6257d8-877f-3051-aca2-54763f8c2885
22500890,385,2026,3,3,22500890,fe87b1df-8086-233e-f483-b8800f171776
22500890,386,2026,3,3,22500890,940ff79c-8894-24d5-00f3-be2df82c49c2
22500890,388,2026,3,3,22500890,a259b1e8-83a4-c87b-29c2-e619058054db
22500890,389,2026,3,3,22500890,ca2496e0-610f-cf41-2269-2907b092a68d
22500890,393,2026,3,3,22500890,db442382-91cf-6931-bed6-6339388863b0
22500890,395,2026,3,3,22500890,29083712-037b-032d-b018-cd72048c1958
22500890,397,2026,3,3,22500890,760b081c-7a01-ae7d-a206-dbbf04ff2fa3
22500890,399,2026,3,3,22500890,682e7971-1e17-5bb9-813c-902f5e6295fb
22500890,405,2026,3,3,22500890,5d7258cc-3cd9-1340-45a4-782c765f8d2b
22500890,406,2026,3,3,22500890,fb9f99eb-84f8-d107-f5ac-4e51768fb97b
22500890,41,2026,3,3,22500890,a8869b13-caf3-115f-8927-f7dce0e753d9
22500890,416,2026,3,3,22500890,5c76b018-9c93-16fc-f0fd-05bdca5f4b73
22500890,428,2026,3,3,22500890,d5d1b2d9-04d4-e9d1-b2eb-84fbef49fb73
22500890,434,2026,3,3,22500890,446a8cd0-fbdb-b10c-7298-1a9910f6b5c1
22500890,436,2026,3,3,22500890,2d399bb1-9514-d9ae-5980-304bb611a852
22500890,437,2026,3,3,22500890,4deafe09-1186-29d3-749b-d1b37fed0820
22500890,450,2026,3,3,22500890,b1485b95-fc8c-72e8-c334-f6459fab6b2d
22500890,453,2026,3,3,22500890,a0c8a9ef-a50c-1ac5-dfae-090b6023227b
22500890,458,2026,3,3,22500890,713160a0-5d5b-7588-9f7b-89027d6689b9
22500890,459,2026,3,3,22500890,6a9f561b-3b14-218c-835a-cc056568e293
22500890,465,2026,3,3,22500890,f37f5605-2bd0-0288-4616-c0ab3e3a91f6
22500890,467,2026,3,3,22500890,48d6a505-3e2e-76e5-08e2-b561661027c9
22500890,468,2026,3,3,22500890,8d0702e3-ab6c-f6e4-0f67-393a47d8157c
22500890,47,2026,3,3,22500890,5cb315ed-db61-1c37-a4c1-9fd09241d978
22500890,470,2026,3,3,22500890,9e012ce2-b02a-27b7-0923-583ef01e4684
22500890,472,2026,3,3,22500890,45727e54-ace1-4a2b-c41c-e03e539ca108
22500890,474,2026,3,3,22500890,a6683c7c-35f6-257f-87a6-4e2c056b3a0d
22500890,48,2026,3,3,22500890,d2881989-7754-fcf0-d898-69417d3a1f9f
22500890,492,2026,3,3,22500890,831a64ad-eefa-5e2e-f4ce-8230ff29d5e8
22500890,497,2026,3,3,22500890,2bbe6730-eee0-eb9e-ab1b-76d7cc79eab0
22500890,499,2026,3,3,22500890,fadf16a1-ab20-53ce-39ea-5f3a377ee487
22500890,504,2026,3,3,22500890,1dc24517-c014-2f34-f93c-de8c6a8ca374
22500890,527,2026,3,3,22500890,118fefb3-4698-f4da-8b0b-b26583a10544
22500890,545,2026,3,3,22500890,4c80e88d-57c0-3038-64a2-d47b0cf98c22
22500890,547,2026,3,3,22500890,29395ca0-bf40-d607-9f58-101fec1af639
22500890,550,2026,3,3,22500890,84ba844e-770d-bd11-1658-d5a2659981a9
22500890,552,2026,3,3,22500890,15dccecd-4e0d-96dd-6bab-dd6ea71f2441
22500890,554,2026,3,3,22500890,68bfdc76-f3a1-ada6-09e1-a4a025159904
22500890,555,2026,3,3,22500890,c01a04c9-fa5c-9d29-e16b-54cafc4e4790
22500890,57,2026,3,3,22500890,63fbd0a4-2ce4-7e2f-ea08-b6cdc4604413
22500890,570,2026,3,3,22500890,cd017ca8-38f9-83a2-4cc1-8c5328bc5938
22500890,575,2026,3,3,22500890,90f9ce26-9986-afd9-4632-8a3f1028a1e6
22500890,59,2026,3,3,22500890,b3078755-82b8-21f0-6952-a801ddc03360
22500890,593,2026,3,3,22500890,6941ff6b-b1cd-93d9-0cbc-d04843202a22
22500890,596,2026,3,3,22500890,e2d149be-867f-48b2-bce0-871d54ac4a55
22500890,598,2026,3,3,22500890,bf1b5b4d-9f39-2b28-5d89-7dd4b93ac6a1
22500890,603,2026,3,3,22500890,29c4650d-29dd-59db-06ff-23f25f123e55
22500890,612,2026,3,3,22500890,c6aed0b0-16cb-3a18-af97-e690693c12fd
22500890,614,2026,3,3,22500890,9ad1c870-8899-6542-2e73-2d82e9cec91d
22500890,630,2026,3,3,22500890,ba38d56d-2b31-f8be-bdbc-3adda51ca6ad
22500890,635,2026,3,3,22500890,c6478df1-5231-2daf-1af3-09dd1e9bb65f
22500890,637,2026,3,3,22500890,04fc27be-0554-35a1-bd49-d3ea5123e68b
22500890,641,2026,3,3,22500890,55248382-dfb6-a2a5-13bf-606e85576d07
22500890,642,2026,3,3,22500890,e5ba739a-670a-59e2-7b09-c3c4fd15395b
22500890,644,2026,3,3,22500890,192b6e9a-3261-a332-b722-ebe86ced6c21
22500890,646,2026,3,3,22500890,49365813-9063-1054-1978-9702597d071c
22500890,687,2026,3,3,22500890,9e99ae81-0265-b57b-15da-c0cd8a732a51
22500890,691,2026,3,3,22500890,902b748b-7198-3ad5-cbb1-253fe09cade9
22500890,705,2026,3,3,22500890,dc80b982-e6e9-8867-d8f1-9d844e1be057
22500890,720,2026,3,3,22500890,0eb32ef3-c80d-5973-73ed-82734ed94e74
22500890,74,2026,3,3,22500890,1a5ba8d9-5ebf-d4b1-f9d8-1c8b6ad8134f
22500890,77,2026,3,3,22500890,e45ca494-5fd6-f2d0-4dff-bfaae4f2fed3
22500890,81,2026,3,3,22500890,9c9fce32-023b-89c7-9293-419edbe0307a
22500890,91,2026,3,3,22500890,25f7bfb4-7c17-116b-91da-30c078b0b87f
22500890,96,2026,3,3,22500890,f7fa1168-d161-fd3e-f780-7f7fd2df715a
22500890,98,2026,3,3,22500890,82a4ca03-3b99-e6f9-9bd8-1546544ac363
22500890,103,2026,3,3,22500890,ca883c3a-30b7-9f3c-7050-f9b5b325573e
22500890,118,2026,3,3,22500890,7da0b217-5dd1-23dc-9b0e-fd4dbf998b01
22500890,12,2026,3,3,22500890,69a812a7-a00e-7d94-a187-8f26f617e763
22500890,137,2026,3,3,22500890,95238b77-a8ca-8a7f-f55f-2fec71b63d51
22500890,139,2026,3,3,22500890,3e37ead7-3a75-5a6b-cdcb-d5a3078a3fb5
22500890,141,2026,3,3,22500890,344b1e4f-2d56-559a-e7bd-e2752c0c2b28
22500890,148,2026,3,3,22500890,2ef905a5-98fd-1eb2-3f25-eb35430acce0
22500890,153,2026,3,3,22500890,ae8641d5-9779-87c6-19e8-cb9d8356dd06
22500890,167,2026,3,3,22500890,ecc8aefc-bd8f-c4bf-8557-109142b3c606
22500890,169,2026,3,3,22500890,e95900bf-30f9-f241-e542-467bd918fc9d
22500890,17,2026,3,3,22500890,c6c90e91-28a5-0de1-45bf-943d73995b57
22500890,175,2026,3,3,22500890,935b8381-8c74-0de7-17bb-cf5ae4b5c19d
22500890,177,2026,3,3,22500890,a9465d79-d0e6-46b9-640a-7eb82d6e0f4d
22500890,179,2026,3,3,22500890,b4534cb0-938f-dd70-703f-4dc01bdc502b
22500890,184,2026,3,3,22500890,8dec0463-c026-05c6-6c10-b9a6c844d699
22500890,186,2026,3,3,22500890,220bfad2-21b9-531a-d678-58b2c4e27608
22500890,188,2026,3,3,22500890,f8921302-0049-3454-1bfa-5c286f1d1f6d
22500890,21,2026,3,3,22500890,bdf6a6a8-5d4d-f1f1-5ccb-78e2e807e157
22500890,210,2026,3,3,22500890,b466218a-a8ac-f4e1-f249-ee464e9628d2
22500890,227,2026,3,3,22500890,cbb5aad7-9bc0-8fa0-3fd3-5ac684141a32
22500890,237,2026,3,3,22500890,f313bb45-af16-1893-2e19-137943d09aac
22500890,245,2026,3,3,22500890,cf75c030-11cd-5540-3b73-84608e9cadb9
22500890,247,2026,3,3,22500890,0de25498-66c9-8564-4e7e-2eea980a80a6
22500890,273,2026,3,3,22500890,1a412177-5cd8-a65a-4342-aad1b3dc0a6f
22500890,295,2026,3,3,22500890,d7c02418-c778-959f-07bb-734aa481d9ee
22500890,30,2026,3,3,22500890,d04aed87-8ee0-7186-7737-487cd9563ee4
22500890,311,2026,3,3,22500890,8fc1743b-cf68-1f08-394c-6196cbe132d8
22500890,32,2026,3,3,22500890,ebe88e2d-3a0a-b9c6-d1fc-2de08ef2905f
22500890,34,2026,3,3,22500890,4f6e9ace-ab3e-462b-4534-b9b6e6447610
22500890,347,2026,3,3,22500890,02bd43d1-1abe-f965-e9a2-2ade041aa47d
22500890,374,2026,3,3,22500890,4b4f0eae-5716-7340-2593-2f6201b82b59
22500890,378,2026,3,3,22500890,31c7c84a-ac45-934a-a0a4-0e9c1e320826
22500890,38,2026,3,3,22500890,b6f194f1-163a-8160-8352-f02e0b8b1ea5
22500890,387,2026,3,3,22500890,661f52fe-5c67-8846-ff2b-f0f805cf74a5
22500890,390,2026,3,3,22500890,961fac4e-b2ef-f3aa-859d-bb989ab242fa
22500890,394,2026,3,3,22500890,6ae112b1-88f1-2ede-0280-af1d5cd854c4
22500890,396,2026,3,3,22500890,c5c569e5-ac5a-05b7-d89a-5dfacfdd1981
22500890,398,2026,3,3,22500890,52088e02-61a5-c15f-58da-c048d9704485
22500890,407,2026,3,3,22500890,199c3cdf-27c4-e5fc-ac1c-ef58ed1ef9e8
22500890,417,2026,3,3,22500890,2ddbb5b7-9ef5-1804-4017-5b6f9148ae70
22500890,429,2026,3,3,22500890,05b74f10-e1b8-853b-c042-36969cf76f99
22500890,435,2026,3,3,22500890,da4dfdc4-9971-6688-3a88-ba5aff57cc6d
22500890,438,2026,3,3,22500890,c29acf9f-548b-4e3b-c4c2-5d1999287739
22500890,457,2026,3,3,22500890,392a0fd0-ad0f-3867-cab8-ef6cf36f55b5
22500890,46,2026,3,3,22500890,42675b73-cb8a-a91d-3995-9b06631b218f
22500890,462,2026,3,3,22500890,5e3f5b19-282b-2b1f-0200-e51b0b4d2378
22500890,466,2026,3,3,22500890,2e53358f-e3c6-c9b5-f956-3e0d8e7a31eb
22500890,469,2026,3,3,22500890,e9cbadd9-da8c-9951-be4f-e8029bc5e800
22500890,471,2026,3,3,22500890,7b0363fd-619c-d674-ca16-646d434a5650
22500890,473,2026,3,3,22500890,6b999fc9-6c31-efd9-dd74-cc977c57cd63
22500890,475,2026,3,3,22500890,fc23d5f0-ec9d-fc53-1496-c0df1c5cef1c
22500890,484,2026,3,3,22500890,0f2d537a-e06d-1f32-99d7-0f40fcc1fcea
22500890,49,2026,3,3,22500890,4a0f4794-d956-a7dc-d2f9-1b5b6d1d250d
22500890,493,2026,3,3,22500890,9d12f2bc-6e2a-2f58-9a87-0c6e99405d79
22500890,498,2026,3,3,22500890,e9f979fa-c9b6-be34-54c2-31b0e9a1cdca
22500890,500,2026,3,3,22500890,22499e38-f7a7-b8c5-fdb0-fac1c3dd5ab7
22500890,505,2026,3,3,22500890,ea9671c6-268d-cc48-30cc-9ea582fc151f
22500890,526,2026,3,3,22500890,528966e0-aa83-663e-8435-001bb7a50aba
22500890,528,2026,3,3,22500890,c2f38406-b01b-6124-2a99-0ec137f0bdbf
22500890,548,2026,3,3,22500890,a08c6535-574a-dd0c-2df6-d39a84ecd5ed
22500890,551,2026,3,3,22500890,0e4d38c9-d936-bae1-6d2f-30751c5bd23c
22500890,553,2026,3,3,22500890,184039ac-f4bf-7793-8910-5062f20b9a71
22500890,556,2026,3,3,22500890,3d5dcd06-62d2-da46-cdee-8ccbb2207af6
22500890,576,2026,3,3,22500890,5b52cd2f-75a9-c652-609d-9c7a16ecaf55
22500890,58,2026,3,3,22500890,db10d382-933f-2d52-e39a-4e11ac1a93af
22500890,594,2026,3,3,22500890,ed699779-79da-7336-ee08-ba6d73a3db76
22500890,597,2026,3,3,22500890,1adfeda0-585d-5bf3-bc9f-d60cbdf47dfe
22500890,599,2026,3,3,22500890,d5cb428a-ac23-8b23-993f-e06048a5a36f
22500890,60,2026,3,3,22500890,09ba1135-591e-1cc9-c07b-7f5a2fb0ff40
22500890,604,2026,3,3,22500890,a7f474af-e25a-3ea7-bf10-1e5f7e8b4411
22500890,611,2026,3,3,22500890,7dcc5a96-c46c-110f-360a-6f86397ab25c
22500890,613,2026,3,3,22500890,dd9b1fc1-3605-6718-487f-b99bd3074f84
22500890,636,2026,3,3,22500890,f4c90ed6-8cde-86e1-b20e-dedfb2964521
22500890,638,2026,3,3,22500890,87ce2cd6-b637-e179-285c-eb82c47c6852
22500890,643,2026,3,3,22500890,c7f9897b-082d-0142-9a30-e471c87aebc1
22500890,647,2026,3,3,22500890,ac1f3d7a-ee53-87d1-f7a3-34fc27cb3952
22500890,688,2026,3,3,22500890,4005e24e-b074-a6a6-2029-44bdae073aaf
22500890,692,2026,3,3,22500890,84fda4c4-26ed-0165-45a8-0f2e9ecafd50
22500890,706,2026,3,3,22500890,8d333640-7479-30bc-c838-8dd0cdd9f34b
22500890,721,2026,3,3,22500890,0eaa5159-0852-4a5a-6273-126226326864
22500890,75,2026,3,3,22500890,0a67f2af-bca6-1684-804d-f69a1830b61a
22500890,78,2026,3,3,22500890,982fa625-a0a2-dfbe-20a7-4d217d72e7c0
22500890,97,2026,3,3,22500890,67b16ce2-b99c-090e-7d14-cdf4155a0457
22500890,99,2026,3,3,22500890,771e3bd6-47cd-369d-37d7-9fb15f9be5f1
22500890,142,2026,3,3,22500890,65eff6f7-90a1-f69d-2dc3-caf83f5e0a14
22500890,211,2026,3,3,22500890,da092cb7-329e-8492-899c-573d3579a951
22500890,232,2026,3,3,22500890,2f1f38f4-f70d-724a-839f-48868717002d
22500890,26,2026,3,3,22500890,36caa1ba-08b1-ec28-6686-ca52b699362c
22500890,296,2026,3,3,22500890,7284a7fc-6552-bdd5-70e7-56d26dc4237b
22500890,303,2026,3,3,22500890,b4dd8f48-7f34-0b59-a785-4f3663bc0ffd
22500890,314,2026,3,3,22500890,fb6d5191-ae6f-9f58-3968-1dbfe938ecbd
22500890,412,2026,3,3,22500890,85fe4bb7-5678-2f25-b075-7bb44971a8d1
22500890,42,2026,3,3,22500890,94d676ef-dd68-0088-4217-40e11bc57920
22500890,501,2026,3,3,22500890,d7974086-d2ec-f811-bd01-5b6e8bf974c7
22500890,510,2026,3,3,22500890,b986154d-8540-dbce-d26d-af70cf2cae96
22500890,559,2026,3,3,22500890,117a40d4-b7b1-b0b5-7485-78fe9934aa89
22500890,561,2026,3,3,22500890,9cf23d76-dab8-ec06-fd61-4db20498fe8a
22500890,628,2026,3,3,22500890,319ab4f8-b013-f685-0119-db075f9fdbc8
22500890,633,2026,3,3,22500890,dc811250-4a0b-c251-c681-c2ac64a6f0fd
22500890,648,2026,3,3,22500890,bc0e22ee-f77b-dfd9-c5ad-40fb283ab2d7
22500890,7,2026,3,3,22500890,4a36cd3c-6491-e92a-071d-573608cd5e44
22500890,115,2026,3,3,22500890,471df8bc-ef9d-b3ed-06ed-c376ed298a32
22500890,121,2026,3,3,22500890,f8a6f041-d24b-145d-3b40-39a69256f62d
22500890,132,2026,3,3,22500890,a8e7e837-5215-5e35-2b0d-ec97b7bd3086
22500890,133,2026,3,3,22500890,3a900297-a057-512e-fba5-0079cf4bd5a2
22500890,206,2026,3,3,22500890,c32e4222-088e-04ac-4648-d5f4bbc0cdc7
22500890,215,2026,3,3,22500890,4e959890-89b3-8b3f-970a-7484cc415139
22500890,229,2026,3,3,22500890,c3454438-baef-3bea-908c-5072c226bd97
22500890,25,2026,3,3,22500890,e420d1ae-5939-638f-df7b-09f5e568a906
22500890,302,2026,3,3,22500890,d78a5bd8-97c0-4749-381f-4815e17991f4
22500890,368,2026,3,3,22500890,82a5db67-e874-2107-045d-3c8635a1953b
22500890,379,2026,3,3,22500890,0bd45b72-dd96-6fc1-c5e2-14157a3f80b7
22500890,380,2026,3,3,22500890,2049172c-a125-85d3-b581-0e726c205235
22500890,519,2026,3,3,22500890,15aaa945-dc25-8e9b-743f-7993d7545f80
22500890,546,2026,3,3,22500890,d0bb76fc-142c-6ff9-4226-e268bd528096
22500890,600,2026,3,3,22500890,2c78529e-af92-4d71-7cb9-06659785af13
22500890,727,2026,3,3,22500890,f7e0001f-d08c-7537-b020-b7a4edc187a0
22500891,101,2026,3,3,22500891,2081eeb3-cf4e-0261-930b-dea13c4be3df
22500891,111,2026,3,3,22500891,0e2937d7-8652-b331-1e31-0d017f62e253
22500891,115,2026,3,3,22500891,f67135f5-6e78-5cb4-e875-0ba89aa8cebe
22500891,120,2026,3,3,22500891,9cb18d01-8ade-cd22-ccbf-e044df2ceb15
22500891,123,2026,3,3,22500891,56242bbe-7e09-3fc3-a9f4-c28afdd29ce1
22500891,127,2026,3,3,22500891,e4e16968-1d70-7967-394d-6750ddb63d2d
22500891,144,2026,3,3,22500891,d65feb55-1b9c-e5c0-0974-e39a930ae6a4
22500891,146,2026,3,3,22500891,6f4e02d6-17a2-3583-d9da-efdffcd77eeb
22500891,148,2026,3,3,22500891,1e1c2273-696c-72fb-acae-f7c119e46f2b
22500891,157,2026,3,3,22500891,f5fc8982-0889-9208-a7ed-2b441b987d8f
22500891,179,2026,3,3,22500891,2eb119e1-9c91-cfc5-e1ec-f80a5810ffb0
22500891,21,2026,3,3,22500891,f24d71f6-3321-3ef5-077a-cbaae9c51bbc
22500891,231,2026,3,3,22500891,4c39261e-974e-84d3-c866-c84676e48735
22500891,248,2026,3,3,22500891,7dd55df1-e17b-e9d2-f0fb-84940d4ab90b
22500891,272,2026,3,3,22500891,e5558632-5c58-db42-d676-dd41977d5f93
22500891,276,2026,3,3,22500891,dfebb614-5609-15dc-8ae7-c491fc0b95ec
22500891,29,2026,3,3,22500891,fa9dd673-6951-ac07-defa-d5ffb273f9d5
22500891,303,2026,3,3,22500891,52457511-554a-d76d-34e8-25df70bbec57
22500891,314,2026,3,3,22500891,521fd751-4755-85fb-3a51-caf5f6811148
22500891,329,2026,3,3,22500891,d0bb01eb-0bd6-8445-47cb-13babbe13abc
22500891,342,2026,3,3,22500891,fab1d0e8-a043-3e11-aa3d-2d1b328b64f4
22500891,351,2026,3,3,22500891,42415532-3fe6-e12b-cbe4-77fe0b5d51a2
22500891,353,2026,3,3,22500891,49a15f1d-fdc6-fa23-14a2-32b3008eb947
22500891,379,2026,3,3,22500891,dbd2d651-cb50-d338-4c62-7fc377ff7507
22500891,381,2026,3,3,22500891,811107dd-a4a4-dd7a-ac7c-807bd2fab045
22500891,388,2026,3,3,22500891,d1f81def-ae61-e1b0-9bf9-29f08ced6a05
22500891,402,2026,3,3,22500891,93ecf6c1-2e3c-4925-5b3b-6d19d4d36f1a
22500891,41,2026,3,3,22500891,f040a475-8c59-0c55-cf78-e988edd9c288
22500891,410,2026,3,3,22500891,7f2c2a72-b9d0-f7fb-7315-172dc216d459
22500891,413,2026,3,3,22500891,f7b9c437-60e2-47b6-2d3c-86d01e7674db
22500891,432,2026,3,3,22500891,6be87db6-d0f3-30ab-0b5c-c1cb0af440f2
22500891,436,2026,3,3,22500891,9ce1fc5f-367e-e496-1616-7b6983169378
22500891,452,2026,3,3,22500891,94dd398c-e8d1-1bf0-74ca-3f2bce222503
22500891,462,2026,3,3,22500891,26284ea5-27a8-11c2-c762-537c7d46470f
22500891,492,2026,3,3,22500891,30f30bcc-748f-a3ee-2a54-46286d883c12
22500891,504,2026,3,3,22500891,dadaf366-e7b9-2c37-f360-181905cb7546
22500891,51,2026,3,3,22500891,d13324fb-e1d5-92aa-b677-9076b72bc1d8
22500891,53,2026,3,3,22500891,7470a1e2-ce6e-5745-63d3-50e147e89752
22500891,542,2026,3,3,22500891,8e13ef57-aba8-031f-d5dd-be09fa2f2af3
22500891,55,2026,3,3,22500891,5fb412de-f74a-801a-af56-e5509c2d4ca5
22500891,552,2026,3,3,22500891,2251b8bb-e45c-d9f6-a905-84fc4e3999ca
22500891,554,2026,3,3,22500891,7b87298d-8cb9-01dc-2ed7-ec57d12aaeb1
22500891,556,2026,3,3,22500891,9a65f2c3-1c05-27bd-93f6-523414cf47d6
22500891,569,2026,3,3,22500891,1083c283-28ee-c40b-b1db-5259b2edae83
22500891,571,2026,3,3,22500891,8710c174-87de-3b16-7d31-34a47d476f82
22500891,573,2026,3,3,22500891,1bf873d2-151e-c047-247f-f44b9f3d97a0
22500891,59,2026,3,3,22500891,484a9325-6529-54b4-8cf1-06e935c0154a
22500891,605,2026,3,3,22500891,1f32cdcd-6595-e028-d747-0f1bc90179f3
22500891,613,2026,3,3,22500891,a0cfa968-f64f-78da-c894-c2d6a4bd39ed
22500891,617,2026,3,3,22500891,388c28d2-c48a-cedc-4b9c-84b96146f719
22500891,63,2026,3,3,22500891,e1347a64-1bc4-4e19-ba67-483c8ece35b1
22500891,657,2026,3,3,22500891,38c60c6d-fc04-bae0-1392-7decfa4393d6
22500891,680,2026,3,3,22500891,5b9958a2-5cd9-61e2-c386-2e8faf48a3a3
22500891,687,2026,3,3,22500891,aeb4243f-cf47-596b-d277-acae1f4c35f8
22500891,696,2026,3,3,22500891,f5266479-999e-dba9-72cf-f2f7063fc68f
22500891,74,2026,3,3,22500891,b72e2e3b-774d-934a-a3b8-8be4df2f4a68
22500891,8,2026,3,3,22500891,fce05e05-f76d-9042-ea04-fcd732d74e5a
22500891,95,2026,3,3,22500891,ab5c1a00-f421-4e76-c5dd-8b50c995d8b3
22500891,205,2026,3,3,22500891,74449da1-a51a-45c7-27a8-20890a1401e3
22500891,226,2026,3,3,22500891,25d94519-f700-6bce-6f10-dd508fdbad47
22500891,259,2026,3,3,22500891,4230d16b-0a83-bc4c-f4fd-fd8c4b2659d0
22500891,286,2026,3,3,22500891,c83ec1e9-a981-1749-872b-0099cc2f3f5e
22500891,459,2026,3,3,22500891,6e42629b-8df0-5989-8ee4-e88e651dff43
22500891,473,2026,3,3,22500891,f0e0052d-fc4b-566c-15d1-02ac4971d751
22500891,537,2026,3,3,22500891,9db225d0-c157-e7da-3ca4-4b2dd094bf2c
22500891,544,2026,3,3,22500891,3d8a2eb9-78de-39c0-e2b6-2e45f0314ea2
22500891,619,2026,3,3,22500891,4c6d2051-4fd7-dd19-d00b-a745ca24137c
22500891,632,2026,3,3,22500891,b3f1902e-c036-54a2-0b88-33403e3bec68
22500891,669,2026,3,3,22500891,8e48f0ec-baed-1190-64a8-df561d91a899
22500891,693,2026,3,3,22500891,b6e55c59-e28e-6b08-8890-ecd933aac23d
22500891,699,2026,3,3,22500891,53126dbd-539b-80e3-467b-b60cd77944c0
22500891,715,2026,3,3,22500891,6f7d7768-f4ee-b24c-66c4-78f2739858f7
22500891,78,2026,3,3,22500891,634e346b-57ab-4338-b982-1e2ba9f9358d
22500891,10,2026,3,3,22500891,fe6abf23-da65-aefe-2261-700091554c63
22500891,103,2026,3,3,22500891,061a2507-6de7-3832-ede8-6de1f20114dd
22500891,105,2026,3,3,22500891,dff9c38c-4840-de18-8055-44a1ca4955f5
22500891,113,2026,3,3,22500891,5dda164b-cf9b-220c-f0a3-f7ad39ac0daa
22500891,12,2026,3,3,22500891,daacf285-9b84-0067-8b31-b8c27367ab6d
22500891,125,2026,3,3,22500891,6c547e5c-19b0-da32-ea34-bb8aaeab9590
22500891,129,2026,3,3,22500891,7f11e45e-bb20-c1ea-aba7-48ba93739a98
22500891,14,2026,3,3,22500891,40d1ac5d-e083-e7fe-e346-6143baa7742b
22500891,140,2026,3,3,22500891,bda3ccb3-3ac5-1141-ab93-5c610d1f04c2
22500891,150,2026,3,3,22500891,0f412d6f-a6b2-5997-f544-a4e65906feee
22500891,163,2026,3,3,22500891,3e2116f7-cc05-fe59-8053-a1defe7ba292
22500891,181,2026,3,3,22500891,6cfb0202-6b54-4db1-1995-6018d76143f6
22500891,183,2026,3,3,22500891,c058e9ce-97b1-f6e5-2e30-33bac81513b1
22500891,191,2026,3,3,22500891,76890b8d-9731-082d-e7e4-65d63d458a3b
22500891,197,2026,3,3,22500891,e37b64e6-8fc7-adda-4f0c-15f9e1e77c64
22500891,199,2026,3,3,22500891,13e7b3b6-5642-5b0b-29f1-01ce14dc5991
22500891,202,2026,3,3,22500891,aab4441e-aa58-2185-ed3d-905104c9d395
22500891,208,2026,3,3,22500891,a9f5a223-4002-5ca0-c133-0ea4b96537a3
22500891,218,2026,3,3,22500891,0ead0ede-2f9a-abdc-ddc2-0b5d416b4ffe
22500891,221,2026,3,3,22500891,16e41b84-66a4-892a-7e13-7bf01dcaace0
22500891,223,2026,3,3,22500891,74cc89f8-f956-4a4a-82db-ca0ac1d5ad86
22500891,229,2026,3,3,22500891,b72f125a-a888-0abc-810a-60152d2165a1
22500891,23,2026,3,3,22500891,51bdc67a-e399-03ac-e042-636d53811a66
22500891,240,2026,3,3,22500891,c9196525-e762-7df4-8cb0-fda2c90e04cb
22500891,241,2026,3,3,22500891,88606c09-2d8c-916e-4392-321bcb8a82a4
22500891,243,2026,3,3,22500891,59a8d8f4-0ffb-3dfd-34d9-4a2fc9cce3c1
22500891,245,2026,3,3,22500891,b7616592-9963-c604-ce51-63219e046751
22500891,246,2026,3,3,22500891,5a43d801-64a6-d0b5-d456-2ed88889dc53
22500891,249,2026,3,3,22500891,f87edf6b-b339-9dcd-96ee-98bbd6d8ed80
22500891,25,2026,3,3,22500891,463bc0f5-1f07-8ae3-88a3-b214102fe3f5
22500891,274,2026,3,3,22500891,8e91d28c-0165-5845-4db8-978b646e71f2
22500891,278,2026,3,3,22500891,289cfd1e-6f9a-7da3-0dc8-4744ca1e43c3
22500891,280,2026,3,3,22500891,b359c230-f485-1611-37d5-aff0fe5c7618
22500891,282,2026,3,3,22500891,7f752baa-ee2e-2cd6-8b98-482414cf915f
22500891,292,2026,3,3,22500891,26348380-7be4-e534-10ec-2c7d648599c4
22500891,294,2026,3,3,22500891,67edb94c-ac14-f3a0-fb01-256a3f6c7f77
22500891,305,2026,3,3,22500891,798095e5-e2b4-3347-9c11-84281e51d072
22500891,307,2026,3,3,22500891,cd4112f9-2388-a374-ff9f-d7c2c57e2ea8
22500891,31,2026,3,3,22500891,6ba94c73-e3f4-f140-6632-58d261f3e2ea
22500891,312,2026,3,3,22500891,d89575c9-f07a-0e92-8c0e-c03bcec4a0a8
22500891,325,2026,3,3,22500891,69b5680a-237f-7595-39af-82b40599bd78
22500891,327,2026,3,3,22500891,1d895e9d-f4d0-70b3-dd55-63b719abb9fd
22500891,33,2026,3,3,22500891,a4ca301d-b4c7-2cd5-ed69-6d6a97b598c3
22500891,334,2026,3,3,22500891,828398d5-a164-2f6b-c870-81b811c4befd
22500891,355,2026,3,3,22500891,af4c8896-19a6-dd1c-2ffd-cc62631f9ed8
22500891,357,2026,3,3,22500891,4ede7329-1c69-0ff3-6bd8-3539e0356c0b
22500891,365,2026,3,3,22500891,04cf4e74-1ffa-16b6-8d9d-aa647daf992c
22500891,37,2026,3,3,22500891,ee2f44ad-4056-24a2-5964-0a086f502042
22500891,373,2026,3,3,22500891,62535ba4-6e8e-5f94-5aab-65c0c9d6abc4
22500891,383,2026,3,3,22500891,bf72f29e-a6c4-75d8-b815-16e5826557b2
22500891,391,2026,3,3,22500891,bf356393-8b6d-3c47-7fb5-322207b4be49
22500891,393,2026,3,3,22500891,71807b49-b110-f235-c49f-9fe04abc642f
22500891,395,2026,3,3,22500891,7cf45d04-5c0f-f067-95df-f2ca7f31cabf
22500891,404,2026,3,3,22500891,9f723cf2-2c6f-3e34-172f-1f8cb60d7a0b
22500891,406,2026,3,3,22500891,c5850c9c-12dd-f96d-f49f-d2801e3d579a
22500891,417,2026,3,3,22500891,92c81d69-913d-d9d3-5147-894d5a8f1930
22500891,420,2026,3,3,22500891,6f33fca9-4b4e-5dc7-0f42-038ce0fa83db
22500891,422,2026,3,3,22500891,cdd953c8-9c14-f552-5a65-3e9339696795
22500891,44,2026,3,3,22500891,4b13a971-4dff-99c9-a54a-8b5d3cab811e
22500891,444,2026,3,3,22500891,5bf047fe-af0c-5914-b491-503c55b751d3
22500891,450,2026,3,3,22500891,aec0a763-c0e1-831c-1873-545cebe0bfa9
22500891,454,2026,3,3,22500891,9ec8701e-4e00-7d45-ae71-f2d98497c748
22500891,456,2026,3,3,22500891,5ec57218-1967-af44-4f09-b1b66d592a0b
22500891,458,2026,3,3,22500891,8ad614d9-efb9-d425-7485-c60144b3d3b8
22500891,466,2026,3,3,22500891,dea9ddb7-4e99-2d73-115b-ca39d6d51412
22500891,467,2026,3,3,22500891,8c3c19ea-7a35-5553-9b20-7218126ecaf2
22500891,470,2026,3,3,22500891,89b2d652-37ab-42e1-e28e-2d17b7e80a4f
22500891,471,2026,3,3,22500891,852162fb-e127-9bb6-1336-9d059e9ef2cc
22500891,500,2026,3,3,22500891,f89a2587-d4ef-0835-ef92-7b7cd245f663
22500891,502,2026,3,3,22500891,d45ccf46-b289-6abc-1ece-8134997828d3
22500891,513,2026,3,3,22500891,8102c9ec-2e95-e30e-fd98-9f726fb01e67
22500891,515,2026,3,3,22500891,98df5297-ba8c-3827-aebb-0e759fb168ed
22500891,517,2026,3,3,22500891,12869581-5f71-b041-dd65-4ac281b5494c
22500891,525,2026,3,3,22500891,ee03c684-a317-5c4e-88e8-b60b20d54771
22500891,540,2026,3,3,22500891,b1609f30-9add-adbe-b318-14d967fe9a10
22500891,558,2026,3,3,22500891,0dd903b1-810b-4084-8a13-237f422d62dd
22500891,57,2026,3,3,22500891,8a986676-0059-3440-f6fa-229ca51f2ff1
22500891,591,2026,3,3,22500891,6b5925f7-e32b-d00d-8218-cc780f688ca4
22500891,599,2026,3,3,22500891,96af9dc4-504c-a884-bb41-7aae051b4b70
22500891,603,2026,3,3,22500891,8d772c71-d4fd-8c61-938c-10f95d09d83e
22500891,615,2026,3,3,22500891,f4975001-48c9-a765-50b8-8c871a032632
22500891,635,2026,3,3,22500891,257d6ef0-82dd-59a6-c117-39e6292291da
22500891,637,2026,3,3,22500891,db1bc29e-29dc-b939-de7f-46c9882078ce
22500891,651,2026,3,3,22500891,8b236ef5-a0b0-b4b1-029d-e0ea5274b30b
22500891,653,2026,3,3,22500891,381c4384-bd22-7ae4-f481-b4e19ff96995
22500891,655,2026,3,3,22500891,99292a5c-03f8-1b47-ba0d-efacb538bf19
22500891,659,2026,3,3,22500891,e0583a3a-ba04-2a1a-34eb-0936dedc63f5
22500891,661,2026,3,3,22500891,92de03a5-f4a9-6773-531e-0d5c889bcb4a
22500891,665,2026,3,3,22500891,59da7881-b09e-bacf-1dc1-0fa8d3772d4a
22500891,667,2026,3,3,22500891,3529bc60-87d1-638b-d6d7-518fc7f0d809
22500891,676,2026,3,3,22500891,fa201e8b-4e61-b2f8-d966-580f203dc971
22500891,683,2026,3,3,22500891,63015b92-b0dc-ce65-68ff-e8d884c89a53
22500891,685,2026,3,3,22500891,eaf1d1c0-465d-5804-be52-2b1d6015e756
22500891,7,2026,3,3,22500891,2b344863-324c-f4b7-d818-84f42611b59c
22500891,702,2026,3,3,22500891,c07ea18a-10b6-2ef6-bc73-757d9ca3c87e
22500891,703,2026,3,3,22500891,730a3de3-ea62-d0b9-2817-4c8dd346c6c5
22500891,712,2026,3,3,22500891,77c830f3-dc2f-5aa4-4ac0-e16019d68d50
22500891,72,2026,3,3,22500891,18d3ee8f-e8a4-05ca-f678-4445483f49b4
22500891,76,2026,3,3,22500891,f8929af0-199e-4e66-6e7a-d2db3875e6b7
22500891,91,2026,3,3,22500891,d0e1ba14-904d-e289-b174-e95d87ed5b62
22500891,104,2026,3,3,22500891,bbfbcafd-f7d6-a7bd-a41b-e736c3c6de30
22500891,11,2026,3,3,22500891,72621f9d-12c1-42de-72ee-c7bf5d828162
22500891,114,2026,3,3,22500891,3e273dd5-270f-2355-d617-f09c4031f93e
22500891,126,2026,3,3,22500891,a44883f3-34a3-ae5f-829c-5839a578ab4d
22500891,13,2026,3,3,22500891,d8ec42c3-fc0c-224b-04e6-a31f26443229
22500891,141,2026,3,3,22500891,9e06c55a-6fac-95fc-0354-eaa6bf218e2b
22500891,15,2026,3,3,22500891,e7c7c831-3d70-c0e2-b035-01826999cb1a
22500891,182,2026,3,3,22500891,f7c5f942-da28-1a24-1866-fa531a5c0bfd
22500891,184,2026,3,3,22500891,cced4689-84fa-ba70-5c14-bcfd465573ef
22500891,196,2026,3,3,22500891,02f10f86-b7e1-2acb-f298-ccb3f779edd1
22500891,198,2026,3,3,22500891,584fcfa0-ee20-bb13-15d3-8beaf9400bf6
22500891,203,2026,3,3,22500891,73f361d5-7dc2-1c65-04a9-a6225e031751
22500891,207,2026,3,3,22500891,7c0c9dd6-eb23-c7e7-0f24-29458ca2b24f
22500891,219,2026,3,3,22500891,d9f7fa98-8e62-0d39-51df-3a084dbf35d6
22500891,222,2026,3,3,22500891,14ae7556-bce9-76db-324d-095b86c928df
22500891,225,2026,3,3,22500891,e4936550-f43e-0368-0a41-4135d64908a7
22500891,228,2026,3,3,22500891,6f20c72a-564a-0cdd-c46d-f37544be06f7
22500891,230,2026,3,3,22500891,e400c760-d4fe-6bee-442f-c82b0c32938e
22500891,24,2026,3,3,22500891,375e93a5-1b6c-7f84-7990-f2fa281ae525
22500891,242,2026,3,3,22500891,434242b0-fd48-e45d-c109-3f0f2421bcd8
22500891,244,2026,3,3,22500891,ca73419b-a3e8-a4f6-ccc3-2da084bc3a57
22500891,247,2026,3,3,22500891,72affd9b-9669-6bde-7ce2-af1f07acefdb
22500891,26,2026,3,3,22500891,18218f8e-b8bc-6512-0feb-9fd6d58699bb
22500891,275,2026,3,3,22500891,c5e109ae-7591-659c-baed-60785a4724d1
22500891,279,2026,3,3,22500891,92752e51-69b6-af09-3223-20e2e7ae9aaa
22500891,281,2026,3,3,22500891,fe3e33ca-f0b7-a89b-209a-004f27cbcb43
22500891,283,2026,3,3,22500891,317b7678-1299-3270-01f2-0e850dd2fcd9
22500891,288,2026,3,3,22500891,22dbef87-67dd-3c6d-3bad-44113a030e24
22500891,293,2026,3,3,22500891,16db5139-36a8-6d63-2bcb-bdb8641763e7
22500891,295,2026,3,3,22500891,7b8bbcaa-63ac-b2bd-0966-2bb8575d12db
22500891,306,2026,3,3,22500891,72de3fda-cad5-64f5-06ac-3530e798df3b
22500891,308,2026,3,3,22500891,f7901056-495b-4eb2-26d5-f5e9fdd17fe0
22500891,313,2026,3,3,22500891,05e9470c-2820-da5a-4848-c0cd1f7ecc93
22500891,32,2026,3,3,22500891,4d9c362d-d6e0-61fb-2fb3-ea085aea954d
22500891,326,2026,3,3,22500891,20a74ac5-a757-4b95-543f-f4b8dccc96f5
22500891,328,2026,3,3,22500891,1380dce7-c8ac-fcb1-a68e-34917f8fed57
22500891,335,2026,3,3,22500891,84a3de56-e441-a41e-730b-53610d91309f
22500891,34,2026,3,3,22500891,6022dc79-d7fc-6208-1e4a-0cc0329d9c5b
22500891,356,2026,3,3,22500891,3f5fafbc-61e4-693f-e175-c14cfab2f392
22500891,358,2026,3,3,22500891,9eab1442-a6de-5a0e-f928-9a6686a36df9
22500891,367,2026,3,3,22500891,bcd67ad4-fa30-435c-79e9-ff89123df8c7
22500891,374,2026,3,3,22500891,3a5c0d31-626b-77da-79ae-d905ab71bfc7
22500891,38,2026,3,3,22500891,8baa3835-3627-b803-0073-e48424a0d4ab
22500891,384,2026,3,3,22500891,1c7786a2-3940-6665-e0bd-bee8386d723c
22500891,392,2026,3,3,22500891,f5517a4b-1353-8a02-dc99-d092b43d5975
22500891,394,2026,3,3,22500891,3683954a-0060-cf75-7292-1696e977d41a
22500891,405,2026,3,3,22500891,b067c8a6-5c73-a43d-8a4e-c4aca5a866f6
22500891,407,2026,3,3,22500891,8d6da4a2-e1cd-d7a1-14e4-c7cd735fbf46
22500891,421,2026,3,3,22500891,dbd952b3-fb3e-df3a-68d1-c8f9f0eb9dae
22500891,445,2026,3,3,22500891,e51667dd-c849-c877-be2c-c7d9660eefeb
22500891,45,2026,3,3,22500891,307a4780-8088-b2f7-63ec-b49305fe43a0
22500891,451,2026,3,3,22500891,229f60b1-61b4-25c9-67a1-98dbb78ee395
22500891,455,2026,3,3,22500891,11dcf34f-e7c9-2599-684e-93e75337b21a
22500891,457,2026,3,3,22500891,2a939db8-af5d-d33e-f195-393ad8ffa8ea
22500891,461,2026,3,3,22500891,36685740-c544-14ad-c8c1-ae2fdbc0fe42
22500891,472,2026,3,3,22500891,7799a8c0-b334-79a2-db6a-904fef7313a3
22500891,501,2026,3,3,22500891,1d0ee8a5-269e-d900-272a-61a12a45ee42
22500891,503,2026,3,3,22500891,2a7cee52-6459-e905-4452-585ec13b84e1
22500891,514,2026,3,3,22500891,67cfae08-e890-d088-f6d9-3572ed561539
22500891,516,2026,3,3,22500891,f20db52a-b4cd-259b-d1cf-4aff413702c8
22500891,539,2026,3,3,22500891,7f9e9101-194c-450d-5a9b-f7cf9f97b91c
22500891,541,2026,3,3,22500891,1f7c2070-81c3-4b9c-f46d-8b8899642195
22500891,546,2026,3,3,22500891,bb2f37c7-53af-79a9-389d-e030c8807fc2
22500891,559,2026,3,3,22500891,358208b8-784b-75c9-6e80-5edc8f5ab865
22500891,58,2026,3,3,22500891,2441d9e7-186d-3552-601a-ffba8c878e00
22500891,592,2026,3,3,22500891,a90f59a6-42f4-78c8-33c3-68cb5e1c9cb1
22500891,604,2026,3,3,22500891,39c744fa-8a61-bc6d-9527-43db82d8710e
22500891,616,2026,3,3,22500891,30bea214-896b-a334-f05e-c0cf33710c0b
22500891,621,2026,3,3,22500891,9fe0178b-704f-7867-0aab-cf0e089c7a18
22500891,631,2026,3,3,22500891,4c9747a9-485f-7d24-645f-b5b0ef77b4d5
22500891,634,2026,3,3,22500891,ee498bf4-4a4a-f1bc-d244-05ad113d3e61
22500891,636,2026,3,3,22500891,d18bc6e2-24ce-f64b-640c-1c3c92d867f1
22500891,638,2026,3,3,22500891,2dd296e3-ae08-267d-6a9f-58cc64deb3ac
22500891,652,2026,3,3,22500891,3393da02-45b7-1063-7e24-4b842f826fc2
22500891,654,2026,3,3,22500891,cc79655f-7f99-a0c5-f3ae-5fc0164449cb
22500891,656,2026,3,3,22500891,2932e183-d379-9660-4d62-9149507d4e30
22500891,660,2026,3,3,22500891,95caea65-b93c-f2de-cf2b-700b13322cfd
22500891,666,2026,3,3,22500891,36545d79-45c2-e1be-95cc-c0d25bb55e5b
22500891,668,2026,3,3,22500891,94926082-1461-34f1-22f7-42c66f24b948
22500891,671,2026,3,3,22500891,8e1322b6-e2d5-ec0c-96c5-32af521871fb
22500891,677,2026,3,3,22500891,f61a0f10-3199-13ad-9a3e-a8fffa37d886
22500891,686,2026,3,3,22500891,15c1a3ad-5f7f-2537-b6fe-89f2e3d7daa3
22500891,695,2026,3,3,22500891,cab54713-aa50-4235-3c06-29ef38561566
22500891,701,2026,3,3,22500891,bcf087ba-4167-0fa7-c91a-de5c37ec3417
22500891,713,2026,3,3,22500891,e76e5d3d-a165-8edb-ccc1-87a6f7c20a2c
22500891,717,2026,3,3,22500891,d8451493-afeb-f0e2-ded6-3337ea7ae2a1
22500891,73,2026,3,3,22500891,4ad3605a-8858-81e4-acf5-6d8c86825049
22500891,77,2026,3,3,22500891,2286b6da-1d02-694a-0a5c-a8bf910f3b19
22500891,92,2026,3,3,22500891,f75c7cf5-cc30-4497-a41a-2f45239a3ac3
22500891,142,2026,3,3,22500891,4d5c3065-1682-528e-8614-34b9c2da791a
22500891,155,2026,3,3,22500891,26b0c33a-24b6-85ca-6fb9-6fa62ed6734f
22500891,189,2026,3,3,22500891,77665447-b6eb-b6dc-09cb-ea5b73f16d46
22500891,284,2026,3,3,22500891,a502f82b-ab96-fc6d-c915-c944cd3c322a
22500891,332,2026,3,3,22500891,b6626947-46e4-c2d2-d450-fc4adb3b0a08
22500891,385,2026,3,3,22500891,e7b3974a-558e-5034-74b3-38d6a2b0110b
22500891,39,2026,3,3,22500891,ecff2c53-8986-528e-e9ef-0de6f469d8fa
22500891,398,2026,3,3,22500891,540b3bae-b9c6-e579-edc8-0b41946ba02e
22500891,400,2026,3,3,22500891,1766f6d5-258f-ff88-d520-b9f1fea537d1
22500891,408,2026,3,3,22500891,73dbec54-8f51-a0ef-8c76-ca5e863e03ab
22500891,415,2026,3,3,22500891,9ad3d76f-dd3a-96a1-d493-0d2a9f74bae8
22500891,418,2026,3,3,22500891,0952a65e-99ec-278d-e12e-fa953e581fe2
22500891,430,2026,3,3,22500891,6801b7a0-6835-f43f-d642-00bdfcc9b105
22500891,434,2026,3,3,22500891,32b4aba4-ee88-719b-acae-09a4dcdeca53
22500891,464,2026,3,3,22500891,585042f5-66de-f869-85c7-867a01256975
22500891,468,2026,3,3,22500891,7d04108b-a5c9-f515-b59f-8548aede3a89
22500891,61,2026,3,3,22500891,b69f50da-c6ca-f5d6-72f3-86e38ddbf4a8
22500891,678,2026,3,3,22500891,4a16b663-4748-64e0-627e-dff14a3e2da6
22500891,93,2026,3,3,22500891,1c08c25e-2884-826a-e070-c54529a2af1b
22500891,122,2026,3,3,22500891,de3060af-41ca-64e9-1b85-d752072768f1
22500891,153,2026,3,3,22500891,7b371015-7fe7-9b2c-0e95-89d4e5feaa22
22500891,159,2026,3,3,22500891,d9f6f5f9-633f-b690-5eae-426c4efd625a
22500891,204,2026,3,3,22500891,aa10d252-3124-4115-6009-21164080a1cd
22500891,220,2026,3,3,22500891,58186d9e-a780-9030-b17c-2dcbf970199a
22500891,289,2026,3,3,22500891,faad53df-003a-356a-8d13-0d7a689041e5
22500891,298,2026,3,3,22500891,059a1da9-ac79-2922-62b7-39dfa379d231
22500891,309,2026,3,3,22500891,edac12f1-d158-c4eb-2253-788aa4b87ce5
22500891,319,2026,3,3,22500891,23ee2865-1f05-5d9f-03c2-4605cc12aac4
22500891,322,2026,3,3,22500891,11dd8cfa-0b7c-3f90-581c-066f83e1471b
22500891,336,2026,3,3,22500891,89af0b88-7aef-ae03-5230-5af272be2faf
22500891,339,2026,3,3,22500891,cc323b72-fbfc-c33e-2223-f6e11e6a80d3
22500891,372,2026,3,3,22500891,6bae5b3f-8d52-7aa1-6af0-0959db07d136
22500891,387,2026,3,3,22500891,5b97bf19-6a75-1d19-e177-b23d14fe516d
22500891,443,2026,3,3,22500891,2c913625-677b-cc84-8e7b-268b9ce015e9
22500891,491,2026,3,3,22500891,f26f6db8-e90a-2e57-0f0a-8e2261d01e95
22500891,512,2026,3,3,22500891,86b77def-0eba-fcb9-a017-eddf8b0c8274
22500891,641,2026,3,3,22500891,fbfc1020-06f6-7689-45ca-9a495d1db52a
22500891,719,2026,3,3,22500891,54cb070e-d022-78aa-c3b4-0f2437e9fd53
22500891,86,2026,3,3,22500891,a810ad7f-9d6c-2bc0-8433-a3f23fa3ff22
22500892,100,2026,3,3,22500892,5fccb0a6-8160-6482-baac-84166be76104
22500892,119,2026,3,3,22500892,0b101be5-409f-2c9e-0c0e-4c59c3126271
22500892,13,2026,3,3,22500892,93f4ccf9-7110-611c-b0e9-5edcdbd3b338
22500892,141,2026,3,3,22500892,022aca30-5df0-ec07-e9f4-60faecf173ec
22500892,143,2026,3,3,22500892,af4f0c15-4089-8c9a-a792-59c8145d15a2
22500892,15,2026,3,3,22500892,6cc8a9a2-e724-1580-eae2-2c86696d2ea4
22500892,162,2026,3,3,22500892,17d63d25-9648-5d43-741e-e5cf3976e9dd
22500892,170,2026,3,3,22500892,787c719a-6fbd-907f-0f0e-47b81eb4b3c4
22500892,185,2026,3,3,22500892,eaece64c-bc4a-8174-8fdb-7bda60be9b9e
22500892,187,2026,3,3,22500892,3a740b72-9bc3-ff0b-8ef7-2f11b00e943b
22500892,204,2026,3,3,22500892,0c75bcc1-d582-8223-a047-2472629f4cba
22500892,208,2026,3,3,22500892,54bbb95c-3099-23d0-8a3a-47b40accedb9
22500892,212,2026,3,3,22500892,b1fc8652-e42f-0694-b82d-da83afddf4df
22500892,230,2026,3,3,22500892,b8879112-d857-20e2-f81d-94cbe7299781
22500892,247,2026,3,3,22500892,765f252b-dded-46fa-07e7-219c59cb97b6
22500892,249,2026,3,3,22500892,7a0a13cc-708c-f0db-c729-3f65dae2b336
22500892,263,2026,3,3,22500892,ffb8f7ed-da11-0a86-9fa2-6c907721f489
22500892,287,2026,3,3,22500892,787da8c1-9208-0350-7806-c660768babfd
22500892,289,2026,3,3,22500892,9c9e9624-d787-3a38-a609-72fbbb2cfcdf
22500892,299,2026,3,3,22500892,5e0cec46-4493-bb5c-9f0d-b7e9c2de55f5
22500892,309,2026,3,3,22500892,8e0ca750-331f-b506-ddd9-252c5e737b40
22500892,311,2026,3,3,22500892,ff23b652-eec9-9d0a-0f0b-ddcb4307bb1e
22500892,314,2026,3,3,22500892,7e9fb3f5-ce94-7d12-2f3c-8c59eed13c95
22500892,32,2026,3,3,22500892,019cf75f-6cd7-7cff-b684-e0b5861c238f
22500892,342,2026,3,3,22500892,f73172ca-12fb-d066-7bc4-128d815d4133
22500892,345,2026,3,3,22500892,6c043fb1-e797-f0e7-0e88-33bd53230e30
22500892,369,2026,3,3,22500892,43ce6c45-20a7-ad3c-9cbb-9125b732fc2e
22500892,378,2026,3,3,22500892,bb473eb7-08cc-8180-724c-b82b6672d5b9
22500892,38,2026,3,3,22500892,63c09ed2-b06a-5385-4cf0-5acbe3945280
22500892,406,2026,3,3,22500892,5d9b1caf-67bb-74cf-5214-0a34e5830b84
22500892,410,2026,3,3,22500892,79aad677-2c61-0acf-88fd-5eb1010e31c2
22500892,421,2026,3,3,22500892,d6fde2b9-46a6-f466-5fb4-8061ad54da0e
22500892,425,2026,3,3,22500892,084789d5-2042-a079-5f98-0bb18fb9a0c8
22500892,430,2026,3,3,22500892,989f26dd-eec9-30a6-5e1e-949f54cefe18
22500892,455,2026,3,3,22500892,a70d378e-a98a-2e48-6260-783d11888e48
22500892,461,2026,3,3,22500892,d473e520-693d-9edd-3956-315389ce4221
22500892,467,2026,3,3,22500892,4723b8db-2f5a-9dbd-b85b-7745c2555f27
22500892,478,2026,3,3,22500892,4898f4e2-990c-36e7-e64b-4f296cc9469f
22500892,496,2026,3,3,22500892,42765aa2-85a1-45b5-85f6-4969199d1fb3
22500892,498,2026,3,3,22500892,bde5a016-de53-9bde-9145-5788bad9d913
22500892,525,2026,3,3,22500892,bfbfb211-a4fd-20c1-e621-56bde4f612f8
22500892,536,2026,3,3,22500892,9f1762d9-f809-0710-5dd0-96e528e7d4a9
22500892,542,2026,3,3,22500892,65b4719b-047e-3618-8040-2e377e9075fb
22500892,554,2026,3,3,22500892,7b95336f-ed18-7f58-4cad-bbdbae89f65c
22500892,558,2026,3,3,22500892,97773c0a-dd28-babb-c96f-44db1f69bd98
22500892,570,2026,3,3,22500892,6f6b4ef6-4082-bb7e-5c79-b552092fa0da
22500892,584,2026,3,3,22500892,28358ebc-ec8b-6294-2f55-1e81b31f300b
22500892,588,2026,3,3,22500892,026f4390-6a02-5887-5f23-ac215f4ac54e
22500892,59,2026,3,3,22500892,89546788-0555-3caa-c07e-6e0ef5039868
22500892,61,2026,3,3,22500892,2a682b90-46f3-26c2-81e5-b3247a984480
22500892,620,2026,3,3,22500892,67950c67-6ddc-8f35-2328-da6d2497047e
22500892,636,2026,3,3,22500892,807d27c3-bc20-fca9-267a-29e4c7eaaddc
22500892,640,2026,3,3,22500892,4a956165-536d-b369-ccb2-a7569dc0cf04
22500892,645,2026,3,3,22500892,e21b7e61-6e87-af9e-ad84-adfaf4b9bbec
22500892,66,2026,3,3,22500892,0bd62924-f4ee-5174-2ebf-f6e79d0f29d1
22500892,8,2026,3,3,22500892,52c33cc8-c10f-1b5d-5b05-22ece9dedbd5
22500892,189,2026,3,3,22500892,448494e5-ba72-e591-5149-0ba97bde1c56
22500892,196,2026,3,3,22500892,0178e8d0-d9c6-eafe-5279-a386633a6f4d
22500892,413,2026,3,3,22500892,81a90935-58bc-698d-56ec-c66dc8697bf2
22500892,416,2026,3,3,22500892,db6b0f63-7aff-976f-9556-8cf526018abc
22500892,471,2026,3,3,22500892,6777f081-b151-94ff-6b20-31fc40717a21
22500892,10,2026,3,3,22500892,4497f43a-5b71-b565-e871-9c69b6c67c48
22500892,102,2026,3,3,22500892,5d37a16c-196b-83b0-8972-723237e43f1e
22500892,104,2026,3,3,22500892,c0a6b72e-4ac5-47a7-a748-05d44357b8f3
22500892,105,2026,3,3,22500892,7fefe95a-b48c-8da1-5aa4-0cd2a8fb953f
22500892,108,2026,3,3,22500892,eb2e30a6-977e-1047-084d-58743b262b7f
22500892,11,2026,3,3,22500892,db756dd6-644c-f925-c7e5-008889f63341
22500892,116,2026,3,3,22500892,f9127373-a8ea-4b22-04df-c0091a6038ca
22500892,118,2026,3,3,22500892,0477b8df-1132-b779-8f7a-a93eb5054f2b
22500892,127,2026,3,3,22500892,3b820f65-6586-42e7-0cd6-e30d2d73d09b
22500892,134,2026,3,3,22500892,865dee02-012f-eead-a81e-04a340ebc022
22500892,135,2026,3,3,22500892,96787884-9f78-fe57-d5b1-0a22d4475e45
22500892,137,2026,3,3,22500892,c90ee7e1-6027-1e89-920e-59d4410ff83e
22500892,139,2026,3,3,22500892,01394670-fe4e-59a5-cbb1-5ff2a61f045a
22500892,147,2026,3,3,22500892,e5b20774-06b4-11b4-6c40-aa6779702bfd
22500892,148,2026,3,3,22500892,f7f3410b-f860-779a-8fb9-b19715f90737
22500892,150,2026,3,3,22500892,b91e1587-6fc8-bccd-7405-45eb1e66a2f3
22500892,152,2026,3,3,22500892,81221b02-a8d5-d7ec-2d07-684f2b60cb40
22500892,164,2026,3,3,22500892,f84fbfd6-57ca-ad83-122c-0c4eda2da9ba
22500892,166,2026,3,3,22500892,ec294b34-1b7f-4913-c8c8-0c374ee3c2b7
22500892,168,2026,3,3,22500892,acd03db8-c0f8-8fdc-e4e3-4716b02ed0df
22500892,177,2026,3,3,22500892,32f4a8ba-19ed-785e-9dd4-00e8bdc9a7f4
22500892,179,2026,3,3,22500892,8b204ff5-d7f7-cc4c-416e-60d768ec972f
22500892,181,2026,3,3,22500892,832c3b1e-e437-a7c9-57b0-3425e677db45
22500892,183,2026,3,3,22500892,ddc2e6cb-a137-0c57-23b0-e6a1948a8bf0
22500892,19,2026,3,3,22500892,a33e54f0-dc60-aec4-aa6b-8151f17e0d6f
22500892,192,2026,3,3,22500892,7fc3ad77-47d3-663f-8701-674c011ab075
22500892,194,2026,3,3,22500892,6cc271d8-164d-5098-a45f-831cfc472a77
22500892,202,2026,3,3,22500892,b10a92fa-6c49-88bc-c59a-0812bc2928a6
22500892,206,2026,3,3,22500892,025e588e-3e45-4305-3f01-88ac6f481d81
22500892,21,2026,3,3,22500892,56d647c7-b6aa-f26d-bb26-7e685d0610d9
22500892,239,2026,3,3,22500892,61911564-32f9-2237-267a-3c151dcdc180
22500892,24,2026,3,3,22500892,d118fe35-effc-217a-9bed-af1cb82cd475
22500892,251,2026,3,3,22500892,37492f4f-825f-95d2-32b6-a2c8923a1d7e
22500892,252,2026,3,3,22500892,02b3e18d-0f0c-2404-fe75-5fe287cab3e5
22500892,253,2026,3,3,22500892,874285b7-fa94-d68d-57e8-3f97def9a5b5
22500892,255,2026,3,3,22500892,29f7c8a8-7756-563a-ad81-31affe7bd936
22500892,256,2026,3,3,22500892,14bc6247-afbf-26d3-8c05-37a42fbb119d
22500892,258,2026,3,3,22500892,305fb36e-f34a-2889-cfba-8c8272fd6c52
22500892,259,2026,3,3,22500892,bf2e4ff5-dec3-1183-0161-7f81a00894a3
22500892,261,2026,3,3,22500892,ca7de4a9-c1e1-81a7-8ee8-0d37edc05509
22500892,268,2026,3,3,22500892,c8e2a619-5ac8-56dd-90c2-9e54d1a85699
22500892,273,2026,3,3,22500892,e7710dee-5c00-efd2-2b44-71925edd6e3f
22500892,277,2026,3,3,22500892,935e0fbc-d73d-afda-ae3a-92eb57584bef
22500892,281,2026,3,3,22500892,b8913806-9d2b-8e6d-c650-9ef508264276
22500892,283,2026,3,3,22500892,722c2321-5b72-e176-80c5-ec2a4e4b4bb7
22500892,296,2026,3,3,22500892,aa469aa0-fcc5-d2dc-6f62-d0c697fdc6f8
22500892,297,2026,3,3,22500892,cd551927-140b-943e-3b1f-f0e1c5376f7b
22500892,307,2026,3,3,22500892,66272020-eff1-478e-7444-7c2323a0aef4
22500892,316,2026,3,3,22500892,d5302376-5a8e-6c02-6422-cbdde2f37513
22500892,318,2026,3,3,22500892,46416558-6318-7661-3a79-30398611cefb
22500892,324,2026,3,3,22500892,f09b5e75-0645-da95-eb37-a7b393c5e0d8
22500892,334,2026,3,3,22500892,a71fd534-262b-daed-3172-15814509ac3c
22500892,347,2026,3,3,22500892,bc5a2871-698b-047a-b6af-46023fd84878
22500892,354,2026,3,3,22500892,942ce8da-d036-4774-abbe-8276f702569d
22500892,356,2026,3,3,22500892,ef828da1-302e-ccfc-dc12-14c70ff396f7
22500892,358,2026,3,3,22500892,aed8f44f-d6b8-9cda-5a82-4b63a3ea2242
22500892,360,2026,3,3,22500892,2d625993-87f1-990d-3efd-b24e250b5a89
22500892,361,2026,3,3,22500892,cbc0d233-e385-b484-66ea-c2ae1e5380a6
22500892,363,2026,3,3,22500892,c83feb26-a060-bc91-4ec3-0f3b1bab49ec
22500892,365,2026,3,3,22500892,22465c98-d992-1ca7-1486-68242886e3b3
22500892,367,2026,3,3,22500892,2ed62bd7-71ee-5b8f-25dd-1c82fdd81084
22500892,371,2026,3,3,22500892,b5e2fdec-02a3-55b2-4f70-39fcf871fbd6
22500892,373,2026,3,3,22500892,88bd8193-87f6-fc31-065b-001a7e21e6d4
22500892,387,2026,3,3,22500892,bcf65c6e-ef88-cb38-0597-457d2262d707
22500892,389,2026,3,3,22500892,f079b893-287a-1268-1e5a-38d4b1c998e0
22500892,396,2026,3,3,22500892,c5796bb6-fef6-a507-6fbf-8a8186b58702
22500892,40,2026,3,3,22500892,46d687e6-2093-4c13-1790-7ea277d2d701
22500892,401,2026,3,3,22500892,1a06ebbe-a2d6-e978-8881-6a47cb61124d
22500892,42,2026,3,3,22500892,6b0c08c4-64e9-766e-4209-430a91c06e6c
22500892,426,2026,3,3,22500892,1fb47846-d719-a919-52a1-d852bece8253
22500892,43,2026,3,3,22500892,af0d401c-e037-2708-aac8-84d04af316c4
22500892,431,2026,3,3,22500892,27b7568a-9171-0082-7f36-f97f51369843
22500892,433,2026,3,3,22500892,6cef52fa-d676-2fe0-6445-076fff019978
22500892,435,2026,3,3,22500892,8d595ef4-d7da-1f86-9cb5-8178187fe7f3
22500892,459,2026,3,3,22500892,8f10e900-61ee-73bb-91ac-af6fbc8c65b3
22500892,46,2026,3,3,22500892,bcca8558-2267-262f-83f5-aec406defbd4
22500892,465,2026,3,3,22500892,0c90236a-a726-250c-0aa0-3c72a4e73b57
22500892,476,2026,3,3,22500892,7107d957-84ac-ee7c-2d17-7dfd8d27ff8c
22500892,482,2026,3,3,22500892,0aa88e0e-5de2-7ecd-ecd8-7197c88c3984
22500892,484,2026,3,3,22500892,f5705009-aa49-c587-cef5-72156adcbe0b
22500892,486,2026,3,3,22500892,97dbb22e-0a3a-7d4b-11da-a88784c1f28b
22500892,488,2026,3,3,22500892,b7b98c85-a8fb-6b09-7b89-a0f30921c5e6
22500892,501,2026,3,3,22500892,12880c7b-05ce-52de-f05a-80ac2f5386c2
22500892,511,2026,3,3,22500892,6ff65d01-c941-376c-7e08-d8cb7ddc12c2
22500892,512,2026,3,3,22500892,5f232538-4b08-1e3d-ba4b-d70009ce4ccc
22500892,514,2026,3,3,22500892,17f13cd3-b2e7-a196-aada-013aab8d682a
22500892,516,2026,3,3,22500892,1b39ea2f-4eef-d80e-3881-fe972ca4c8ca
22500892,518,2026,3,3,22500892,ea8546f2-f0e7-5bee-e668-782edf7bd714
22500892,534,2026,3,3,22500892,9a1c79d4-9f40-4860-efa2-2e35f5b0c251
22500892,544,2026,3,3,22500892,a7c88775-e483-430f-57d9-de852c9c9d8a
22500892,546,2026,3,3,22500892,6bc31cae-6977-6b82-d4de-57ae7049907b
22500892,549,2026,3,3,22500892,b35e641d-5ea1-c52b-807f-d575b821ca1c
22500892,556,2026,3,3,22500892,6d64da67-cb33-0333-137f-d36a1f5248db
22500892,557,2026,3,3,22500892,dea2c558-73ee-27e5-d427-e52b1086f214
22500892,560,2026,3,3,22500892,2c60171e-dff0-dcdc-3e10-1b5bcd48a4e6
22500892,564,2026,3,3,22500892,4cd66164-42d2-5273-358e-138a2d85db7c
22500892,566,2026,3,3,22500892,7ec2cb5c-4034-1168-658d-4a5912327f7b
22500892,57,2026,3,3,22500892,3800dfd8-55bc-1405-a23d-3b909643902b
22500892,572,2026,3,3,22500892,ef042dd8-8297-24bb-4615-613b1485be99
22500892,590,2026,3,3,22500892,944cbec8-cd55-5dd6-b6e3-e3eba76ddcc4
22500892,595,2026,3,3,22500892,619a7a5f-3fce-cf3a-06ac-d328affa6dee
22500892,597,2026,3,3,22500892,e33c3a48-b7a1-78a6-6a7f-84041d1b71b2
22500892,600,2026,3,3,22500892,7beb02bc-ec8e-76eb-8a03-c598c2c59b6d
22500892,605,2026,3,3,22500892,1a8e6ca1-0e5e-c70f-9c36-424e6256b0d9
22500892,614,2026,3,3,22500892,14757cb2-c61c-3210-b0f7-8377cb412887
22500892,616,2026,3,3,22500892,c02e071a-ee73-a6cd-fba7-025910d698f0
22500892,618,2026,3,3,22500892,f5fdf5d0-6d51-e7e4-23d2-fc42cc5956b8
22500892,627,2026,3,3,22500892,c91aecbe-a394-84fc-4842-ca453eb8c98b
22500892,628,2026,3,3,22500892,699b6147-c19d-64cf-8955-d8e0552750d1
22500892,63,2026,3,3,22500892,646ec320-2cda-f9c5-a6cd-d8773dc77521
22500892,630,2026,3,3,22500892,614344eb-0813-9f2b-ae10-6b96ded7faba
22500892,632,2026,3,3,22500892,13661c18-222b-f558-a91d-d198790a699e
22500892,634,2026,3,3,22500892,7129ac0b-166e-1216-fba7-6692d0aba12f
22500892,638,2026,3,3,22500892,7c42704c-c8a3-9621-56d4-74af32643954
22500892,643,2026,3,3,22500892,67e6ac77-abe7-7d0d-c35e-37349e54ce31
22500892,647,2026,3,3,22500892,d5ac43a5-3a02-ea9c-ce07-f95522e63399
22500892,76,2026,3,3,22500892,8317147c-e572-7bf9-7082-f5a9508731ed
22500892,78,2026,3,3,22500892,4d98fb05-1874-7fc2-7fdb-9453b3ed6a20
22500892,80,2026,3,3,22500892,12d7d79d-2a8b-4265-5452-f4043c3a5967
22500892,82,2026,3,3,22500892,a8f357be-1dc2-3f2c-9514-201ce969a837
22500892,99,2026,3,3,22500892,ccf4aa96-ff7b-304b-304c-8cedb25c3ed9
22500892,103,2026,3,3,22500892,0a57534c-aee6-9f99-7747-7e835f24a345
22500892,107,2026,3,3,22500892,fed794a6-dab9-5cf3-c8c5-7146d9cc5006
22500892,117,2026,3,3,22500892,70b41af7-19b3-ce46-8e61-4bfc19a80d38
22500892,12,2026,3,3,22500892,6a1fcd30-c967-5530-2105-7e7774c9ecb1
22500892,126,2026,3,3,22500892,474410e1-557c-cbc9-6adc-6844ee472e1c
22500892,128,2026,3,3,22500892,ec48c218-0a06-2c4c-4ffb-cf4913284d79
22500892,136,2026,3,3,22500892,4f5d69af-c6ff-b6e2-7a59-7152fc22c1b8
22500892,138,2026,3,3,22500892,b734ffef-c67c-fa45-56c7-50b3ec5d13de
22500892,140,2026,3,3,22500892,5e6514aa-5420-3cf7-71cd-c801ec5f9d70
22500892,149,2026,3,3,22500892,dfa8e1a9-8332-ba32-d220-4d2e04cc1831
22500892,151,2026,3,3,22500892,688a8de0-2f00-67f5-55ff-84d1d313c384
22500892,165,2026,3,3,22500892,c29ce547-6d8e-05dc-42ed-42a8dcda7c73
22500892,167,2026,3,3,22500892,6c72fe42-56e0-8ab6-c2ec-010d88593132
22500892,169,2026,3,3,22500892,82b6a013-29c3-b9e4-1ead-3879b823d3f0
22500892,178,2026,3,3,22500892,b94ffeea-dd98-64de-6ca0-20a394e23c62
22500892,180,2026,3,3,22500892,c428b742-322e-f622-7eb6-68c17a519d96
22500892,182,2026,3,3,22500892,9928d3a2-ff3b-ab8b-40e7-a51ab00470a6
22500892,184,2026,3,3,22500892,1c5be88e-05a6-b53a-0f02-1efd7afcf78e
22500892,191,2026,3,3,22500892,e6434f69-4cff-e885-178b-6c997274c0fd
22500892,193,2026,3,3,22500892,8381162f-273c-7ae4-81b7-34b5a519ff07
22500892,195,2026,3,3,22500892,d1424bab-549c-6019-6c7f-9fe6119d9f04
22500892,20,2026,3,3,22500892,8f877b88-3cb4-deb2-7205-908e19a04d0d
22500892,203,2026,3,3,22500892,e3ab3768-e926-0e34-69c2-85232b916760
22500892,207,2026,3,3,22500892,7241209c-f162-7aaa-685d-e92d851a86f3
22500892,241,2026,3,3,22500892,40e6a14d-bf8e-7aec-5d67-6a4712daf689
22500892,25,2026,3,3,22500892,6364c95e-ccad-3fcb-43ae-8a4f11d28904
22500892,254,2026,3,3,22500892,3ca848da-1aa9-5e56-3612-0611ee6a3dc1
22500892,257,2026,3,3,22500892,662c10ea-e3dd-2f11-5ffb-2cf5ac9e026c
22500892,260,2026,3,3,22500892,d3039f97-a61a-da3b-0c21-ff40095e03f9
22500892,262,2026,3,3,22500892,efc33cd0-05eb-34c0-44e5-b1d4a0c57611
22500892,274,2026,3,3,22500892,2b2f26f6-ad90-a0e5-d036-17c5e3d27778
22500892,282,2026,3,3,22500892,b17a2bc5-2b90-b695-9501-319fa5fb5e5a
22500892,284,2026,3,3,22500892,2dde3279-ac7e-c14b-33a5-a63f3fbf19fa
22500892,298,2026,3,3,22500892,27fb74c3-217e-6fe2-f6f2-4dc1b947b48d
22500892,308,2026,3,3,22500892,145b0bc7-780b-bd06-ee6d-24b4b5807ebe
22500892,317,2026,3,3,22500892,27430215-4f9e-794b-5baa-8606109eec12
22500892,319,2026,3,3,22500892,3206a318-c730-eddf-c800-29d68939343d
22500892,335,2026,3,3,22500892,2ef5bf3d-b849-8766-109d-08de65454d97
22500892,355,2026,3,3,22500892,9390c729-4530-b0c0-4280-dbcfa64a02c4
22500892,357,2026,3,3,22500892,b9bdcd14-7700-08fd-399c-dc4138b97d77
22500892,359,2026,3,3,22500892,734b01e3-0fd9-4adf-acd8-4930f7a9abb5
22500892,362,2026,3,3,22500892,a87411eb-4a96-3f25-155c-40d94c2932e1
22500892,364,2026,3,3,22500892,6001c024-a66d-4568-cc2d-0fc9b3c4ee99
22500892,366,2026,3,3,22500892,a49dc8e2-575e-ac4f-f5f4-7bb1128cce6f
22500892,368,2026,3,3,22500892,a47dacf8-c571-bd79-34f5-20969ebd5535
22500892,372,2026,3,3,22500892,4c818410-7a82-3c75-07e5-201191f5cf02
22500892,388,2026,3,3,22500892,cdea847a-8190-5df9-46bb-d7b3e0a5bfb3
22500892,397,2026,3,3,22500892,b202dc8d-ff39-f3a3-b785-8466cb7dd096
22500892,402,2026,3,3,22500892,171a628e-ed34-ed04-84b8-46c57c32467e
22500892,41,2026,3,3,22500892,d1e36440-7eec-24d7-271d-98e0f93035db
22500892,415,2026,3,3,22500892,79d33577-e570-cea5-d736-24a604946f26
22500892,432,2026,3,3,22500892,0e13dfaa-1e84-2f37-2667-4b9f714172ab
22500892,434,2026,3,3,22500892,0fb4ca7d-8287-2981-ee6e-ed585abb717e
22500892,436,2026,3,3,22500892,b81021c4-505b-922b-3f7c-dcc0a70493a0
22500892,460,2026,3,3,22500892,36de888a-3d6f-f85e-9706-123135d08c05
22500892,466,2026,3,3,22500892,d45542f0-57bf-ac45-61f4-df50f6433fe7
22500892,473,2026,3,3,22500892,b2fbf436-9c53-66be-db39-beaa58acc461
22500892,477,2026,3,3,22500892,cdccbba6-da33-edb3-5716-ff38eff1c710
22500892,483,2026,3,3,22500892,77fa2899-5688-19a3-87b1-3b7595afadba
22500892,485,2026,3,3,22500892,dda5bf33-87ef-0b27-3896-7414c8531865
22500892,487,2026,3,3,22500892,85292310-d01d-5385-349b-f4ec0639a584
22500892,495,2026,3,3,22500892,553a5ed2-89e9-2dcb-a109-6783af87fec6
22500892,502,2026,3,3,22500892,af1f0def-6cda-c4a8-1e10-f21ab7b3ec94
22500892,513,2026,3,3,22500892,74f7d7db-b544-28f0-0ec3-8fdd2cd26381
22500892,515,2026,3,3,22500892,0eab531c-9154-933d-ad35-78799b6823f2
22500892,517,2026,3,3,22500892,4cba52bd-cb2a-f521-05f1-7797a21bdcaf
22500892,519,2026,3,3,22500892,36ee248a-054a-6664-1ddf-0c41c7f2f0dc
22500892,533,2026,3,3,22500892,2acc6486-6acd-a6b2-00b7-4b5ad405db50
22500892,535,2026,3,3,22500892,e1b479dc-86bf-d223-5fdc-8ac1f47e6ca8
22500892,541,2026,3,3,22500892,1ff710e7-63b2-c874-ebb1-f33c42fc9bd2
22500892,545,2026,3,3,22500892,5083f83a-9026-2c39-8131-bcf4fdc4058d
22500892,561,2026,3,3,22500892,0ffb076a-2251-de38-d748-aef1a129f2c7
22500892,565,2026,3,3,22500892,33176366-e034-a9fa-d8b0-33a6cf3f0fb4
22500892,567,2026,3,3,22500892,7e48976b-efc8-6b0e-caee-af233c12a0ce
22500892,573,2026,3,3,22500892,30357de8-e49f-d36e-c7ba-1e10a1a4a4e5
22500892,58,2026,3,3,22500892,3a812c72-1f72-e117-ca20-c7f8b9e715ca
22500892,596,2026,3,3,22500892,0d471aa4-a929-87dd-deca-6aff764985ef
22500892,606,2026,3,3,22500892,54250501-b389-1835-e7e7-00f87c975bc4
22500892,615,2026,3,3,22500892,2e6a8478-fd64-b193-ab48-02ab03da7857
22500892,617,2026,3,3,22500892,2cb0eb05-cc18-b346-3c20-8a2237414b9a
22500892,619,2026,3,3,22500892,fe140df8-cc2f-b9de-75fe-6572e617de62
22500892,629,2026,3,3,22500892,7249e133-64a0-9e43-6675-96eead4d8218
22500892,631,2026,3,3,22500892,06203055-6db6-fbfe-1653-63e20a955d9d
22500892,633,2026,3,3,22500892,8851c552-4229-0fd6-2267-d030c3e954ae
22500892,635,2026,3,3,22500892,e4abbae7-8df2-f533-07b7-f59b74cc51af
22500892,639,2026,3,3,22500892,e43f9500-cc2b-125f-64b9-caf5173549b0
22500892,644,2026,3,3,22500892,a6e8d9eb-060e-f08b-3a5a-bcf3db3c6d5f
22500892,648,2026,3,3,22500892,da92a4e9-3ba9-78ac-5028-34ab50f975c0
22500892,65,2026,3,3,22500892,328cd29d-a8f8-c86e-41e6-67dc43fbd963
22500892,77,2026,3,3,22500892,d712871e-83ce-da5a-d417-49210158b8f1
22500892,79,2026,3,3,22500892,f60ec4e0-596c-685e-5c35-3c9029d0c7f3
22500892,81,2026,3,3,22500892,3cee504b-89ad-cfa0-c5f9-56df95aa6541
22500892,83,2026,3,3,22500892,6b586f54-aed8-8515-049d-92f1bcc2b9ba
22500892,17,2026,3,3,22500892,438a547f-58d2-fc5d-56ce-fe1a76b34a20
22500892,210,2026,3,3,22500892,59da2bf2-4fc7-aeb6-0eb6-57d11dcbde90
22500892,245,2026,3,3,22500892,d62946cf-11f0-055e-334d-523d25263075
22500892,275,2026,3,3,22500892,c1c2ec4e-bc81-2ce3-90b9-1afba1aede3c
22500892,285,2026,3,3,22500892,d2446cb2-fb0c-ca0d-48d6-b271f1020393
22500892,30,2026,3,3,22500892,aa45d7fb-e278-b092-90e6-9d2e85f389ff
22500892,343,2026,3,3,22500892,6a573302-dcb8-9599-ff45-666eb9630be8
22500892,36,2026,3,3,22500892,00e77479-8694-0dfd-b1a9-86e03b7c2b03
22500892,376,2026,3,3,22500892,601ffd9c-e214-478d-53de-1da01533b527
22500892,404,2026,3,3,22500892,2fbbdc40-b719-ea36-7e96-1c91906871ef
22500892,408,2026,3,3,22500892,8ac2a5ce-922c-fcd2-6c45-e375db710ce6
22500892,423,2026,3,3,22500892,40eb365d-5535-43c1-e665-1fe2e4ab7aa9
22500892,451,2026,3,3,22500892,5875a2e7-acae-4e25-12e2-56012c511001
22500892,463,2026,3,3,22500892,4ab3c9f7-be46-17fb-8189-2e8f1cf8a44f
22500892,480,2026,3,3,22500892,9c68cbf1-49bd-6db2-53eb-479826f77738
22500892,49,2026,3,3,22500892,85ff61e2-aed3-190e-fe60-d85005aba787
22500892,547,2026,3,3,22500892,de68a03e-ca62-0b89-1f59-492cf943c6eb
22500892,568,2026,3,3,22500892,9cac10c6-7332-df3e-e19b-6950c53d2c71
22500892,582,2026,3,3,22500892,8105aea5-25c1-a6ff-fa64-664d3dd67299
22500892,598,2026,3,3,22500892,640e1fe9-f2fc-f32a-81c6-41e9a94324fd
22500892,607,2026,3,3,22500892,b4d5d592-9559-964c-029f-d00c72aeeb8d
22500892,84,2026,3,3,22500892,1e509e77-b6d9-064b-4ddf-4f59e1fa5d55
22500892,129,2026,3,3,22500892,6d1f1b25-d1a0-a082-b995-7ebae22e2ac5
22500892,160,2026,3,3,22500892,4670ee56-dddd-917f-b1a3-407f759e3bcf
22500892,233,2026,3,3,22500892,6a8bb529-74bc-46ed-8b96-7daed40752f3
22500892,244,2026,3,3,22500892,33e136b2-5a86-2034-5a3a-8c66abcd7f5d
22500892,265,2026,3,3,22500892,d549b462-e2ba-4424-4448-f21f7facb012
22500892,272,2026,3,3,22500892,ba4b85c7-f9c2-215f-9804-d99517979757
22500892,500,2026,3,3,22500892,b45e7c66-ccf2-f95e-2ca7-a0e1c86812bb
22500892,586,2026,3,3,22500892,ebcaf3e8-dac2-ccae-791a-f77a37caf3a0
22500892,587,2026,3,3,22500892,7b8f0bbc-4669-091c-a2fd-ef95e43affad
22500892,594,2026,3,3,22500892,844aecd2-0192-7abc-4853-7b56d43b961c
22500892,642,2026,3,3,22500892,72c0d745-0d3d-ac87-3fa6-8bdf9b74a2ad
