game_id,action_number,year,month,day,api_game_id,uuid
42500106,103,2026,5,1,42500106,dbb04975-d4c6-64bc-e585-2698db928de9
42500106,107,2026,5,1,42500106,56cb1905-7316-df2e-4bc2-1153d3c9617c
42500106,109,2026,5,1,42500106,5c3bd955-de4a-ff45-0c9e-ad7ade9ed4b0
42500106,132,2026,5,1,42500106,e7ab5598-1498-016a-70ae-58466403357c
42500106,140,2026,5,1,42500106,f13d3a6c-755d-f7dc-24ed-b3be5a2357d0
42500106,142,2026,5,1,42500106,79adc7bf-1a99-fae5-cd38-e93e195d39ca
42500106,150,2026,5,1,42500106,4d3614ab-dc14-c959-eb71-471aec152a03
42500106,160,2026,5,1,42500106,cf3ebfbf-763d-00dc-7d34-f82de264715d
42500106,166,2026,5,1,42500106,866a5f9e-a638-c598-d263-a039d4e1a969
42500106,205,2026,5,1,42500106,00c8f18f-2277-5c9e-1d43-5ec9c1d4ebab
42500106,219,2026,5,1,42500106,de2ceeaf-7348-bc60-777a-49e3e352bcef
42500106,235,2026,5,1,42500106,e00f9345-92f1-6c13-b45e-4e632ecad65c
42500106,237,2026,5,1,42500106,f95f54d5-55a0-0c68-263d-8dfd72e6b510
42500106,247,2026,5,1,42500106,b50457c4-f0fa-8e9a-43da-0183101250df
42500106,26,2026,5,1,42500106,7bb9ce4c-bac2-3f47-6938-d052b10e8032
42500106,262,2026,5,1,42500106,0aff8d81-63bd-e3eb-c233-cbe1c6b38d9c
42500106,271,2026,5,1,42500106,9ecedc87-a5b0-f5fe-6d77-10d0ab8666d0
42500106,30,2026,5,1,42500106,38ef1abf-0bb6-2ef9-da0a-df16a9af2c5f
42500106,330,2026,5,1,42500106,2e229cc3-1c20-c76a-8bf1-26681dbbfb35
42500106,339,2026,5,1,42500106,ff906075-72b1-467e-4901-54afc7b01dd8
42500106,343,2026,5,1,42500106,b7533976-f77b-8ed5-70e6-bdf7ca748ecb
42500106,384,2026,5,1,42500106,fedd7d88-2db3-524f-de0c-80afb86f5c5f
42500106,396,2026,5,1,42500106,7bc81937-b222-3fff-1793-bf3991acc9c2
42500106,418,2026,5,1,42500106,8b9893c2-44aa-6bea-2bf8-c1064b11cb90
42500106,425,2026,5,1,42500106,010a6c12-3066-8a3a-ec52-459fe1ed50b2
42500106,44,2026,5,1,42500106,385045db-56ee-fb82-0319-c0d53767920d
42500106,451,2026,5,1,42500106,44153b4d-bb33-6981-5f43-7a995a8f8315
42500106,475,2026,5,1,42500106,0e48f494-2399-8643-dfe9-0cc39ab40172
42500106,56,2026,5,1,42500106,1877978e-c1fa-07e3-32c0-27a734a12ac6
42500106,604,2026,5,1,42500106,9f9dd8e6-5e9a-5627-79f6-a01653fd1cbf
42500106,618,2026,5,1,42500106,e896c40b-8098-5ca7-7a56-b3d25e0b8469
42500106,631,2026,5,1,42500106,1d5b2b50-af08-29f6-8e23-e0177e1eb070
42500106,651,2026,5,1,42500106,9b391e85-d1cc-7b06-2c9e-5454fbccaf73
42500106,66,2026,5,1,42500106,1047a084-d2cd-cbfa-055c-f1c59e84bb4b
42500106,70,2026,5,1,42500106,49125318-d96e-593b-6f08-d7e769ef5d48
42500106,78,2026,5,1,42500106,81a7d075-172f-8a95-4c4f-ab0cc6b5d4d3
42500106,146,2026,5,1,42500106,161597de-ff37-1ceb-7989-4a92a1b73ffa
42500106,347,2026,5,1,42500106,ca4163ca-ad7c-12f1-6223-6cc7c2e03b20
42500106,353,2026,5,1,42500106,f2498098-540b-b34e-07a5-77b774c41841
42500106,363,2026,5,1,42500106,631fd377-ead5-62f5-c112-3d74c1a7d2b9
42500106,407,2026,5,1,42500106,ccacc304-1241-87a8-949e-05f7f5be2956
42500106,463,2026,5,1,42500106,c6fe1d56-a5c6-7431-5363-36c56ee2aeed
42500106,472,2026,5,1,42500106,4b979aef-0580-e798-2297-949b68ce8c27
42500106,496,2026,5,1,42500106,e40cb244-e89d-af3f-9570-49c1b6e4fe4e
42500106,539,2026,5,1,42500106,9d324491-a12d-3d27-0ef3-1c14d5be36f3
42500106,570,2026,5,1,42500106,18585032-6795-2d48-3e5d-3c555078ca65
42500106,606,2026,5,1,42500106,7700c7af-3d2c-9dce-41e4-49b99d998b34
42500106,639,2026,5,1,42500106,5ad23469-45d7-83ea-978f-dc346370f582
42500106,100,2026,5,1,42500106,98165b2f-cfbd-0bd6-7fc0-274ae8556763
42500106,105,2026,5,1,42500106,2d8635ca-b300-e7de-44ea-a9016accad3d
42500106,111,2026,5,1,42500106,46711a9f-29a3-1f92-480c-9cde44a08b76
42500106,113,2026,5,1,42500106,8b527b6b-9d22-9f7b-2727-dc3fd62195d3
42500106,134,2026,5,1,42500106,24b912b2-6055-0c64-6671-b1530cd5d2c8
42500106,135,2026,5,1,42500106,48cd761e-91db-a4a7-7d7d-27f74bc4be9b
42500106,138,2026,5,1,42500106,3550495c-29c2-6ecc-a767-e890006ecff3
42500106,144,2026,5,1,42500106,2336446b-a000-021b-e764-cd637bc93fdf
42500106,152,2026,5,1,42500106,5e918e9e-9cde-b856-09d5-f7398316725d
42500106,162,2026,5,1,42500106,8e5c204f-bec2-a099-7907-c4bc80def5b2
42500106,164,2026,5,1,42500106,df3e246d-7836-e58d-1d5a-5e069bed7cc5
42500106,168,2026,5,1,42500106,663d51fa-0634-2d23-5f19-87c69e972c05
42500106,170,2026,5,1,42500106,f450ed3d-1215-7189-7a0a-eb4dd57c4f64
42500106,176,2026,5,1,42500106,3a490467-7661-f52e-5dd9-64ffcff0457d
42500106,178,2026,5,1,42500106,4822bbd4-b23f-ff3b-c139-272886cf276b
42500106,18,2026,5,1,42500106,13f0df6a-875e-bc5c-b611-fd496e1557f9
42500106,181,2026,5,1,42500106,a00e6c3e-2bb2-1ec7-3fc0-b6a86b986b5f
42500106,184,2026,5,1,42500106,9ec0a8bb-6479-f91e-bed1-056f79940a3b
42500106,186,2026,5,1,42500106,13837eb6-a792-03b7-9ae5-abf776bfa059
42500106,188,2026,5,1,42500106,2e033c4c-3731-f225-5e25-4b1e1a4686e9
42500106,189,2026,5,1,42500106,b6497bb1-1707-62f8-1a6b-d5cd418a7b09
42500106,199,2026,5,1,42500106,b7cdd644-a536-95f3-fa9f-bb3f270aa271
42500106,201,2026,5,1,42500106,42d21216-a2d1-bfc3-053b-84ce5eefb289
42500106,203,2026,5,1,42500106,8c2f50b8-504a-8c82-4c0a-758afd166a20
42500106,212,2026,5,1,42500106,0e140d83-8343-ca5e-216f-72664e785e0f
42500106,214,2026,5,1,42500106,0756a332-f066-1b60-d04a-d5c2a6676147
42500106,226,2026,5,1,42500106,cee17d32-7b7a-5a65-c38b-d6675824bf33
42500106,229,2026,5,1,42500106,2e7f59f3-4349-ae2e-c87f-910e44c006bc
42500106,23,2026,5,1,42500106,5ff81cc0-9ae7-a4f7-eed5-de84d17a07a5
42500106,230,2026,5,1,42500106,fd5f6ac0-076d-50f6-c67e-6d61022d4eab
42500106,232,2026,5,1,42500106,70dd1b28-07b0-3ae6-6e58-c441f271cad1
42500106,233,2026,5,1,42500106,f823560b-980c-85e3-d7b7-2b2eb048b90f
42500106,245,2026,5,1,42500106,21772742-7fe7-7d88-d855-44ba6d904edd
42500106,25,2026,5,1,42500106,290d4a0f-9b66-7858-caa6-fb86e41b9ed4
42500106,267,2026,5,1,42500106,52c61594-de90-a34c-5499-814126e4fe19
42500106,269,2026,5,1,42500106,f4b23f90-649c-5030-1826-9957f560e011
42500106,273,2026,5,1,42500106,055657e7-e797-7867-812e-3b865c984ff6
42500106,274,2026,5,1,42500106,943de9e6-f65f-f882-20cf-6c4a854c3c17
42500106,28,2026,5,1,42500106,40147130-29dc-ebde-fec0-f2f597721e2a
42500106,285,2026,5,1,42500106,c30b8349-13d2-d8ac-b5d8-338e188a0d7e
42500106,286,2026,5,1,42500106,caf688e7-e51b-7678-82c2-962d2111fc87
42500106,288,2026,5,1,42500106,7106f5f8-8720-e030-596e-04f68d05e323
42500106,289,2026,5,1,42500106,995901f4-07dd-67fc-4e0c-cbf434c9979f
42500106,297,2026,5,1,42500106,b49a33bd-e1d7-8490-d6a5-b20ebe794020
42500106,300,2026,5,1,42500106,b225b483-1618-06cc-82c9-de1fd0667f34
42500106,316,2026,5,1,42500106,44bd3662-d220-77ae-b7e6-5fe323b16bcb
42500106,324,2026,5,1,42500106,aabf239c-03cc-6516-3233-2be0aa65c7e7
42500106,326,2026,5,1,42500106,a100b110-d63b-e7ac-03d1-0532c588d51b
42500106,341,2026,5,1,42500106,5f1271f7-4041-5f6b-3039-094f8add1d5b
42500106,356,2026,5,1,42500106,266f4306-f31a-b8d5-7ebf-55ac9009d7f5
42500106,366,2026,5,1,42500106,6a06ff6f-16f1-118c-8e77-35bdd9cfbdb3
42500106,368,2026,5,1,42500106,c493c8bd-2a43-7171-d570-9ff350dc21b8
42500106,37,2026,5,1,42500106,0b3bad8e-8be8-95d4-7145-b5bfd387f4d4
42500106,374,2026,5,1,42500106,37bcd04c-ea0c-b15f-b89a-4d55f9505397
42500106,376,2026,5,1,42500106,2aae1eda-e882-c5c6-03c5-0993f125f53e
42500106,386,2026,5,1,42500106,31417477-9a8d-6fe4-3225-3860ec189ce9
42500106,388,2026,5,1,42500106,a77146be-6a9b-7cbc-9289-92dea4c837ac
42500106,39,2026,5,1,42500106,7bd262b1-3e96-546d-8acb-946b7675f0b1
42500106,390,2026,5,1,42500106,b594831d-13ed-2af3-5e99-823d4c97095f
42500106,398,2026,5,1,42500106,1a33a8d2-935d-f21e-9373-e67391e18c00
42500106,40,2026,5,1,42500106,1338370c-5081-754b-da7f-1a1fe86edf1d
42500106,400,2026,5,1,42500106,e9381065-9336-3336-01fe-a27d4d10f978
42500106,403,2026,5,1,42500106,d13799ce-1057-6afe-9e05-16076f2bc975
42500106,416,2026,5,1,42500106,5df09916-c2d6-13dc-946d-23b8d96ce5f8
42500106,421,2026,5,1,42500106,774d7151-c6a2-4094-ce89-cacc2bd61f96
42500106,423,2026,5,1,42500106,09d026a5-c60f-9bc7-4f9c-a9c5de67eef1
42500106,443,2026,5,1,42500106,34045c11-d191-12ac-71c4-c2855c7d9340
42500106,445,2026,5,1,42500106,a5bb6246-b320-cf37-aa3f-5ee88bdd324c
42500106,447,2026,5,1,42500106,6e5a8681-e751-dd79-2d22-cb27eaa47aca
42500106,449,2026,5,1,42500106,625ccd1e-4c79-c9c4-c4df-10dea7409132
42500106,453,2026,5,1,42500106,6de9dfd4-3852-9034-bdfa-7a591f8be8bb
42500106,46,2026,5,1,42500106,e3cdc87c-4e79-7c14-9c30-80f21d96080d
42500106,477,2026,5,1,42500106,86490d26-0683-4b4d-2781-40bfa1b7df20
42500106,479,2026,5,1,42500106,097a948a-c4d6-f069-3b05-f3aad3097189
42500106,48,2026,5,1,42500106,3c6d2f66-b13b-1323-8c37-39dcd40673d6
42500106,481,2026,5,1,42500106,cc5a6cd4-279e-ce30-734b-f9cb9c0f2cff
42500106,493,2026,5,1,42500106,ff4a448c-83c4-7b84-62a8-fa0e1bc988de
42500106,494,2026,5,1,42500106,4bef50e6-14a4-033b-1ae1-ececbd84995b
42500106,501,2026,5,1,42500106,b4a0a87f-285f-c4fd-e67b-2fd3d6193760
42500106,51,2026,5,1,42500106,4ca7743a-dc30-c917-53c2-134b47c877c5
42500106,514,2026,5,1,42500106,52ea1cc9-c56b-fee8-94a2-92d5169175f8
42500106,518,2026,5,1,42500106,d64c0c75-44ef-a782-33ea-7917bb4a567d
42500106,524,2026,5,1,42500106,b3480b4f-8496-dc35-5b19-ba4f5f353dd3
42500106,526,2026,5,1,42500106,1ffd170f-ccf4-e884-ca55-28f8f2033659
42500106,53,2026,5,1,42500106,6f14c9d7-311b-47bb-540c-6c39e341d066
42500106,532,2026,5,1,42500106,86b6936f-5855-8168-5460-716bf3b668c2
42500106,535,2026,5,1,42500106,5e636db4-fb2a-e9c6-9a6e-8e009c289757
42500106,542,2026,5,1,42500106,2edba907-1fe5-2b94-4bdd-42e59cad3521
42500106,544,2026,5,1,42500106,ea3ed1b9-8a1d-92d2-19b9-62a9751cca91
42500106,553,2026,5,1,42500106,ac74fae5-0fdf-5c3a-fc32-4fe75b4a734b
42500106,561,2026,5,1,42500106,c5213f4f-e288-03eb-2364-48bfba9fb44f
42500106,562,2026,5,1,42500106,41f726d4-beab-622c-870c-6591e60ffb02
42500106,568,2026,5,1,42500106,bccc20e7-9ea8-376f-5914-64c26da0f9d9
42500106,573,2026,5,1,42500106,c175330a-1b9d-40e0-dbd6-52cfc82165e4
42500106,575,2026,5,1,42500106,2f219cd9-1860-0f78-44a2-e06e69c68028
42500106,58,2026,5,1,42500106,fc6f8119-caa1-5b86-7d6a-0e8e6a8c4661
42500106,582,2026,5,1,42500106,f5c13601-00d1-8f6a-8b13-e053f87cbb62
42500106,588,2026,5,1,42500106,b075bc40-1c78-03a6-bfea-277e97ed8e65
42500106,590,2026,5,1,42500106,4edbe8c5-6fc9-9c66-1772-a4dfdee67593
42500106,595,2026,5,1,42500106,01378d00-7390-28d0-c465-72bc875e9c63
42500106,597,2026,5,1,42500106,46937574-5e4c-6820-4db4-748530c99618
42500106,616,2026,5,1,42500106,b999344e-4572-d4ea-da3e-8ab591798256
42500106,623,2026,5,1,42500106,27136c5c-4614-55fd-6b4a-6988a97785e3
42500106,645,2026,5,1,42500106,3a497163-eb48-348e-36a7-ee3539e6eb6a
42500106,653,2026,5,1,42500106,45fbe556-1f62-baca-ce87-d672cca220cd
42500106,656,2026,5,1,42500106,41f3f290-9fbc-ed2a-179c-ac83dcadf169
42500106,658,2026,5,1,42500106,59b14eca-4b64-db2e-c104-5aeb1ae49742
42500106,68,2026,5,1,42500106,5acb731b-7f82-4440-ee0e-e2b201e045ce
42500106,77,2026,5,1,42500106,b1a16c13-7ef6-9b27-849b-ae9d4f55fd73
42500106,97,2026,5,1,42500106,e9ed50bd-b6c7-b9ce-66f4-d8c9987b87b9
42500106,102,2026,5,1,42500106,2dbe33f0-237c-add2-4970-eef3c56e9836
42500106,106,2026,5,1,42500106,662728ba-016c-cd67-1b74-46becbd867b2
42500106,112,2026,5,1,42500106,e207b8da-5d3e-e79b-b1a5-3dbc5111e38a
42500106,139,2026,5,1,42500106,a2de230d-01ca-e965-71ce-5fc1e055451c
42500106,145,2026,5,1,42500106,4929064d-e5a2-6f99-f120-55b36692a2fa
42500106,148,2026,5,1,42500106,53f460bf-2b0b-2582-a7f3-f53f58ebb37c
42500106,163,2026,5,1,42500106,e378ba79-46ee-0d7d-0366-4c7ad029d650
42500106,165,2026,5,1,42500106,0f72d756-4412-0e45-dadf-4bb1780fc4fa
42500106,169,2026,5,1,42500106,70adf5ac-1272-e574-e1ef-6d906858fa95
42500106,17,2026,5,1,42500106,2d22b2be-de8d-f937-a394-035d02c354d0
42500106,171,2026,5,1,42500106,abd57bc8-194c-01f8-5a46-c0e396511d62
42500106,177,2026,5,1,42500106,64125378-647e-d66f-ef14-d9f3878c8f91
42500106,183,2026,5,1,42500106,da448ce0-aa05-51a7-4fc9-14dd37f7e77c
42500106,187,2026,5,1,42500106,2faa2316-a2ba-7678-2d48-e4fc94d92bb4
42500106,19,2026,5,1,42500106,984442ac-09ed-fd2f-c48e-0aef595b120f
42500106,200,2026,5,1,42500106,b5ded66d-2736-8709-c4f5-027856d2e7f6
42500106,202,2026,5,1,42500106,06712fd7-de49-82a6-3710-a3e033047c82
42500106,204,2026,5,1,42500106,b61bd9e1-a63a-155b-e49f-260ef905797a
42500106,213,2026,5,1,42500106,45c20416-823a-2551-bc3a-e83d3c50044b
42500106,234,2026,5,1,42500106,734a668a-f225-4754-e498-6e4334307f81
42500106,24,2026,5,1,42500106,3430b6b8-16a2-aaf1-1a3b-077ed2ef30c2
42500106,246,2026,5,1,42500106,7341a120-9e94-9e9b-0f17-1e84bd608371
42500106,268,2026,5,1,42500106,55f1334a-9a52-d880-87fb-bfb67883e287
42500106,270,2026,5,1,42500106,8e090f4a-090b-29a6-0163-0470e71be3d4
42500106,287,2026,5,1,42500106,cfcd4b4c-dbce-ad0a-f4bc-3a1486f38c92
42500106,29,2026,5,1,42500106,1aa1af32-a202-2585-9599-7f2370775778
42500106,290,2026,5,1,42500106,d2cab7e8-faa8-2ead-8004-4d948c13501d
42500106,298,2026,5,1,42500106,9d95bd41-6303-4c03-56b4-3bb3670ccb01
42500106,301,2026,5,1,42500106,2043f25f-3427-f3b6-ef0d-1057be25b690
42500106,325,2026,5,1,42500106,1c56eda7-9b4d-0815-238c-a0cb5b2c98fb
42500106,327,2026,5,1,42500106,0a6da887-ed6f-5277-09d5-2e1ddd85917a
42500106,342,2026,5,1,42500106,f1538f4c-a1db-84b3-8d04-604638533120
42500106,355,2026,5,1,42500106,2d53bbf4-08d1-736f-a95d-0799ede5ff65
42500106,36,2026,5,1,42500106,6d36eb3a-7f24-0d14-5144-59484578310b
42500106,367,2026,5,1,42500106,df4fb42d-920e-a1b9-086c-e7b603c9eead
42500106,369,2026,5,1,42500106,57407f04-02a4-32c1-bebc-4eefd91e8a67
42500106,375,2026,5,1,42500106,b862986c-052c-407e-fb34-74bd186e7635
42500106,38,2026,5,1,42500106,0c758151-0d45-a074-35c8-3e5e3baaac7c
42500106,380,2026,5,1,42500106,c88946f3-f213-21c7-e3cf-df10ce3677d1
42500106,387,2026,5,1,42500106,6fec1fdb-dee2-0317-2870-96f3af8142f3
42500106,389,2026,5,1,42500106,ba89c8d8-bd60-b8e1-049b-80d268308738
42500106,391,2026,5,1,42500106,7c630ae3-48ca-a58d-688e-ce7a17e2b6d4
42500106,399,2026,5,1,42500106,a857b54a-bcf3-7a88-6d8e-3e20599c095c
42500106,404,2026,5,1,42500106,fd7ef1a9-363f-1136-a2f4-55e215afbe6e
42500106,409,2026,5,1,42500106,d7a9b609-03f2-38a6-c11a-913afbb37e83
42500106,41,2026,5,1,42500106,411f8fc6-2268-ccbb-5c23-5c32ab1a21d7
42500106,417,2026,5,1,42500106,077fa7ea-51cf-2b5b-bb4e-b7a9c1c84f9c
42500106,422,2026,5,1,42500106,cc6eee11-8f0d-b26e-a62c-060e243119ad
42500106,424,2026,5,1,42500106,6efc7494-2d25-abde-b221-93c2f8bac895
42500106,444,2026,5,1,42500106,65835c80-dfa0-ae67-9f12-a4eae9e3ad93
42500106,446,2026,5,1,42500106,6dc3a0ab-9f6f-353b-9ff0-d7d290ad66d6
42500106,448,2026,5,1,42500106,dfaef10e-520b-2e9b-9357-653b6ecbd6f9
42500106,450,2026,5,1,42500106,72038d72-6616-91ea-e777-f368a91c9388
42500106,454,2026,5,1,42500106,166edfea-9f0e-9a8a-c78f-a090679234a8
42500106,465,2026,5,1,42500106,2dff5dee-b8b8-cbae-ec00-307f2d3bc144
42500106,47,2026,5,1,42500106,41f85e8c-b7ee-885d-f50e-19c8b66786dd
42500106,474,2026,5,1,42500106,f55c2465-adaf-e6a1-474d-ef2789097fed
42500106,478,2026,5,1,42500106,2b68b3e9-00b0-0305-3a0d-4cbf4d4cbcfc
42500106,480,2026,5,1,42500106,03019ace-b4e5-4f98-934d-a9bea74a8064
42500106,482,2026,5,1,42500106,621cb3b3-ecc2-a143-c7d7-42aff1034695
42500106,495,2026,5,1,42500106,34813584-9f46-17cd-4e0f-6383d0d9bdaa
42500106,498,2026,5,1,42500106,6903aaa8-0902-46e0-d7e0-70e7596f5a17
42500106,507,2026,5,1,42500106,5707a5cb-f8c8-19d1-e059-66b3717a8db2
42500106,519,2026,5,1,42500106,fb6c76ec-edbd-0725-17bc-9edeaa45c847
42500106,52,2026,5,1,42500106,880b82e4-0d6e-f60d-0cbb-62b23f900ca3
42500106,525,2026,5,1,42500106,318b7f7e-27e2-59b1-1f8d-10d0c621bece
42500106,533,2026,5,1,42500106,73ec3640-093f-eafb-01e7-536455c3cab1
42500106,536,2026,5,1,42500106,4de5b795-d572-b3a8-b32b-f6c964d193b0
42500106,541,2026,5,1,42500106,890e1c27-7826-d7a2-3bbf-2e11f47064eb
42500106,543,2026,5,1,42500106,8ce54e30-a008-9bcd-a4c3-142254602844
42500106,554,2026,5,1,42500106,64d4928e-e9e2-1771-6500-c796c63ab93e
42500106,563,2026,5,1,42500106,c756da93-6494-1cb3-64b4-23a94789b854
42500106,569,2026,5,1,42500106,9c57144f-02d9-d1f4-fb5f-d9ec3544154e
42500106,572,2026,5,1,42500106,d717bde0-9da7-caa7-1a91-a0200e9ce90e
42500106,574,2026,5,1,42500106,d6f2516c-812a-2b25-be1a-c7f240a8d621
42500106,576,2026,5,1,42500106,78d79d4e-a6d4-3142-a2df-72f1ea336ba2
42500106,583,2026,5,1,42500106,a5d6330d-ceaa-080f-d3d4-f01ca6af196e
42500106,589,2026,5,1,42500106,cd64be4f-956b-a845-47b3-0421f0979f24
42500106,596,2026,5,1,42500106,f3f6819a-0c07-876d-3d33-0daa9854cefb
42500106,603,2026,5,1,42500106,cb6387a0-3c0f-f373-f259-5d63d21b2e98
42500106,608,2026,5,1,42500106,0c50c82c-1d90-c8a7-6f63-15a0ef695597
42500106,617,2026,5,1,42500106,3898f6bb-c2c5-faeb-5045-22616b0a6722
42500106,630,2026,5,1,42500106,1e1703d5-ef3a-a66a-5ff4-743fe123a293
42500106,641,2026,5,1,42500106,5501124c-66f9-2704-306f-78618e7d3081
42500106,657,2026,5,1,42500106,688747d4-4755-ff66-a6ec-99e01b4618bd
42500106,659,2026,5,1,42500106,db524597-61b0-9e12-bc7b-2995c2861126
42500106,69,2026,5,1,42500106,af42d23e-9a2e-f8de-cbea-33cd73067476
42500106,76,2026,5,1,42500106,f644e52f-df58-eb9b-1c56-321675d5a15f
42500106,96,2026,5,1,42500106,45eb5464-bba9-3305-1563-c25c2d213704
42500106,98,2026,5,1,42500106,048d3dab-9ecd-d546-d681-ddd5ddd28774
42500106,10,2026,5,1,42500106,3d605fb0-252e-0316-e812-6c30a66425f2
42500106,283,2026,5,1,42500106,d57d422a-829e-1eef-3c4c-eef5cdb06bdd
42500106,351,2026,5,1,42500106,dc0614ec-0035-9067-8a22-118b5aaac333
42500106,358,2026,5,1,42500106,0e5dcbee-7a48-7dec-85ab-66e4a70af1d0
42500106,382,2026,5,1,42500106,962effa6-8b9f-ab67-a1f0-78c3034984ab
42500106,405,2026,5,1,42500106,6e49d901-9ed2-998f-44a5-57d67e8a7d04
42500106,42,2026,5,1,42500106,b02041e7-c9cc-8aa6-7a21-6a4c79a440e3
42500106,427,2026,5,1,42500106,28d3cb88-dc32-0ab4-4310-2a4e7662454e
42500106,516,2026,5,1,42500106,a375fa86-a5e3-26b6-b33e-a8f3144f52ad
42500106,537,2026,5,1,42500106,bd547c84-0e03-8899-7985-f3dac2485b7f
42500106,559,2026,5,1,42500106,599f295c-870a-051b-5e7f-8f0b0f3ba2cb
42500106,241,2026,5,1,42500106,b42d22d6-f021-fbc4-73ee-2467cdc6aa9d
42500106,266,2026,5,1,42500106,a57b271f-8caa-6b3e-476a-714cc42b3900
42500106,277,2026,5,1,42500106,6142e282-7724-900c-60b7-c9a1460de98f
42500106,299,2026,5,1,42500106,a7acf02c-17c3-5fcc-df0b-38ea9be8c210
42500106,310,2026,5,1,42500106,a9e792fa-df38-f534-9625-cf592864395f
42500106,332,2026,5,1,42500106,4612e0f8-f969-e6ce-0ebb-a836b139dd7e
42500106,336,2026,5,1,42500106,96829139-dea2-211b-721b-28a79298deeb
42500106,362,2026,5,1,42500106,815cd0ca-7794-8893-ef5c-a93a1e4ca6ca
42500106,59,2026,5,1,42500106,d88f277e-dbd3-d290-31e1-740f5ff3701e
42500136,126,2026,5,1,42500136,35e50f0b-8ac3-f921-0266-8897babda2c8
42500136,137,2026,5,1,42500136,4d234fa5-0c7b-fbd6-61e3-9a223723e55b
42500136,141,2026,5,1,42500136,471a4fbb-7eb9-cdbb-3780-7f87f1da9c10
42500136,161,2026,5,1,42500136,d63897fb-1932-4d23-8653-9c3d4f24b7cd
42500136,17,2026,5,1,42500136,7a61d16c-5ffc-24da-606b-e818d3a135b8
42500136,184,2026,5,1,42500136,6bcd0952-217b-6375-a30e-53f78e4226d3
42500136,218,2026,5,1,42500136,eb1999f7-5851-91b7-9202-e6ae79ff81b0
42500136,222,2026,5,1,42500136,13469175-9823-d940-e6f3-bed87e80fd29
42500136,224,2026,5,1,42500136,2431788d-1db9-a9bc-fbc5-fae9670bdb9e
42500136,249,2026,5,1,42500136,6ae4171f-073c-9613-928e-339ba952111c
42500136,25,2026,5,1,42500136,78eb618b-2188-aae9-f99f-15032191936f
42500136,261,2026,5,1,42500136,4e223967-88d7-11ba-0b68-20db0adb72ee
42500136,264,2026,5,1,42500136,0b906597-cb2e-974c-57b7-e5096e332e02
42500136,291,2026,5,1,42500136,040a8259-96a7-7eb8-1f84-3a800ef0f916
42500136,310,2026,5,1,42500136,3eac9cf8-0689-5fb3-c16a-4ea5f93d7115
42500136,324,2026,5,1,42500136,c431a7b4-30a3-9830-f78e-fb3f0349e704
42500136,346,2026,5,1,42500136,4352b084-5109-bf97-fa8c-c48cc68bb329
42500136,376,2026,5,1,42500136,a4c30e93-0d05-7723-dbab-bd322eaa3f99
42500136,390,2026,5,1,42500136,d787fea2-dc49-e890-1f53-4fd6270d6b8e
42500136,41,2026,5,1,42500136,707dcb0c-3259-f102-f556-245aeeee3504
42500136,415,2026,5,1,42500136,eab7bcf3-c376-2a08-cf6b-92b4bbe7b2ea
42500136,417,2026,5,1,42500136,0ba36d53-471a-9c36-6bc6-c0913cda341e
42500136,436,2026,5,1,42500136,fbca0b7b-c223-d8d2-76f0-41d3e535edf5
42500136,438,2026,5,1,42500136,b351afe9-0e41-7662-b529-6fdf86955c72
42500136,44,2026,5,1,42500136,6797bf2f-f8cb-90f1-0597-5e191a9fb518
42500136,484,2026,5,1,42500136,743103e2-9698-bfc6-3efc-6c73296f92ef
42500136,486,2026,5,1,42500136,6a4271b8-1bef-884f-053c-15615c45ed93
42500136,494,2026,5,1,42500136,833d12ee-ef24-2857-b946-6b02ebb1e5cc
42500136,512,2026,5,1,42500136,506cf22c-4230-96bc-0013-2e40ec04a8fa
42500136,526,2026,5,1,42500136,d8d7b392-5b09-795d-05b1-a917b6c2e92d
42500136,550,2026,5,1,42500136,7b422af9-9898-e187-e80e-abc331b1afa0
42500136,592,2026,5,1,42500136,13e2951c-87fa-7430-8802-fc556a3c2063
42500136,599,2026,5,1,42500136,aa3cb5d0-916b-34a5-6ba8-c0bc19742083
42500136,60,2026,5,1,42500136,bd437507-d008-9553-c8ca-ba9fb0fd3729
42500136,62,2026,5,1,42500136,2b72d96d-210e-b088-fa56-4348ab275c5b
42500136,642,2026,5,1,42500136,c3713936-e99e-6dc5-c3bd-497d8b291630
42500136,644,2026,5,1,42500136,c497e920-9ea3-ee2c-88c2-af4cdedd08e8
42500136,659,2026,5,1,42500136,08b48135-7dbe-0017-2c45-098864c694b7
42500136,661,2026,5,1,42500136,48558845-2ff1-5f39-86e5-af5d260f2496
42500136,685,2026,5,1,42500136,7e1403ea-815d-64aa-038a-7d918f3bd736
42500136,7,2026,5,1,42500136,e2c1ab4c-e2f1-f4c4-1d3d-5be1dddb9525
42500136,701,2026,5,1,42500136,d6d460a1-a6f7-8e8c-9fcd-6cd004d7312b
42500136,707,2026,5,1,42500136,7091ca53-6be2-2a6b-74f7-776dde34d8ff
42500136,723,2026,5,1,42500136,8cd029b7-1caa-3087-8970-42f2c28e20a9
42500136,725,2026,5,1,42500136,c1b8a451-b04e-73d9-c924-9d727a1161eb
42500136,759,2026,5,1,42500136,b4dac568-5d1c-4ff6-3ce6-41308d40eba8
42500136,80,2026,5,1,42500136,a62db767-2b1c-941f-741d-a67d9311bbc7
42500136,82,2026,5,1,42500136,122e8fea-8378-c563-35f8-b0e6749dab77
42500136,96,2026,5,1,42500136,cd68df70-3c78-b6e0-6f62-ca36b41890db
42500136,98,2026,5,1,42500136,fb996849-7d2a-79b9-dfd0-6bb3722fe0d1
42500136,236,2026,5,1,42500136,95a16402-593f-0a0a-1189-30c1c6093169
42500136,257,2026,5,1,42500136,f3eb719c-a10a-8c6c-a2ec-65b3781f6717
42500136,279,2026,5,1,42500136,6e8fd59b-79bd-522e-47cb-9395ceac4233
42500136,332,2026,5,1,42500136,5890cce8-78c6-b527-befb-335a60091c15
42500136,402,2026,5,1,42500136,0d42bce3-9ac4-d9fc-85d4-a575ef80e4f7
42500136,498,2026,5,1,42500136,501a94ad-e516-d44f-ed5e-fe6589bec11e
42500136,514,2026,5,1,42500136,7f453613-84b1-0bae-8786-0f71e36042f3
42500136,522,2026,5,1,42500136,60559d58-3acc-4db7-af64-70bdf577d4ed
42500136,597,2026,5,1,42500136,41d1e40c-2023-ae95-7956-0768faf5ea77
42500136,615,2026,5,1,42500136,ad008e69-1738-c1d3-60ae-07231eb94952
42500136,637,2026,5,1,42500136,fb2bf038-7635-9178-9cc8-a1fab048902e
42500136,656,2026,5,1,42500136,d55ba702-0139-3278-8835-687fc79eae97
42500136,731,2026,5,1,42500136,d0d0f9fe-66ab-4b09-e1c0-de5b0586b564
42500136,101,2026,5,1,42500136,23b843e5-684a-2e0d-24a2-3bfa2ecaeaad
42500136,112,2026,5,1,42500136,9d9afb5c-4565-fdd3-2482-522e8c665e69
42500136,120,2026,5,1,42500136,a76b59cf-4359-0c62-97bc-70daa6a95ec4
42500136,124,2026,5,1,42500136,872b1273-9f28-70a5-81ef-4b7fa6a1d3b4
42500136,128,2026,5,1,42500136,077052af-6daa-fa4e-94cc-0776326dacc0
42500136,130,2026,5,1,42500136,6721809a-c8a3-380b-67dc-c05b7b5bf189
42500136,139,2026,5,1,42500136,3f91ea20-c9b2-59be-f7c8-55007e4df127
42500136,149,2026,5,1,42500136,7e797a5b-f7c2-f4db-92f7-ec67881e36b3
42500136,165,2026,5,1,42500136,c2596b88-7877-6746-1497-3efbabc59fe1
42500136,177,2026,5,1,42500136,f9ef3ff2-e614-d606-dd8e-c5fe9c98738d
42500136,180,2026,5,1,42500136,c3f05dd6-f9d6-4bad-cebf-476231e6b19d
42500136,182,2026,5,1,42500136,47d13877-b886-18bf-8f80-d3fc2a431141
42500136,186,2026,5,1,42500136,98f35319-04e4-6484-78a2-e2e17353a0c4
42500136,188,2026,5,1,42500136,62b4c757-921f-dbd1-e10b-95a2d27411f1
42500136,19,2026,5,1,42500136,bf691bfe-68c9-8f25-9f3a-3261a5bd2931
42500136,200,2026,5,1,42500136,c0b1dcdc-59ed-d9e3-afc0-535314a78570
42500136,21,2026,5,1,42500136,6c0496c0-f78f-25a3-b5eb-bc4c73c0c11d
42500136,212,2026,5,1,42500136,e93d666a-a497-a4e5-7885-6fe785405cc5
42500136,214,2026,5,1,42500136,301782e0-456a-a532-2ba3-c076f0362e1c
42500136,216,2026,5,1,42500136,67ba12ab-3cd2-b9de-6412-aee478328c6e
42500136,234,2026,5,1,42500136,f0be9c42-1432-d5ce-e6aa-789da1a1dcd5
42500136,254,2026,5,1,42500136,60173320-ed4a-1b60-a5f6-b250f06b1f5c
42500136,256,2026,5,1,42500136,c4b927aa-df37-f71b-15bf-9a6078dc2254
42500136,266,2026,5,1,42500136,188e58e0-bcee-ac0c-483f-e61ed564c32e
42500136,268,2026,5,1,42500136,31349ea4-1521-0472-ce8c-a994c53531bc
42500136,288,2026,5,1,42500136,fcd7984b-8d73-266e-0561-08f5a1209234
42500136,29,2026,5,1,42500136,118e0c5e-0881-d794-ba94-fc0317429b04
42500136,290,2026,5,1,42500136,e94bff37-82b6-fb9d-a9fb-77ce6c8ac85b
42500136,299,2026,5,1,42500136,8035d226-8ca5-d252-faa2-c1021173e94e
42500136,309,2026,5,1,42500136,a9805e2f-f723-7ac3-ddc5-43d476df7055
42500136,315,2026,5,1,42500136,ce4d80a5-8580-4e91-c040-7a57aefffd5b
42500136,326,2026,5,1,42500136,3879b424-95a2-5a28-0eb7-9cf0153f696c
42500136,327,2026,5,1,42500136,b7242366-db84-54d6-67b4-1ab9aaa269d7
42500136,338,2026,5,1,42500136,df132bd9-15cb-1c71-d082-eafa33d8c90c
42500136,340,2026,5,1,42500136,f6ab5841-275c-b5ba-1d1c-76ce817a03cf
42500136,342,2026,5,1,42500136,c954c70c-eae2-7d8e-504f-ba01f7f33891
42500136,344,2026,5,1,42500136,aedd1be5-cdf7-6ff6-23fb-5f5381e5173e
42500136,35,2026,5,1,42500136,328c077f-b281-134a-bc17-d45c0667d247
42500136,355,2026,5,1,42500136,31cc53fc-039b-30b2-7f8d-a5a087b5c177
42500136,36,2026,5,1,42500136,aa071507-14eb-f220-806d-c30450ab02a4
42500136,37,2026,5,1,42500136,41a621e2-8c62-0443-629e-4e284307fd2b
42500136,371,2026,5,1,42500136,adc66cc3-1705-79c5-9dd0-adf481f60cfa
42500136,373,2026,5,1,42500136,0d5d80bd-f542-f9f1-248e-c4e3f96dbf20
42500136,375,2026,5,1,42500136,b417af91-30b1-7e07-120d-9a2e392c0e5b
42500136,378,2026,5,1,42500136,012eea96-6a23-8515-bf0e-6c48756abd5a
42500136,386,2026,5,1,42500136,0cbb4183-d372-1107-ae33-15fddcd83cb9
42500136,388,2026,5,1,42500136,9ad0fd10-447a-db39-ab4b-e5340cc80514
42500136,39,2026,5,1,42500136,6acb3a09-9775-249e-46cd-85db1faa5aec
42500136,392,2026,5,1,42500136,63de3cff-6d1f-5f55-fbab-2d79b35044e0
42500136,394,2026,5,1,42500136,7a062e15-178f-9303-ecc4-0ef5fa3bf062
42500136,396,2026,5,1,42500136,05d2adbe-1510-e1c1-f3ec-775c1ff3ad6a
42500136,405,2026,5,1,42500136,d006debf-120d-9dc9-dc86-50fadad7b9d0
42500136,406,2026,5,1,42500136,d5f18c46-3267-f198-b1fe-ce7f7e704237
42500136,408,2026,5,1,42500136,b1867793-dfed-22e3-a3d7-62024cc44767
42500136,413,2026,5,1,42500136,0605e3f1-d494-7504-dae5-fb34f038119d
42500136,426,2026,5,1,42500136,b1f43a90-4da4-4ef8-02b5-5fd1c16493ca
42500136,440,2026,5,1,42500136,c8189a88-0968-4383-187b-fea3489e2bb4
42500136,442,2026,5,1,42500136,4451999e-b217-99bb-8859-c5c1c1cab7db
42500136,445,2026,5,1,42500136,accd97a6-3ba5-34b2-90ae-e5b76c61e8e7
42500136,466,2026,5,1,42500136,ed0f8e15-306e-85de-eb69-0aea5fbd8406
42500136,467,2026,5,1,42500136,5b2107cb-2204-a3a5-bb14-6b6d68669f60
42500136,496,2026,5,1,42500136,a28ea409-0e70-9925-0320-b2dea6fe61a5
42500136,497,2026,5,1,42500136,537898d7-711e-e8eb-e1fa-3ea8f2bff1aa
42500136,518,2026,5,1,42500136,19943350-105a-2437-b504-c19e2237c439
42500136,525,2026,5,1,42500136,b7569a23-0677-236a-49e8-a90bfa7f4c12
42500136,528,2026,5,1,42500136,706a9362-a91f-3491-508a-9234932f98c4
42500136,530,2026,5,1,42500136,cfe7aec6-d95f-b581-a5bf-8d90bcec0659
42500136,532,2026,5,1,42500136,9646cd8e-82b2-bb1b-2714-c841792b520b
42500136,534,2026,5,1,42500136,1cc3ef99-1b9f-c68d-f082-99bfbd3c7baf
42500136,537,2026,5,1,42500136,9c29c462-8110-7c0d-8272-c54ae69dad1f
42500136,552,2026,5,1,42500136,975d14d3-6625-9c8e-aeae-4c2ece038558
42500136,555,2026,5,1,42500136,3ad88746-6968-d573-727e-937e295bcd28
42500136,556,2026,5,1,42500136,360525f3-dcee-e21a-9180-632f8846f65f
42500136,559,2026,5,1,42500136,5bb348fe-1d75-6923-dbbd-74ecbb59a110
42500136,56,2026,5,1,42500136,9f659c5a-20b3-4d84-ac57-22a0ba3fbb45
42500136,561,2026,5,1,42500136,7546dd20-b050-16f1-6abb-9abb3dc5019c
42500136,575,2026,5,1,42500136,8805c8ba-c4fc-0173-92fb-a3fc82696cb3
42500136,577,2026,5,1,42500136,85cc1695-6d50-c335-c638-53ceadd58d8a
42500136,579,2026,5,1,42500136,3d979a2e-ee3b-82c8-6e34-53762bdd0860
42500136,580,2026,5,1,42500136,52e0aa59-4ceb-a539-3176-9ec79e571531
42500136,586,2026,5,1,42500136,3c07a1ba-d375-97b8-69cc-65422ec71bd1
42500136,601,2026,5,1,42500136,e63b70e6-5511-4520-19c2-a92130450589
42500136,603,2026,5,1,42500136,fab67bae-0bea-b5da-609c-7094749778f1
42500136,608,2026,5,1,42500136,63e823a4-55d9-4453-9a2c-1c12f13d3c66
42500136,610,2026,5,1,42500136,f35cbd5e-ec0e-d10d-8d8b-2dd2a4a87675
42500136,618,2026,5,1,42500136,f6bf0d27-7991-35ab-8194-e159706ae63e
42500136,619,2026,5,1,42500136,d6a2f4bd-6483-6934-9bce-1063b4aa84c2
42500136,621,2026,5,1,42500136,2563e3bf-9259-9b70-1d0e-19447cd4f608
42500136,631,2026,5,1,42500136,01ae5722-3543-0011-03c5-e9aa031be344
42500136,633,2026,5,1,42500136,dbf7a469-eedd-243c-5a3d-f1c188d95de7
42500136,635,2026,5,1,42500136,af94489d-d1b4-0435-52be-807f5cf226b1
42500136,64,2026,5,1,42500136,3623bf79-519e-fde1-bf9f-d492f67037aa
42500136,640,2026,5,1,42500136,3c0028b1-fe3f-8a02-4eef-6b7d1707e076
42500136,648,2026,5,1,42500136,e4c2a935-c3d4-0c3c-8efa-99671fb75fb4
42500136,65,2026,5,1,42500136,82acf9fc-34ff-79b7-a091-e387738725cd
42500136,654,2026,5,1,42500136,177972a2-0f8d-402e-0d97-32392322c22e
42500136,664,2026,5,1,42500136,6e0bd251-e1de-fe3e-0c23-3f329cac94a3
42500136,671,2026,5,1,42500136,db4eea69-6fc1-040c-53da-c9e8fa7db089
42500136,673,2026,5,1,42500136,3c5e2b2d-1fb9-aa93-2ba6-8550e6ee0add
42500136,675,2026,5,1,42500136,3b2ff8f6-3ff5-05e7-cd07-f97192174be6
42500136,689,2026,5,1,42500136,7f62aba2-7345-e75d-b1b5-f982d54cdf76
42500136,698,2026,5,1,42500136,f219dad6-d603-46c0-8286-8e665b219386
42500136,703,2026,5,1,42500136,163f3714-47c9-2641-0a45-26476fcf8a6b
42500136,705,2026,5,1,42500136,5dab3ddd-5f3a-38d9-22ee-53de1672877e
42500136,709,2026,5,1,42500136,a6d1c9cb-8df1-b82c-04cc-813342a6344c
42500136,711,2026,5,1,42500136,a6a22a27-fb28-fd40-31d4-dd6f746250ff
42500136,713,2026,5,1,42500136,41ba66c0-421a-858b-50e5-08abe99052fc
42500136,720,2026,5,1,42500136,c25fd4fd-9dab-a040-06ee-0d4376083e71
42500136,727,2026,5,1,42500136,a39b17d1-f2ed-aae5-814d-c7241b856469
42500136,73,2026,5,1,42500136,14a44623-ba5a-9abe-322d-71628928aa12
42500136,734,2026,5,1,42500136,ed6050ff-0164-c160-89f7-77f07baef81e
42500136,736,2026,5,1,42500136,7743eb74-8be4-2407-ebee-d62a9823cf7a
42500136,75,2026,5,1,42500136,5f3d39e4-7433-a072-2cd3-a1fbb2be544a
42500136,765,2026,5,1,42500136,0bb2bc79-f6d3-833a-59c5-170d1b9cf845
42500136,84,2026,5,1,42500136,732ee8ef-0e22-4bf6-9d6c-35a76fed472f
42500136,9,2026,5,1,42500136,69871697-c111-96d6-82fe-debaf43e19e5
42500136,95,2026,5,1,42500136,16ca8870-1b0a-1b42-9e00-db44af44d504
42500136,10,2026,5,1,42500136,4445174f-0649-4264-d6fe-68009d76db44
42500136,113,2026,5,1,42500136,01b3509e-6632-5f42-e3a3-e67ade533140
42500136,125,2026,5,1,42500136,86ef0667-333e-b8ba-bff4-99a9eb7409c7
42500136,129,2026,5,1,42500136,5cd3fb67-a230-08ca-7bcb-6f50203af93c
42500136,131,2026,5,1,42500136,9fdde788-787b-c6d2-880f-9fce46c25633
42500136,140,2026,5,1,42500136,4a939404-5f5b-98fb-d2f1-6b25d14803b2
42500136,150,2026,5,1,42500136,fd933ec3-60ab-c6c9-2f30-bb298e319377
42500136,181,2026,5,1,42500136,7f70536f-024d-05df-9814-ef020d349fda
42500136,183,2026,5,1,42500136,04140604-2909-275d-b709-4da3eb9bdc12
42500136,187,2026,5,1,42500136,55b09961-06fa-860e-b780-d00d4d101a79
42500136,189,2026,5,1,42500136,28e2caf3-9352-6746-5574-fc094c9f509a
42500136,20,2026,5,1,42500136,001baf6d-7a00-edb2-7dd2-2a71261abb97
42500136,213,2026,5,1,42500136,e33f1ee3-8886-0471-8079-787667caca24
42500136,215,2026,5,1,42500136,be4cca84-b20f-5ebe-f276-53f385d79304
42500136,217,2026,5,1,42500136,a99574d8-9004-5093-50c3-eaa12abc97ff
42500136,235,2026,5,1,42500136,af097a82-10c4-75af-0116-ff946bd7386b
42500136,237,2026,5,1,42500136,b2e3ce03-b0bb-9eea-73ae-1bb222fe56b4
42500136,255,2026,5,1,42500136,c9d217c3-73a9-0ab6-8c4d-e31ef57c875a
42500136,267,2026,5,1,42500136,19722c59-752b-382b-c855-495b36903ec9
42500136,269,2026,5,1,42500136,e37452da-b910-c796-e200-ace2002024ba
42500136,281,2026,5,1,42500136,901252db-cf30-33b9-0f50-5451d2ffe27b
42500136,289,2026,5,1,42500136,071553e3-1e33-c3e6-887b-9dbbff33bcfb
42500136,30,2026,5,1,42500136,46d86558-62e0-a414-9f7e-0d47dad7cbe8
42500136,316,2026,5,1,42500136,195098be-72c5-74f4-0b25-177d46747d19
42500136,328,2026,5,1,42500136,8a9d31f3-b0c0-087e-fe01-da5c5822032e
42500136,339,2026,5,1,42500136,f5edf82f-aec9-d763-43c6-6a0ea2c7c283
42500136,341,2026,5,1,42500136,5d1933ef-b438-5985-cc69-77912109696c
42500136,343,2026,5,1,42500136,94228a03-79ea-4552-8bbe-0699c53f4ffc
42500136,345,2026,5,1,42500136,811dc391-1fd5-33b3-b049-fdc2fd79332a
42500136,356,2026,5,1,42500136,566ce1a9-d405-f70d-76cd-3c61fafe82b3
42500136,372,2026,5,1,42500136,a183371d-860c-96fb-e30b-d20e021eb463
42500136,374,2026,5,1,42500136,0cb201d5-8897-ef1f-c31c-024ff7d10db8
42500136,379,2026,5,1,42500136,3073d379-e996-bfab-96e5-56d8b220dca1
42500136,38,2026,5,1,42500136,d2514ea1-d595-a4db-f7e0-e608ed1ed699
42500136,387,2026,5,1,42500136,9daeda6c-2273-392b-79be-3de89c07c0cf
42500136,389,2026,5,1,42500136,3a0af646-adfc-e741-4a35-8a491fcd13ca
42500136,393,2026,5,1,42500136,d8a962f3-3087-3970-ec9c-9cbd1fa9ced8
42500136,395,2026,5,1,42500136,19dd0f64-363c-e4e1-d2b2-77f1e8d28549
42500136,397,2026,5,1,42500136,3178c7a2-13ca-8401-26d3-5102b9acbf9a
42500136,40,2026,5,1,42500136,e31837b9-d20e-b8f3-0a70-4926c563542f
42500136,404,2026,5,1,42500136,beac9488-49e6-4d53-f3da-c7c439afd1cf
42500136,407,2026,5,1,42500136,f6253fab-7e8d-87fe-d254-5a9fffe109b5
42500136,414,2026,5,1,42500136,eaa7e194-07b2-6306-09c1-1c6bbb84c9d1
42500136,427,2026,5,1,42500136,c1254ed5-46bc-67ae-bb85-b1f7fd184732
42500136,441,2026,5,1,42500136,7be5ed5e-6dea-8bce-960a-590b397035a0
42500136,443,2026,5,1,42500136,bfa989d4-8155-ce97-8a29-c8287b7857a0
42500136,524,2026,5,1,42500136,67d92969-24fe-a3ca-1252-d6d878742603
42500136,529,2026,5,1,42500136,20cd2e6b-08ed-f030-bdbf-fbb518bc7ce2
42500136,531,2026,5,1,42500136,15a08afd-7c0d-24a2-b77d-525cd12da2ee
42500136,533,2026,5,1,42500136,e2f953e9-f4a1-69f5-a54c-541455dbe628
42500136,535,2026,5,1,42500136,bc470b00-4f2c-f7ce-3a43-82edd05248bb
42500136,55,2026,5,1,42500136,5fc67db0-27bc-f5ae-52ac-047b1a5b4c1f
42500136,558,2026,5,1,42500136,0d944331-75e2-96c5-7c75-04432e38538a
42500136,560,2026,5,1,42500136,f608dea2-e5de-2a31-0fab-83b599ffac66
42500136,562,2026,5,1,42500136,b0c6d900-273d-82ad-af6e-ed091acd9f74
42500136,57,2026,5,1,42500136,0de0a150-f9ad-8f8f-115e-8dba91afcb2b
42500136,574,2026,5,1,42500136,9f67d5e2-f0e2-da2d-842b-5a71ea79bb7c
42500136,576,2026,5,1,42500136,5f77ffd9-4530-48f4-aaf3-87b46a067911
42500136,578,2026,5,1,42500136,4b9af27a-9acf-fe77-bd95-1aff2ac4fbbd
42500136,581,2026,5,1,42500136,d99d07aa-ff9e-fb64-9453-124a77c56115
42500136,587,2026,5,1,42500136,009fd44d-fab3-d97f-9f8d-a114e47ba77b
42500136,598,2026,5,1,42500136,d108938f-02e5-883c-6d99-222670981b47
42500136,602,2026,5,1,42500136,3b4f50db-c72e-3dff-40df-f940f2d3cb22
42500136,609,2026,5,1,42500136,3fc6307c-6ddf-3979-0c8c-edbd98761929
42500136,611,2026,5,1,42500136,af7ee00b-c1df-476d-20a0-e1c556f6c70d
42500136,617,2026,5,1,42500136,bee4be6e-0d5d-6fb3-dc78-c7a57c8e70f0
42500136,620,2026,5,1,42500136,bf83b81c-3c56-b25d-2ad3-1a8664ef70be
42500136,622,2026,5,1,42500136,5557d252-5ca3-d642-2d34-b55310539ef5
42500136,632,2026,5,1,42500136,5e8b631c-3c4f-debe-5f30-fa3f9d0a8945
42500136,634,2026,5,1,42500136,94e79ae9-461a-51cd-61f4-8cca1e9c1d37
42500136,636,2026,5,1,42500136,8c48e524-faa7-00c3-c9cc-72f265aa4a98
42500136,639,2026,5,1,42500136,3d0fca56-cb36-25e8-c6f7-c27baad1a41c
42500136,641,2026,5,1,42500136,3a50009e-d90c-11a8-c58b-5cdd6052ef9e
42500136,655,2026,5,1,42500136,aa6f5107-3519-3613-4b90-2874d3696e5e
42500136,658,2026,5,1,42500136,9f79ca01-bf9d-e70d-4486-2d54c0104384
42500136,665,2026,5,1,42500136,0d147e58-3750-c4c5-fef1-982eb002d5da
42500136,672,2026,5,1,42500136,1a5dda0e-1cf1-6e44-9a9f-f39fe1134ec3
42500136,674,2026,5,1,42500136,2c06412d-5bcf-ac59-9ff8-7c9275da9af7
42500136,699,2026,5,1,42500136,651be34b-5425-ecec-847c-9bf88e07a7b5
42500136,704,2026,5,1,42500136,93302fa8-5755-6dd6-8eb5-36d6d6ce092e
42500136,706,2026,5,1,42500136,5ce88512-4fbc-72d3-a0a5-b6b1ed9df789
42500136,710,2026,5,1,42500136,8dfac039-dda7-4683-f739-b8078a1e5cfd
42500136,712,2026,5,1,42500136,bc4aa1b0-3137-7c28-7428-447678d583d3
42500136,714,2026,5,1,42500136,5433f523-b4ba-d05b-369f-b154b7bd33ac
42500136,721,2026,5,1,42500136,b1538a5a-fb23-22a6-0983-e3ab9d090ceb
42500136,728,2026,5,1,42500136,cf383c2d-4876-5140-efec-bb8487991f1e
42500136,735,2026,5,1,42500136,1ec18ed9-3d38-0113-8e5a-beaa9d32c375
42500136,74,2026,5,1,42500136,79c88ad5-c270-22ee-c248-ac7b20fb3cff
42500136,743,2026,5,1,42500136,ff0a454d-2e4f-4e1d-f17b-1b9d9260c05c
42500136,85,2026,5,1,42500136,5964a894-cdd1-ce00-1b56-1312bf8f5c18
42500136,159,2026,5,1,42500136,662fabe6-b6a4-8194-ac64-fc3949f1bb12
42500136,196,2026,5,1,42500136,d5297ba5-f522-ba70-791a-d5ef3a3a31bc
42500136,198,2026,5,1,42500136,f72b4358-2578-491f-c646-eb93a36e669c
42500136,238,2026,5,1,42500136,cce1dba5-7328-dc12-8fbe-0acae2125bac
42500136,246,2026,5,1,42500136,21ef8bd2-8318-8bd2-cb9e-6b92208f6a80
42500136,27,2026,5,1,42500136,e4cddbba-1a3b-ba97-8b46-e52a2d45807d
42500136,317,2026,5,1,42500136,15178bb3-229c-df5f-658c-ee738f3da3cf
42500136,321,2026,5,1,42500136,3d7c183f-7940-8cb3-ee73-e0da85955ddb
42500136,33,2026,5,1,42500136,2783f4d3-0b97-77b2-14fd-7aaab943f7b4
42500136,357,2026,5,1,42500136,a0ca9c32-55a2-3a07-c1dc-bfb68d1132a5
42500136,380,2026,5,1,42500136,3cb4b3e5-43d4-33be-401a-ed04e4e576fe
42500136,452,2026,5,1,42500136,bd787f8b-c696-b70a-3082-a28fcae2499b
42500136,462,2026,5,1,42500136,c4b96071-b8db-2bb8-00d7-a49c8c031a18
42500136,464,2026,5,1,42500136,c2d7a4a7-60d5-9ee0-2f7d-abf9b8c8dd42
42500136,563,2026,5,1,42500136,525a4ef9-7b09-627c-fdd0-6e6f5863ca5a
42500136,58,2026,5,1,42500136,3a24c402-c88a-9ec1-f3e6-eb5218e7c692
42500136,646,2026,5,1,42500136,f64731cc-f35c-70c9-e284-4695be434b69
42500136,650,2026,5,1,42500136,c975f630-af88-002a-ca0b-33f2eb00abb1
42500136,679,2026,5,1,42500136,46fe107d-3bd6-e3f4-7593-7b8d3b27fda1
42500136,729,2026,5,1,42500136,0af08ecc-b09e-e004-aac4-52b3a6d0c7bc
42500136,93,2026,5,1,42500136,a7df33fa-505f-0891-7ca0-384eeb110772
42500136,123,2026,5,1,42500136,fbfe591f-5465-3749-77cf-23673402d275
42500136,204,2026,5,1,42500136,4539e796-eb25-ccda-6e3f-474676d82bf5
42500136,207,2026,5,1,42500136,0b7ffb13-d22c-ac6d-063e-dc60d4d0a293
42500136,263,2026,5,1,42500136,64a65ca7-35de-2080-58c8-19578a5d5c5b
42500136,284,2026,5,1,42500136,7cb1b861-f879-f787-b726-b274f014988c
42500136,421,2026,5,1,42500136,8f6593e4-53de-28b3-2ec7-a6e8f343a6a9
42500136,444,2026,5,1,42500136,4ae7fe08-c734-2971-4f30-3e95fedb4839
42500136,519,2026,5,1,42500136,751c9e41-814f-5953-1e76-3a5f52f6dded
42500136,614,2026,5,1,42500136,76bdf2dc-7fae-4804-492c-a532dc98060a
42500136,719,2026,5,1,42500136,e9f7555d-48f3-7fb4-4fac-4a2c38223bd5
42500136,722,2026,5,1,42500136,1cdbaf6b-05c8-317f-10a7-fe39f979b677
42500136,752,2026,5,1,42500136,467e26d5-6d23-7b8b-87a0-c97140610e37
42500176,103,2026,5,1,42500176,b68cb601-5a8d-590f-e3ec-696812a3611c
42500176,117,2026,5,1,42500176,ca537d6a-9476-f472-ce49-6e77813f6937
42500176,176,2026,5,1,42500176,679e542f-628d-1236-59b1-2de7cb36f709
42500176,200,2026,5,1,42500176,628aa7b0-c845-c085-ffb3-c7c5f15dc51f
42500176,21,2026,5,1,42500176,5a6d0ba2-7da8-1f36-0819-2622232fd29f
42500176,23,2026,5,1,42500176,6a6f6969-3e6e-4ff4-6f51-4a9a82b76e70
42500176,234,2026,5,1,42500176,257ce168-c7ba-e404-9b26-6b6aa936d44c
42500176,332,2026,5,1,42500176,55a1a160-9581-50b5-aa9b-6786e7c0de25
42500176,337,2026,5,1,42500176,cb6670b5-5c31-7b74-b267-51ea469b16bb
42500176,356,2026,5,1,42500176,033ed190-e854-34d6-d5da-f1695e228955
42500176,366,2026,5,1,42500176,179be863-9899-6a3d-c367-d49b53981104
42500176,368,2026,5,1,42500176,5e44f510-ff91-73a7-f581-256b16a121da
42500176,38,2026,5,1,42500176,0ef41c9d-d265-221b-6d6f-1ed0677ed792
42500176,380,2026,5,1,42500176,4960bac5-67a4-dd23-0113-1ed9081e0bc2
42500176,40,2026,5,1,42500176,3509fc40-8d1c-269e-9f9d-3cf527041b8b
42500176,423,2026,5,1,42500176,0765845a-bd4e-6173-6cb7-d9805fe06913
42500176,444,2026,5,1,42500176,923a2311-064a-edc5-debf-ddd642fc1ba2
42500176,487,2026,5,1,42500176,5640d23a-8926-6368-2d14-b187e81ad2e3
42500176,504,2026,5,1,42500176,5ef58936-e6eb-7c62-4da9-beb282a93e67
42500176,535,2026,5,1,42500176,baf87ff9-828c-1421-da52-4a64cbabbe6c
42500176,537,2026,5,1,42500176,3cd425eb-b15a-db9f-5bfe-82d05dae3acc
42500176,598,2026,5,1,42500176,c83a4f08-eeb9-7f6d-0f53-4b06956cc288
42500176,606,2026,5,1,42500176,bb94f839-6211-ed2c-2acd-72bb2c6a8e20
42500176,613,2026,5,1,42500176,6c895116-f480-6550-d04c-9525b56e9d75
42500176,615,2026,5,1,42500176,63fb6b29-11e3-ff61-ab07-4986276ad240
42500176,623,2026,5,1,42500176,468c7b14-2630-daba-35ee-08befcaf668a
42500176,65,2026,5,1,42500176,ec719c92-6708-933b-dfa9-3a8aa85c3343
42500176,652,2026,5,1,42500176,f6392651-78ce-868a-f195-afea9e86a049
42500176,672,2026,5,1,42500176,38d84e1c-c414-0e5b-fead-dd14cd884834
42500176,7,2026,5,1,42500176,6d5a1a4d-0f6a-1615-6ba9-fcf4c9c99718
42500176,71,2026,5,1,42500176,db121612-ab43-1e8d-d516-74b7094819ab
42500176,94,2026,5,1,42500176,350fc513-ba60-c375-9657-e4bf74d94a57
42500176,125,2026,5,1,42500176,658973ac-1ad7-78a0-71b4-a0cd73dc0b04
42500176,13,2026,5,1,42500176,e30b83d6-cde3-d05e-0e21-3ee7ce58a57d
42500176,147,2026,5,1,42500176,9c3aca01-e479-ff20-5fb4-7c93b6bf5b79
42500176,16,2026,5,1,42500176,f90e4210-2fcc-7331-79f2-d85f651c6b80
42500176,202,2026,5,1,42500176,c0d7fec6-73ff-210c-711c-a7b4bdc0608f
42500176,253,2026,5,1,42500176,c9ee84b5-f642-37d6-2127-2d7f70f98b68
42500176,259,2026,5,1,42500176,39f96562-8b24-ebb2-2b3e-262eade01559
42500176,325,2026,5,1,42500176,54185ea8-8478-77c5-da19-90f51bf1cba4
42500176,328,2026,5,1,42500176,bb74291b-3a33-8ba1-aae6-b21246acb34e
42500176,334,2026,5,1,42500176,73db27da-597b-3af2-fd9d-59f6492f4413
42500176,396,2026,5,1,42500176,78e7f47c-5bd4-27c7-041d-0da4611c84ec
42500176,404,2026,5,1,42500176,21b56e3c-6473-cbea-9454-cbf24cf77a1b
42500176,481,2026,5,1,42500176,646365f4-1fed-d354-eb08-a7ad799b6b69
42500176,618,2026,5,1,42500176,31dcb45e-baa7-b46a-223b-cb62bf77f9b2
42500176,62,2026,5,1,42500176,167502df-5ff1-6939-ca03-a5ef17f76aac
42500176,645,2026,5,1,42500176,0a1e78c8-8df3-f8d6-402e-b1c73d753e64
42500176,68,2026,5,1,42500176,54061950-6109-a049-6a05-f7b87af37869
42500176,80,2026,5,1,42500176,6861cbbc-04f2-48a4-a2b5-b89196b5a54d
42500176,10,2026,5,1,42500176,96520653-8d38-14f0-d6a0-449d22842d2f
42500176,105,2026,5,1,42500176,fdeac765-cae6-8a03-e7d2-14b944760f66
42500176,135,2026,5,1,42500176,6f9546eb-e619-8d5b-d684-797765553610
42500176,139,2026,5,1,42500176,6e2c33e0-a799-2133-f14c-225a8451fe0f
42500176,143,2026,5,1,42500176,2e550bea-8c46-5602-7a11-10bc8956203b
42500176,145,2026,5,1,42500176,10a319a3-a0f8-6276-422d-f6f5d6a239ed
42500176,155,2026,5,1,42500176,322dcab7-45c1-8070-9b77-60381929268e
42500176,170,2026,5,1,42500176,8aedad43-1297-b0cb-35db-e8e97880348c
42500176,173,2026,5,1,42500176,9304c632-ce8e-21f3-52de-e40fc5c3b059
42500176,174,2026,5,1,42500176,0deea28d-1d1e-839e-4f01-9bebb5a0e41e
42500176,181,2026,5,1,42500176,75b4a79a-02e2-2d25-f8e4-4929869fefd2
42500176,182,2026,5,1,42500176,79cd987e-4e48-d689-3f5e-8e83c3c17318
42500176,19,2026,5,1,42500176,4270a15e-e201-727d-8468-5365250ae5d8
42500176,190,2026,5,1,42500176,c015f3da-fa55-786a-35d4-068a91f0019a
42500176,192,2026,5,1,42500176,2f69ed44-b096-193d-54d7-b1080d4a0dde
42500176,194,2026,5,1,42500176,cdb14d5b-b865-2ce4-f7db-e12b6153e487
42500176,198,2026,5,1,42500176,c47dfd92-2f82-00fb-df37-c01b4a31ebc1
42500176,208,2026,5,1,42500176,04c466c2-c0d3-0cda-f37c-2dc04bac9820
42500176,219,2026,5,1,42500176,b965508c-ef5d-fe0d-367d-616223d287e3
42500176,221,2026,5,1,42500176,0c5e1290-5967-32a7-aeff-10cc9906a142
42500176,226,2026,5,1,42500176,050f23f3-508e-ecfc-f6ca-3eda214a8aa1
42500176,229,2026,5,1,42500176,9245ed90-3022-a01c-175a-8f9eeaa49e90
42500176,236,2026,5,1,42500176,5ffa8661-2057-2dbf-46c5-5cc7dd116aaa
42500176,239,2026,5,1,42500176,17a08c26-2cbc-ed37-6a9d-c0111819ea46
42500176,240,2026,5,1,42500176,ac3f72ee-6ec7-49be-1af0-7aed9b50228d
42500176,242,2026,5,1,42500176,17b42747-14a8-2c3d-14be-c48cd72ddb81
42500176,244,2026,5,1,42500176,cc6dd58d-c8d3-b5bb-a2cd-806c2657be29
42500176,25,2026,5,1,42500176,71b9e769-3ccf-d653-3abe-6ef5a3238941
42500176,265,2026,5,1,42500176,ad516574-273f-c105-028a-45c36354d512
42500176,267,2026,5,1,42500176,93004096-b7d4-f136-b80b-819be785f6d1
42500176,27,2026,5,1,42500176,085d516e-48d9-8f70-7f8d-f0de32d391e2
42500176,271,2026,5,1,42500176,f3159e6d-c3a3-04cb-1aeb-613d5f66a4fd
42500176,276,2026,5,1,42500176,a478fe5c-93cf-ce41-864d-40387e4d361c
42500176,278,2026,5,1,42500176,ae2e7786-f4f2-c8ce-5532-67d5e7df232e
42500176,280,2026,5,1,42500176,b01c6357-43a6-e06f-f3c8-e1cfac0b74a4
42500176,282,2026,5,1,42500176,9d9e4b8a-5747-2eca-7932-0c612dbde676
42500176,299,2026,5,1,42500176,dde377cb-477c-a3dc-8c6e-71e738abceb5
42500176,302,2026,5,1,42500176,68530bbb-cc66-e5f5-d9f0-d2efc399d4fd
42500176,339,2026,5,1,42500176,7e1334ae-02ac-ba73-030d-0839758bc04c
42500176,34,2026,5,1,42500176,37cc27ac-a508-b521-31a0-13a27e518457
42500176,341,2026,5,1,42500176,1781dcd4-cb0a-4601-93fd-30ba26721c02
42500176,346,2026,5,1,42500176,68a76117-5194-dcfd-d278-db2f17400869
42500176,355,2026,5,1,42500176,62c0b5ee-fffd-525e-bf52-24bb070fa532
42500176,358,2026,5,1,42500176,572efd90-d3ff-1593-ae2b-95361716ab50
42500176,36,2026,5,1,42500176,45992b24-6e05-452f-05c7-1839d7e2374d
42500176,360,2026,5,1,42500176,6e5b3e3d-96b0-9922-4780-7bbff27112f7
42500176,362,2026,5,1,42500176,db8833fc-f91d-acc7-c6f8-dd5f1e61455b
42500176,364,2026,5,1,42500176,b3f71a24-ff7e-1f87-7843-62b40a741cbf
42500176,370,2026,5,1,42500176,68e4fca6-fa80-a223-7bc0-28f8969e7ecb
42500176,376,2026,5,1,42500176,b98d3654-9843-5ff1-33ab-3e069c7d5f43
42500176,378,2026,5,1,42500176,b2609e5f-3661-d41d-2627-ff01e64cbb9c
42500176,388,2026,5,1,42500176,8aaebb18-f02d-4122-a708-845f03f7e432
42500176,394,2026,5,1,42500176,0de8edca-0698-9c4e-3509-3d50ee7869e3
42500176,402,2026,5,1,42500176,19512269-0cf0-fcd5-3533-1435dd52db17
42500176,407,2026,5,1,42500176,8a322613-a836-f58b-190d-8ea60bda4c83
42500176,409,2026,5,1,42500176,f3822793-6cb7-5016-c65e-3b8c650b8e46
42500176,42,2026,5,1,42500176,1994aa68-f22c-8644-27d4-023704cc5989
42500176,425,2026,5,1,42500176,77f5aed6-55ec-98c1-24aa-f56333bc7506
42500176,43,2026,5,1,42500176,3c0f6db2-61bc-b106-19d1-36b7655e7b5a
42500176,437,2026,5,1,42500176,781ec580-03f3-16ee-b0b4-02a21d0a8f2d
42500176,442,2026,5,1,42500176,3f1ff157-2c83-2f1c-99c7-4df8df8d31ee
42500176,446,2026,5,1,42500176,6b759ca2-ed1b-4c66-5657-6e1a78d07a16
42500176,448,2026,5,1,42500176,452db4ae-2479-2e11-afe5-b609ed493076
42500176,45,2026,5,1,42500176,60c5c5e1-ce86-13e9-589e-8800f2f52e36
42500176,47,2026,5,1,42500176,5f18be29-b797-9e49-7e0f-a7b55067468f
42500176,484,2026,5,1,42500176,cf7f588e-5fc4-eb77-33c8-9ca55367c135
42500176,485,2026,5,1,42500176,38c4b84c-de71-2c59-de7e-c816225083aa
42500176,486,2026,5,1,42500176,2f163b39-603e-9a06-21c8-0b522c62b306
42500176,492,2026,5,1,42500176,d91ed3c3-af16-d470-6dd1-3ebfa8aa81c2
42500176,496,2026,5,1,42500176,04b3b755-adba-1baf-0c9a-6944936ddbca
42500176,50,2026,5,1,42500176,b0ebb57c-1978-415d-75a7-2f0d07c4bc60
42500176,502,2026,5,1,42500176,3f286a25-6589-d944-e689-f2d4eaf9d1e7
42500176,517,2026,5,1,42500176,08774e66-0516-dc05-6f62-5880ce0333e6
42500176,533,2026,5,1,42500176,150967d1-b564-fe0e-df36-7e73584528fd
42500176,540,2026,5,1,42500176,f04aa08f-679c-ee4a-bf66-179f5fe7c723
42500176,541,2026,5,1,42500176,f8be37f9-deea-a6c2-027a-93e248fb8982
42500176,543,2026,5,1,42500176,f8f1e78e-2144-7cd8-c8d2-864dd0d84605
42500176,545,2026,5,1,42500176,c0d709ea-1d75-f783-277b-5f028251e6eb
42500176,547,2026,5,1,42500176,86bc69f2-ecb8-3cd3-e9f9-d31656b4ad69
42500176,550,2026,5,1,42500176,1cd2c682-5569-03fa-ba05-ae9caeb07786
42500176,553,2026,5,1,42500176,70c1495c-fb23-aae8-6428-51874f85f440
42500176,555,2026,5,1,42500176,c3adab7a-e989-a4f0-239b-9a1ded3d7370
42500176,557,2026,5,1,42500176,affca6be-20c4-7fbf-2e9e-28e43c3653e1
42500176,559,2026,5,1,42500176,4f5b22b6-0ec7-1e97-9c4f-41dcb18f8e52
42500176,569,2026,5,1,42500176,6bfda68b-cc3b-7f06-7898-73c8e7e55b3e
42500176,571,2026,5,1,42500176,081d1f56-78f4-839b-5a95-e3cdfb13053f
42500176,577,2026,5,1,42500176,976dcc7a-be9b-ed5c-d31a-79a539bee816
42500176,58,2026,5,1,42500176,025b6348-a951-c832-4d94-85adef30c8c7
42500176,590,2026,5,1,42500176,c19b4a94-1e8e-2465-7c5e-5834d78fd90e
42500176,591,2026,5,1,42500176,68c89763-fc36-8deb-02f8-4767f60843dd
42500176,593,2026,5,1,42500176,020d4395-ca95-e47b-c70d-7f2bacf72875
42500176,596,2026,5,1,42500176,5ec7fed3-66f5-af3a-a891-c9ac15cdf0c4
42500176,60,2026,5,1,42500176,ee6df737-008c-9efc-3090-ef0e795dea81
42500176,600,2026,5,1,42500176,ef2c1dc1-ea29-c8a9-6641-1d68255193b8
42500176,617,2026,5,1,42500176,8fad159d-2a96-20f6-5c03-717ed3c0371d
42500176,621,2026,5,1,42500176,2f914949-a994-f73b-e48c-278f51cd0106
42500176,625,2026,5,1,42500176,e30b6e1f-4e83-3524-d785-070ed5c0e967
42500176,644,2026,5,1,42500176,b4b7dba6-71f5-0028-cb7f-22da624be3b6
42500176,648,2026,5,1,42500176,1130d8d4-d5ca-0d38-c8fa-d8f057a2479f
42500176,654,2026,5,1,42500176,d5106a79-141c-2ae5-1f94-fc7d3027b6d8
42500176,667,2026,5,1,42500176,6ea0b9cc-c2fc-6c59-eb81-3c1323c367c1
42500176,669,2026,5,1,42500176,1c644748-7a56-c002-4fd2-06782ce835a2
42500176,67,2026,5,1,42500176,b11342c5-6f8e-6730-684d-2dcfbfaf2930
42500176,674,2026,5,1,42500176,00f42f81-83a5-098b-7eb3-d157bea8391c
42500176,676,2026,5,1,42500176,3d779c48-228f-c372-fd27-9f7a438c9fc8
42500176,677,2026,5,1,42500176,c5df30f8-4a25-e54b-0cd2-5715fbd583bf
42500176,679,2026,5,1,42500176,59e8dd8c-d2c6-11b7-b978-ddc8f9d9d331
42500176,681,2026,5,1,42500176,239e5afb-73e0-7fea-e6f4-c00e1c6e08b8
42500176,684,2026,5,1,42500176,6ba8535c-4454-1630-4857-8b114b1b6778
42500176,686,2026,5,1,42500176,a91dcf18-97a4-7d36-fc5b-cfbe5c16cb3a
42500176,688,2026,5,1,42500176,55fcd651-b52b-a8e8-e548-6f11f46cb422
42500176,690,2026,5,1,42500176,fd7a2762-d22b-e75d-433b-ab13365ea365
42500176,78,2026,5,1,42500176,64913e95-7e28-4e8a-cdc1-2b6f75a3fac8
42500176,83,2026,5,1,42500176,41ea0daf-cc56-2b56-cfc4-b6dfe15665c5
42500176,85,2026,5,1,42500176,9b75e0af-d191-35d1-dd65-1b9f00e27b91
42500176,86,2026,5,1,42500176,220bde43-306e-e05d-48c8-bdeec8b52462
42500176,9,2026,5,1,42500176,355edaf8-3d0c-0bf8-1946-a080bba4be84
42500176,92,2026,5,1,42500176,e01621c9-8789-c2db-1d8e-eae687557a26
42500176,96,2026,5,1,42500176,bac7e2a3-928e-c6e0-ef63-be56aaad8053
42500176,106,2026,5,1,42500176,f3b8c49b-9652-610f-e69e-80e57f407079
42500176,124,2026,5,1,42500176,85353a25-175d-c943-25b0-aee1430c1d41
42500176,140,2026,5,1,42500176,b7021f53-ce1d-be45-0541-3295a904a22a
42500176,144,2026,5,1,42500176,22d91898-3661-e6e3-9ddd-5fd64f9d6b6c
42500176,146,2026,5,1,42500176,10507021-e408-0fca-9582-6e8ff7cc3a2c
42500176,15,2026,5,1,42500176,61044514-2afb-2775-5594-e81bd4a4bdce
42500176,156,2026,5,1,42500176,ab6fe732-11aa-e644-f89e-2fb9f9f05d21
42500176,175,2026,5,1,42500176,d43e43d4-3d65-18a2-d5a9-b2cce8250111
42500176,18,2026,5,1,42500176,49f7f586-c966-bf46-1ebb-952f719a9d45
42500176,184,2026,5,1,42500176,0f19e73f-e59a-563d-2ce9-06ec23dceb11
42500176,191,2026,5,1,42500176,37c0cc14-b25d-effb-a9a0-33e5bc93f9f6
42500176,193,2026,5,1,42500176,0c10ade8-5051-8e0d-59a1-538663f26718
42500176,199,2026,5,1,42500176,662db98c-82fe-5608-d90c-80b51ee3b7a7
42500176,20,2026,5,1,42500176,38804bd9-9dc2-d4a7-377a-d1724997c32e
42500176,220,2026,5,1,42500176,5bdd7097-0943-f789-4d65-1af30e0b335a
42500176,227,2026,5,1,42500176,d4261227-44f4-bfa9-b584-fb50d19068d9
42500176,230,2026,5,1,42500176,20bc2329-4f47-d517-07ad-478f2fc8d367
42500176,241,2026,5,1,42500176,a4f194e9-c1c0-bef3-680a-0558098952d7
42500176,243,2026,5,1,42500176,ddc132f1-b02e-c8ab-87ed-16107b098abe
42500176,26,2026,5,1,42500176,c85bb043-245e-52ef-86f7-44a4568891a4
42500176,266,2026,5,1,42500176,a59a7ed3-faa8-02d2-bfa6-ced09648647f
42500176,272,2026,5,1,42500176,cbdf7030-3166-8eb8-e8b3-f26322d27fdc
42500176,277,2026,5,1,42500176,0fbc43fa-e773-1fdc-9fd6-66cc21dcf475
42500176,279,2026,5,1,42500176,72534ef4-4845-c184-3959-42aa5fa1190c
42500176,281,2026,5,1,42500176,70ee2101-4d93-4076-8d9f-072bdc534888
42500176,308,2026,5,1,42500176,e71d6ddc-e1e6-7bef-f9ab-e8fbafe2325d
42500176,31,2026,5,1,42500176,050023d5-db94-c219-8d07-712ac8436c40
42500176,314,2026,5,1,42500176,d0996f86-39d1-b992-0806-f4832abfe16f
42500176,324,2026,5,1,42500176,af4df4e6-910b-23d3-b4cd-ff87e6b3245d
42500176,336,2026,5,1,42500176,3a5be290-e1f6-eb2f-77de-c44ca11aeba3
42500176,340,2026,5,1,42500176,ca455778-f6c2-0d99-deac-e7c6061d086d
42500176,342,2026,5,1,42500176,4fc1e4b3-4704-c9fb-4e3f-fa6910b552bf
42500176,35,2026,5,1,42500176,48a41ca7-ab6a-3843-5c9d-a71956a62b51
42500176,359,2026,5,1,42500176,cba0bfc7-1531-3989-f761-d9b30a48b143
42500176,361,2026,5,1,42500176,a8642e2a-99b2-ed2c-d0a8-9b5e0e52fba6
42500176,363,2026,5,1,42500176,4cb7f136-4234-f5c1-5970-fbef681939f6
42500176,365,2026,5,1,42500176,3e73f90f-bdc2-50db-eba0-5e21ef30d657
42500176,37,2026,5,1,42500176,8c7d4e8f-c126-fd75-9dda-b2a7eb397501
42500176,375,2026,5,1,42500176,60629bd3-1a34-856e-2e88-54d08142ff55
42500176,377,2026,5,1,42500176,dfc1eb4b-59c6-155e-1cec-ad1b1bdfc2d2
42500176,379,2026,5,1,42500176,8f3dd179-4e3c-d397-dc73-25ff8745a189
42500176,385,2026,5,1,42500176,40b85f33-0097-0534-9ab5-25acde7d8cfe
42500176,389,2026,5,1,42500176,ffd2f7f8-5034-4508-a963-6b5d3db52eab
42500176,395,2026,5,1,42500176,a3d3286c-3372-469d-b579-a58de1e169c0
42500176,403,2026,5,1,42500176,88be2c04-64f9-9dda-b78d-e05f2fe8586d
42500176,406,2026,5,1,42500176,df59b039-cda7-4946-fad7-47f03e924a65
42500176,408,2026,5,1,42500176,cd645701-c0b4-b14f-f0d5-a955b7461c92
42500176,410,2026,5,1,42500176,7d25799b-0230-a48f-ac89-f0af235d7aba
42500176,44,2026,5,1,42500176,fbbd4292-91ae-8ed7-72a3-5f2af9086056
42500176,443,2026,5,1,42500176,03b072a7-f2a2-efa1-f972-b5a369d67ba1
42500176,447,2026,5,1,42500176,f680f6b3-8d0b-9477-7c88-dcba9afd5560
42500176,449,2026,5,1,42500176,f2972e62-916b-c11c-af80-9a4fc15479ba
42500176,46,2026,5,1,42500176,064a0a74-232b-bb18-5fa3-a693c71aa2c2
42500176,48,2026,5,1,42500176,a182f061-9405-ae36-6b8c-bcc8b5ae7ce8
42500176,483,2026,5,1,42500176,cd621daf-105f-4464-b49f-f60bfab5fbbf
42500176,493,2026,5,1,42500176,26ec271f-4e8c-bce0-016c-501e61c6a3a2
42500176,497,2026,5,1,42500176,fc2490dc-f057-b673-f66a-a0653b224854
42500176,503,2026,5,1,42500176,8b4fdab1-4d1c-2c90-9b6d-e3d0d046adce
42500176,51,2026,5,1,42500176,f2e3ccfd-d0eb-242a-b9e0-e1b9a90fd6db
42500176,518,2026,5,1,42500176,7ff1eb2f-91f4-c7ee-7bbb-c35a2af65c64
42500176,534,2026,5,1,42500176,bfd22a9a-7a45-ce13-c82e-4c42dbf959cf
42500176,542,2026,5,1,42500176,5c5cd7de-72f1-9486-c4f6-7ef7ab39a7a8
42500176,544,2026,5,1,42500176,5b9d8b2f-6a67-2cae-caf9-f52b6c416b54
42500176,546,2026,5,1,42500176,2e38a018-6e42-1295-3bda-8731910e1815
42500176,548,2026,5,1,42500176,976d9afe-62c6-68b9-1948-b2992e7d2ef7
42500176,551,2026,5,1,42500176,eb26cf45-e194-c2f7-f462-75102a1fee26
42500176,554,2026,5,1,42500176,178b14d7-1078-8ac9-b1c5-9e384c13f8ed
42500176,556,2026,5,1,42500176,09c22ff2-f700-1845-d7c4-80bb0a7bbd3c
42500176,558,2026,5,1,42500176,65def949-b0e9-6784-1103-37502ae4b89c
42500176,568,2026,5,1,42500176,546f6d30-f088-2dca-c61f-793241aeb9a7
42500176,57,2026,5,1,42500176,7d4da906-1687-1f32-b912-39f8c618ab93
42500176,570,2026,5,1,42500176,0abab822-eb75-2508-c1f5-9569844c3174
42500176,572,2026,5,1,42500176,569b8072-5cc4-1f82-902c-5c2f941b7b0d
42500176,578,2026,5,1,42500176,f8efff34-cbae-0087-7dcd-5eaad8e271d8
42500176,583,2026,5,1,42500176,a3c3ea1d-9a92-63cb-6230-23f5f81ae35a
42500176,59,2026,5,1,42500176,74295f3a-5d5c-4882-c437-2e6cedfb41a6
42500176,592,2026,5,1,42500176,f05a8435-2157-9f97-2008-e911fd7d01de
42500176,61,2026,5,1,42500176,c98ddefc-65de-efa5-8bd2-91c9d6e63303
42500176,620,2026,5,1,42500176,b2b9143d-446d-9247-4636-ce7e4b31b180
42500176,622,2026,5,1,42500176,f3e2f71a-dacb-aebe-55e3-5d789da97775
42500176,626,2026,5,1,42500176,920a7646-eca3-8600-116f-931406f119df
42500176,64,2026,5,1,42500176,95903ac4-467f-25ed-10a1-5f08d24cf1aa
42500176,643,2026,5,1,42500176,4b246c68-daed-fa20-d88f-d0452f32de9a
42500176,647,2026,5,1,42500176,00f93f06-c8d9-840d-9373-2209de386ff6
42500176,649,2026,5,1,42500176,9048ccdd-ae7b-6676-b04d-916ff694fb48
42500176,655,2026,5,1,42500176,522d0f45-747d-ee9d-ea2e-82dbeb00b955
42500176,668,2026,5,1,42500176,7d9957f4-33e6-ca10-4991-84e344542fc4
42500176,675,2026,5,1,42500176,25b8dcaf-2fd0-2eac-599e-fdc67a3516ec
42500176,678,2026,5,1,42500176,0e243a81-284e-143a-a416-9a6aad77e9ca
42500176,680,2026,5,1,42500176,ac94b22a-4990-134b-b661-42f10caaec08
42500176,682,2026,5,1,42500176,79800299-28ed-1098-2df4-ae84144b773c
42500176,687,2026,5,1,42500176,fa84f0fe-ce05-6915-bfac-f04bcda71c0a
42500176,689,2026,5,1,42500176,c7b355ed-cb82-7f63-3f1c-7ae1bdaa97f1
42500176,70,2026,5,1,42500176,f3ebe0c0-ec73-353f-c494-758dcad5de51
42500176,79,2026,5,1,42500176,bca2f2ce-4357-83dd-7e87-ed817b708a12
42500176,82,2026,5,1,42500176,b83db4f5-84a6-23c8-4e6e-eb9676ef3f21
42500176,84,2026,5,1,42500176,f524fb4c-e4bb-5f25-c4fb-2991a6d32e50
42500176,93,2026,5,1,42500176,2ed5d727-30d4-ba53-4e37-3a18aab36520
42500176,97,2026,5,1,42500176,4e5a98f5-9dc6-1208-c533-209771362b0e
42500176,107,2026,5,1,42500176,438d3e68-17f8-e892-3a8b-72cbb8c4768c
42500176,141,2026,5,1,42500176,5bcf17d2-ee99-3c04-dfb9-022d0db7dc3d
42500176,269,2026,5,1,42500176,88ab7eea-8d43-0de4-f766-c95a78adf235
42500176,318,2026,5,1,42500176,89ada83f-583c-0edd-c1f6-3d56d0374f91
42500176,400,2026,5,1,42500176,00771a94-3193-05ba-9b78-fe6b54b3baf4
42500176,431,2026,5,1,42500176,a841ed9f-f286-3b76-5de0-8257a6c9ca2b
42500176,494,2026,5,1,42500176,670387a0-9746-1f46-a784-6f497b1dacef
42500176,506,2026,5,1,42500176,1ffe3192-ac06-71bc-5e6d-9157459b9be7
42500176,594,2026,5,1,42500176,62a591a0-0fe9-8732-a11f-8143a43d148e
42500176,650,2026,5,1,42500176,ea4e992a-ee1d-61fb-e139-931be886e3ac
42500176,109,2026,5,1,42500176,27fd635c-0d0e-9503-36e1-fe094d1ca8e0
42500176,134,2026,5,1,42500176,b5f0629b-1cba-fdd1-b57a-08bf8f5978cf
42500176,169,2026,5,1,42500176,d804f9a4-6983-f365-51bc-9e01f426bda5
42500176,180,2026,5,1,42500176,f96a5bf7-899d-df9d-c08c-08e488ec69fe
42500176,228,2026,5,1,42500176,edabfbdd-b709-21d4-d02a-d2ed96f12dac
42500176,231,2026,5,1,42500176,a6ef1731-0262-3c5c-8d90-7fef3f9e30dc
42500176,246,2026,5,1,42500176,cab1eaa8-bfc7-ba5e-5130-c8ae04ed7c7c
42500176,275,2026,5,1,42500176,4535633e-f6f3-113f-5c40-bbd7e7977baf
42500176,510,2026,5,1,42500176,38e8e46a-ac86-59aa-c8c0-34275d3b502f
42500176,584,2026,5,1,42500176,bcba53d3-944a-bbd9-8acf-2cddc2fdef7f
42500176,608,2026,5,1,42500176,a1acc606-f956-62f0-7c16-b844637c805a
42500107,106,2026,5,3,42500107,8d795f20-6bd0-3994-00ef-735512544626
42500107,108,2026,5,3,42500107,ebdb6a98-b6ec-0ef9-1d83-2fd202df998d
42500107,112,2026,5,3,42500107,ff5de81e-b065-6fd4-0e9d-1512b0c380c7
42500107,128,2026,5,3,42500107,401c7ca4-30e7-4ce8-6686-c580a35d6d93
42500107,176,2026,5,3,42500107,1c225d9d-7d0e-7dd1-19ff-8d3d70ba5987
42500107,190,2026,5,3,42500107,3eca769b-e741-5bbb-4160-67019cc5920a
42500107,194,2026,5,3,42500107,c1d12118-39fa-0354-0c20-f79240154731
42500107,204,2026,5,3,42500107,c26af2cc-92a3-3064-6b26-94a5934f4d94
42500107,206,2026,5,3,42500107,09d3ca42-92db-9986-a3e5-3b44e67974e6
42500107,232,2026,5,3,42500107,46b9e552-2146-29ba-dc7e-e45de68597d2
42500107,236,2026,5,3,42500107,45de2c41-5a74-67a2-2d2b-0ad9b5721566
42500107,27,2026,5,3,42500107,c05c93a8-ab01-8192-9043-77f046ac17b4
42500107,282,2026,5,3,42500107,321d74e4-0d46-6942-899c-6075d2381553
42500107,302,2026,5,3,42500107,4eeb485e-50e2-b397-af9c-8ece877563c7
42500107,306,2026,5,3,42500107,7902bf06-a976-2b9b-40ff-e2f116b2225e
42500107,31,2026,5,3,42500107,585de7ec-1104-6428-c704-2b430900a532
42500107,318,2026,5,3,42500107,e49864c0-55aa-6183-318a-102633fd0952
42500107,321,2026,5,3,42500107,ddffd7cc-ba82-5afe-1a08-454a358f2a7d
42500107,33,2026,5,3,42500107,213162ea-9a49-acd1-c697-44f434fa1cb8
42500107,342,2026,5,3,42500107,78d0c442-f982-79b4-868d-8881c2b78504
42500107,366,2026,5,3,42500107,17c282e4-7748-d94f-0b36-4630b2c31003
42500107,375,2026,5,3,42500107,0971ec90-debd-807b-eed4-84d57310f250
42500107,39,2026,5,3,42500107,28241fab-ee7a-8348-7f53-812767627b4a
42500107,413,2026,5,3,42500107,601c5154-d0db-8c39-1a3e-5a45101a2e72
42500107,417,2026,5,3,42500107,e5d919d0-37e3-f0b2-7418-b87a5ff3a758
42500107,449,2026,5,3,42500107,b36f207a-e75d-b995-8cc7-4355e350e2f0
42500107,464,2026,5,3,42500107,71c854b2-06f9-2e95-07f8-d57906a7db0f
42500107,47,2026,5,3,42500107,7e3ced50-7e50-ce55-5160-d4b59ea35f99
42500107,487,2026,5,3,42500107,e71da4fb-2326-df90-708a-827d67ffebf2
42500107,532,2026,5,3,42500107,d3b0df8e-ab43-76fe-f925-d4bcb401d25a
42500107,537,2026,5,3,42500107,189fa593-9377-d28a-ee5b-2b82a78498c8
42500107,547,2026,5,3,42500107,b9a6e566-0df4-17d0-0b9a-697ad0df846b
42500107,553,2026,5,3,42500107,03f8380a-6e1f-4dfe-26e0-1df8c42a3818
42500107,559,2026,5,3,42500107,b9551b90-f621-74ec-9ba0-c65bf1c864b4
42500107,569,2026,5,3,42500107,a7d21515-4e96-ee1d-e8fb-4e542364b01a
42500107,58,2026,5,3,42500107,664667d7-2426-341d-0e1b-79f62a3f3aa1
42500107,582,2026,5,3,42500107,559d140f-5f9d-5089-8756-08e7c8002333
42500107,592,2026,5,3,42500107,7f41c689-30ee-e15c-8785-96c70a608304
42500107,596,2026,5,3,42500107,7c2b3b48-71af-5503-084d-c0df1c3159da
42500107,607,2026,5,3,42500107,a308ccae-5f39-9674-7d94-b78ecf312d61
42500107,611,2026,5,3,42500107,b2e432d4-4346-5285-bc74-893298015e24
42500107,624,2026,5,3,42500107,24c77691-9c91-4ba0-e875-7848d19e1765
42500107,634,2026,5,3,42500107,f44694f2-e956-e76d-313b-d31105c8c1a0
42500107,645,2026,5,3,42500107,41a5f4d0-84e0-b63d-dcd0-36b7d778e038
42500107,659,2026,5,3,42500107,25a505eb-6a35-b032-2487-1e24824139f9
42500107,68,2026,5,3,42500107,8f6f3496-5709-4db4-07c0-540a81e88e43
42500107,695,2026,5,3,42500107,b92d347f-f1ff-bc67-0ac5-ee3e5642c334
42500107,81,2026,5,3,42500107,8d5232f9-235d-69c9-cffd-3b58cb74a6c0
42500107,11,2026,5,3,42500107,5822edbe-a136-d795-d18d-20e0ddcee7d6
42500107,135,2026,5,3,42500107,1b8d6bb8-837d-582c-416a-902d04911f1b
42500107,149,2026,5,3,42500107,6342a2cd-34c9-aa71-8c10-fa7965c755e1
42500107,208,2026,5,3,42500107,9aa5e1a2-ec34-a7d2-6a75-9587febdd2cd
42500107,242,2026,5,3,42500107,86032e19-d5e8-c46a-55ed-9504d5c4d7ad
42500107,263,2026,5,3,42500107,98f1617d-c53f-081a-06d3-feb27d509edd
42500107,36,2026,5,3,42500107,af5fb08e-da94-4aa8-c462-b450f6739fda
42500107,396,2026,5,3,42500107,a73c102b-81a1-1a36-c754-b0ef6bbe4f3a
42500107,410,2026,5,3,42500107,8310dfaf-d98f-d11a-325e-86bba4778d98
42500107,44,2026,5,3,42500107,0d82d9cc-5423-c8ec-183a-cfc045262360
42500107,479,2026,5,3,42500107,e75758f1-e649-11fa-6206-ebff13cde9ec
42500107,641,2026,5,3,42500107,1a26bbe3-08b2-81a4-241c-ab792c54707e
42500107,83,2026,5,3,42500107,1b2682f0-3bfe-0b08-414b-80eff36e1491
42500107,130,2026,5,3,42500107,79689909-92b7-761e-db83-4141a4ac5f0c
42500107,133,2026,5,3,42500107,84233d8d-eb66-e7bc-ffce-6e37d0181982
42500107,138,2026,5,3,42500107,4effd2c6-4cd3-ce96-ea1f-4cc3723d48c3
42500107,140,2026,5,3,42500107,aa9239de-e477-6068-4d41-a4d555a9d71e
42500107,145,2026,5,3,42500107,06a8143e-154a-87d4-ae54-0c578deb0c68
42500107,152,2026,5,3,42500107,cba95175-109b-917a-1afc-3466f454b184
42500107,16,2026,5,3,42500107,2a3a5aa4-145a-70d0-9a12-792fe877231b
42500107,174,2026,5,3,42500107,bff29453-b2e4-542d-cb87-e16aa505108c
42500107,18,2026,5,3,42500107,62e680ac-8ce8-9401-5422-2862db75fbd7
42500107,180,2026,5,3,42500107,2f19332a-16a0-9aab-305e-455a508a47ed
42500107,182,2026,5,3,42500107,d773b921-122a-5ba8-99c7-99dd75d50e58
42500107,19,2026,5,3,42500107,bba9248e-77b6-5fa7-b67d-addc9948af1e
42500107,193,2026,5,3,42500107,7b2e6da3-9606-1c56-63d9-b28a947c5a23
42500107,202,2026,5,3,42500107,a3959faf-754d-189a-d72e-a36eb75f3b02
42500107,21,2026,5,3,42500107,d646f30d-eda9-3fb7-78ab-ed8e080db5aa
42500107,211,2026,5,3,42500107,73c22411-a771-d039-9483-fa8a777ac56e
42500107,213,2026,5,3,42500107,fa3b67f5-1cae-7547-094e-2bfca600b911
42500107,215,2026,5,3,42500107,eea4cdbc-559d-f295-f525-fac00ab9014a
42500107,222,2026,5,3,42500107,ae8b1c64-8d33-06a9-b7f9-b065103643b2
42500107,23,2026,5,3,42500107,22a0ed46-de9f-37d6-fd84-d77a3b52a3d4
42500107,230,2026,5,3,42500107,b6dd2d37-d35d-5b94-e9f9-525942101211
42500107,240,2026,5,3,42500107,ecb006d4-723d-9e49-d230-d1d65b3d1d50
42500107,25,2026,5,3,42500107,3be6a247-78d6-5d50-672d-71efd7ed1c39
42500107,259,2026,5,3,42500107,b0be14d1-40c3-24fc-6e24-3a3938136002
42500107,261,2026,5,3,42500107,2c5b6d77-6c7c-4361-7fa7-d30abe85a8c9
42500107,272,2026,5,3,42500107,0e6d0700-2c6a-1a9e-2368-4296ab148010
42500107,274,2026,5,3,42500107,80b9de5e-1b75-df00-2b6b-5afbe801eca9
42500107,276,2026,5,3,42500107,1b05acbd-2ab5-fd2e-be52-dcece3c6735b
42500107,284,2026,5,3,42500107,54833f68-7bfa-9778-4381-38622dfc2160
42500107,29,2026,5,3,42500107,6ec7024f-1e8d-94b5-5dc6-9b52672eea11
42500107,304,2026,5,3,42500107,9591f891-6f72-3691-0963-3722bd80fff8
42500107,308,2026,5,3,42500107,6d11c42a-96f9-c9df-7148-b2c821628383
42500107,316,2026,5,3,42500107,5d80fd47-38ff-9aed-e071-1d1387b40203
42500107,327,2026,5,3,42500107,d3c485d9-5767-cdb0-1c81-5fc7745ef3d2
42500107,337,2026,5,3,42500107,5b58d63b-7b8d-7710-4129-288dbb8862fe
42500107,338,2026,5,3,42500107,9f7d2824-1136-1dac-caff-ca08f54afa90
42500107,340,2026,5,3,42500107,8ba0a1bf-0531-30cd-f07e-e634aea27be4
42500107,344,2026,5,3,42500107,15c72cec-4ade-e773-88a7-840ce1d9c2e8
42500107,346,2026,5,3,42500107,1f72f485-01a4-146e-2c8f-79eff4eded0f
42500107,348,2026,5,3,42500107,8516068a-837f-c9c8-4b9e-44f381c21c2c
42500107,349,2026,5,3,42500107,65a6a911-1c80-a364-16f8-179a4dd84465
42500107,370,2026,5,3,42500107,56a368ed-9c21-40c3-b937-0164804469db
42500107,374,2026,5,3,42500107,5277ccb2-79f3-3acd-b444-97a109e4cede
42500107,377,2026,5,3,42500107,61483344-ed48-e405-bb68-c4eecb3f5d1f
42500107,384,2026,5,3,42500107,cd8c84e9-a20e-9390-8e9d-d1669e3c5b85
42500107,386,2026,5,3,42500107,0e532d19-b3e3-db8f-abed-12c424439322
42500107,388,2026,5,3,42500107,fab21786-c20d-cdd2-ef14-7aeee12a5873
42500107,390,2026,5,3,42500107,80bd6c5a-36de-832b-0a61-ef457f4feca7
42500107,392,2026,5,3,42500107,918a3791-d179-cae4-f34b-661624a11963
42500107,394,2026,5,3,42500107,6d987796-0b60-6a8d-ba57-4d12827142f6
42500107,399,2026,5,3,42500107,f187d8c1-95ad-b9cf-51d1-95fc5846736b
42500107,402,2026,5,3,42500107,951bb9f5-3690-7f3d-22f9-51823ec614e3
42500107,404,2026,5,3,42500107,7747ee4f-6f0c-2d6d-494f-7032ff8e3e3e
42500107,406,2026,5,3,42500107,6e7c1051-5ee7-288f-3288-bc6427368ac2
42500107,415,2026,5,3,42500107,f1e8e3ae-94b5-8e4e-046c-a630d94325bb
42500107,419,2026,5,3,42500107,5495dee0-b554-e199-510e-194c8be99329
42500107,421,2026,5,3,42500107,644aaf9d-8fcf-5e1e-c1ab-a66f7733880a
42500107,429,2026,5,3,42500107,23a28044-44c2-0452-2c46-1c8fec769367
42500107,431,2026,5,3,42500107,842b3a6e-a484-84e2-46d3-794cfbfd2a32
42500107,432,2026,5,3,42500107,64588573-6318-c9ac-5de0-696928b995c1
42500107,434,2026,5,3,42500107,8c074d6c-00f9-8ac3-bab9-2f640c106244
42500107,443,2026,5,3,42500107,37faee26-d076-4e73-7a5e-d17b2abbb079
42500107,451,2026,5,3,42500107,7e2e4623-61e1-665d-815a-b5dcf7fafd93
42500107,453,2026,5,3,42500107,c8427292-5e24-437d-0b12-a62b8f8766c9
42500107,461,2026,5,3,42500107,0173b6ce-ac66-2bd3-c853-67bf964bf073
42500107,470,2026,5,3,42500107,60f5f173-c66e-6795-fb9b-3337794d8fc2
42500107,482,2026,5,3,42500107,463182c8-5463-90ee-c9e5-be5a0d2b1013
42500107,489,2026,5,3,42500107,0390566c-9473-da3e-ae85-3c58c331e87f
42500107,50,2026,5,3,42500107,f8d94ee9-52c7-32a2-47ec-a73443f3919d
42500107,504,2026,5,3,42500107,a25cfe8b-373c-821d-1650-0b53f185751b
42500107,507,2026,5,3,42500107,c0531f79-a99e-23e8-cbc6-410f3a5fdf4e
42500107,515,2026,5,3,42500107,2c388aec-08f6-14c1-8b06-27cf04d41624
42500107,52,2026,5,3,42500107,42eb40b4-d228-0741-16a8-94bb2a7ed738
42500107,530,2026,5,3,42500107,665b0237-09cd-cee9-1586-b084de238def
42500107,533,2026,5,3,42500107,30c38733-be83-b2fe-ac6d-4e5d32c1c35e
42500107,534,2026,5,3,42500107,b6df0bce-54a4-8cd0-daae-7bc2e4a4ac8c
42500107,54,2026,5,3,42500107,e415daec-683e-0af0-213c-75623e6d4d1e
42500107,579,2026,5,3,42500107,148bfc02-1434-1832-cb85-06bfaa46ec0c
42500107,590,2026,5,3,42500107,b7c54ad3-d300-8fd2-47f2-0f53d0d4cb89
42500107,599,2026,5,3,42500107,f3a30e7d-0b92-45c6-af4c-da44b4d409f3
42500107,60,2026,5,3,42500107,d1b98ea5-9c2e-e002-6c2b-695c787017bd
42500107,615,2026,5,3,42500107,f7aef463-d6a5-5cac-920b-65bfd83c8973
42500107,617,2026,5,3,42500107,60e712a5-77a3-6220-bf3b-1259ac988926
42500107,62,2026,5,3,42500107,19e2bea7-e575-3973-c470-5b7388ba5dbf
42500107,626,2026,5,3,42500107,d985e8da-35fa-0761-69c0-04731c41007b
42500107,627,2026,5,3,42500107,48179f91-5eee-7922-f4dd-4577499abcaa
42500107,647,2026,5,3,42500107,c2b0d4c1-3611-2394-0ecd-b5576ec3a617
42500107,66,2026,5,3,42500107,3f0e7512-709c-8155-4775-8ce37801ea3e
42500107,661,2026,5,3,42500107,f2c9853f-fd93-0e50-f331-ef34b1ddd4e2
42500107,677,2026,5,3,42500107,cd14a25c-2d4b-a6b0-31f4-35a16f0897ae
42500107,7,2026,5,3,42500107,81721ff1-270e-52ed-6ad1-e614ca0fefb9
42500107,70,2026,5,3,42500107,f635f508-ed3a-a5d1-398a-efe29f3de309
42500107,79,2026,5,3,42500107,a1e629e6-019a-4f68-c299-b897acf1bedf
42500107,86,2026,5,3,42500107,66e3cd50-14db-9e5a-0a3a-57906184945e
42500107,13,2026,5,3,42500107,8cba3559-0270-2fc6-189b-82e80e3396b0
42500107,131,2026,5,3,42500107,7bb5545c-bcae-f06c-f22a-e0c6775fdc4e
42500107,134,2026,5,3,42500107,ff6597da-3ecb-33b2-81ad-6d4eb18fb057
42500107,137,2026,5,3,42500107,7a362ac9-7db7-2bd3-5d2f-64602d069bc5
42500107,139,2026,5,3,42500107,3ab130f6-c856-8ab2-7625-56add9e68e22
42500107,141,2026,5,3,42500107,e253fa8c-3548-3c30-982d-bb97c040b79b
42500107,146,2026,5,3,42500107,9b9e1a31-0600-44cd-f49e-a3aee4062288
42500107,151,2026,5,3,42500107,ee87203b-d31b-d2b9-1831-ede775d10670
42500107,153,2026,5,3,42500107,d8e27ade-e774-8741-8a14-6c53b2d3cbec
42500107,17,2026,5,3,42500107,09622a8c-9177-00eb-ee06-917a1447b7be
42500107,175,2026,5,3,42500107,1c1b7d03-e5b0-1446-d955-aaeb90ecb88d
42500107,181,2026,5,3,42500107,d86663fe-da15-0622-8169-4e883f867d50
42500107,20,2026,5,3,42500107,e6505e1f-387d-2693-2119-8144055a0b5d
42500107,203,2026,5,3,42500107,5e6c2ea1-bb59-7d9e-5299-b6b6683f34f3
42500107,210,2026,5,3,42500107,6a6d76d4-6667-c8d7-7c40-ee71046ad7e8
42500107,214,2026,5,3,42500107,fdeaa1ed-bcea-e2bf-a938-af1cc657a615
42500107,22,2026,5,3,42500107,d814b7d4-3f81-864d-75d9-1441f395ebdb
42500107,229,2026,5,3,42500107,794fc239-15df-b777-7892-9e34d09f56ed
42500107,231,2026,5,3,42500107,8ac8f112-01f9-56ed-e127-d12a31b388eb
42500107,24,2026,5,3,42500107,919ee71b-3bb9-1816-a01c-95d277d2f621
42500107,244,2026,5,3,42500107,c8fd3fdd-73a2-2cc6-601e-79774c315e6b
42500107,26,2026,5,3,42500107,13f8d4d2-289c-26f6-4f11-473383fbe439
42500107,260,2026,5,3,42500107,449b0924-1e3c-7af6-b931-0b4db4937ccf
42500107,262,2026,5,3,42500107,875c6a7a-2a3e-f063-ac77-f4898ee9c535
42500107,273,2026,5,3,42500107,7db711d2-1153-afb9-af61-5c5ef6295b26
42500107,275,2026,5,3,42500107,5fc168e0-29c5-b687-69a9-b1ece3568acb
42500107,30,2026,5,3,42500107,d437eba6-01ea-7a8c-a3d2-94d70953372f
42500107,305,2026,5,3,42500107,773ad41f-daf9-495f-57f4-d8850411c0cc
42500107,309,2026,5,3,42500107,2b2d30e6-1209-f528-5f10-64faecad1326
42500107,328,2026,5,3,42500107,717ed9f9-4cf8-2e7d-431b-1c8f4f1fa79b
42500107,339,2026,5,3,42500107,206cb535-ab0f-369f-5381-194d2c02ac21
42500107,341,2026,5,3,42500107,b541eee5-4c12-e44d-0738-b40e60278d4c
42500107,345,2026,5,3,42500107,d6d53691-ca7c-85a5-bf38-6d216c6276f3
42500107,371,2026,5,3,42500107,f3c41d31-0e44-dc77-4120-bd27cac7a6e2
42500107,379,2026,5,3,42500107,0f13e858-4db5-be02-5b33-0168d9a761a1
42500107,38,2026,5,3,42500107,0eb6d4b7-dade-9e35-ba8f-bfb9e5563bfc
42500107,385,2026,5,3,42500107,11671946-c601-1d48-ef93-1b4fbc1f0c50
42500107,387,2026,5,3,42500107,54825dd2-8df0-e60f-be6f-eca284c1cbc1
42500107,389,2026,5,3,42500107,bf1117b6-7005-7b23-383e-97721aa35b51
42500107,391,2026,5,3,42500107,15d4ed55-55b7-54de-7122-31350544b385
42500107,393,2026,5,3,42500107,615a07c1-e1b5-0f56-7e17-bdb43856dc9c
42500107,395,2026,5,3,42500107,cc808cba-d8fc-4c7b-c773-f445b64851da
42500107,398,2026,5,3,42500107,2b40ef03-bab9-cb7a-63af-a58636c76fbd
42500107,403,2026,5,3,42500107,1f16c957-49a1-fd47-7039-9c0d15302972
42500107,405,2026,5,3,42500107,979bdb1d-1003-2806-8d24-f3adbca978fb
42500107,412,2026,5,3,42500107,572decbe-8c51-1c4f-4add-b91970aa92d0
42500107,416,2026,5,3,42500107,2e23999a-9872-84e4-d874-dc539e6d4ef4
42500107,420,2026,5,3,42500107,5dc30a6a-367b-5253-4fc2-0c3b406dbbd5
42500107,430,2026,5,3,42500107,8887cdc9-ff24-def5-29e8-9923d4abc026
42500107,433,2026,5,3,42500107,cc9c220a-38d2-0360-0827-402e5fee4018
42500107,441,2026,5,3,42500107,9e8cbb96-4c42-e9a0-515b-42e5e58ee4eb
42500107,452,2026,5,3,42500107,ef1f2dee-84f6-9ffd-990d-84fcb2141708
42500107,46,2026,5,3,42500107,4e69602a-9d88-7684-aa1d-522bfe22eb57
42500107,490,2026,5,3,42500107,e3246bcd-4820-3a4c-75c2-3ec8cd2fe0f3
42500107,508,2026,5,3,42500107,dd15033f-e990-e954-e3f3-d63a7985a680
42500107,51,2026,5,3,42500107,ed820d29-899a-4e03-b3d9-63076a537c6e
42500107,53,2026,5,3,42500107,ca21427b-f552-e7b3-cc00-afb674229225
42500107,531,2026,5,3,42500107,7a54aafe-db99-9817-de30-4c3f39859fc3
42500107,558,2026,5,3,42500107,a9690e94-ea43-4cf2-a251-b77dd5f301bc
42500107,591,2026,5,3,42500107,65d1ba25-0042-17ec-f7fc-2fe278df703c
42500107,600,2026,5,3,42500107,a54d0d2d-5718-94b3-ca75-97db5fa8dc80
42500107,61,2026,5,3,42500107,0ca83d24-6d6e-ed5d-2f76-c3bcd9437533
42500107,616,2026,5,3,42500107,398c128f-3e6e-bee0-f937-01e913737e0f
42500107,628,2026,5,3,42500107,ec032569-db36-355f-6b2a-0de5f6f75c2d
42500107,629,2026,5,3,42500107,315895c4-b406-444d-b181-d450c0b50ed3
42500107,662,2026,5,3,42500107,84a3e2d4-ca8c-731c-85af-146539e4abd5
42500107,67,2026,5,3,42500107,0b5582aa-c338-2833-ff7e-9d23bb1fec52
42500107,678,2026,5,3,42500107,a7ecab22-2e13-c20e-bccd-708ff5e10d27
42500107,78,2026,5,3,42500107,07403381-bfdb-17b2-ef90-67009b28f1ff
42500107,8,2026,5,3,42500107,f9db6ff2-29ff-054c-e031-5e5f4470666f
42500107,80,2026,5,3,42500107,57b301bc-f52d-ab02-1e0c-62e772fc55cf
42500107,84,2026,5,3,42500107,6a4449da-43ef-6767-029b-620b0b3379ae
42500107,87,2026,5,3,42500107,f72531dc-a88b-f2ab-8dd4-fcd6a1a89376
42500107,110,2026,5,3,42500107,7c0c9282-5f62-d929-9e14-2c611e93cd9e
42500107,147,2026,5,3,42500107,20620f18-6c2c-4229-a650-86bc5a60e8f3
42500107,178,2026,5,3,42500107,edc686c3-92b8-e8b3-8e86-f1025b114810
42500107,191,2026,5,3,42500107,1a7fc434-d96b-2d00-c2b4-e96761501403
42500107,234,2026,5,3,42500107,298da8db-5497-0f8e-019f-eafced4d62b8
42500107,238,2026,5,3,42500107,b732192a-0545-ab52-2b1a-b00a8ce47e91
42500107,34,2026,5,3,42500107,73dbcfbe-1120-1bad-5d90-6c6aff6c050b
42500107,368,2026,5,3,42500107,e55eae9a-eb56-6c32-dc7c-51ab6d078024
42500107,372,2026,5,3,42500107,607ceab1-571e-64e1-3f1e-33bc33903f0f
42500107,380,2026,5,3,42500107,8e0799d1-26fe-d1c5-ac50-19b61c9cb768
42500107,435,2026,5,3,42500107,e40ad8af-c9b3-e5f4-8d2b-aea66cc6267d
42500107,471,2026,5,3,42500107,e3429684-2fc4-c29a-b8c5-ea6cd3c7eee6
42500107,577,2026,5,3,42500107,7802f6fc-f9a1-7af0-c68e-184b67f4f4f6
42500107,580,2026,5,3,42500107,6556c2f8-3554-19ae-53c1-b4ffd126ec43
42500107,593,2026,5,3,42500107,acd15892-ff4b-5159-ee72-3995d2328dc2
42500107,609,2026,5,3,42500107,6bf8e45b-68eb-1649-fcac-edb1c75b47fc
42500107,613,2026,5,3,42500107,6d266727-4d57-8644-0cd8-80ad4087f323
42500107,648,2026,5,3,42500107,45bd4dd0-abbe-dbfd-284b-06b0e0e0122b
42500107,9,2026,5,3,42500107,9d9329a9-0204-2057-7e16-bbd149515f78
42500107,125,2026,5,3,42500107,16f09424-51cf-0599-4e19-5c5f8379f5ca
42500107,144,2026,5,3,42500107,fb4bb78b-b625-e2d8-8caa-6f7703db20df
42500107,293,2026,5,3,42500107,48c0cc01-e858-1b4f-61ee-47ba6a70ab2a
42500107,320,2026,5,3,42500107,510fe913-a751-106d-9a1d-fefa0af93fce
42500107,503,2026,5,3,42500107,79a10c4b-6e0d-0e84-7bde-894c51c00c1e
42500107,598,2026,5,3,42500107,d14177ca-37d6-913b-e653-f69765eec322
42500117,108,2026,5,2,42500117,c3b43069-e5a5-9706-c5c5-015fece1d35a
42500117,11,2026,5,2,42500117,446de22d-ff3f-da4d-1a5c-6dc9089b67c1
42500117,120,2026,5,2,42500117,b3094aa0-bedf-ecdc-2fb8-32284364c300
42500117,124,2026,5,2,42500117,00430cae-8d97-9f92-35ad-e621f437cc68
42500117,133,2026,5,2,42500117,14a9a832-62b9-0da0-5331-a867b52a25e6
42500117,135,2026,5,2,42500117,ebb23089-be0c-8e6f-7af7-d8733cbc818a
42500117,157,2026,5,2,42500117,e45d98e8-3f35-26c2-aab3-75322d0fd93b
42500117,162,2026,5,2,42500117,dd8988aa-1620-aaa4-c801-2413b9f57b2d
42500117,166,2026,5,2,42500117,65e3188a-018b-2826-9bd3-43ed678dd319
42500117,178,2026,5,2,42500117,12ffda58-db82-74a8-1c73-a01a5b2ddbf2
42500117,21,2026,5,2,42500117,093b54e4-eb7f-8394-6ff4-f148347ab9c3
42500117,219,2026,5,2,42500117,ee0adb1e-19d8-da46-46df-d6838b6b538b
42500117,223,2026,5,2,42500117,fea17098-0879-dba1-757a-bb4a2da0823d
42500117,225,2026,5,2,42500117,fe2910a6-f76e-6ab4-54f7-5b03862a9088
42500117,227,2026,5,2,42500117,451d2942-2eaf-ecd3-97f8-c043664679d9
42500117,262,2026,5,2,42500117,2543182d-97b1-667e-14ce-f8168c27ceb6
42500117,267,2026,5,2,42500117,5624168f-ebb4-7737-daf4-d3da91a1e9af
42500117,290,2026,5,2,42500117,cafaea1a-526e-b064-000d-e00e304748c3
42500117,328,2026,5,2,42500117,a24f24c5-217f-8ebf-6b53-f08487db6f77
42500117,329,2026,5,2,42500117,e60bf1ca-7fa9-cd4c-0a74-f258814d5d90
42500117,34,2026,5,2,42500117,3cc86415-8009-6bd0-cf47-a1b6b64f4d49
42500117,356,2026,5,2,42500117,38e67ae9-bae4-1a98-1d0d-d1fde4b8759b
42500117,36,2026,5,2,42500117,ffec1d69-5924-dca4-e76a-e4432824c29c
42500117,362,2026,5,2,42500117,2f4411fe-ce41-2e40-0bc9-61f944a012d8
42500117,381,2026,5,2,42500117,a2efd420-3dee-5aad-c7ee-2567a9eabda9
42500117,387,2026,5,2,42500117,3f2a7419-50a4-4c82-f0a4-851f52f6c89d
42500117,42,2026,5,2,42500117,a00a8a3d-01d0-42b6-b746-2ca24f4d4c01
42500117,421,2026,5,2,42500117,15393fc0-2b61-6e0f-a573-c89abc51f8c6
42500117,423,2026,5,2,42500117,d86ea5fc-1fe9-ab0e-ced7-ce10e6b1c13e
42500117,435,2026,5,2,42500117,1cb7f64e-261a-1ce7-a8b7-97c8dffd9205
42500117,451,2026,5,2,42500117,bdcb896b-ba28-6725-a33f-5553f2c7325e
42500117,479,2026,5,2,42500117,00919a7e-d2f6-62f9-5560-d233fd5a67ef
42500117,498,2026,5,2,42500117,f4398601-ae82-e2ef-55eb-42920240c262
42500117,509,2026,5,2,42500117,a5d74c15-685f-5289-8bdb-db0d043c3450
42500117,524,2026,5,2,42500117,9d441cfd-7bb3-6085-24ee-45a73ab89a36
42500117,542,2026,5,2,42500117,de5cb4a5-4347-3bb6-b193-a35957715df2
42500117,588,2026,5,2,42500117,b1d65870-7b2d-ace8-12be-2ac255ec8cdd
42500117,59,2026,5,2,42500117,8947628b-dcce-4adf-f415-e6f97b1b2c29
42500117,69,2026,5,2,42500117,92a402a7-2edf-b032-f1f1-ce6e4fcf6da7
42500117,7,2026,5,2,42500117,ccb4b6c1-a508-206c-aece-485aff6f5822
42500117,73,2026,5,2,42500117,8c3cb058-5060-01d7-8290-ccc118f58bff
42500117,82,2026,5,2,42500117,e1be2337-d830-2b26-c89f-32913ff82f92
42500117,84,2026,5,2,42500117,fabc10e6-1871-1982-e59f-aa9481bba04c
42500117,86,2026,5,2,42500117,acf59527-e63f-9c37-1a44-470945f4d32c
42500117,264,2026,5,2,42500117,e8ff3972-cc94-c36a-37bf-73ea2833b266
42500117,301,2026,5,2,42500117,4a904894-89b6-3044-db60-b83620d541e0
42500117,308,2026,5,2,42500117,509fe8e8-c640-52e7-a519-eb439c9161f6
42500117,364,2026,5,2,42500117,1a971bb1-bf52-68e3-c6d0-af4c8c9bb72e
42500117,409,2026,5,2,42500117,b3fa2193-a6cc-c8b6-2133-8223caf662a8
42500117,481,2026,5,2,42500117,74699998-c8cd-3226-7031-d023d7f0056d
42500117,532,2026,5,2,42500117,7b40c91e-2ef1-d270-1d08-e2b972894427
42500117,580,2026,5,2,42500117,50b46760-ff68-f0a7-8f95-3625891e5367
42500117,100,2026,5,2,42500117,f0e9b891-277a-ae23-f14a-8be674d63f25
42500117,105,2026,5,2,42500117,11888c41-63bf-1474-18f5-d214cd2aec71
42500117,106,2026,5,2,42500117,71484e53-82e3-1bba-24ad-7948c9496967
42500117,110,2026,5,2,42500117,3c44caeb-5c94-8eb0-0789-1f5f701a4a60
42500117,111,2026,5,2,42500117,584128d4-e0ea-51fc-e1e1-cb71ce2a2481
42500117,112,2026,5,2,42500117,b6a38f6d-0ef8-1b42-5195-4f6d845167ce
42500117,122,2026,5,2,42500117,9c304790-3cac-7ee0-a786-2d8e832a542e
42500117,126,2026,5,2,42500117,95720ab0-0b9f-f97b-abe4-c627d9b79146
42500117,129,2026,5,2,42500117,9b22c829-4aa7-79fe-41e8-1919499c6d8d
42500117,13,2026,5,2,42500117,973a5e85-7072-9862-6fb4-ce7bc4e7660d
42500117,131,2026,5,2,42500117,1524fdf9-2b6e-96f7-2bbe-f13b24c3f278
42500117,154,2026,5,2,42500117,20671784-5110-bbe6-22c5-c4b90e341621
42500117,164,2026,5,2,42500117,5a541760-dd2f-d3cf-dca6-f8add54cd7fe
42500117,17,2026,5,2,42500117,3eadd623-6d97-a8bc-ea87-d8900bedc08d
42500117,173,2026,5,2,42500117,f7802f93-7a95-6663-ed52-4d57cb7edab1
42500117,174,2026,5,2,42500117,475f01b8-d09b-cf07-d374-b2d34797a43e
42500117,176,2026,5,2,42500117,a89d5363-1f43-4194-1457-4ea5f4ae93ce
42500117,180,2026,5,2,42500117,bb5d946a-6d2a-e646-468c-0a0dcca2e781
42500117,185,2026,5,2,42500117,dcc558bf-0e42-2e73-6136-92ba407e9680
42500117,19,2026,5,2,42500117,09f9f73d-c1e2-de96-1d42-1eae72cb9a61
42500117,195,2026,5,2,42500117,0c26b903-7910-0ec9-a107-0d3685173148
42500117,196,2026,5,2,42500117,ecdf5cac-6b93-1334-e917-759fc8be90d8
42500117,200,2026,5,2,42500117,9d22b464-86dc-fd77-f7ba-69668257b394
42500117,202,2026,5,2,42500117,2db1347f-b943-5a6d-aedb-237d781ccaed
42500117,210,2026,5,2,42500117,04cc7e87-478c-a442-edc7-7c0cbe25460b
42500117,211,2026,5,2,42500117,4c0f7391-b0b3-bcb5-7961-362d093fb0f8
42500117,221,2026,5,2,42500117,00f3fa8e-a547-ac04-2f96-875b6e254001
42500117,234,2026,5,2,42500117,c5a10370-7b0a-0764-e063-211db9cc76e4
42500117,236,2026,5,2,42500117,3dae428f-f067-0140-50e7-929e7276367b
42500117,245,2026,5,2,42500117,e8fce60b-d334-18c7-aee9-00f3e95ba93b
42500117,246,2026,5,2,42500117,39bd9655-398e-d3d7-69f1-0fdb50410b0c
42500117,248,2026,5,2,42500117,c6e3100d-82e6-cbaa-e784-037dd8e16324
42500117,250,2026,5,2,42500117,5a934cb2-e3bb-f5c0-e152-9c67dcba54b9
42500117,252,2026,5,2,42500117,8c42a0cb-5c05-c37c-94c7-a6ba462a7ec2
42500117,258,2026,5,2,42500117,a66a1e98-bed6-eca2-c6d6-cac4d26a2817
42500117,260,2026,5,2,42500117,f62836b7-b807-10ed-bb65-24c6d104c1ee
42500117,269,2026,5,2,42500117,e25a0d62-6437-601b-2e08-177751037aac
42500117,27,2026,5,2,42500117,ba9c144f-7bfd-ff04-bf72-578142ac2fca
42500117,281,2026,5,2,42500117,8b6b8d87-2bfa-26e5-6bd2-98843c249d18
42500117,292,2026,5,2,42500117,9856e9a4-60d2-3323-d7d7-6ff58a63ef45
42500117,300,2026,5,2,42500117,51578d91-fca2-97ae-83f0-8521c225128a
42500117,306,2026,5,2,42500117,cbab1e80-a26a-b51e-2575-ef782b974c64
42500117,311,2026,5,2,42500117,5374aec3-cca3-dbb3-e429-f28c878d75ad
42500117,313,2026,5,2,42500117,74025a8e-312d-ebc2-fd45-88974b2d9916
42500117,331,2026,5,2,42500117,506d40b8-47a2-0d35-6311-ce66db61e0c4
42500117,337,2026,5,2,42500117,a8cdd3b6-9623-1060-5c01-238eb1199219
42500117,338,2026,5,2,42500117,66e10d64-06d4-ffe9-fe81-96c914ce8e55
42500117,340,2026,5,2,42500117,cdc7ca2b-2a97-cb65-8023-a67257591552
42500117,342,2026,5,2,42500117,132ff40f-ed24-ce61-7824-19400b3209c1
42500117,344,2026,5,2,42500117,6380a857-fc88-4e1f-fe2b-519b11fe9d1f
42500117,348,2026,5,2,42500117,7c7dca0c-e512-432d-00d7-2ae366b0b1fe
42500117,352,2026,5,2,42500117,7e85764f-39a7-5351-a753-f191c2ba17b2
42500117,358,2026,5,2,42500117,74eddd33-6860-ed68-1a24-c0b1a4de8e48
42500117,360,2026,5,2,42500117,3ef654dc-f5c9-4d56-667f-0cc5df569795
42500117,367,2026,5,2,42500117,54dcb0b8-b30b-7824-d501-c44606acce56
42500117,371,2026,5,2,42500117,69034907-8e22-e8ed-c96b-956571996288
42500117,374,2026,5,2,42500117,efbeb7b2-b9e5-5b8e-3276-ae634417063d
42500117,376,2026,5,2,42500117,4ca9aebe-aecc-5cee-9fe2-b822b699b4d7
42500117,38,2026,5,2,42500117,7a851b39-6c3c-5ddf-fb89-9e7f9ad86ee1
42500117,383,2026,5,2,42500117,b8a50e06-1530-b731-3139-c338c2e472a5
42500117,385,2026,5,2,42500117,bc6bc80f-f22c-b7e9-fbdf-5bd136ca208d
42500117,389,2026,5,2,42500117,c02d6cd8-5d87-bb25-bc09-d8e04c8c5c7e
42500117,40,2026,5,2,42500117,5a3e73ba-9fc7-c460-f0ef-ffb76445debf
42500117,402,2026,5,2,42500117,73edd195-f778-5af8-989b-fe5051ed00d5
42500117,404,2026,5,2,42500117,7dd44077-6c1d-4a31-1dfe-f10698e84dfe
42500117,406,2026,5,2,42500117,737d597e-f357-950a-d9ba-ac09f44c89d2
42500117,407,2026,5,2,42500117,175c8074-740b-7214-d1aa-053fb1a0e6b1
42500117,412,2026,5,2,42500117,2f13a5ee-df55-17fd-2980-b157f127b3c6
42500117,425,2026,5,2,42500117,f4df3ef7-12e1-bea6-db7e-613525024c9f
42500117,427,2026,5,2,42500117,ebe45704-860d-218e-d592-00e42ee06d99
42500117,429,2026,5,2,42500117,4dec668d-4f42-cbcb-5903-04e7642b88d0
42500117,430,2026,5,2,42500117,e4ccf6ed-90a4-42fa-5cb3-189263c133e9
42500117,432,2026,5,2,42500117,45a84cde-cc74-de9e-fb14-f6499ce81b0b
42500117,433,2026,5,2,42500117,fd46dc2a-8292-4595-2f3e-4a55b796cd84
42500117,44,2026,5,2,42500117,19ab5b67-e671-95a0-7680-9a5cd1a2a996
42500117,440,2026,5,2,42500117,4e0dcfba-5c83-ee8c-b79c-4d71fe0ffc52
42500117,442,2026,5,2,42500117,24a39b02-d5d8-356b-6af2-624497d64200
42500117,443,2026,5,2,42500117,d72f34c5-b550-0dda-67de-649cd5e7664a
42500117,445,2026,5,2,42500117,f8cde9dc-1a53-957b-832e-c33e7653a6f0
42500117,447,2026,5,2,42500117,d6f5a3d7-0196-18d5-703e-eefc1f3ec7d2
42500117,449,2026,5,2,42500117,0ebb738d-b046-93be-8b79-2b76f0bc1cce
42500117,453,2026,5,2,42500117,4f480dae-1d65-8a81-f484-248f529f1578
42500117,46,2026,5,2,42500117,a0a9a8ae-d006-26d0-0e9b-63848b73ddf5
42500117,463,2026,5,2,42500117,bf4eee15-8458-1acf-a20d-feff912500fc
42500117,473,2026,5,2,42500117,b5f89027-9a62-6c3d-c509-c359f5ac506a
42500117,475,2026,5,2,42500117,a900ebd9-3a18-7173-192a-ffbe0d22d8c8
42500117,477,2026,5,2,42500117,f464688e-4bb0-d5f8-737d-cabaff71b700
42500117,483,2026,5,2,42500117,0b605c04-f94f-d2dd-4490-5831b6365962
42500117,489,2026,5,2,42500117,484e8c2d-37ba-7872-0709-e8603bfd68fb
42500117,491,2026,5,2,42500117,da0293d5-3c25-9611-1ec6-f2f42ba44343
42500117,492,2026,5,2,42500117,dff55147-4147-f9f0-cf60-00498d5d8e41
42500117,502,2026,5,2,42500117,3fca1a18-31d6-983b-7716-fe8f9515f988
42500117,517,2026,5,2,42500117,dba8c2e0-6de3-2a62-3eb5-c11c78c0b6f0
42500117,519,2026,5,2,42500117,320a7399-c060-82f0-4008-2f14010f580b
42500117,526,2026,5,2,42500117,3e87965b-4ba8-aa59-0839-56e07e9e2318
42500117,535,2026,5,2,42500117,1aedeb8e-8c59-82a2-e12b-e1bb16883644
42500117,537,2026,5,2,42500117,155e577d-d22a-17dd-ceca-61273b5c4e30
42500117,540,2026,5,2,42500117,1904a83c-345e-fe41-e650-dce0dc5edd3b
42500117,552,2026,5,2,42500117,991b53b8-9d2e-e432-cfa3-085d6cab3916
42500117,557,2026,5,2,42500117,b8442d14-44f8-8585-c6b7-fc38e3bf06a4
42500117,566,2026,5,2,42500117,5bf377f9-e40b-20c1-1db1-d9b8d7924478
42500117,572,2026,5,2,42500117,adffb092-77e6-db44-6568-f6ffb90a1ac9
42500117,574,2026,5,2,42500117,fc638b6a-4271-a87d-3d01-ba2649d22b05
42500117,576,2026,5,2,42500117,5e2e1743-e634-39dc-ee34-024c3266e4aa
42500117,578,2026,5,2,42500117,3277efe5-46c1-8b69-3764-30c4cbbfb480
42500117,583,2026,5,2,42500117,32a32ad5-90bb-aa4c-ffb6-06ce68f8d44d
42500117,585,2026,5,2,42500117,40960b2e-78e7-66a7-382a-18b25e622304
42500117,586,2026,5,2,42500117,db9bc8af-6a77-28b4-516b-605d0272ca69
42500117,589,2026,5,2,42500117,e7aa4309-60ef-3fd8-4f20-b4b282869001
42500117,591,2026,5,2,42500117,27b3a55e-03d7-b006-9cd7-e55cccaf1ecd
42500117,594,2026,5,2,42500117,30066bbe-0532-f4ee-ffaa-31982a042935
42500117,596,2026,5,2,42500117,3e561000-ef8b-2b8b-de3d-280a23f38155
42500117,61,2026,5,2,42500117,e23270df-76d7-10a8-4222-b84deda44f15
42500117,610,2026,5,2,42500117,45a4b66e-b656-8a4e-8cbc-89217d55909b
42500117,618,2026,5,2,42500117,00382ad6-aae9-96c1-91b2-72a6556ca203
42500117,623,2026,5,2,42500117,e0ab2434-48e9-2eaa-9e9d-efecbe28a088
42500117,64,2026,5,2,42500117,618a9547-9d5e-a951-9ddc-165a7ddb65c3
42500117,71,2026,5,2,42500117,1b575b1a-c7e7-4681-9554-b3706f385924
42500117,75,2026,5,2,42500117,3ca7c7a1-f8a2-634d-2803-296e98ee48d1
42500117,77,2026,5,2,42500117,c292b649-a5c5-c8ba-22ff-205f07cabc50
42500117,87,2026,5,2,42500117,9365cc0c-7afa-0d73-5253-91d9102b1e59
42500117,9,2026,5,2,42500117,10b03ae5-2880-cf22-0c97-d4b946a8051d
42500117,98,2026,5,2,42500117,c1b9c70d-2621-543d-5a51-a5acdeabe9ff
42500117,10,2026,5,2,42500117,e7afac05-7cac-4faf-c8c2-e43f1141edd9
42500117,101,2026,5,2,42500117,2240c8eb-e669-69e5-8007-2f431a9ba738
42500117,107,2026,5,2,42500117,ee74646e-cf60-082b-607f-f32238b0dd13
42500117,113,2026,5,2,42500117,e2db0e5b-8cf9-b30b-def1-35056f583af2
42500117,123,2026,5,2,42500117,e2749bd1-646c-ea7f-3175-ca95697bb5a2
42500117,130,2026,5,2,42500117,1223d756-ae0f-76d8-8a52-5f993625f515
42500117,132,2026,5,2,42500117,b28f9cd9-4cc4-b8d7-de75-12eadb9878c9
42500117,14,2026,5,2,42500117,63aec42f-3541-395e-b674-1f4809d20bab
42500117,165,2026,5,2,42500117,d5a9caf6-5f9c-99b9-f889-9f135328ed62
42500117,175,2026,5,2,42500117,1b654788-e256-afb8-0226-968a54c7a387
42500117,177,2026,5,2,42500117,1f38fa50-2b1c-559a-2793-f7cfa202787f
42500117,18,2026,5,2,42500117,3ecda88c-36a6-269f-8a46-76391aa499dd
42500117,186,2026,5,2,42500117,af1e9b24-6284-1f80-1708-631d0c5cb025
42500117,20,2026,5,2,42500117,d55bc19f-24ec-2c9c-e514-fb474594b0e3
42500117,201,2026,5,2,42500117,5a8cee04-4c06-9133-f17c-6224b0c3afe7
42500117,222,2026,5,2,42500117,301aa969-31c6-fbb7-0cd4-11c7abd392f2
42500117,235,2026,5,2,42500117,330d6953-3a4e-d1f2-7813-2ad98e83f8cd
42500117,237,2026,5,2,42500117,fe1e4601-04e5-e974-4358-cf85dd786cce
42500117,247,2026,5,2,42500117,c760111b-8e33-5ac5-9203-b5e06fec8f34
42500117,249,2026,5,2,42500117,356232b4-fd32-ff01-10b8-663f0dae8bdf
42500117,251,2026,5,2,42500117,2dd77c27-cac1-e5a9-d36a-cbd61cbb1c8b
42500117,259,2026,5,2,42500117,6765899e-4ce0-7ab3-6d99-6fbd2e97f155
42500117,261,2026,5,2,42500117,c66a8af2-0fcb-c6b9-be63-5a31411986ad
42500117,266,2026,5,2,42500117,c114818a-0618-693e-d164-f9ca4ffc511e
42500117,270,2026,5,2,42500117,ac1e5500-7496-b37c-e20a-f6f861b00eab
42500117,28,2026,5,2,42500117,db41c08b-2188-d557-f769-15393213c5c6
42500117,289,2026,5,2,42500117,56101cf5-c558-52fb-cf2c-a75c85ec7349
42500117,307,2026,5,2,42500117,7ca9347a-2b21-d4e9-6578-63e5578e9f30
42500117,310,2026,5,2,42500117,a7537aae-6099-e9cf-65d8-c984f6218d20
42500117,315,2026,5,2,42500117,c2fbd046-b59e-9c77-f0b0-4d25999959c4
42500117,339,2026,5,2,42500117,ccbf6f0d-c241-768b-6a5d-b370fd575055
42500117,341,2026,5,2,42500117,b2e9258b-a0ff-27fd-093a-171fc546c2f5
42500117,343,2026,5,2,42500117,b6822d0a-e2af-efc7-d2fe-1b713af9c424
42500117,359,2026,5,2,42500117,00c6b978-7089-dfc8-2dd0-14e028d749bb
42500117,361,2026,5,2,42500117,8a719ebc-4357-b627-9c1c-6cb9765c9bd1
42500117,366,2026,5,2,42500117,3baa2f62-350e-edac-1e68-576498054c86
42500117,368,2026,5,2,42500117,a9210586-785b-ad17-ce81-6f5b83e4a612
42500117,375,2026,5,2,42500117,ae2683cc-b5f0-64ca-91e5-ba431cb71d1f
42500117,377,2026,5,2,42500117,367ae41c-4d6e-f576-0909-f17409805abe
42500117,384,2026,5,2,42500117,b82b97b6-b35e-0a74-f04e-b522ccae0d77
42500117,386,2026,5,2,42500117,2adc7cab-b56d-3a32-c9a9-e502bd074bc0
42500117,39,2026,5,2,42500117,a56087eb-7544-6b57-22fc-1085e0ad748f
42500117,403,2026,5,2,42500117,fc112786-7aee-037b-b401-2037569a6df9
42500117,405,2026,5,2,42500117,3160e8c5-c765-896b-9581-cd81b403965a
42500117,408,2026,5,2,42500117,10196ce6-78a4-76d1-d2ad-10105210c181
42500117,41,2026,5,2,42500117,2ab26d46-bce5-6297-93c4-1fcfe8c19033
42500117,411,2026,5,2,42500117,99352e76-2b07-4783-13c1-7891ef96a2ef
42500117,413,2026,5,2,42500117,5462a917-f171-7129-fdeb-4973e21eb5db
42500117,426,2026,5,2,42500117,54d49d0c-a9bb-aaf2-acc9-7af27142c4c7
42500117,428,2026,5,2,42500117,1ba5d130-495f-e59a-1c36-ac413adc0b68
42500117,431,2026,5,2,42500117,62552f7d-11a4-0c40-e9bb-94c6260e903a
42500117,434,2026,5,2,42500117,56f2844e-7962-3c6e-212f-81269d1b5541
42500117,441,2026,5,2,42500117,9d30dc49-813f-363c-0d7c-d53adee63dd0
42500117,444,2026,5,2,42500117,6393e5e1-0448-9c21-3636-5edce0e1426d
42500117,446,2026,5,2,42500117,3f1f05ba-b461-b87d-41e4-97ebce122f9f
42500117,448,2026,5,2,42500117,64a63ba3-f441-f730-65de-93390f4f87a3
42500117,45,2026,5,2,42500117,f583cff7-be5e-1264-485e-7b0de327243b
42500117,47,2026,5,2,42500117,7d764bc4-df5e-59b1-f1fb-a99d96766740
42500117,474,2026,5,2,42500117,62c7f6eb-bbf5-a1cf-eaad-653bd91127a6
42500117,476,2026,5,2,42500117,1c8118a6-89ce-58f5-d4c4-ecb9fd3db0f3
42500117,478,2026,5,2,42500117,7f90fdb7-8ce9-e30c-393a-7b7c947d6f43
42500117,482,2026,5,2,42500117,a9c1e3e6-df06-485d-cf48-e715ce8360ae
42500117,490,2026,5,2,42500117,e9a3f533-2a43-998b-ed7a-fa76bdfbff8a
42500117,493,2026,5,2,42500117,cfe428c5-0b28-092a-367e-668bdcaf918e
42500117,518,2026,5,2,42500117,cbcd0d3d-c3d2-0edd-cca6-6c6b9429f5e3
42500117,527,2026,5,2,42500117,77dd7680-45be-2b9a-26a9-ee87a14f1daf
42500117,533,2026,5,2,42500117,7a074920-84ca-326e-6fc1-bd22e03bd229
42500117,536,2026,5,2,42500117,a57b0393-1cf0-d4f6-2cca-a58acc5183bf
42500117,538,2026,5,2,42500117,845dcb89-e64a-b4ec-5000-fbb9c111d4b1
42500117,541,2026,5,2,42500117,21c5227b-cb65-2ed2-7957-9bb0b1ee0eec
42500117,558,2026,5,2,42500117,dbb9ff1c-5506-2fc1-73ef-53e4288d4848
42500117,573,2026,5,2,42500117,ac96197c-3431-8473-c461-c443d28d3245
42500117,575,2026,5,2,42500117,c5478753-c399-101b-2f5d-765aca21c40e
42500117,577,2026,5,2,42500117,c6677658-82aa-e9ba-5936-4cfc77946b94
42500117,579,2026,5,2,42500117,b2aaea09-5acd-cde3-8107-35cda028e0a3
42500117,582,2026,5,2,42500117,1c67cd3c-82fb-184f-f7eb-28f9c84a6670
42500117,584,2026,5,2,42500117,60bc935c-7346-53f6-484a-327427d07a75
42500117,587,2026,5,2,42500117,ae7854c8-077a-8f64-615e-36a37d4852f0
42500117,590,2026,5,2,42500117,024095d6-4d80-2ad1-35b2-451b0bdf758c
42500117,595,2026,5,2,42500117,341dd1bc-67e4-6e0e-03c8-e09605eb20cf
42500117,597,2026,5,2,42500117,0f0c9241-e86b-1fbc-604d-24f4cad4226c
42500117,611,2026,5,2,42500117,1362fbf4-1212-fb13-2444-a4afef6ef6eb
42500117,624,2026,5,2,42500117,21bfde9d-c68a-8b14-7e3d-7bdfad4d54c1
42500117,72,2026,5,2,42500117,7c031c9a-c519-d954-542e-141960566d8c
42500117,76,2026,5,2,42500117,65221b53-10a0-44c5-f1f3-be5cecf7abd4
42500117,88,2026,5,2,42500117,67a3450d-b445-93df-257d-96b61f9a4b04
42500117,99,2026,5,2,42500117,32ce5c51-25f7-08f9-8825-2d12a196a5ee
42500117,127,2026,5,2,42500117,da42d988-d70b-2287-b2e1-1c7f485fe35a
42500117,25,2026,5,2,42500117,8e7d3678-275e-c41d-81cd-d6d0e4f78889
42500117,29,2026,5,2,42500117,d0f1b0c2-6275-35dc-5d7e-0e4ff4b3b428
42500117,369,2026,5,2,42500117,d9faa0dd-808d-b802-8afe-433163394fa4
42500117,104,2026,5,2,42500117,50c5dc44-8b9c-e1cb-619b-f1d32e22acc8
42500117,161,2026,5,2,42500117,904076ae-3bce-9325-53af-727626c7d858
42500117,205,2026,5,2,42500117,87fdb8d8-e754-e70b-abac-9fd662b56133
42500117,23,2026,5,2,42500117,7b470806-df1b-01c5-a46d-ac0fc72f8390
42500117,280,2026,5,2,42500117,ee41a85c-c735-c537-f4f9-158b88fcad8f
42500117,33,2026,5,2,42500117,1df48b1f-b085-b0b7-66ca-2a57dfe0209f
42500117,539,2026,5,2,42500117,75d55028-2dc8-d54f-eb0d-4b24548dc772
42500117,563,2026,5,2,42500117,aca445b7-1ac9-3f27-eafa-de9fadef464c
42500117,57,2026,5,2,42500117,ec0ea270-e378-029f-9a8e-dccbe34041fd
42500117,58,2026,5,2,42500117,852b8bd0-d06d-4869-c8ec-e54d4f6fd66d
42500137,110,2026,5,3,42500137,ab7c1698-4e96-900d-47e8-53b4aa070685
42500137,116,2026,5,3,42500137,fd836cbc-ec8d-4ff3-0026-afcdaeb21bff
42500137,129,2026,5,3,42500137,ec26c96d-f25f-3801-1670-ec5ed9393f58
42500137,146,2026,5,3,42500137,c0604907-d535-1ae0-6b57-d275309db095
42500137,148,2026,5,3,42500137,c5c229ad-2adb-c37a-d4d1-ad4bdeb71119
42500137,150,2026,5,3,42500137,92526f83-98d2-77d9-cba7-0c412b8e8dba
42500137,179,2026,5,3,42500137,a176f690-5fd4-55bc-6656-7b780c08e38a
42500137,188,2026,5,3,42500137,eac2d8af-aaf7-d9b0-34a0-097e3b67f036
42500137,19,2026,5,3,42500137,0d325006-2779-16ce-59d3-62c91fbd342c
42500137,200,2026,5,3,42500137,eba0586a-e804-0c77-5d69-a645c26ef06d
42500137,241,2026,5,3,42500137,4359f25d-59a6-bfe2-64dd-1be6c7962cd0
42500137,25,2026,5,3,42500137,8265ace1-94f1-fa6f-f8fc-38b740674f51
42500137,250,2026,5,3,42500137,ff3ec674-73b8-9fed-50df-c3e67d9307cc
42500137,273,2026,5,3,42500137,9f0134c5-1b1c-2b9a-9610-ba859258c3f9
42500137,312,2026,5,3,42500137,9a3e0d49-ff9e-4dd8-f5fc-0fac3a7c9520
42500137,314,2026,5,3,42500137,68d91fe4-db4e-628a-4fca-ebcde2e87076
42500137,328,2026,5,3,42500137,9cd538ca-50d8-8ebd-ea2b-be03dd70a818
42500137,335,2026,5,3,42500137,137329b0-1467-6a41-2948-8fe4a6d7563c
42500137,34,2026,5,3,42500137,773539cb-7107-66cc-477f-b390cf670d08
42500137,387,2026,5,3,42500137,27af0707-88fa-0764-2f9e-85be69890c68
42500137,425,2026,5,3,42500137,0b81d659-62aa-4439-bbfb-418b987345ac
42500137,435,2026,5,3,42500137,7c58aa2e-6961-f0cf-335f-db01c35bbcd5
42500137,441,2026,5,3,42500137,fe3d8d28-9c81-8449-813a-58b6ac36a432
42500137,455,2026,5,3,42500137,7382b45f-38ab-346a-635d-25221e6d0ecd
42500137,457,2026,5,3,42500137,7f969167-84c1-1ce6-061d-99f26525559c
42500137,468,2026,5,3,42500137,f2b3a534-3927-332e-946b-14e376226626
42500137,480,2026,5,3,42500137,f5af3a6f-90eb-1d5c-d5b7-b2212e29ce67
42500137,491,2026,5,3,42500137,80ef759b-e258-8073-c443-af780aec1782
42500137,505,2026,5,3,42500137,ff4b2133-5987-3875-a960-0e0b7884fef5
42500137,555,2026,5,3,42500137,8db266d6-f90f-6524-9dc9-5a873555bc6f
42500137,586,2026,5,3,42500137,d643f306-0fe4-353a-e9b7-c5e397fd6181
42500137,589,2026,5,3,42500137,45fc71c4-ad19-0e73-f6b0-2a95646b8143
42500137,597,2026,5,3,42500137,8bdd2e43-b2e0-a54a-1220-b6f567df8683
42500137,599,2026,5,3,42500137,7fc2c513-453c-d048-acbc-c89942942a40
42500137,612,2026,5,3,42500137,4b45d579-ed4b-e137-9f3b-aaad34245d3d
42500137,62,2026,5,3,42500137,1b8010c6-26af-e8af-f4cc-8a417cf0148e
42500137,636,2026,5,3,42500137,6413c17f-ce70-0d8d-2b7b-72b77f8e8257
42500137,643,2026,5,3,42500137,46c82327-acf3-2857-1b2a-76585b5e2308
42500137,664,2026,5,3,42500137,051a3d24-2eed-541b-146b-90d8f33827a8
42500137,688,2026,5,3,42500137,bbeac917-89d1-a904-de7d-d1392bdb517f
42500137,693,2026,5,3,42500137,310cca47-0e0c-82dc-3de7-74f05b3fc7ae
42500137,705,2026,5,3,42500137,d23331f2-ce4b-e428-67d8-06263005fca4
42500137,714,2026,5,3,42500137,54672974-76e0-5c25-e920-d31f107dfa29
42500137,721,2026,5,3,42500137,6d8d96e0-94e3-bccf-7436-6c6f047d5d81
42500137,724,2026,5,3,42500137,ed696a3f-2a74-96b4-9df4-f2eadc4c06be
42500137,726,2026,5,3,42500137,31d442b8-1799-9a96-4570-cab5d71cb58f
42500137,78,2026,5,3,42500137,b32aec2b-3af6-ebd0-363c-dd9c4b36454d
42500137,88,2026,5,3,42500137,e0a05eb5-09c1-dcc3-aad0-3197121266d7
42500137,212,2026,5,3,42500137,24b65346-be20-5080-d188-dd7b203da277
42500137,396,2026,5,3,42500137,88c0fe26-5355-b9f8-abe9-72602bdd15bf
42500137,40,2026,5,3,42500137,38129ed0-9935-809b-a3a6-946c02020e63
42500137,488,2026,5,3,42500137,e0946334-169b-7c03-95eb-bfaf99a483d6
42500137,521,2026,5,3,42500137,cd32bdde-52e1-978b-1461-9166653c8e97
42500137,526,2026,5,3,42500137,95ddafd0-77d2-87c7-d9d8-326bca565d2b
42500137,540,2026,5,3,42500137,50b21810-7216-b97e-f427-f5e4c8cce26c
42500137,652,2026,5,3,42500137,d7f5a957-729b-6176-3649-70c778da7687
42500137,736,2026,5,3,42500137,c15f3735-261a-27ba-934a-f7e047047a17
42500137,108,2026,5,3,42500137,69aad788-6c2f-16b1-f97f-99b095d84160
42500137,11,2026,5,3,42500137,25e5d348-2dc0-05ac-402c-59480b658602
42500137,114,2026,5,3,42500137,2baced9a-a3a2-7571-1eee-ac373a3d944a
42500137,127,2026,5,3,42500137,b20f0734-4dfd-a03a-6482-181c3d6d0c01
42500137,13,2026,5,3,42500137,04722ac9-5cf7-57b6-6d45-88158a60f9df
42500137,131,2026,5,3,42500137,0c1b6764-654b-a537-01e5-521af686d92e
42500137,133,2026,5,3,42500137,e4453a0b-03c4-07e1-18a2-7454a2871b15
42500137,135,2026,5,3,42500137,d19662e6-3eab-e685-f52d-9d4569d0efea
42500137,15,2026,5,3,42500137,cff90e9c-5c33-eec6-e1c4-64faa04af386
42500137,160,2026,5,3,42500137,0ec7ab24-76e5-d9c3-f968-3ed79a245282
42500137,175,2026,5,3,42500137,0c6fa282-6ee5-0c48-c801-fcfcee5c869d
42500137,177,2026,5,3,42500137,398b9069-b64e-f2cf-af47-f168090723ca
42500137,182,2026,5,3,42500137,e1f4bb7f-199e-97a1-1905-24c96b506aea
42500137,190,2026,5,3,42500137,741ad123-5f87-1166-00a1-3b33463a416c
42500137,194,2026,5,3,42500137,9e2da0f3-c616-34da-98ee-e14b8ab898d7
42500137,198,2026,5,3,42500137,ceac8262-c603-7bff-dd89-cd17c5968b9d
42500137,202,2026,5,3,42500137,595431fc-93a7-d580-3d7c-02c294300121
42500137,203,2026,5,3,42500137,7de839b7-0cf6-d1dd-9754-89aa2ff10eb7
42500137,205,2026,5,3,42500137,d2d20fb0-a8bb-6022-908b-c0476f6d4b7c
42500137,207,2026,5,3,42500137,329fccb4-ca8f-86fa-6c85-7416a46803cb
42500137,209,2026,5,3,42500137,fbb5d8f8-7acd-83de-6ae4-97b409a60f4e
42500137,222,2026,5,3,42500137,ac9bc60e-2dd2-d43b-6e67-eaa580737af5
42500137,224,2026,5,3,42500137,11ca417b-de29-ce4d-4979-c3618c015408
42500137,226,2026,5,3,42500137,203470ad-7d68-60c8-fb2f-9b1dbe74ce65
42500137,228,2026,5,3,42500137,39b362d7-03c3-7f77-82fe-48a106c04ce7
42500137,230,2026,5,3,42500137,6792e809-21d3-6cb6-6b59-df5140c28fca
42500137,237,2026,5,3,42500137,dfe50c5a-6c3e-cfa4-b846-c7e6ab274104
42500137,24,2026,5,3,42500137,ce2977e2-6b7e-3760-e77c-afcfb5936afe
42500137,243,2026,5,3,42500137,07825d61-4a56-ad0c-33a2-6da94093d035
42500137,245,2026,5,3,42500137,cc9ec531-0fb9-b718-8c8f-22ce561d17a9
42500137,252,2026,5,3,42500137,fb06581b-86cc-8bfa-5a83-baa8e5b4cb21
42500137,267,2026,5,3,42500137,99e80a75-4f37-2945-c758-5e8931af5458
42500137,27,2026,5,3,42500137,1ef6abcf-0c78-ec92-2c70-1390b86bc4b8
42500137,275,2026,5,3,42500137,2ca04a2b-ebf0-bb27-6908-10b477d17fc2
42500137,277,2026,5,3,42500137,64829e63-3cf2-7250-cb48-ca2b7ce91703
42500137,285,2026,5,3,42500137,007764a9-b448-87f1-7605-2074fecea223
42500137,301,2026,5,3,42500137,9e2879a7-4b70-c7ae-0ef7-ca4ecaf4de70
42500137,303,2026,5,3,42500137,3851d858-cac3-0aeb-9ac1-b8d874326ee4
42500137,322,2026,5,3,42500137,790ee3d4-f152-4981-f625-731504dc2fc4
42500137,326,2026,5,3,42500137,76e346f3-807c-0c5f-47a7-371a8d5a256f
42500137,337,2026,5,3,42500137,43c844cf-0d4c-c1d0-025f-7b729502814f
42500137,339,2026,5,3,42500137,a5c6552c-1ef9-4953-5a3a-b5a6fa2061ea
42500137,356,2026,5,3,42500137,591d82b9-55d4-0800-fc7d-4143e57f00f7
42500137,358,2026,5,3,42500137,594ac0fe-19ba-642d-3d20-c2dcbe11decc
42500137,36,2026,5,3,42500137,5ee2d7aa-537f-8dd7-da81-06342c4202ad
42500137,360,2026,5,3,42500137,7c442dca-42e1-67e8-e7cf-ad9379e44581
42500137,361,2026,5,3,42500137,3cbec48a-5eba-efb4-8f99-30d6c55e9e44
42500137,363,2026,5,3,42500137,7299eb7f-4519-7d84-c4da-9e4e270060ad
42500137,367,2026,5,3,42500137,95a26cba-000d-32ac-ae1d-f4325c9e4041
42500137,371,2026,5,3,42500137,50105bda-b633-3062-19c7-0eef602fbbfe
42500137,372,2026,5,3,42500137,5baf48a6-e102-0184-0be0-fd5ef781cdf1
42500137,374,2026,5,3,42500137,cba3ab0c-848e-38b1-cf76-b43ea84016b5
42500137,376,2026,5,3,42500137,ba2e33e4-6a8a-e595-c4e4-71e5c8b1b7c5
42500137,38,2026,5,3,42500137,e79c8318-d677-dcfe-936d-59ccb75164c1
42500137,385,2026,5,3,42500137,8a27d332-7bd1-4834-ef25-8da26f337287
42500137,389,2026,5,3,42500137,79730a44-a942-67ed-acdd-9a0757212fbe
42500137,391,2026,5,3,42500137,2d414388-4153-d821-33da-4be08ba9468a
42500137,394,2026,5,3,42500137,ec6a795b-a558-756a-a884-ac188b854ef3
42500137,399,2026,5,3,42500137,42cccf49-110d-168b-88ad-4e15bc13babe
42500137,421,2026,5,3,42500137,18455b1d-f4d7-c2f8-f754-8a5e7630118c
42500137,423,2026,5,3,42500137,f6cd1bca-b0c7-fdd6-675e-984f35b6a8f6
42500137,437,2026,5,3,42500137,d5b903a1-2eb0-413d-68af-d76344603f28
42500137,453,2026,5,3,42500137,5440db12-bcea-912e-506c-7db5facebbd7
42500137,463,2026,5,3,42500137,4244866f-485f-c14b-1d22-ef0cf665902b
42500137,464,2026,5,3,42500137,58024e0b-552d-eccd-242e-77d3c55ef607
42500137,466,2026,5,3,42500137,fb55e945-11cf-6726-4234-731448143e14
42500137,50,2026,5,3,42500137,1d303350-29f7-2d66-47a3-80279feffbae
42500137,507,2026,5,3,42500137,6e9ed8c9-c4f7-1fbe-08ed-2ef361856897
42500137,509,2026,5,3,42500137,018e96e1-a31c-14f3-0288-401240f93261
42500137,510,2026,5,3,42500137,7a126fd1-249f-5ca0-76d4-1a8db9616187
42500137,518,2026,5,3,42500137,1f19336a-a76c-4252-df55-e561d7eed01f
42500137,528,2026,5,3,42500137,b9fb1326-720e-9725-9a7b-1064f672f0c1
42500137,542,2026,5,3,42500137,e8527c2f-92c6-46b3-43f7-f08ecf1269b3
42500137,543,2026,5,3,42500137,5f54f3fd-69f8-3a01-9039-e731d708f50e
42500137,545,2026,5,3,42500137,1af02003-3784-2d02-b346-32823a5e1d0e
42500137,547,2026,5,3,42500137,a98e3d3c-d345-706e-d53c-2bac259f43ae
42500137,569,2026,5,3,42500137,ab8c62ea-f570-1657-4926-8c1d924d8b6c
42500137,570,2026,5,3,42500137,056125ce-4ef7-5349-b24b-b847a18f8814
42500137,58,2026,5,3,42500137,cc714750-8237-f7c7-fccc-3e9290a0c1e2
42500137,584,2026,5,3,42500137,788477fe-93d9-e1bb-ecdd-e3e03149f284
42500137,588,2026,5,3,42500137,25c36722-961e-ae62-a38e-27f13ab0c041
42500137,591,2026,5,3,42500137,81ccc2d6-be0f-4300-4240-f1a79822e764
42500137,594,2026,5,3,42500137,aac1c01b-a00c-198c-297f-1ecb368827cd
42500137,596,2026,5,3,42500137,eb9ef77b-6d0b-119a-aa69-6a3348bab9af
42500137,60,2026,5,3,42500137,4a93d299-92ec-b79c-d5b9-7fd83e32a8c5
42500137,609,2026,5,3,42500137,322ef181-8ae7-1618-36d1-58338755f326
42500137,614,2026,5,3,42500137,9e4869b8-4033-98df-9499-9c2743f19649
42500137,627,2026,5,3,42500137,ad61ab77-b1a7-ee09-29a0-eebff21be348
42500137,628,2026,5,3,42500137,47dad7af-3df4-4c11-08da-3934649554fa
42500137,634,2026,5,3,42500137,315fe635-290d-64c6-00cc-fdf1a0bdedd0
42500137,64,2026,5,3,42500137,ccb4f7b0-0c74-d654-78ff-925565437082
42500137,655,2026,5,3,42500137,f844da20-1619-29b4-2eca-13362e4c63f1
42500137,666,2026,5,3,42500137,f3bb5c0a-4e3c-8fc9-3b35-61af1bf37e80
42500137,668,2026,5,3,42500137,86e52696-f1a1-6435-64b6-b66e2311e9d6
42500137,670,2026,5,3,42500137,eef6d11a-b3d1-e28c-eb2d-208afa7a730e
42500137,672,2026,5,3,42500137,499281a8-ab61-eedc-75ca-44e02e9a9cad
42500137,678,2026,5,3,42500137,59cbf505-6978-ac09-0b40-9e4c1c985e2a
42500137,682,2026,5,3,42500137,4fb2b57f-ae3d-f8ba-563b-706e536828cc
42500137,684,2026,5,3,42500137,bbbffab4-22e6-de37-fd64-6e9b7985ff9a
42500137,686,2026,5,3,42500137,7de0cf38-5434-95ee-bf09-3ee6ebb40ea1
42500137,695,2026,5,3,42500137,428638b3-a227-fdbd-6af6-d68b1a7c0a4e
42500137,700,2026,5,3,42500137,a49323d6-e9cd-5859-6bb6-8b407d20227a
42500137,702,2026,5,3,42500137,f99c1d9d-b142-6925-4854-2ae4d93efb5b
42500137,723,2026,5,3,42500137,369fdc68-c2c6-beed-c27d-7c60a337f635
42500137,728,2026,5,3,42500137,430bfc37-649a-9f50-e47e-20974b1c10bd
42500137,730,2026,5,3,42500137,bfa63580-b141-80a9-59b7-dfbdbb58d9f3
42500137,743,2026,5,3,42500137,3ee5ad3a-6a29-3120-cfd0-e77b3ae9af9d
42500137,754,2026,5,3,42500137,a630d669-8f6a-e98b-7e3a-64fac0964a7f
42500137,80,2026,5,3,42500137,ba32c830-5d48-9276-e0e0-266d7340ce9c
42500137,84,2026,5,3,42500137,113bbc3d-9347-20da-d2be-bf02bb1ea782
42500137,86,2026,5,3,42500137,e77d3e24-4ead-dde7-5f43-a3d0533bb9e0
42500137,9,2026,5,3,42500137,15588cf4-7121-6cb6-c545-fb3f327c47a0
42500137,90,2026,5,3,42500137,fe5c45ab-bdd6-e570-9e63-f2758a14e8f1
42500137,92,2026,5,3,42500137,ed8381b0-e4bb-2bbb-0dbe-1b8dccaab48c
42500137,93,2026,5,3,42500137,be1efb1b-b888-68d9-6716-e05436eafc64
42500137,10,2026,5,3,42500137,49b99b47-ce40-74a5-6a35-febc1dae1730
42500137,109,2026,5,3,42500137,81797007-465a-a7fc-43c5-6f0b3dab5dba
42500137,115,2026,5,3,42500137,9ed6fec0-9354-9096-f361-87230d7b4fea
42500137,128,2026,5,3,42500137,3fedca96-6c96-2085-34fb-b67595855dfa
42500137,132,2026,5,3,42500137,2f51a735-6bf7-8f2d-b633-cbed9ea90f59
42500137,134,2026,5,3,42500137,2503b0ad-6e8a-7b3d-8870-77c7c07c58e5
42500137,136,2026,5,3,42500137,44fd6172-b6d5-096f-48e8-df3ba7d4d9a3
42500137,14,2026,5,3,42500137,98b2ab35-b5c8-1deb-22e8-bfd28f8356ac
42500137,16,2026,5,3,42500137,d19ca1de-45c9-5aa5-0b19-bee98ac0434f
42500137,176,2026,5,3,42500137,53c79454-d194-6c00-7525-e775d1c8f9f4
42500137,178,2026,5,3,42500137,3c0b1fde-e817-3e48-42a0-ca5cd91d0312
42500137,191,2026,5,3,42500137,dfc162bf-ab26-d477-8825-80152b882396
42500137,199,2026,5,3,42500137,6cd60360-4641-b8ee-5d92-a2925ebe1749
42500137,204,2026,5,3,42500137,2a2be41c-54da-032b-705a-1412f64c5c54
42500137,206,2026,5,3,42500137,3931fea3-ca01-177e-312a-8ba0071caa6b
42500137,208,2026,5,3,42500137,8d879567-6dc3-bd3b-1485-3c4ac04a5f35
42500137,223,2026,5,3,42500137,a71f9af5-a19b-aa3d-819c-cad58168ab7e
42500137,225,2026,5,3,42500137,511532fc-380f-6a62-e446-c75677a5b8dd
42500137,227,2026,5,3,42500137,63e57fb3-2849-921f-5132-afb73c61517e
42500137,229,2026,5,3,42500137,4f37bfc2-1c44-b88e-45a2-0122b4b5f452
42500137,231,2026,5,3,42500137,a4408be3-42e4-d738-1090-7efd58d1994d
42500137,238,2026,5,3,42500137,d5052ca8-bb65-fbaa-896a-63d06014e5c1
42500137,244,2026,5,3,42500137,c0e40749-23d8-c1c4-75ab-dd7f99b8ef74
42500137,249,2026,5,3,42500137,90d9e5d9-d765-40f9-2f91-7ab0efd5cb72
42500137,276,2026,5,3,42500137,733b7fa8-71d7-86b0-2b6e-b8a3a0bb3615
42500137,278,2026,5,3,42500137,d5db0745-52d2-fc80-445e-8280b9361c68
42500137,296,2026,5,3,42500137,7a5d9b84-9d3a-f628-1b1b-b1e97260d76d
42500137,327,2026,5,3,42500137,2be55b48-4190-5fc9-b9f9-e28337a3653d
42500137,338,2026,5,3,42500137,7dd54e24-6897-e2e7-61e8-be7d7c515ad3
42500137,340,2026,5,3,42500137,49437946-b9a9-0a7a-b564-cc712e95405b
42500137,359,2026,5,3,42500137,26e5b605-449b-938c-20a9-a1bf5a15a13f
42500137,362,2026,5,3,42500137,b91c7584-b506-ec53-01c4-ef8204c470d2
42500137,364,2026,5,3,42500137,fe4d8e7d-e3dc-01bb-7f21-0bd916ae8466
42500137,37,2026,5,3,42500137,a8557897-0084-f9c8-cf9c-1e17dcdb85fd
42500137,373,2026,5,3,42500137,454f0114-334c-66d2-65df-78f7b3ee3c62
42500137,375,2026,5,3,42500137,d4e660d3-e4e1-ecfc-c63a-d4f3d14efd3a
42500137,386,2026,5,3,42500137,48afb87c-14d5-668c-5c44-b844794821e6
42500137,39,2026,5,3,42500137,65673b32-f17d-f35c-b400-a50c7effb3d0
42500137,390,2026,5,3,42500137,1ccf9499-e491-418d-a2b6-7acbe5b29e63
42500137,395,2026,5,3,42500137,98e1538a-7ad6-6516-b7ee-13d534b73a98
42500137,398,2026,5,3,42500137,27b7b3ca-8d1b-3308-4579-24f84c99749e
42500137,400,2026,5,3,42500137,8df68462-d96a-564c-7479-fd21a829f772
42500137,42,2026,5,3,42500137,70ac5e65-6b6e-dbe3-e732-4a231e7af00c
42500137,422,2026,5,3,42500137,18659fdf-7975-e6fa-7ffc-8dcdcbb0a972
42500137,424,2026,5,3,42500137,78f1f93b-5b71-cd80-b779-16ef7e38df08
42500137,438,2026,5,3,42500137,63cc8a6a-5286-5e5a-a299-1e3f51a25809
42500137,454,2026,5,3,42500137,3314d7c2-1be2-b748-af2d-cc70bb9d867a
42500137,462,2026,5,3,42500137,3122126f-2dee-266d-adc4-5f8106b98961
42500137,465,2026,5,3,42500137,4046fda0-e5d5-5ccb-d67b-c06fd5b80202
42500137,467,2026,5,3,42500137,5697dfab-bf47-31f7-553b-31b378d01147
42500137,489,2026,5,3,42500137,549ff5e6-49c7-d2f6-854c-d56fd8454dd0
42500137,508,2026,5,3,42500137,4a627bbe-71e2-5313-7ab4-07162b123bf9
42500137,511,2026,5,3,42500137,1247834d-efd7-dd54-8cea-6ed1146896a6
42500137,520,2026,5,3,42500137,d5529e42-6230-705c-e2dc-8bea6fe0a99e
42500137,523,2026,5,3,42500137,094445b4-8b23-2aa4-ef5b-7578e5022647
42500137,527,2026,5,3,42500137,4cb349f2-f7f8-a40f-cdf3-66c59dc2f1cc
42500137,539,2026,5,3,42500137,7d1086bd-6963-0edc-1358-8c680f984412
42500137,541,2026,5,3,42500137,7c9b2255-1f43-48f2-e12e-b7d59237c784
42500137,544,2026,5,3,42500137,a29634ac-0e0e-d4b0-f22b-f9522ae42b9b
42500137,546,2026,5,3,42500137,bcd51149-7e5d-7f01-e17c-84a2b60bca7e
42500137,548,2026,5,3,42500137,e71d6778-1964-847d-f52e-a8fcf6f8eaf1
42500137,568,2026,5,3,42500137,79b1d7ce-6376-0801-dae5-eca1d05dd4b1
42500137,571,2026,5,3,42500137,ef97b31e-553b-81fb-cc3e-82eb4e6770cb
42500137,585,2026,5,3,42500137,22dcd1dc-0216-eda7-9f82-4e21f7568c16
42500137,59,2026,5,3,42500137,e80e585d-a08a-f044-9455-087cfd3f6483
42500137,592,2026,5,3,42500137,6da303ac-b7ed-5807-51dd-7718cd13b759
42500137,595,2026,5,3,42500137,f2ee2a5c-d756-f637-0394-5cd97cbe1049
42500137,608,2026,5,3,42500137,7ede6903-4f3d-948d-93f8-09ad33b04368
42500137,61,2026,5,3,42500137,0f54d622-4b40-da64-cbdc-aa86a3b7293b
42500137,610,2026,5,3,42500137,b7d30161-e314-4f69-37a3-13b0fb24ede6
42500137,615,2026,5,3,42500137,e3b0e69c-ad3f-3ab2-05cf-8c9e0223446f
42500137,626,2026,5,3,42500137,34ad2cce-8c1d-947f-54e4-5fdc8d91fd3d
42500137,635,2026,5,3,42500137,47d45778-741f-dec6-e67c-b34dbda69361
42500137,651,2026,5,3,42500137,f88fddb4-2039-0439-88a1-5ab0d872b866
42500137,654,2026,5,3,42500137,4e213499-2a29-dda3-acdd-aa10b608a83d
42500137,656,2026,5,3,42500137,4a298a1d-1446-fa13-6ae4-7ee97f44c79a
42500137,667,2026,5,3,42500137,e0f6e8bd-01ad-cc30-6ac9-1106f2b0eeae
42500137,669,2026,5,3,42500137,b725701e-ed6e-13b5-2d52-59549887f59a
42500137,671,2026,5,3,42500137,296fc8d5-b39a-cc3b-2361-71b074793b1d
42500137,679,2026,5,3,42500137,0dced0fe-f4bf-3540-3cd9-08264bdf1b69
42500137,683,2026,5,3,42500137,8cf14353-1e57-ac92-15b6-26ec6c5c856b
42500137,685,2026,5,3,42500137,bb0c2c48-37b9-90cf-6824-1d39e21677d7
42500137,687,2026,5,3,42500137,46c1d538-059b-c733-661d-c65ed368b391
42500137,701,2026,5,3,42500137,51179941-43f2-f15e-7b5e-4d265d39fc8e
42500137,720,2026,5,3,42500137,d19bcb9a-41e4-9a57-4f26-afbd1cd9a628
42500137,729,2026,5,3,42500137,8f671581-3cdb-7e8f-0c43-23dbc1e7e1ac
42500137,738,2026,5,3,42500137,1596451c-58f3-ba59-99be-083d2634a4cf
42500137,744,2026,5,3,42500137,60331ba5-4fa0-ef71-8e48-72c5fd805773
42500137,81,2026,5,3,42500137,9ea01a9a-b88a-9359-3f9d-efb05fc30196
42500137,85,2026,5,3,42500137,2e3f78f6-a9ad-483c-268b-98e8ed2acddb
42500137,87,2026,5,3,42500137,153fb030-bcb7-2f91-e12c-5d7ab5f5b376
42500137,91,2026,5,3,42500137,9a040423-493e-667c-3965-4b9673af98a1
42500137,94,2026,5,3,42500137,1bb8f772-0a8c-d7a2-82fc-1f3de53c296a
42500137,144,2026,5,3,42500137,b3ce6f60-70a3-4541-bde4-2075d2ca5ba1
42500137,17,2026,5,3,42500137,cbcab1a9-b20f-c30b-6d2c-91018fc5af6b
42500137,192,2026,5,3,42500137,53c58589-3141-bfd2-f020-67e2bddb8e07
42500137,210,2026,5,3,42500137,c6637c09-681c-fbfe-899c-e730d877e4b1
42500137,239,2026,5,3,42500137,1aa8ff4a-c70c-46eb-71cd-614d2c0901cd
42500137,310,2026,5,3,42500137,d7224789-fa74-78eb-c14b-419844dab20e
42500137,316,2026,5,3,42500137,7a62d87b-784d-dc37-59bc-fe9bd3743bb0
42500137,365,2026,5,3,42500137,f9a67254-5bd9-7b09-8763-08edc7a7abeb
42500137,439,2026,5,3,42500137,53fe994a-5679-e942-3d03-bef54970c8fb
42500137,443,2026,5,3,42500137,1a4c7f95-7a05-ad6e-e09b-01c732f5dbdb
42500137,478,2026,5,3,42500137,47dbcfa4-cb68-a35e-89b5-e2f2231aaecf
42500137,486,2026,5,3,42500137,a51f8a80-0f6f-f738-998a-6e9330a12ee6
42500137,680,2026,5,3,42500137,6dba1490-00ac-308d-2e1e-d6e9c265acd6
42500137,7,2026,5,3,42500137,e947b22a-f849-e89d-a913-9f46c2e6939d
42500137,731,2026,5,3,42500137,49b27b3b-2ae2-b047-a5b4-f315c0f18b63
42500137,745,2026,5,3,42500137,2f4ddbb1-9b79-6d75-c52d-445b575ce922
42500137,82,2026,5,3,42500137,28b1e32f-b0e9-be91-aa40-af02cf9ddccd
42500137,95,2026,5,3,42500137,eeeb1f3e-7115-9a59-dd03-c4166f16185e
42500137,113,2026,5,3,42500137,408bfbeb-fd4f-3eb4-5f9f-5db51bd15830
42500137,12,2026,5,3,42500137,11d5282a-f0db-08e9-034d-8c78ab73377c
42500137,122,2026,5,3,42500137,3c0f2e7f-476b-2957-3038-370abc86e1a3
42500137,139,2026,5,3,42500137,16d24fa7-fff6-e8cb-f222-2da82d396029
42500137,174,2026,5,3,42500137,e4da571d-5d4f-978a-2e43-89b5392f6079
42500137,181,2026,5,3,42500137,3210a6f6-02bd-e7d7-2537-f10c8e60777c
42500137,257,2026,5,3,42500137,1db81cf1-01d3-431f-925c-61557f3ba571
42500137,28,2026,5,3,42500137,195370af-eef5-f17e-714c-b0d5d457092f
42500137,325,2026,5,3,42500137,e0371621-73f9-5ed1-ee24-d5b4480322e3
42500137,332,2026,5,3,42500137,d1c731e3-1e4d-74ed-bffe-5198a84e540f
42500137,490,2026,5,3,42500137,0dbe8613-3d93-14f4-1733-048d6d352dd1
42500137,97,2026,5,3,42500137,c5a76ebc-3c22-41ad-e055-f599b5658dd1
42500211,173,2026,5,4,42500211,9ed97644-2340-678c-ef67-c82e1821e76a
42500211,185,2026,5,4,42500211,2ddc3433-10f7-2b81-e161-457e8f42a026
42500211,191,2026,5,4,42500211,6c3784ee-6225-d1d4-009f-6c4e03b6bb67
42500211,206,2026,5,4,42500211,1fdf9879-d93e-562b-9a45-dd5851943c11
42500211,208,2026,5,4,42500211,983672ad-63f3-4ea9-a984-d3d8c553a8cb
42500211,21,2026,5,4,42500211,bc9af340-cd9a-932a-bed9-ad53a3735ae5
42500211,213,2026,5,4,42500211,d09364f7-90ef-b30f-8076-63e1dbbeb9ce
42500211,234,2026,5,4,42500211,3608a9c6-5e80-310e-8ebd-83e08d360d71
42500211,236,2026,5,4,42500211,c43dd3d9-1b8b-a090-6621-4612cd1d9935
42500211,252,2026,5,4,42500211,6b805804-8d5e-2162-b967-82b98893df3e
42500211,264,2026,5,4,42500211,1f59e757-b943-8b33-68a6-7b64e2073793
42500211,270,2026,5,4,42500211,72637daf-a9a5-fe5a-ac88-1f9d2d08d98d
42500211,277,2026,5,4,42500211,316282ad-6e14-b9fd-bdb0-24967823d4fd
42500211,279,2026,5,4,42500211,a0092487-87a7-727e-2dc2-94c24289e520
42500211,296,2026,5,4,42500211,c21c49ef-2d23-786a-f337-9287c56df8d1
42500211,305,2026,5,4,42500211,b83c3494-9a01-ad00-a19a-f57f41dcbad1
42500211,323,2026,5,4,42500211,1c555bf5-6652-5117-5da4-a2a4f6954e82
42500211,348,2026,5,4,42500211,c9454469-c482-7835-6772-f60281d8d760
42500211,350,2026,5,4,42500211,2202febe-d43f-fe89-0f8d-59f8002149e4
42500211,352,2026,5,4,42500211,d9ae52dd-379b-9cb6-5416-ae73a19d3fd6
42500211,358,2026,5,4,42500211,35134fae-5108-91dc-4bfa-7c47d4e2380f
42500211,369,2026,5,4,42500211,c3a05929-2916-589c-8897-9cd0b5931b3c
42500211,373,2026,5,4,42500211,65033fce-18c2-3def-a6a7-d2fb1eca0c9c
42500211,385,2026,5,4,42500211,b26b9466-4d2b-cba9-7214-41b55ec872fb
42500211,39,2026,5,4,42500211,04ad5881-53aa-4d43-f4e4-1ac0e86f603b
42500211,401,2026,5,4,42500211,dac4a8c5-2af2-d773-10e6-05de1eeece4a
42500211,410,2026,5,4,42500211,ec78529d-b188-b86e-c310-ace9350a2062
42500211,437,2026,5,4,42500211,ec97d780-81fd-c9b4-eccf-eea21960e775
42500211,460,2026,5,4,42500211,2b1f211e-1866-a781-d2c5-257909ad06fe
42500211,468,2026,5,4,42500211,c9b710fb-34ec-79b4-f7a9-d39fc06f5460
42500211,481,2026,5,4,42500211,4dd6917f-bdfe-4449-6eb7-80ecfb7d282b
42500211,525,2026,5,4,42500211,336b3689-2e82-0bc7-314c-8af5f266d3e4
42500211,527,2026,5,4,42500211,3e80675c-1bea-0719-e8cc-b5b66a1cabe7
42500211,53,2026,5,4,42500211,d7934de4-b18f-b89f-9021-fafa8da01a3d
42500211,533,2026,5,4,42500211,1baff58f-e244-17f2-3ea4-fda3eaa657de
42500211,535,2026,5,4,42500211,b27bb6cf-8846-339f-0ee6-c35b4732ba3d
42500211,566,2026,5,4,42500211,953370c7-2a2f-94c8-09b2-bf8d3cd0ddab
42500211,568,2026,5,4,42500211,146a49ec-d683-0997-3d6e-98f38ddab002
42500211,585,2026,5,4,42500211,a6dd2eac-25db-740b-d04e-7a90d659747e
42500211,594,2026,5,4,42500211,ef498abe-5445-6abe-f64c-872c067cf646
42500211,598,2026,5,4,42500211,ada4ccfe-f14f-5134-5790-518cc832a48d
42500211,628,2026,5,4,42500211,d26d546b-5a0d-3416-0dd1-1f6c952c69a8
42500211,631,2026,5,4,42500211,5f76957d-12ae-7abd-4eb1-64f0c75c03b4
42500211,633,2026,5,4,42500211,04220939-9b43-bf77-0672-6d03efed2647
42500211,644,2026,5,4,42500211,19c10ed9-6707-a846-d173-adaf6f0b4a06
42500211,69,2026,5,4,42500211,7c354d5b-3d83-1cf6-5a61-d28f7e405aed
42500211,73,2026,5,4,42500211,b25ae4ae-d508-3086-1351-48e28ce10e80
42500211,75,2026,5,4,42500211,e04fb5b6-8edc-aa03-0189-8e4a56c72175
42500211,95,2026,5,4,42500211,1b7dd566-1d77-dd97-c3e7-0bdd2f8aca7d
42500211,138,2026,5,4,42500211,beb5d362-b06f-ac7c-5eb9-c14441b64cb5
42500211,16,2026,5,4,42500211,e9e631d1-478d-745a-651b-49b2f7213fde
42500211,30,2026,5,4,42500211,25c55473-f01f-c3cd-7855-9129ed8227cc
42500211,342,2026,5,4,42500211,0d12578a-3369-cd9e-7247-bbd713ef0329
42500211,365,2026,5,4,42500211,910d11b6-1d95-6f99-9e7f-fef944189d6a
42500211,477,2026,5,4,42500211,90ad5cd6-59f1-63fd-9396-10fd08d69a25
42500211,613,2026,5,4,42500211,a844e139-0b2b-8806-dd35-eb41f5337fb6
42500211,102,2026,5,4,42500211,2df314b4-1ab2-ac5a-1f20-8cad21df492d
42500211,110,2026,5,4,42500211,3216f1f9-1861-5775-2f5b-76a221090919
42500211,126,2026,5,4,42500211,1eacf10b-5fa4-5725-65e3-2f692da28ca3
42500211,13,2026,5,4,42500211,2c02a302-a708-1e3a-0eb4-5598199a8e3a
42500211,136,2026,5,4,42500211,16011687-eb9d-597e-138c-7d3c1c503cd9
42500211,141,2026,5,4,42500211,9c824971-4f72-e64c-d89a-94585e8da6ec
42500211,149,2026,5,4,42500211,e08c5d8a-98db-49e7-d0f0-ab99804b9db1
42500211,151,2026,5,4,42500211,9fc0304a-46d8-5ab4-d176-643c184a6c0b
42500211,163,2026,5,4,42500211,5b52bbeb-47c7-1f99-49fd-fac077de4714
42500211,175,2026,5,4,42500211,e0ab504b-442d-828a-b035-609868326d00
42500211,177,2026,5,4,42500211,d7a120b4-fc31-8441-95b4-0f2a6338410d
42500211,179,2026,5,4,42500211,ec7c35d3-2434-f743-26a4-517fce150ef8
42500211,181,2026,5,4,42500211,5c79392a-2812-b317-ad7a-19d995228434
42500211,183,2026,5,4,42500211,55d00b11-eb43-98e6-81c2-d31db849e2b3
42500211,184,2026,5,4,42500211,3929593a-e6df-a9b4-78c4-112ff3241be4
42500211,187,2026,5,4,42500211,ad7a2de0-6686-6b19-430f-886c98c30c4c
42500211,195,2026,5,4,42500211,c4f16fad-e8aa-3213-1420-108b08b0a724
42500211,215,2026,5,4,42500211,0c484243-c096-368f-4bf0-6910d38b055d
42500211,219,2026,5,4,42500211,98f78697-d8a7-d149-5628-dd11edc8fb0c
42500211,227,2026,5,4,42500211,2bcb28f7-e179-e3e3-ea99-1e8b7d05df8f
42500211,23,2026,5,4,42500211,67ad7b7e-fea8-24ae-461c-e1e3c6b50a35
42500211,230,2026,5,4,42500211,786501c6-4a7c-87f6-1169-3771aa672db3
42500211,232,2026,5,4,42500211,ee8e253b-f93f-f717-825d-2adc79a92b75
42500211,247,2026,5,4,42500211,c37fa6e6-9f45-fdd4-2035-84d164595cf7
42500211,248,2026,5,4,42500211,721dc39e-1aa8-6be0-929b-5d995dfb2e87
42500211,25,2026,5,4,42500211,98d45480-7fea-472c-9d01-4d817008d20a
42500211,250,2026,5,4,42500211,2b56455a-e7d5-5158-0129-8b347ded9852
42500211,256,2026,5,4,42500211,d45ba089-c65d-b65e-3db5-79ea5137ede1
42500211,258,2026,5,4,42500211,234dccf2-11e7-1cdf-96c6-10d0e1ca22d9
42500211,266,2026,5,4,42500211,51787ccf-e025-e730-60fb-5589785729dd
42500211,272,2026,5,4,42500211,3fd78649-60f6-53c9-bff3-24482b4a2adc
42500211,284,2026,5,4,42500211,71e21227-f7f9-4d95-c1f9-0795c1631990
42500211,285,2026,5,4,42500211,266e248c-01c0-003c-35cb-2e6ea8ee21ef
42500211,294,2026,5,4,42500211,af25a3cd-9123-48d6-722e-f43df91dc201
42500211,298,2026,5,4,42500211,412d4371-5b26-8b6d-db2d-1e1c1a5386c0
42500211,307,2026,5,4,42500211,89f5688b-c6a5-11ff-8400-58d74a7a16ae
42500211,308,2026,5,4,42500211,4c200d77-e3cb-241c-9343-7fa9a1485f74
42500211,310,2026,5,4,42500211,5945cd69-0731-a4ee-9aa0-bd1beb6f96da
42500211,311,2026,5,4,42500211,3f6a7494-2476-4853-0ce6-d00ce2fdf977
42500211,319,2026,5,4,42500211,c928350a-73bc-39b4-4ee7-dc09b8c6d5f6
42500211,321,2026,5,4,42500211,3160dcd9-c257-b0f7-b8c0-1af7a19e9679
42500211,336,2026,5,4,42500211,a96b1e87-d55b-1574-7ace-69db763cc956
42500211,337,2026,5,4,42500211,c8939025-4619-8fdb-e344-eea4d0ba7290
42500211,339,2026,5,4,42500211,14a74c08-70bf-65e0-9c15-cc7ef5893a59
42500211,35,2026,5,4,42500211,74533009-c0c8-a9d1-ac91-8ae1dfcb2ddf
42500211,36,2026,5,4,42500211,9bfc0e0c-776d-843a-a210-3917bd208de0
42500211,361,2026,5,4,42500211,54d5b40b-7be4-52ab-094d-4ba3c99e4123
42500211,362,2026,5,4,42500211,2f86ceec-be09-98f9-58ce-c7869439303a
42500211,364,2026,5,4,42500211,2e782f90-da96-2c76-2d36-9f48375488bd
42500211,368,2026,5,4,42500211,8f291c4e-33d4-d78e-8225-28b0f6a9bd2e
42500211,371,2026,5,4,42500211,5471b353-9973-0737-f790-da7d6a905403
42500211,381,2026,5,4,42500211,15eb09bf-e3fd-05c1-b5d9-117592e79e79
42500211,383,2026,5,4,42500211,345312d8-cbc9-981e-0724-e08d9bdf198f
42500211,387,2026,5,4,42500211,3d433c28-8f90-1c89-b299-a541a3a17523
42500211,397,2026,5,4,42500211,fdd92016-3e9e-b087-cc89-86647cb3f231
42500211,41,2026,5,4,42500211,cecbae9a-f01e-fa1e-e81a-2957af3ad808
42500211,412,2026,5,4,42500211,0afc1fdc-c87e-10ac-12d1-e4fb6ac2a9ed
42500211,414,2026,5,4,42500211,c49f9021-8b6b-9467-5d3f-349ed4ec179f
42500211,422,2026,5,4,42500211,4899f445-3d95-6c4c-c707-094f2dcc38ee
42500211,43,2026,5,4,42500211,78161400-7689-db20-e3ff-1bb71b4f29ef
42500211,435,2026,5,4,42500211,587c8814-d83f-0196-8a02-9e3b9baec4b4
42500211,44,2026,5,4,42500211,db5c2d55-6f14-edd1-9ea7-89f229a94953
42500211,440,2026,5,4,42500211,3b27251a-25f3-772e-736c-d9072e21920f
42500211,46,2026,5,4,42500211,2537c3bd-cbc7-e994-9f05-f5d9d0096efd
42500211,48,2026,5,4,42500211,75fe98c6-066e-a660-01e6-480085b4eb9b
42500211,480,2026,5,4,42500211,9350b959-399a-53cf-fdb8-7bbc241f39e0
42500211,483,2026,5,4,42500211,60aa1386-9c1c-3c91-8f87-6e9539415edb
42500211,484,2026,5,4,42500211,31c77824-cd2e-81e0-5b7f-b7596b2463e0
42500211,493,2026,5,4,42500211,d4c539d5-0f30-ca58-e00d-baf8c3efaa6e
42500211,495,2026,5,4,42500211,01762624-a3b8-86af-9980-1efa09e5b1b2
42500211,500,2026,5,4,42500211,ecf503b0-be58-5612-58c7-29ec93b241dc
42500211,502,2026,5,4,42500211,8f225362-d7f5-23fe-b5ba-6d4107f3901e
42500211,505,2026,5,4,42500211,d93de97e-6238-660b-33ca-3ea4994c9e8c
42500211,529,2026,5,4,42500211,9e25b0c5-e6ad-5d42-bb97-c3156612b275
42500211,537,2026,5,4,42500211,b639c1b7-4842-e101-1ed7-96ad5976ea67
42500211,539,2026,5,4,42500211,d2b33332-3595-6190-748b-9619fd77112d
42500211,544,2026,5,4,42500211,d690b7e4-ddec-d5f3-ca89-da677bcd359c
42500211,55,2026,5,4,42500211,71b72623-9c07-f2d7-ecff-dba9fe22b728
42500211,552,2026,5,4,42500211,bf57642a-cc77-6585-afb6-da1f29367c6c
42500211,554,2026,5,4,42500211,bfd0fd14-6bbd-f108-1473-ad6c3fccb7ff
42500211,564,2026,5,4,42500211,f845a874-3320-8643-48fd-c8a931d0c5fa
42500211,572,2026,5,4,42500211,65c5241e-1a71-af91-b042-78cc9b57f898
42500211,575,2026,5,4,42500211,b581228a-0cc7-58df-2b3a-b23f910c28ff
42500211,583,2026,5,4,42500211,541ae3b4-a42c-fad0-28f8-8fa2089a04d1
42500211,592,2026,5,4,42500211,cf918bb7-3c53-b269-5603-4e08afaf5e79
42500211,596,2026,5,4,42500211,4f53c56b-4438-5de1-51df-30eb51d2ecdc
42500211,610,2026,5,4,42500211,69981783-3772-f05f-9fb3-3860d84b36be
42500211,623,2026,5,4,42500211,6744c3d3-e831-c6d2-b91c-1b738cf6d922
42500211,630,2026,5,4,42500211,e891353a-f04c-fb0f-aa21-c3cba3626033
42500211,637,2026,5,4,42500211,0ab998b0-9afd-3a42-e47c-a7b43d6f8cff
42500211,639,2026,5,4,42500211,eeff5aba-0dfe-acef-bc8d-457deb6dafbe
42500211,642,2026,5,4,42500211,33b2f72e-2f4a-1f8f-27d0-82b09238f652
42500211,66,2026,5,4,42500211,31e99f5e-1c1d-988a-c88f-2c6aa52eadb8
42500211,68,2026,5,4,42500211,fff00594-a20e-09be-2f4c-e5446fa3ee45
42500211,7,2026,5,4,42500211,34451a81-5508-22de-1807-be5a49628333
42500211,71,2026,5,4,42500211,032b3998-ac29-9c30-65cc-e695e19d2636
42500211,77,2026,5,4,42500211,8c9c64b9-a66d-143b-a636-01bceab844f6
42500211,90,2026,5,4,42500211,305213f2-3540-cd5d-af56-976102f7289e
42500211,91,2026,5,4,42500211,9618428a-a3fd-5e39-4c7c-72d00b7f74d7
42500211,92,2026,5,4,42500211,278ed750-90d3-0cee-69a2-684c498af26b
42500211,93,2026,5,4,42500211,49ff4afe-5dd9-eec5-be06-27f49c71eeb9
42500211,103,2026,5,4,42500211,8445392a-0c06-d623-b7ce-7c85e9a4b005
42500211,109,2026,5,4,42500211,afb7d25e-dbaa-83a8-05e9-753138248241
42500211,111,2026,5,4,42500211,c9e48cb8-717a-bca7-f978-702beb924e48
42500211,119,2026,5,4,42500211,a9393a4a-0e0b-1804-cc34-8b4817413a19
42500211,137,2026,5,4,42500211,5f7d7eaf-fe0e-ddde-886b-eeed85ce65cc
42500211,140,2026,5,4,42500211,54c32f06-232e-c557-9cf8-9c3726804d95
42500211,150,2026,5,4,42500211,24be8213-6d93-34fc-fd6e-2e11583f48a0
42500211,176,2026,5,4,42500211,5e4b18e4-ef22-14d5-b157-dbb17460bd85
42500211,178,2026,5,4,42500211,d48b395f-9fd0-410e-21d5-3b778b2b3a50
42500211,18,2026,5,4,42500211,dd59e02b-82b9-8cfe-a7f6-f05063c50432
42500211,180,2026,5,4,42500211,ddbfcef7-9681-2ef8-7a45-25e838ab774d
42500211,182,2026,5,4,42500211,b6e8b753-7f58-4fbe-fac8-594ee60f104f
42500211,188,2026,5,4,42500211,51cdaed0-7064-dc24-ed37-b34bfa52756c
42500211,216,2026,5,4,42500211,559d3d62-7c77-07b6-5edd-d6bb7bcf8654
42500211,220,2026,5,4,42500211,bb9271bb-2b5c-bfe5-356a-6dd7331f2268
42500211,231,2026,5,4,42500211,825ded00-6ff0-c2aa-fb1d-5290dd12ae73
42500211,233,2026,5,4,42500211,2bae2f66-e078-42e6-c457-f50d377e7d33
42500211,249,2026,5,4,42500211,6bf7bc1a-1631-009e-f65c-6cc9e932bcf5
42500211,251,2026,5,4,42500211,2b8af0dd-101b-83a8-d7e7-c9b5bb593c03
42500211,257,2026,5,4,42500211,62e7e2cf-e11a-d389-49d8-1baecc63801c
42500211,259,2026,5,4,42500211,728d6207-e915-2add-f209-c0fc2c00f44e
42500211,267,2026,5,4,42500211,2056b892-0df3-e727-8dfe-39bfe61ef9e1
42500211,295,2026,5,4,42500211,ff3813f4-4ac0-0706-2862-a0b079128b7f
42500211,299,2026,5,4,42500211,77ea30b1-66f6-8fdc-b803-00e5f9c4d7a3
42500211,32,2026,5,4,42500211,89d25db1-d649-5725-0360-fdd53938644c
42500211,320,2026,5,4,42500211,82f11dff-f871-4e42-53e0-76a04d2e2627
42500211,322,2026,5,4,42500211,05833ef0-b071-3c61-fa63-8c9abe265f06
42500211,338,2026,5,4,42500211,b8011f48-65a1-f568-35f6-4771f90fe166
42500211,344,2026,5,4,42500211,2ee6f0dc-5df2-bfd8-6a82-381738a7c439
42500211,363,2026,5,4,42500211,4618f92d-ef9a-5f06-8547-f45fe04b2cd1
42500211,367,2026,5,4,42500211,24a5d2a5-155c-0aa0-953c-eac00bcdab7f
42500211,37,2026,5,4,42500211,635d3bba-3962-109c-96f8-b5955802f7e9
42500211,372,2026,5,4,42500211,5f471d58-42ee-8091-6ec8-8360672cde2c
42500211,382,2026,5,4,42500211,c84cfb39-1463-d755-ee6c-3ed83e5b5d79
42500211,384,2026,5,4,42500211,9a99733f-98b8-0e6c-5d0a-556d8a9727fc
42500211,398,2026,5,4,42500211,53efecef-f383-f481-8bab-6adec527a68f
42500211,413,2026,5,4,42500211,5262bc58-8e86-dc48-1773-db58e260db7b
42500211,415,2026,5,4,42500211,9651c763-0767-ee6b-4056-de0177e7b669
42500211,42,2026,5,4,42500211,026b35de-3ac4-d6d8-587c-f4b370733ef6
42500211,436,2026,5,4,42500211,ae999d5f-4616-4e0a-0621-87594a6cbdc9
42500211,441,2026,5,4,42500211,f3cf885e-a3c4-12b6-ca6d-385255ffb255
42500211,45,2026,5,4,42500211,71bfbd2a-5970-22a9-40df-b9c9e704bb05
42500211,47,2026,5,4,42500211,d7ea6466-7792-91fb-2723-17f3341e1682
42500211,479,2026,5,4,42500211,34f29cb7-7fc8-5afd-6319-2757f16e3a6c
42500211,494,2026,5,4,42500211,6cde56b1-c888-0f66-e8b8-23348d92cdbb
42500211,496,2026,5,4,42500211,f46ec086-b889-d976-fe59-03d4dee82708
42500211,501,2026,5,4,42500211,2ef44d88-418f-6772-1eee-1a5fe3232339
42500211,530,2026,5,4,42500211,4591cbbc-f8c7-36dc-59e1-650971a1d4a1
42500211,538,2026,5,4,42500211,eb47ec95-6917-2b13-789e-cfe308ebfe95
42500211,545,2026,5,4,42500211,4d4b9a1d-c0e7-482e-e661-f04d550b0970
42500211,553,2026,5,4,42500211,1a5256f5-f821-aa45-3b2b-7e14dbfbc56d
42500211,555,2026,5,4,42500211,3a8ae883-b167-2dda-20f5-b7038e5d49b5
42500211,565,2026,5,4,42500211,c7b4645c-c792-55ba-8870-7953fb7ef54f
42500211,576,2026,5,4,42500211,3dc8c249-5757-d9af-204d-a97cd450e3d0
42500211,584,2026,5,4,42500211,5cc58c67-10c9-88be-5f67-f61850442b08
42500211,593,2026,5,4,42500211,f7fd8bf5-b8a5-a0b1-0dc4-6553e8ca87ee
42500211,597,2026,5,4,42500211,b1ae64a2-029c-abd1-b31f-d7c3bf45b7a9
42500211,609,2026,5,4,42500211,d7d90e3b-5347-821e-ad35-880a15efb45b
42500211,615,2026,5,4,42500211,8ceb2d45-6499-104e-8d29-568a7df47ca8
42500211,638,2026,5,4,42500211,ddd1d48f-ad9d-84a3-f3f7-f9cd8d31b01a
42500211,640,2026,5,4,42500211,9d43c215-4a3f-d34a-4145-c0fd3a3eb5f0
42500211,643,2026,5,4,42500211,9bdfba4e-6b1e-23d4-b035-07cc5d3015a2
42500211,67,2026,5,4,42500211,99843e4e-b206-c5df-1720-2286b50ccea0
42500211,72,2026,5,4,42500211,7b5b6840-56db-0ef1-1342-aa0be239e9c8
42500211,8,2026,5,4,42500211,49e3d265-fe05-6cbe-2f83-b917d70765d2
42500211,94,2026,5,4,42500211,b07c76ee-d0a6-da11-da18-0e7756ade498
42500211,19,2026,5,4,42500211,b21ce013-2df3-7987-f995-7580a35e51bc
42500211,193,2026,5,4,42500211,1ef208cb-c0d5-ea16-38c9-90b268dba611
42500211,204,2026,5,4,42500211,20bd7360-9e3e-31f9-48c1-c6679f24c4f4
42500211,228,2026,5,4,42500211,71ce3a59-e9b0-76d4-d6e6-3dca363bb640
42500211,254,2026,5,4,42500211,6b2e05ae-eaa3-6dc0-b0df-623bf85661cc
42500211,334,2026,5,4,42500211,bb7c0f0d-519c-7a35-ccfc-5c8b64afe467
42500211,340,2026,5,4,42500211,23db96a5-77f1-07f0-421f-3c853c5b0624
42500211,346,2026,5,4,42500211,5eb7e315-a39d-eb1c-6820-d23019b2de2d
42500211,399,2026,5,4,42500211,8dd066ae-1e08-7fef-f07c-20262c5d2df2
42500211,431,2026,5,4,42500211,03ad6d49-6d8f-18fd-e489-c906762d9355
42500211,519,2026,5,4,42500211,27c4349a-3126-f80d-c5e8-3b3e81c0188e
42500211,523,2026,5,4,42500211,676d7c2c-a459-c54d-e56d-a1479c13e84d
42500211,531,2026,5,4,42500211,b37a25d1-4764-b4cc-c2d5-dde29d08421e
42500211,556,2026,5,4,42500211,a24de808-0bbb-084d-8b28-13e733e28c80
42500211,573,2026,5,4,42500211,80966adc-118b-ef63-92a8-0c46da9740ec
42500211,646,2026,5,4,42500211,dca14d41-454c-241a-5658-6d6eae3e3f7d
42500211,127,2026,5,4,42500211,4e0161ef-941f-3454-2f32-d940df1d1ba8
42500211,128,2026,5,4,42500211,1a08a911-72ec-abd7-47ea-843e4da34196
42500211,142,2026,5,4,42500211,d945a292-4241-1ce1-20e3-b4b6c0aa308a
42500211,203,2026,5,4,42500211,8ddc5c11-6046-c84e-04b8-ff697349d513
42500211,333,2026,5,4,42500211,012cb075-1bda-c8de-dbc4-fa41e720eb8c
42500211,345,2026,5,4,42500211,1d806e5c-ae8c-8e5d-99d2-b83dd768cba2
42500211,354,2026,5,4,42500211,3ecd6beb-8509-16e2-40ec-030b076f6aab
42500211,38,2026,5,4,42500211,85bc486f-4ec3-e0f1-a086-8f787d1607b6
42500211,430,2026,5,4,42500211,3e1e0e1b-a92e-a437-4cac-9c55c6abe9a9
42500211,439,2026,5,4,42500211,8ce4ed40-f607-2ee4-702b-42a824a30dab
42500211,472,2026,5,4,42500211,80026177-d0f0-58ec-92d2-e14e7788aa7b
42500211,499,2026,5,4,42500211,3451b5f2-b81e-d1f6-6b68-b48561440670
42500211,511,2026,5,4,42500211,a590eacb-eb0b-17ba-6f70-b0224abb7ba1
42500211,570,2026,5,4,42500211,8578a2ce-58f4-84e3-edc7-a493b947f93b
42500211,582,2026,5,4,42500211,c863a32d-a2d3-349c-cfd1-21120208cc06
42500211,635,2026,5,4,42500211,4b8e8240-2b44-2c81-2d85-ff11d6ba0a17
42500211,641,2026,5,4,42500211,427148f5-663f-30d0-1342-e955890c99b9
42500231,100,2026,5,4,42500231,ffb4a51d-5123-54cb-8d71-d1e8c2477466
42500231,102,2026,5,4,42500231,8f72fed3-a941-4040-fff0-4d095ead8bb8
42500231,136,2026,5,4,42500231,f0c7c4be-cad4-b13f-7a42-e17a248129b3
42500231,153,2026,5,4,42500231,9511951f-9c05-abe4-3b5e-2e9b2d560308
42500231,164,2026,5,4,42500231,47ce0e4c-7cee-22a5-e140-b4cea032cc59
42500231,177,2026,5,4,42500231,273b5f1b-0ed2-5d4e-7618-f4bbbc5053f0
42500231,181,2026,5,4,42500231,4f7036d2-3f9b-df9b-54ae-6484b81c62b5
42500231,188,2026,5,4,42500231,18420be4-1a55-839f-6a91-ea48e45d151c
42500231,193,2026,5,4,42500231,e5fc5239-a2b1-6790-71d8-00515fd33379
42500231,218,2026,5,4,42500231,fd76fba8-dfb1-6d82-a2f1-d63b086dcc6b
42500231,253,2026,5,4,42500231,072989c6-3f24-c74f-9918-579b8783e945
42500231,27,2026,5,4,42500231,fed50339-76a2-d951-60f8-246779f13801
42500231,271,2026,5,4,42500231,146af324-156f-48b8-8a82-0de8aa750860
42500231,275,2026,5,4,42500231,79d047c5-e778-a3d6-f1cb-25c15e30688d
42500231,277,2026,5,4,42500231,5733c7d7-50d5-566d-34f0-1a45318b7cea
42500231,292,2026,5,4,42500231,34dc7439-183a-f6e6-4c36-924ac124bd71
42500231,295,2026,5,4,42500231,78ec2422-f15b-780d-87f7-b3cf7a524fe7
42500231,297,2026,5,4,42500231,fe0e0193-9fe3-47fe-e3fa-437f54afbd43
42500231,301,2026,5,4,42500231,4e6843ce-de76-2db7-3093-0934bf0dcb3c
42500231,347,2026,5,4,42500231,894c45e3-e4ab-52c4-cafe-a4a2cba21b17
42500231,351,2026,5,4,42500231,1bf16982-bb13-096d-b106-8ef4ee123493
42500231,362,2026,5,4,42500231,648c1675-dcf4-a316-735b-482319399afe
42500231,369,2026,5,4,42500231,c471dd84-32e7-2a46-ca57-2416a6deb251
42500231,40,2026,5,4,42500231,0c24b9b0-527e-c9d2-e51e-509740b2fd92
42500231,414,2026,5,4,42500231,4a7e5f57-0e02-33d0-d9ef-2961c45235b7
42500231,42,2026,5,4,42500231,0db733b8-5a67-46e7-8526-3930d0a19481
42500231,428,2026,5,4,42500231,6d6af57c-4901-4ebd-46aa-b16d970e453a
42500231,46,2026,5,4,42500231,0bd2c56c-7d6f-a963-f61f-33a111fa108c
42500231,507,2026,5,4,42500231,29aeaa26-ceee-0747-d75a-b495700f8f1d
42500231,517,2026,5,4,42500231,58ce16bf-8290-8930-b506-dbb0a22c0a70
42500231,523,2026,5,4,42500231,c39757c3-a299-c177-b538-3c79e261b1aa
42500231,540,2026,5,4,42500231,149e5597-466c-663c-6bc8-e066c8677e2d
42500231,544,2026,5,4,42500231,60ce233a-c5c2-fc1b-5286-bef5439051e8
42500231,546,2026,5,4,42500231,cb9b5841-d16b-5c4c-3e28-664dae227323
42500231,567,2026,5,4,42500231,da63274a-dc32-f270-04a3-66f5c4431a42
42500231,572,2026,5,4,42500231,c4ea60c9-bb0d-0b3e-6238-f63c5e90feae
42500231,577,2026,5,4,42500231,49f888fc-7fcf-11f8-eb5d-33be6e03dc28
42500231,58,2026,5,4,42500231,acbf6b13-1da7-29fb-0327-2086cc56269c
42500231,599,2026,5,4,42500231,0b575572-6e9a-1b7b-7aed-7fd1cfdd6872
42500231,624,2026,5,4,42500231,841b91e1-6b1c-0bd7-4eff-f7dd3e5a0d71
42500231,636,2026,5,4,42500231,cacf49ef-9ecc-9c39-a1c9-9f0c45d91fae
42500231,685,2026,5,4,42500231,f7cca73a-fd02-5990-77ab-b7ef1c6f159f
42500231,96,2026,5,4,42500231,4da3ebc2-350f-dfd3-d3e1-ba815c17df9f
42500231,98,2026,5,4,42500231,156e31f7-d41f-04eb-7faa-556752761203
42500231,10,2026,5,4,42500231,20dce846-f7ef-b9b8-e626-7702d6d8339c
42500231,13,2026,5,4,42500231,40cd1700-77b8-3e25-0bb2-b4e58bdfa8ac
42500231,139,2026,5,4,42500231,37250e5b-3d4c-fd50-8abb-b0ba6e9ae22c
42500231,161,2026,5,4,42500231,dd9de8e9-5f17-3f85-a16e-3b6e55abc1cb
42500231,190,2026,5,4,42500231,2b33263c-6658-e8bd-b93b-adeb027cbf29
42500231,212,2026,5,4,42500231,41d4248e-be3a-8d63-0e5d-6dee4f8ab917
42500231,214,2026,5,4,42500231,5624700e-d678-b97c-b4cb-5845d73eec53
42500231,221,2026,5,4,42500231,331f3d15-5659-3e67-b1ce-2e54b665982f
42500231,313,2026,5,4,42500231,bcc0da90-02ad-1c4e-ed18-f93a1a145a3f
42500231,328,2026,5,4,42500231,998b491e-eaab-1ba3-a197-e508a718d7fa
42500231,37,2026,5,4,42500231,9a60596d-e8c6-ad55-e63a-6aa354b2017a
42500231,372,2026,5,4,42500231,23ed721b-ec7a-eb59-95b3-dca8b8a7bb2d
42500231,451,2026,5,4,42500231,93672d1e-2e0b-128c-d018-40a1315655c6
42500231,469,2026,5,4,42500231,82354596-7913-bd61-9b80-f6944f66531d
42500231,569,2026,5,4,42500231,ef73462a-c28e-7614-43a7-4be1ca16ede5
42500231,621,2026,5,4,42500231,f40d7760-6472-8842-6b7e-a6513db9e7b9
42500231,629,2026,5,4,42500231,95275716-6442-2af0-609d-1133c6f35cdf
42500231,7,2026,5,4,42500231,2a167017-d09e-01ad-6842-fd1a743e38b9
42500231,83,2026,5,4,42500231,a148a1ce-cb05-5d62-0810-d3b3dd7d171e
42500231,104,2026,5,4,42500231,7dbbebdd-402c-a289-42d0-ebf4ef21b406
42500231,106,2026,5,4,42500231,38ecce8a-02d9-4dec-88b9-7b9aece24e07
42500231,110,2026,5,4,42500231,39085dea-974b-69ee-dc8f-d5494de0eab5
42500231,111,2026,5,4,42500231,42e8a542-c210-9c2c-d6ad-658045fb251f
42500231,113,2026,5,4,42500231,34d41571-8b78-1a6e-7c2b-9204698e5d0b
42500231,130,2026,5,4,42500231,ea5b1ba5-8a4c-758e-24fd-64dd01042fc8
42500231,135,2026,5,4,42500231,2665cad2-85d1-49af-19cf-2a79a0bf66d1
42500231,138,2026,5,4,42500231,f9856b85-f9be-24e9-2494-e3fd11c0c1dd
42500231,142,2026,5,4,42500231,daddd549-c2ed-5d95-e25e-ab1599adfce4
42500231,151,2026,5,4,42500231,3f7f0f50-5569-435e-a211-d1c8cfbb9bb1
42500231,155,2026,5,4,42500231,044baa6f-bd18-ed67-948e-df84c9e69330
42500231,157,2026,5,4,42500231,61e6bee0-fd78-96d7-4bd7-5f960bd409d3
42500231,159,2026,5,4,42500231,16e7e86a-4d3f-0127-a1e6-5a25912ffd45
42500231,16,2026,5,4,42500231,a8772619-3245-17ea-309a-aac1bb213972
42500231,175,2026,5,4,42500231,2102f652-8b01-3822-8b05-0ab1bf1452db
42500231,179,2026,5,4,42500231,ad91dc8a-5648-e796-c929-63e4428cefac
42500231,18,2026,5,4,42500231,4704d377-a02f-b9b2-902b-15b5430f0bd6
42500231,186,2026,5,4,42500231,334749d9-b377-132d-646f-5ec8924a1158
42500231,198,2026,5,4,42500231,962c1e01-fd7f-dd92-2ec2-6f6f6ee245df
42500231,20,2026,5,4,42500231,a5293ee0-b36c-474a-7919-3a30247189b8
42500231,210,2026,5,4,42500231,35ebeb10-dffe-c898-9413-b8fd13e0b529
42500231,224,2026,5,4,42500231,a6ea7286-d489-350d-fbfe-9815b73c7185
42500231,227,2026,5,4,42500231,26d15cfd-8e95-41f3-6356-4a2e7280a59e
42500231,229,2026,5,4,42500231,615b0c6a-4b98-086e-e3a8-7295171dcf5e
42500231,24,2026,5,4,42500231,33e0da32-721c-8eb9-3519-29dce88fc2a4
42500231,249,2026,5,4,42500231,f1a5e7ab-610f-e9bd-9c4f-f11db08d67be
42500231,26,2026,5,4,42500231,e456870b-e7e8-d70f-96b8-5bcb1eb572a3
42500231,263,2026,5,4,42500231,c7d10dce-5455-f382-b344-06f9fe7cf976
42500231,265,2026,5,4,42500231,fc5c2d90-6e59-1652-5363-255498f4058c
42500231,267,2026,5,4,42500231,746ca651-2adb-663d-a1f6-7801b8706a1b
42500231,269,2026,5,4,42500231,038d5cee-547e-e7d5-2571-d8ff58b9562d
42500231,273,2026,5,4,42500231,94a1e023-c7df-d59d-6284-4ffd8886227e
42500231,279,2026,5,4,42500231,4c52f147-41e2-aa64-51fc-a53ee713e19c
42500231,280,2026,5,4,42500231,f3299950-d116-c28e-9757-f4c8cde68dfa
42500231,290,2026,5,4,42500231,036b534c-4959-0ec5-5515-14d3f516d459
42500231,303,2026,5,4,42500231,c6ac07b1-5310-14bd-40a8-796e9826a8e4
42500231,305,2026,5,4,42500231,6524babd-2bd5-b3b1-ef78-ad1153e761d1
42500231,307,2026,5,4,42500231,652df4e7-b4c2-fc93-6192-5df9b80b6a62
42500231,317,2026,5,4,42500231,6ef26d30-b458-8167-e5f4-a060e4f58eae
42500231,318,2026,5,4,42500231,c86e2896-3933-372a-a9e6-70226d70fde0
42500231,320,2026,5,4,42500231,8b165b49-c7e7-160f-9d77-331de0ea811b
42500231,326,2026,5,4,42500231,ea855d2c-af9b-c9fa-8f89-34cb998d9824
42500231,341,2026,5,4,42500231,f7cad854-8812-58db-872a-7edbe893e0d2
42500231,342,2026,5,4,42500231,bf095611-7e03-96ee-fbad-983f874ba89f
42500231,344,2026,5,4,42500231,024d5d38-21ca-afcb-df1b-e86e9a37a537
42500231,346,2026,5,4,42500231,7b85ddda-a789-93a4-24d3-e2dbe65e2487
42500231,349,2026,5,4,42500231,6a9d7146-2c7f-61da-5220-e9366dda183b
42500231,359,2026,5,4,42500231,20bbaa61-18ae-75c3-8bc9-ea728cbb3741
42500231,360,2026,5,4,42500231,59355f71-c9ef-0c1f-65fa-2a6742916cf5
42500231,364,2026,5,4,42500231,ff1deae0-31d9-6309-b035-bfc52876f9d3
42500231,367,2026,5,4,42500231,5b548719-96e8-d9a3-dc6f-b603e4de9b0d
42500231,371,2026,5,4,42500231,dad66d01-3fba-4b05-0adf-faa2c2e74e51
42500231,378,2026,5,4,42500231,6a5d9a18-98d9-ae23-a911-743c5a227337
42500231,381,2026,5,4,42500231,ee42a523-2cf7-33f8-9aed-72f336b41b28
42500231,383,2026,5,4,42500231,dacf3304-a321-4961-7e3a-0377d1d49d98
42500231,397,2026,5,4,42500231,1ff50c1b-a7c1-fb1c-a4ee-fe36519f549b
42500231,399,2026,5,4,42500231,9640f63a-05d9-ab34-af77-e949439a80d6
42500231,411,2026,5,4,42500231,9d6f8f36-7680-8f95-01cb-4d50f91bbb22
42500231,413,2026,5,4,42500231,9235810a-de9a-1db6-c173-d60f52eb9e89
42500231,415,2026,5,4,42500231,2557510f-762f-57d0-10a0-07a2ba85bcf4
42500231,430,2026,5,4,42500231,9e95a070-1250-3183-f5d7-dd43b58a3d21
42500231,44,2026,5,4,42500231,cfaf4a25-b97c-5188-4198-a9cd9a6bff15
42500231,440,2026,5,4,42500231,79619521-9653-dc25-e27f-42db818fdefc
42500231,442,2026,5,4,42500231,b0591f00-7a12-e841-db9f-d45e9d8068a9
42500231,449,2026,5,4,42500231,51139f79-106c-a928-671e-87d4fcab6cff
42500231,479,2026,5,4,42500231,b9285d6c-ab5e-4495-4667-bd72d56d38f6
42500231,490,2026,5,4,42500231,b0510c99-e032-ab53-4520-ba1b329eb289
42500231,503,2026,5,4,42500231,c26abb7b-c38e-7718-44bf-0373929d4f22
42500231,509,2026,5,4,42500231,4b7ebb67-e83d-6638-7762-a7020c78db8e
42500231,511,2026,5,4,42500231,e308d51a-5801-3317-b8a9-0b4d86c50afe
42500231,512,2026,5,4,42500231,40ad46c5-bf8e-ad25-1e67-7c74e1d200dd
42500231,515,2026,5,4,42500231,d0d4d47e-3c61-a6a1-b15a-9b0e4e398867
42500231,518,2026,5,4,42500231,e849600c-20df-3bc3-b7c8-bc6b0bd2dcc3
42500231,521,2026,5,4,42500231,245c184a-faf2-1d36-69ef-401e27aff7b7
42500231,53,2026,5,4,42500231,787ec221-9d7a-a35a-0ff9-3a25a52ee2a9
42500231,55,2026,5,4,42500231,ad9d6553-b0c5-11c9-89de-dc04bc6b52f8
42500231,550,2026,5,4,42500231,6f02dc82-f965-dbf4-c991-ac510d75412d
42500231,551,2026,5,4,42500231,2286c9c0-e3aa-9def-9954-cc6fe18a4cbc
42500231,553,2026,5,4,42500231,282433d4-254e-1fdf-b6a4-7a5afaf27e7a
42500231,558,2026,5,4,42500231,d5779ac8-a368-27e7-dc56-0501250af24c
42500231,559,2026,5,4,42500231,46d69e11-181f-1630-38f6-f4f4804ac357
42500231,56,2026,5,4,42500231,fb953f66-4eba-4265-83a3-be7296026252
42500231,560,2026,5,4,42500231,cc7a8237-dcc5-89ab-ebae-cde7c960cceb
42500231,565,2026,5,4,42500231,adc63546-5c0b-743e-e860-dd51a0c475f2
42500231,581,2026,5,4,42500231,1c3f335c-ed2e-2219-d222-93d51e662c7b
42500231,585,2026,5,4,42500231,b3bb3151-320e-e7be-c623-3182a7f7d4c0
42500231,589,2026,5,4,42500231,70be4ea6-d278-cb3e-e91a-37699e111676
42500231,60,2026,5,4,42500231,1c492f5b-81dd-619c-92ce-7fc06dc41f6e
42500231,601,2026,5,4,42500231,0c8d482d-f2cd-959c-afaf-eb2a0fc06d4a
42500231,610,2026,5,4,42500231,40f66cd1-6b8c-c0ab-ff1f-63d5d2b40fd2
42500231,613,2026,5,4,42500231,146dfe2b-974c-0165-e028-c2ce41f099e3
42500231,615,2026,5,4,42500231,2e680f06-6fe8-cd16-d342-0b4d2d2f0144
42500231,62,2026,5,4,42500231,09c1cfc8-ffa0-4f72-333e-66b3de4c8a9d
42500231,63,2026,5,4,42500231,ddd4a103-9548-4bc3-746a-04a866c630a8
42500231,632,2026,5,4,42500231,8317d427-7cd1-c717-9c6d-9d93ab96e581
42500231,634,2026,5,4,42500231,8f04d501-246c-f97f-1e6d-4011fdc55ba8
42500231,635,2026,5,4,42500231,0b626b3f-0e3b-1da1-1fae-3b19ef1a982f
42500231,649,2026,5,4,42500231,9e5bc65e-8696-c988-d634-84129fc50e19
42500231,656,2026,5,4,42500231,60b7d814-4ee0-2d3f-b059-e05293a56196
42500231,658,2026,5,4,42500231,47a18feb-ef6c-df7a-ec34-0583a77b147b
42500231,660,2026,5,4,42500231,3e3a98bd-4915-4e7f-311f-588e58110d88
42500231,662,2026,5,4,42500231,9e6b39d2-fb4c-25ce-432f-4872483e785d
42500231,664,2026,5,4,42500231,0a71337b-49df-3f92-db79-ee8536905971
42500231,671,2026,5,4,42500231,54c869c5-0510-d789-4212-62a4909e4fe7
42500231,673,2026,5,4,42500231,f64fb94f-ba87-ec78-7070-41504789f255
42500231,679,2026,5,4,42500231,b95d1450-3865-3bfd-1d18-929769614ece
42500231,681,2026,5,4,42500231,117bb227-82b6-4e36-189a-2750902d89a7
42500231,683,2026,5,4,42500231,2a631dc1-50a6-26dd-251f-a0596cd9c1cf
42500231,684,2026,5,4,42500231,2b56880e-5f24-7c95-ae01-687622000e39
42500231,692,2026,5,4,42500231,14a8f7a0-926f-21e5-08b1-2daddffb28d6
42500231,693,2026,5,4,42500231,03ac0b33-5894-2ee2-4ca4-780741b5ead5
42500231,695,2026,5,4,42500231,f2879328-b111-ca38-22c5-052f7669a0db
42500231,86,2026,5,4,42500231,039b02ed-79a1-a2ce-d421-0a4dc296a430
42500231,94,2026,5,4,42500231,6c6cd47c-3ba7-152d-e860-c03f0148f91d
42500231,105,2026,5,4,42500231,cb83a4ed-2115-b428-b291-1a4e328f20f0
42500231,107,2026,5,4,42500231,6697b1d1-1eec-ff2e-5afd-1c67484e7af8
42500231,112,2026,5,4,42500231,235125eb-40cd-0af2-493b-2b9c5692c1ef
42500231,114,2026,5,4,42500231,e2248b2b-2766-cbce-f3a1-a6064aa1c9fb
42500231,12,2026,5,4,42500231,1ec2eecd-0f00-6005-6e51-1edd8131a183
42500231,131,2026,5,4,42500231,15c3b924-28e8-bd4e-7c19-cc74eeaeeb87
42500231,141,2026,5,4,42500231,45ee37bf-3c58-69a9-550f-74a0d206be2e
42500231,15,2026,5,4,42500231,2d446bd8-a278-fd75-bb8c-7dc785627b23
42500231,152,2026,5,4,42500231,591adf6a-01fb-3c13-ffba-c014a6822228
42500231,156,2026,5,4,42500231,edeb9245-5d21-1139-ec6a-b4e9a37bf1a5
42500231,158,2026,5,4,42500231,36d2ee04-3316-5bff-f4a8-df40330f9180
42500231,160,2026,5,4,42500231,f9225505-e7b1-4abd-f4ad-6bac3b173be1
42500231,163,2026,5,4,42500231,f9befcd4-52c3-b47e-a17d-a5196228ce9d
42500231,17,2026,5,4,42500231,6e34928c-4496-ae9b-0397-6c6391c22be5
42500231,176,2026,5,4,42500231,b613112e-d940-1c64-d9f6-5f1f6341e662
42500231,180,2026,5,4,42500231,a53f87eb-b459-9478-35d1-b85918282234
42500231,187,2026,5,4,42500231,97377750-1b13-9adb-e83e-a17b41fe7371
42500231,19,2026,5,4,42500231,71dd4416-4dc0-7655-405b-a8fffc281654
42500231,192,2026,5,4,42500231,a6ab2846-a8e8-5076-cced-37b30d256c86
42500231,199,2026,5,4,42500231,2eb84326-6841-9801-97d3-152f88703866
42500231,21,2026,5,4,42500231,8b299216-b753-4ea7-8500-49f9665b0d5d
42500231,211,2026,5,4,42500231,32a24cea-197b-9965-5a2e-a9204d719185
42500231,213,2026,5,4,42500231,dde8b1ef-5062-b35b-afa7-aa3e9f0e4fc6
42500231,216,2026,5,4,42500231,48b77a34-8ebe-1aa0-7dbd-3004aff88ee0
42500231,223,2026,5,4,42500231,c199281e-8e4c-ea80-a075-44c358a4a0b6
42500231,225,2026,5,4,42500231,de9bce7c-1e8a-1cd2-45d8-aa8a18520106
42500231,228,2026,5,4,42500231,c5e25b29-58c4-0521-26e4-04e1dcd59f0f
42500231,230,2026,5,4,42500231,81eb8ece-9d85-6de5-7e8c-b56880131654
42500231,25,2026,5,4,42500231,42156351-1d01-beff-f2d7-536e6ec242ce
42500231,264,2026,5,4,42500231,7f131c87-a4b9-9a76-2c71-b7399e80bf47
42500231,266,2026,5,4,42500231,e4069f0c-bc87-3977-5c22-55c7c551ef3a
42500231,268,2026,5,4,42500231,aeb02d30-179a-562b-9250-c5a07ed68e56
42500231,270,2026,5,4,42500231,ee5d8a8d-91e8-e107-0f06-bbec7fa3f836
42500231,274,2026,5,4,42500231,c571d9e9-e2d9-69f6-0a6a-84db20448c69
42500231,281,2026,5,4,42500231,55878b60-edf3-bd40-b8be-32792b6630cf
42500231,291,2026,5,4,42500231,ccdba26f-f7b5-709b-4250-b4269fe8ba91
42500231,304,2026,5,4,42500231,c5a657f3-bcd0-b094-4c7e-360a5964102a
42500231,306,2026,5,4,42500231,8390800b-516e-bc9b-2222-2e3b2fac2606
42500231,319,2026,5,4,42500231,496995f7-f866-cce7-4dfe-2012d69ed44f
42500231,327,2026,5,4,42500231,de96e69e-2806-8fb7-6a55-2991a4bcc5f1
42500231,330,2026,5,4,42500231,2fc46d0d-4284-da5e-f5ff-98bda4ed7076
42500231,343,2026,5,4,42500231,5612b257-2a0a-44ab-18a2-5b8a207668c3
42500231,345,2026,5,4,42500231,2725a6ad-24d0-3a6a-503c-668f99c6684c
42500231,350,2026,5,4,42500231,9b3f8005-4e63-66b4-df7f-e485ff1ba059
42500231,358,2026,5,4,42500231,ae9660bd-66af-42f5-64a1-9e6b4aa9364a
42500231,361,2026,5,4,42500231,ea18d195-1422-e5d4-a8fe-0da650d0096d
42500231,368,2026,5,4,42500231,7498dcdb-a994-9061-4883-0804d1de739c
42500231,384,2026,5,4,42500231,45930e84-01f1-15dc-f917-4a5a82186b98
42500231,39,2026,5,4,42500231,9cdd5ba4-673a-c477-8752-d3ed531ee3a0
42500231,396,2026,5,4,42500231,30bfcc2b-6665-37ae-4d4a-c8b879910ecb
42500231,398,2026,5,4,42500231,2fef2289-5c78-57f7-c8d4-1ba518127824
42500231,400,2026,5,4,42500231,2ae64c76-b311-d9ae-8d51-65391aeef639
42500231,412,2026,5,4,42500231,f87c956b-8a1c-0968-4914-19fafe19ab87
42500231,441,2026,5,4,42500231,e8394cf2-84f6-cfbd-8348-50ba2a0dd5ee
42500231,45,2026,5,4,42500231,b4ea659d-982f-93dd-fd51-0297bf543ae5
42500231,450,2026,5,4,42500231,f970c8ad-0ab0-346e-9811-53e5564a1264
42500231,453,2026,5,4,42500231,aee52ffa-bf2a-5542-ba99-325bd0414d44
42500231,471,2026,5,4,42500231,1e9c69a8-08e0-f06d-ba79-48dfe325539f
42500231,502,2026,5,4,42500231,21722961-9f6d-db20-9efa-b8d067916605
42500231,504,2026,5,4,42500231,38719ef1-29fb-75be-42a1-be14ca58d02d
42500231,510,2026,5,4,42500231,fad8083a-b413-62f4-c093-f48c5edc8bcb
42500231,516,2026,5,4,42500231,ea35fac4-0971-51e0-7339-c4492f301127
42500231,519,2026,5,4,42500231,3d663c97-d2d4-bf6f-bfc6-ce396fd88b96
42500231,52,2026,5,4,42500231,9685effa-ab9a-f61d-32a9-c7bb3b2442f4
42500231,522,2026,5,4,42500231,6c7e804e-4d3b-d5f1-9548-b16556af3270
42500231,54,2026,5,4,42500231,0ca6f68b-7dbe-40e4-ec65-a76f84033b61
42500231,552,2026,5,4,42500231,25848a6e-ff3f-52c3-e4a3-498d98398c21
42500231,561,2026,5,4,42500231,419c9316-7bea-8aa1-5276-65a976b4efff
42500231,566,2026,5,4,42500231,3c44da4b-6605-934f-0437-fb95868f2949
42500231,57,2026,5,4,42500231,55248bd4-4029-c724-095d-a5aa230e2879
42500231,571,2026,5,4,42500231,bd307b38-ace2-0e6c-ccb0-8a01b2aebfca
42500231,582,2026,5,4,42500231,1c448b44-dfe1-729b-8958-b8111fbba987
42500231,602,2026,5,4,42500231,3062b4f9-354f-eec1-2433-14c1889bf05a
42500231,61,2026,5,4,42500231,d6095642-e2dd-59d9-e3e7-7eac780c605b
42500231,611,2026,5,4,42500231,915cde3f-1d3e-3169-1b91-9e86630a9543
42500231,614,2026,5,4,42500231,a20499d2-6b09-fd26-99b8-ba70cfed39bc
42500231,623,2026,5,4,42500231,e0d3d55a-51a1-5192-0631-e2db3afd90a5
42500231,631,2026,5,4,42500231,8090caf7-067e-9558-e8c7-9a104e2e8bcd
42500231,633,2026,5,4,42500231,62fe67ba-70fb-996e-5eb8-1ce90f5f9b71
42500231,64,2026,5,4,42500231,f682326a-1186-6f0a-6053-9429afef4530
42500231,650,2026,5,4,42500231,87916f7e-16c3-4064-7612-371ebbf367b2
42500231,657,2026,5,4,42500231,4f8d2134-6e9a-3559-8637-1e3f4ca856b5
42500231,659,2026,5,4,42500231,bd673c11-71fa-6a96-a2ab-e49a52a28d34
42500231,661,2026,5,4,42500231,4b488776-b07d-6ae3-cd82-fb6040b8119b
42500231,663,2026,5,4,42500231,e134fdc6-6f66-15b0-4b10-3a393f65686f
42500231,672,2026,5,4,42500231,291e6754-1b0e-6d13-0585-56706406866d
42500231,680,2026,5,4,42500231,b05d257f-fd4b-21a4-9f45-2f7cceb22d18
42500231,682,2026,5,4,42500231,40ef577a-8478-d1e1-efdf-950ba722c912
42500231,694,2026,5,4,42500231,2a718475-9ffa-f497-df80-76c7ddf28674
42500231,85,2026,5,4,42500231,c0d7dfaf-08f0-7c07-fb28-d5203fb7656b
42500231,87,2026,5,4,42500231,e8a92a03-85fd-a268-2a9c-3d9d84ce1d07
42500231,9,2026,5,4,42500231,6583e39e-1967-bbb4-341c-35e006567b28
42500231,95,2026,5,4,42500231,53d4321a-1b84-7b9a-be51-25d4535d69c9
42500231,234,2026,5,4,42500231,1dad209a-f56b-41b7-5082-f092e393d43e
42500231,299,2026,5,4,42500231,87e03649-0c51-2dff-5ad1-27e16c5feed8
42500231,331,2026,5,4,42500231,30881678-10fe-b5dc-bf10-a591b4df8c14
42500231,388,2026,5,4,42500231,c56b1a17-abe0-5a49-e286-ff3378dc9ff1
42500231,488,2026,5,4,42500231,e6e8b90b-643d-e75d-7716-bd2a2ada8933
42500231,505,2026,5,4,42500231,1a123b33-c35b-47c0-b3ee-d9af3ddab98e
42500231,513,2026,5,4,42500231,a19ad3d3-cf79-e18c-75d9-825486f5b861
42500231,548,2026,5,4,42500231,899768a1-2fdc-6e0a-0afc-c7e675f2da55
42500231,690,2026,5,4,42500231,c459e639-6b3b-0bbf-aa0f-9cd1d037a465
42500231,699,2026,5,4,42500231,c3a0ec62-957c-537e-4ac0-3fcfd66e846d
42500231,80,2026,5,4,42500231,aa9a5b09-8975-f658-a6f4-8f6f786feee8
42500231,195,2026,5,4,42500231,9a878a18-a2be-f923-f073-80262a421057
42500231,202,2026,5,4,42500231,0df0cd43-3543-dfb5-0ed2-68bdb5cf3165
42500231,258,2026,5,4,42500231,8220c9d5-cd47-208a-d420-49dc244fd381
42500231,35,2026,5,4,42500231,3878e47b-57f0-d788-3fa4-fe858e623936
42500231,382,2026,5,4,42500231,793aa2bc-83c5-6f1b-47ca-d4f20d6e10d5
42500231,433,2026,5,4,42500231,3fb2775b-4da2-8145-aeef-3535f7e7923a
42500231,463,2026,5,4,42500231,6a1fb27c-daa1-2494-8979-8999a9552a63
42500231,564,2026,5,4,42500231,084a30c9-993f-195a-fcd4-be90994fe930
42500231,586,2026,5,4,42500231,cd0980da-4bc8-73d4-0fcd-238d32846fe6
42500231,609,2026,5,4,42500231,1b08e877-ffc8-54de-1341-cbf5730bbb93
42500231,620,2026,5,4,42500231,ffe8c98b-0403-fd02-a92a-b9d49ddd2379
42500231,82,2026,5,4,42500231,acfe7086-65d1-a208-62ae-248b78c1fe95
42500201,119,2026,5,5,42500201,2e2a1ab2-0531-6165-0837-da98da5f7198
42500201,123,2026,5,5,42500201,1981e688-3725-6515-9501-b493a07d48b0
42500201,145,2026,5,5,42500201,7fad6f2c-bd98-9b0f-f245-9300a2f5f0c1
42500201,151,2026,5,5,42500201,be74545b-40f7-5ef4-c55a-93930a283e04
42500201,18,2026,5,5,42500201,915a638b-5fbe-8856-1a60-8ecd37b62b06
42500201,192,2026,5,5,42500201,669f0904-7581-de85-cd1d-a56613c4f06f
42500201,213,2026,5,5,42500201,49037372-a6ce-5a0e-6037-1030ea63deae
42500201,232,2026,5,5,42500201,c3f26a0f-7f95-3c49-39fb-8215e6e278d1
42500201,234,2026,5,5,42500201,ad1fdf5a-da61-ca68-fe47-d4c9bf0b2716
42500201,263,2026,5,5,42500201,5ee88501-e188-5ca0-ccc6-7693318ccbcd
42500201,280,2026,5,5,42500201,8a2bf4b0-db69-f06a-58e5-123e7cd80adf
42500201,282,2026,5,5,42500201,ec14146a-12db-5b3d-0f24-f655a659e30e
42500201,291,2026,5,5,42500201,1493cb7f-e9ef-c1ae-c816-40e62f21747a
42500201,31,2026,5,5,42500201,9a3ee25b-69c6-a9e0-b1c6-542e0806645f
42500201,319,2026,5,5,42500201,3b01abf4-d7d4-214e-5ed3-4e299130f923
42500201,364,2026,5,5,42500201,ae06ea34-9273-7333-022c-203394d1f7e1
42500201,366,2026,5,5,42500201,72a15259-046a-8fb8-52bd-6a8bfd712caa
42500201,373,2026,5,5,42500201,402d192f-9c81-a194-79c8-c6043fe5e806
42500201,375,2026,5,5,42500201,9f0a3f16-6f2e-b34a-4a9d-2cf563fb8195
42500201,396,2026,5,5,42500201,f5bb8f6b-fc66-f5c7-318f-64831593018d
42500201,398,2026,5,5,42500201,9622126e-a9f5-70f0-8781-a65d3325acdc
42500201,406,2026,5,5,42500201,734e6d31-749e-fb06-f94a-38ee98fc0d8e
42500201,408,2026,5,5,42500201,45d4fe35-19ff-50e7-b9a8-aaaca15fa914
42500201,418,2026,5,5,42500201,58d675df-4b83-75cd-b423-7ec501213a7f
42500201,445,2026,5,5,42500201,4472d8d6-8971-cdf2-9c20-158866fd36f9
42500201,453,2026,5,5,42500201,b571ba72-7cdb-26cf-983b-62735cb46e35
42500201,469,2026,5,5,42500201,3b8f8cef-cbde-73ec-c367-b730d3ada9d1
42500201,47,2026,5,5,42500201,30569f38-d7c8-ec2b-4ddd-a22fc4ab308f
42500201,475,2026,5,5,42500201,373e9a54-dfea-e336-351c-9d83e444592d
42500201,491,2026,5,5,42500201,e522b202-2953-c40f-785c-2c3920839993
42500201,512,2026,5,5,42500201,3c7a48bd-becb-2b73-854e-f0a381f75450
42500201,526,2026,5,5,42500201,9aa73783-aa75-55f6-a619-e87cfcbe4cb4
42500201,536,2026,5,5,42500201,10bfd5c9-6e76-be44-866d-4d0b00443998
42500201,543,2026,5,5,42500201,726821de-67fb-8900-fe71-e55162664248
42500201,563,2026,5,5,42500201,80c57536-dbac-4746-2e53-31fff3526be1
42500201,570,2026,5,5,42500201,3853f3d4-43d6-c2dc-9828-18e685e15113
42500201,62,2026,5,5,42500201,dc16f788-4da4-2f37-147a-a7d9a0d669c6
42500201,643,2026,5,5,42500201,f2b31123-55a2-f14a-9d5f-baf0e506190d
42500201,647,2026,5,5,42500201,ee7f178b-a358-5923-319c-37edb229a499
42500201,656,2026,5,5,42500201,4920f4a4-df0a-de86-5646-c5624ca3da16
42500201,67,2026,5,5,42500201,7f5b5f06-4568-c220-68d6-f642aaeddf9f
42500201,688,2026,5,5,42500201,412e0ca6-b27e-18ae-65ed-53abe7e4a3ea
42500201,78,2026,5,5,42500201,9ba18f8c-3cb6-e3c5-cee1-0c40dacba01b
42500201,92,2026,5,5,42500201,99649699-8839-ad08-9221-b29e116ae422
42500201,93,2026,5,5,42500201,808691d0-c111-75b2-29eb-4a2c841454b2
42500201,295,2026,5,5,42500201,384b66cd-f381-55f3-e313-e20d4c3c47be
42500201,305,2026,5,5,42500201,ed5a4503-9bc7-c600-66f9-ca1464f3618d
42500201,384,2026,5,5,42500201,1565ee82-b8d4-5038-1fba-9463eca84b51
42500201,434,2026,5,5,42500201,ec430e68-a301-79b5-d7a4-006a57060e8e
42500201,55,2026,5,5,42500201,c9440eb0-0738-38e8-5f87-fda9320d0d76
42500201,555,2026,5,5,42500201,93bd1298-99b7-6092-74ad-0f773419ec4a
42500201,624,2026,5,5,42500201,d83b4c44-d469-a63f-2fd4-10b69cf4210f
42500201,640,2026,5,5,42500201,8de6bb42-9e72-3ab9-2a09-96f3781a485e
42500201,10,2026,5,5,42500201,2fa9a044-fad0-5540-2a08-1fb214257a97
42500201,113,2026,5,5,42500201,4b6b0fac-5acb-24f3-a056-76f77e688496
42500201,115,2026,5,5,42500201,77bbfd80-9d8b-c7a6-a463-91a1cbbd8b30
42500201,121,2026,5,5,42500201,112d2811-1a3a-a713-628d-dc1dedc02325
42500201,125,2026,5,5,42500201,03587715-ecf3-ba4d-c085-f4a21960979d
42500201,129,2026,5,5,42500201,3170786d-084a-3b43-a923-abee8c9c86b0
42500201,135,2026,5,5,42500201,28250373-5617-8427-2593-0634f6d1be2c
42500201,140,2026,5,5,42500201,e0057240-0ded-c0c7-b684-99d1bc2beb60
42500201,143,2026,5,5,42500201,f2cabda4-dcdd-d4a5-e0df-a3634b0967e3
42500201,146,2026,5,5,42500201,3ee86056-0f02-2ebd-4db0-da3f06f7e190
42500201,148,2026,5,5,42500201,60615791-0805-1a77-7563-254a294175bb
42500201,15,2026,5,5,42500201,70c6b596-352b-6f36-843c-1413a369247a
42500201,164,2026,5,5,42500201,1789f83f-de02-013e-aee9-48f8ff69195f
42500201,166,2026,5,5,42500201,bafff8a0-2bc2-76ad-33fe-6b9fd153f735
42500201,169,2026,5,5,42500201,d3740100-fad6-292b-075a-376eb87e30cc
42500201,170,2026,5,5,42500201,902e047d-2c35-9f33-7e1a-fe08b4ef62e4
42500201,185,2026,5,5,42500201,f476807e-69f3-dc99-89e0-026633af63db
42500201,187,2026,5,5,42500201,5a826dfb-d940-7412-dc15-0a44001a9dd7
42500201,188,2026,5,5,42500201,88da47a4-b3d8-f913-7339-6ab09189dff5
42500201,194,2026,5,5,42500201,60e1f39e-9238-936b-87b4-beee585ef143
42500201,195,2026,5,5,42500201,c03c4b64-b56d-8bc7-00a0-6fd4b98c1c87
42500201,197,2026,5,5,42500201,72b8676b-de6a-b023-5b73-5456ae338b6c
42500201,203,2026,5,5,42500201,da4c96f7-4454-4b5a-d2a9-d4ae3c33bbc7
42500201,236,2026,5,5,42500201,c4c36f02-7943-1bd5-ef0c-020685cba99b
42500201,238,2026,5,5,42500201,a45c9c52-f095-95cf-3258-2bbb158155cc
42500201,240,2026,5,5,42500201,5ddabdbd-5b83-6cd6-f306-9eadbced4099
42500201,248,2026,5,5,42500201,7e1e0264-4790-bce3-1933-e682185a21b8
42500201,250,2026,5,5,42500201,6e31072f-5f19-bf46-8e08-76ed94f75c1b
42500201,252,2026,5,5,42500201,79279872-04ec-8f70-1545-1b4e02de40c9
42500201,256,2026,5,5,42500201,9b2b6f91-fe24-be8e-12d3-e7bea39a2969
42500201,258,2026,5,5,42500201,db3e8967-d2c5-6873-0218-7fa377c7bf81
42500201,261,2026,5,5,42500201,397ad28d-cef4-6a0c-6d7d-e2228c680d59
42500201,265,2026,5,5,42500201,a825e2f5-fcf7-65f3-6d93-c9b74cfdfbfe
42500201,27,2026,5,5,42500201,c55b4d7f-a63c-e53b-9c67-a297b7292b1d
42500201,298,2026,5,5,42500201,fda7b6e2-a994-6e29-68ef-fa807cb6cf14
42500201,300,2026,5,5,42500201,c153148a-98ec-1e94-7cb2-b4e58cfe1708
42500201,325,2026,5,5,42500201,e1fc07e9-57bc-54e4-84ec-1e4001e796a0
42500201,335,2026,5,5,42500201,eaa80228-5f1d-a124-9caf-572b6194eb6c
42500201,339,2026,5,5,42500201,9d06509a-572d-ecc4-4b4d-e22521a7f639
42500201,350,2026,5,5,42500201,e6df208d-0fb3-cfb5-91cc-feea2ace08ae
42500201,352,2026,5,5,42500201,9b97663f-5222-7451-e520-cf243dc31da7
42500201,369,2026,5,5,42500201,57fa146f-4c5f-41aa-5638-3d47137d0681
42500201,371,2026,5,5,42500201,d9ed95c3-22d3-c0ed-23cc-1e0d535ae409
42500201,377,2026,5,5,42500201,f69b8a6d-9a2f-4f65-05ad-bc735a997792
42500201,381,2026,5,5,42500201,551ecf9b-015f-a397-a76e-bd6e25d5df2e
42500201,387,2026,5,5,42500201,b8d36b45-54e4-16d6-0a79-6ff291817331
42500201,390,2026,5,5,42500201,ced5d2a7-73e1-fc7e-c804-61dda11abc79
42500201,392,2026,5,5,42500201,cb0c7da6-1b60-a026-7b5c-7037f7315258
42500201,41,2026,5,5,42500201,adef5eed-ce92-0019-088b-5b466aa968ab
42500201,424,2026,5,5,42500201,e7456fb4-ac8b-131c-61fe-609e200bf992
42500201,428,2026,5,5,42500201,fd2e5d3a-8671-65a5-4231-7865d10a777b
42500201,43,2026,5,5,42500201,26330327-ec8a-d512-2f21-d29a8da7f48d
42500201,443,2026,5,5,42500201,91b8b80e-c2cf-30a2-8a68-aa16500c4e52
42500201,45,2026,5,5,42500201,f0374001-8f78-65d9-fe96-655fee24aede
42500201,451,2026,5,5,42500201,f5492bd9-a066-ee6c-eb91-937a36f12538
42500201,456,2026,5,5,42500201,8cf88fce-4968-d21f-a8a9-3799d253eaae
42500201,464,2026,5,5,42500201,b761b2ab-57ff-1c45-c0da-3d2b857b9678
42500201,466,2026,5,5,42500201,0398d33f-ec6b-f800-dceb-8451d21097e1
42500201,471,2026,5,5,42500201,0ba0f8b5-8e05-b7fa-d3d1-9cfeb8a300e6
42500201,473,2026,5,5,42500201,e104d2cb-a20a-f8e8-fab9-55ee2ba7874d
42500201,480,2026,5,5,42500201,4dd40d86-aa2e-cf62-50d1-ef77e8607b4d
42500201,49,2026,5,5,42500201,1b0f7e53-3bca-3c4a-d429-55eb71f1eb7f
42500201,490,2026,5,5,42500201,2851c824-7c4d-b1a5-c874-10ecd77193d9
42500201,493,2026,5,5,42500201,f74eec85-93ba-115c-1457-bf79918793fa
42500201,508,2026,5,5,42500201,74f2ebd6-20fc-d80a-b8dd-4804acfae1b6
42500201,51,2026,5,5,42500201,be082dd8-3eb2-9cd8-eb2b-268890da7c5a
42500201,510,2026,5,5,42500201,054058ad-de21-9a0c-2b8c-85801e4f7684
42500201,514,2026,5,5,42500201,e02b63e4-433b-09e4-6294-04bb61931e70
42500201,53,2026,5,5,42500201,17586df6-ad57-462c-5500-9b48c7183faa
42500201,538,2026,5,5,42500201,e02fff55-82a3-4a6c-f0a4-2f9fc61a5d6d
42500201,545,2026,5,5,42500201,be640639-01c7-897c-ceee-fe09a2c3d5df
42500201,546,2026,5,5,42500201,3d5b6591-e17e-11d7-1ad5-e63f35142082
42500201,549,2026,5,5,42500201,42ea70f9-c918-168e-861d-05cf84bb5fae
42500201,551,2026,5,5,42500201,05e581bb-3a80-a707-3377-08f0968a2932
42500201,553,2026,5,5,42500201,05c89aed-8549-ef1d-501a-722b6d69a837
42500201,591,2026,5,5,42500201,f61b7190-d2e9-7cd9-ab97-9ccab13f1153
42500201,593,2026,5,5,42500201,8adf92d2-89e2-2613-0bab-a6edb1e4097c
42500201,595,2026,5,5,42500201,2b306d07-84c1-03e8-9748-ce126a4a2bbc
42500201,602,2026,5,5,42500201,63f7243a-9a60-d4e6-f97d-f476f69beb19
42500201,604,2026,5,5,42500201,277edc3f-e031-b2e3-39a9-2f1eba258bff
42500201,612,2026,5,5,42500201,1033d134-648e-6b62-d446-1eb5c769614e
42500201,614,2026,5,5,42500201,4f4af7d1-ebb0-9161-d462-2e05673f5362
42500201,616,2026,5,5,42500201,684659d4-06be-6f82-4a7e-c96b29c1accb
42500201,628,2026,5,5,42500201,89534e05-1dc0-edfe-529f-c034a0086bff
42500201,629,2026,5,5,42500201,68fe8d14-28ba-0aa5-b713-29ce9a4e51ea
42500201,638,2026,5,5,42500201,93026d28-7680-f434-fc33-4ebddec8aed6
42500201,64,2026,5,5,42500201,435d0ceb-18a3-d6d5-725a-a9f8e132a933
42500201,645,2026,5,5,42500201,7bdfcddc-ef33-e4a4-ecdd-ddede7698805
42500201,654,2026,5,5,42500201,2ee34e89-98d2-fe2f-837f-f323404e5448
42500201,658,2026,5,5,42500201,fa52ba50-3598-68fe-748e-a043733a36ed
42500201,659,2026,5,5,42500201,3d69fd24-9f1c-46d8-4e81-6be60cb17c1d
42500201,665,2026,5,5,42500201,cab955ed-3fe9-1093-2df0-7c60ea40ba6d
42500201,666,2026,5,5,42500201,008bab17-649e-c109-115a-411a350d92ea
42500201,668,2026,5,5,42500201,5b3582c8-89e9-968b-6854-4159109b9d85
42500201,672,2026,5,5,42500201,0764c30b-1e12-ed37-a571-e489cfea1f41
42500201,674,2026,5,5,42500201,63d3b35f-9a8a-7528-9b97-287b2422ce73
42500201,675,2026,5,5,42500201,bfc725d1-a917-03b1-4e22-7ddf4576c021
42500201,676,2026,5,5,42500201,f0b3c52f-dfe9-aad2-4882-e89f8a8ae858
42500201,680,2026,5,5,42500201,9b3e9f62-66bc-db52-23b3-ebb5c8794613
42500201,695,2026,5,5,42500201,3efbbb00-f392-40d5-cb10-211dfaf64529
42500201,697,2026,5,5,42500201,28ca5044-7a22-47a7-6b11-c61be43b5729
42500201,698,2026,5,5,42500201,4ad634c5-db89-d6f9-95da-1e32d4f7d620
42500201,7,2026,5,5,42500201,745e675c-9d75-9374-ae3f-f7842cf298ab
42500201,89,2026,5,5,42500201,f40b7246-57f8-cccc-26d8-608119257edc
42500201,9,2026,5,5,42500201,eb810109-64c7-03a8-8dbf-d34d6dcd5759
42500201,90,2026,5,5,42500201,c8f01099-42bf-d909-299f-5bb57db9b733
42500201,95,2026,5,5,42500201,1f4cb115-9c7e-e7c4-6658-ee95d630710c
42500201,97,2026,5,5,42500201,b42d49fb-1ca6-2843-28e6-9ba70d8751bd
42500201,11,2026,5,5,42500201,f2e043c6-72c1-830f-52be-0543a81142c8
42500201,114,2026,5,5,42500201,1a63a84c-d5ec-985f-a807-215a39c8d7e1
42500201,122,2026,5,5,42500201,8733ffb2-8d17-609e-007e-1b3bd905e7df
42500201,136,2026,5,5,42500201,dbd03e5f-9379-5d1c-24c3-d4a80b1e57cc
42500201,142,2026,5,5,42500201,71b19bd5-cf42-0447-a385-ee6356fbd2db
42500201,144,2026,5,5,42500201,732ee2aa-bb85-bb5b-9cdf-30cce12b9529
42500201,147,2026,5,5,42500201,39afeb33-6bc1-f6aa-6552-d14b8a213de0
42500201,150,2026,5,5,42500201,30db5c15-d684-0007-f405-b5a9eadab0f0
42500201,16,2026,5,5,42500201,f5c907fc-3fe3-0bd0-99b0-3cdbb3150aca
42500201,165,2026,5,5,42500201,1468793e-1b94-6b1f-4b5e-b7c813490f89
42500201,167,2026,5,5,42500201,bc177322-9cf8-7c4a-e2e1-3e9091133a2f
42500201,186,2026,5,5,42500201,1ac5386a-164a-1645-9741-feca56d91cf5
42500201,196,2026,5,5,42500201,dc0eb71e-e1f4-bf45-6e03-87c89b92f220
42500201,198,2026,5,5,42500201,8139da09-5a1f-1ba2-cf3b-9592b9c13a7f
42500201,237,2026,5,5,42500201,1f979507-86e1-70d4-bdd3-5fea682d95e6
42500201,239,2026,5,5,42500201,89b50212-fcea-a1aa-28e5-961adc806d0b
42500201,241,2026,5,5,42500201,6a092f18-e12a-7d60-c294-00eed7ddd199
42500201,249,2026,5,5,42500201,6cf547a3-f9a0-def2-b6bf-4fcec7a4d59e
42500201,251,2026,5,5,42500201,dc25fd3c-b143-6191-e614-8017da6eaa24
42500201,257,2026,5,5,42500201,bb422b7f-142c-4563-18da-fef794bdc1bf
42500201,26,2026,5,5,42500201,f134c627-ac75-dfa1-9b4c-cb96b16b15d5
42500201,262,2026,5,5,42500201,147cf4fa-d7aa-edca-356f-b4244fd4011b
42500201,266,2026,5,5,42500201,02bd81ff-6aa6-3849-c73c-e3bc8e4d67ca
42500201,297,2026,5,5,42500201,f7cfbb7d-f79b-b06c-d290-fe8c57cfc85c
42500201,299,2026,5,5,42500201,182a17ae-5d65-4cef-ea43-605197be0ead
42500201,301,2026,5,5,42500201,9835992a-e687-a249-4ff9-4ed24ef281d1
42500201,307,2026,5,5,42500201,e36d0a34-252b-f385-75fd-8e7f5d2bff91
42500201,323,2026,5,5,42500201,c46e64b7-ec12-1699-93b9-656fdc93d690
42500201,326,2026,5,5,42500201,aadf6c08-0afd-60b4-188e-5eb7941463bf
42500201,336,2026,5,5,42500201,fae8d372-41b1-3016-6429-6b59900a0957
42500201,340,2026,5,5,42500201,dee51d89-72bd-cab2-e767-d010a8bd64ff
42500201,351,2026,5,5,42500201,fd21c766-1cef-cdd3-e055-e0e64e2a964f
42500201,370,2026,5,5,42500201,426820a6-755d-ef6e-ea78-f927306dea65
42500201,372,2026,5,5,42500201,8a8a4874-2a29-7adb-81eb-817016c7f742
42500201,378,2026,5,5,42500201,25f9086a-5959-ec67-24e8-6b0e090288de
42500201,386,2026,5,5,42500201,1bd5c78e-bae9-9119-2119-49e99435fb75
42500201,388,2026,5,5,42500201,d7a19380-6041-da76-748d-89ddf595d682
42500201,391,2026,5,5,42500201,9aa0a7b9-696f-485d-d057-24a88eaf1b5f
42500201,40,2026,5,5,42500201,75d1ccd6-a9af-5dfc-cbf7-eaf176cf53eb
42500201,42,2026,5,5,42500201,4a5a2ed3-3db2-53c0-c819-7836404615d1
42500201,425,2026,5,5,42500201,a678ebac-e22a-7352-e7fe-8df6b23ef922
42500201,436,2026,5,5,42500201,4fab1003-5976-c092-f999-ea2ba7b5548d
42500201,44,2026,5,5,42500201,d9aa3747-fbbf-7d29-52ee-9c54d01a9a4e
42500201,444,2026,5,5,42500201,878869af-1c5c-3cfe-aaa5-2ab22dcf61cb
42500201,452,2026,5,5,42500201,88041ed5-4206-fc3e-3698-af293cdc670e
42500201,46,2026,5,5,42500201,9c7a651c-855d-5749-1eea-edd66f8fc0f2
42500201,465,2026,5,5,42500201,5f30b19a-ef0c-3ec7-9453-a09ff562846a
42500201,467,2026,5,5,42500201,59ef1daf-f9f1-da06-194f-723023261440
42500201,472,2026,5,5,42500201,29509d4e-d346-861d-6ed6-ad00e1ffeb02
42500201,474,2026,5,5,42500201,b7e3afa0-df53-a438-ae77-dccb64be20e3
42500201,50,2026,5,5,42500201,1fac320a-a898-c206-6f84-100fbef84cea
42500201,509,2026,5,5,42500201,3e4436ee-3728-35c6-858e-d64b8834831a
42500201,511,2026,5,5,42500201,2d12d66d-c706-dec3-7ca2-7125a237f706
42500201,52,2026,5,5,42500201,ac4317f9-5afc-2ca0-75f0-cca123e63331
42500201,539,2026,5,5,42500201,b3384632-a742-53c9-63b5-40d894539b96
42500201,54,2026,5,5,42500201,76a19f9f-1d32-0927-038a-11a9e769b9d7
42500201,550,2026,5,5,42500201,80fd3c04-0c0e-60c4-ffd3-51349a919e60
42500201,552,2026,5,5,42500201,e94e4c98-19e9-7a44-5a39-e7005fec67f0
42500201,554,2026,5,5,42500201,34379f0a-ffff-5c48-1e50-24e3e5e2056b
42500201,557,2026,5,5,42500201,48fd1f70-3e8b-70fb-7572-18441ab8b2b5
42500201,562,2026,5,5,42500201,d509e529-f440-e532-5217-7bda6fc9362d
42500201,57,2026,5,5,42500201,b8798e68-1d8d-fb35-4849-27dd25a41f49
42500201,581,2026,5,5,42500201,22d035a6-f9ad-6005-a065-fd28620c9b4b
42500201,592,2026,5,5,42500201,b46f0281-185d-8b90-7b30-55a9f5589f57
42500201,594,2026,5,5,42500201,dca0851c-ce37-c2aa-c6aa-a94206101def
42500201,603,2026,5,5,42500201,40dba865-7177-998c-8dc0-3acded2eca5a
42500201,605,2026,5,5,42500201,e93c405f-0d81-6db9-f560-3a7b3a0bd8e4
42500201,613,2026,5,5,42500201,c175843f-c143-bc50-ae9d-f63ce16c7485
42500201,615,2026,5,5,42500201,f2342062-f023-608e-7ef3-020b4ffddd4d
42500201,630,2026,5,5,42500201,d01ae725-1d5a-a0b5-49f0-9c2ca6ed9a01
42500201,639,2026,5,5,42500201,1c1f2679-d948-835b-cc6c-1a37ff42498b
42500201,642,2026,5,5,42500201,673fa048-bdf5-de31-92f8-43a7a7f0e267
42500201,646,2026,5,5,42500201,4bae6efd-0629-66d9-1506-a77250a60f1f
42500201,655,2026,5,5,42500201,d43c4bfa-9069-7e07-b78b-4c07b0254079
42500201,664,2026,5,5,42500201,2d6ed5de-eca4-ba0f-4546-408453d01b75
42500201,667,2026,5,5,42500201,444ad986-8e4c-df6e-76a5-7a8b6a6f9f3a
42500201,669,2026,5,5,42500201,ee75ea4e-d9e6-a9c6-82dc-f5fd550ff587
42500201,673,2026,5,5,42500201,a24fd17d-e3ff-e177-5c67-d7a80b070fa5
42500201,677,2026,5,5,42500201,52d5bab9-a500-7562-226f-315fa8c45329
42500201,681,2026,5,5,42500201,802af9d2-e966-5f51-bfbd-d72e9e2ab23f
42500201,696,2026,5,5,42500201,07b84ce5-0389-078b-f9c9-0a1f650f4276
42500201,699,2026,5,5,42500201,c3ee6963-7666-2783-f46a-300ac030030b
42500201,8,2026,5,5,42500201,87343c3b-0c49-02b9-3cc1-3e6fa03d0ca1
42500201,91,2026,5,5,42500201,6ca1795b-1312-eeea-34da-97ebc979e8e5
42500201,96,2026,5,5,42500201,2a0e5acd-ef29-5754-7d91-5c04f445961c
42500201,98,2026,5,5,42500201,04b369ec-0e2d-77e6-d3b5-04ea027a7430
42500201,137,2026,5,5,42500201,f6f66dd7-eeee-5183-e10c-ba12a4f9157a
42500201,205,2026,5,5,42500201,19751526-8382-e4ea-4e2c-b843502469f1
42500201,208,2026,5,5,42500201,e5e5559f-b826-5441-ce08-36f938e7c190
42500201,293,2026,5,5,42500201,4130c06f-ed05-4c06-38d8-e60f57eacdcb
42500201,308,2026,5,5,42500201,29885379-1597-9b88-6251-f5386524ddec
42500201,317,2026,5,5,42500201,59ca54e3-ae13-89b3-da3d-8d4184d8c104
42500201,327,2026,5,5,42500201,dc073b3a-b33b-ab27-a537-8d81067ed734
42500201,333,2026,5,5,42500201,b7b4a5a3-68b6-52dd-d108-5595b40a800e
42500201,337,2026,5,5,42500201,4dce6273-7dfa-9d9b-7a54-74308b9601cf
42500201,400,2026,5,5,42500201,786ca549-ce76-01e2-e00c-4e2dfde74c8a
42500201,404,2026,5,5,42500201,60d0837d-de9f-538c-08df-4ecbf7f4f23d
42500201,426,2026,5,5,42500201,3df59ee9-66b0-ae10-5ca3-a3a484cf7f2a
42500201,432,2026,5,5,42500201,ed6a9feb-eb31-dd3a-3a2c-753160394edc
42500201,437,2026,5,5,42500201,bd7d7bbb-4900-0d09-2beb-3658abb5c24f
42500201,478,2026,5,5,42500201,8625b33a-f44f-62d4-19e2-c7886ef3a0f7
42500201,496,2026,5,5,42500201,997a3d2c-f3b2-31a3-cab9-8384fea15cf7
42500201,65,2026,5,5,42500201,48cff516-193c-7b22-537e-75b52762a8cf
42500201,678,2026,5,5,42500201,73bc1cef-8c3c-f19e-4261-e98844fd983d
42500201,87,2026,5,5,42500201,e17d3ec7-9954-b59b-95da-0f3b880b1411
42500201,100,2026,5,5,42500201,41bf24cc-b02a-9c48-c7f0-87c959e6887f
42500201,118,2026,5,5,42500201,35953585-14f7-3265-5f7b-c260950534fd
42500201,215,2026,5,5,42500201,4726788d-7d3b-2619-4e19-431b98ab81e8
42500201,218,2026,5,5,42500201,420c0f26-981b-2803-54bd-8046f852f734
42500201,279,2026,5,5,42500201,a07f11dd-4b30-60bf-94f7-7e0c5109bf0d
42500201,30,2026,5,5,42500201,696b8106-4413-41d2-8b17-84927d1a5553
42500201,368,2026,5,5,42500201,b6edc650-9fef-7d3e-4338-f110d3051c82
42500201,540,2026,5,5,42500201,3a3aab54-f070-f8c9-d951-5f083323b5e2
42500201,565,2026,5,5,42500201,353f02c0-466d-d6dd-a704-032dad2f51b6
42500201,597,2026,5,5,42500201,5271e628-ecba-610c-06fd-7e2f5bb30d87
42500201,618,2026,5,5,42500201,f67b3258-db0e-f8e8-42fd-65c2725557e3
42500221,126,2026,5,5,42500221,d8e34b42-ef4b-7891-ddbf-16be3b9d732c
42500221,128,2026,5,5,42500221,09fa46ba-8ab3-a9e9-7531-7f54fca063f6
42500221,133,2026,5,5,42500221,c54ce7d0-68ad-8d27-2fd9-aca5366f29fc
42500221,139,2026,5,5,42500221,12a6f6b2-db98-d230-9029-72423e28d1e9
42500221,151,2026,5,5,42500221,9ff03551-80e2-6028-8694-4b95f8712f06
42500221,178,2026,5,5,42500221,06a3604a-7bd2-6c5d-959e-7badb26a27ad
42500221,182,2026,5,5,42500221,693f5717-9b52-7e0d-2ffa-126e3f21984d
42500221,184,2026,5,5,42500221,6248014b-59cf-812f-cf7a-9eaf8d516c08
42500221,186,2026,5,5,42500221,6dd54b14-25ee-9107-9c43-4fbe7a92766b
42500221,201,2026,5,5,42500221,d67af0a9-0faf-c1f4-d88c-1961b5dacaf8
42500221,21,2026,5,5,42500221,385fd09c-6eee-4a19-1147-6b9f39caaa92
42500221,210,2026,5,5,42500221,9c443369-bca5-cb63-a766-a4a56d0c2a09
42500221,223,2026,5,5,42500221,6d7301f0-2cde-f989-0aaf-23a1b259c101
42500221,232,2026,5,5,42500221,cd2521ad-554e-cd11-ff39-014c59cf7193
42500221,25,2026,5,5,42500221,bb35148d-d776-f457-1861-6b8bfa3643d1
42500221,250,2026,5,5,42500221,208449b4-b8bc-d2fb-fc7a-be146e9c2f32
42500221,256,2026,5,5,42500221,1c25000f-7dfc-9afa-3b94-754d603edd1e
42500221,263,2026,5,5,42500221,5795cc47-8f03-1af1-43ef-a92933672ed0
42500221,27,2026,5,5,42500221,20c4e470-cb3f-5134-e780-16f7526543bc
42500221,287,2026,5,5,42500221,d15047e8-236d-2945-5c19-0071e7d8f25b
42500221,289,2026,5,5,42500221,0dbea6bc-ae05-b873-37e9-d3d9efeeba6b
42500221,291,2026,5,5,42500221,0587cee8-cf79-0274-04c2-6162e662c776
42500221,302,2026,5,5,42500221,f5915743-3fe8-e479-09fe-7910ce77bd2e
42500221,318,2026,5,5,42500221,97b31717-25d0-dbc7-3a0f-6d504950dad0
42500221,33,2026,5,5,42500221,fb3f3c0c-c058-8d4a-7a37-173c598f7cd2
42500221,350,2026,5,5,42500221,9d2aba00-c23a-26ca-3f12-2994a2956072
42500221,360,2026,5,5,42500221,2c9e908c-a927-409d-73c1-04228f7db026
42500221,365,2026,5,5,42500221,f02c1289-6af7-bb14-5f3f-de98b8a31271
42500221,375,2026,5,5,42500221,686a6edf-9472-476c-a81e-85873f8b2905
42500221,383,2026,5,5,42500221,cfbb9eb3-b2a1-c330-9431-6695a9823e98
42500221,400,2026,5,5,42500221,286b370f-b2b4-63ed-3025-77b3aea78ca6
42500221,404,2026,5,5,42500221,0e05d51b-bcd8-473f-a99f-fb841a425ddb
42500221,41,2026,5,5,42500221,21aa7e90-fb2e-8f90-b160-474eb61728ce
42500221,425,2026,5,5,42500221,d339b303-9697-16e7-7e7c-b358fd8344ba
42500221,429,2026,5,5,42500221,fb615525-53e0-5d55-957c-59442aad3675
42500221,435,2026,5,5,42500221,e3c93204-3955-3e40-5e67-9522fc0758dc
42500221,45,2026,5,5,42500221,6cc225a5-5fa0-a2f7-c21d-70fcecdef9df
42500221,461,2026,5,5,42500221,5d335be0-6b8e-9082-8e0f-f739ee7ed65e
42500221,482,2026,5,5,42500221,d71088d9-0c19-4ce1-1372-daa5aae379ee
42500221,499,2026,5,5,42500221,4170c475-a362-3d1d-0efb-72a2ad21a85e
42500221,548,2026,5,5,42500221,f95ccedb-9ae1-c449-8ba0-2b7ff558f8cb
42500221,554,2026,5,5,42500221,162392b4-be8c-9c9f-1f04-4cac97189e9b
42500221,558,2026,5,5,42500221,1f6ca9ba-9c3a-249a-e686-4e2d42393f5b
42500221,568,2026,5,5,42500221,7bce1268-7e07-c4f4-e64b-6ab54a0bff50
42500221,570,2026,5,5,42500221,89738c0d-b8ab-6409-3ce5-74b9f4a2c53f
42500221,596,2026,5,5,42500221,1a0b217d-a941-76df-b2bc-6a95322c8825
42500221,60,2026,5,5,42500221,c7f06830-310b-3677-f203-d735044f3a97
42500221,608,2026,5,5,42500221,c218b5ff-4312-6095-7832-926f83c97faf
42500221,644,2026,5,5,42500221,61cdacaf-ce58-396b-0719-02ea7c635b71
42500221,646,2026,5,5,42500221,1390d214-9ab8-a75f-3355-be850e7cf6c7
42500221,650,2026,5,5,42500221,7c9846b4-7580-91c6-1436-7ad511090006
42500221,678,2026,5,5,42500221,1c3177ee-1834-db4d-8017-67c877d51c73
42500221,680,2026,5,5,42500221,79ff47a1-54df-ded5-f22a-15cb9869bae5
42500221,7,2026,5,5,42500221,13da0da7-cc58-68a4-79c2-c0f016b6b708
42500221,87,2026,5,5,42500221,c392475b-90f0-952a-3e39-62d3252aaf79
42500221,109,2026,5,5,42500221,e123be18-7f93-3073-73c1-4cb86ee19b5b
42500221,115,2026,5,5,42500221,f958f384-7a7c-e8fa-1359-7bdb2a5c7366
42500221,123,2026,5,5,42500221,6f30c66e-6619-63ba-dff8-296fa809bb95
42500221,212,2026,5,5,42500221,2cdcd9b8-a8f1-7ab7-fc86-c4bf3a0d6bd5
42500221,229,2026,5,5,42500221,d44590a6-7ceb-f1cf-0ccb-23bed84df848
42500221,268,2026,5,5,42500221,05b53ef7-f676-c70d-9deb-d315f656f15a
42500221,279,2026,5,5,42500221,1b14962c-821f-e78d-4e72-fccef92d6051
42500221,353,2026,5,5,42500221,82c0fe3a-d5be-0274-14a5-43b5ea5590b1
42500221,357,2026,5,5,42500221,f57c65e3-7ff1-e4ff-567a-1eb52d0ae697
42500221,444,2026,5,5,42500221,887fd8e0-5b40-42ef-fca3-f33ee455933b
42500221,625,2026,5,5,42500221,2c7b8f4b-7c9d-71c6-eb37-7bf924a90085
42500221,101,2026,5,5,42500221,b9b6bcce-e834-8597-40de-1ababa2af2b0
42500221,13,2026,5,5,42500221,59fac800-7c4d-0141-5b7e-a3a341bc849a
42500221,130,2026,5,5,42500221,3971f96f-fbee-f7c0-c03a-306acff25889
42500221,131,2026,5,5,42500221,37d3ca98-a7a1-559d-4839-0f0944a38318
42500221,141,2026,5,5,42500221,e424b5c5-c072-c258-a376-54eb805136f8
42500221,149,2026,5,5,42500221,d4636525-2c12-64ff-9760-2cdee655d6bd
42500221,15,2026,5,5,42500221,558943c1-50a6-0e9d-4fde-cd9afd7b8184
42500221,166,2026,5,5,42500221,a36bd0c9-7104-c161-cdb1-cbb9a66a2488
42500221,168,2026,5,5,42500221,1ea5235b-3d7f-2d69-e803-cf250e759da7
42500221,17,2026,5,5,42500221,724b88d1-93a7-b632-83c6-bf5dafe38cbc
42500221,174,2026,5,5,42500221,1f9a5cb4-c2fb-445a-8124-a9ecd5ad3db0
42500221,176,2026,5,5,42500221,ceab3270-308f-0969-c464-6cb88154ac19
42500221,18,2026,5,5,42500221,1f813921-1b03-1d71-542f-b350e4ce04be
42500221,180,2026,5,5,42500221,72296893-6df0-b6ed-7fe6-33e3064c0474
42500221,188,2026,5,5,42500221,9dca4f0e-c526-ac02-3c52-ea756443ac21
42500221,199,2026,5,5,42500221,1ac079a0-5735-700e-073c-c932fa06fac9
42500221,20,2026,5,5,42500221,fbd779d8-34ce-b9fa-8311-f86a236b2585
42500221,208,2026,5,5,42500221,45da2d68-0685-2ded-4481-da09ae55b731
42500221,218,2026,5,5,42500221,a5d7101f-73bd-40c1-ff8c-bf9cd2e78785
42500221,219,2026,5,5,42500221,94e11bac-f87a-898f-a054-7f01e600ce99
42500221,225,2026,5,5,42500221,b6dde7b0-6d5d-95c5-0f77-10974bdc1d96
42500221,23,2026,5,5,42500221,2d151f08-cd86-efcb-3909-72bdceaf4642
42500221,243,2026,5,5,42500221,e99edbce-a150-b0a5-48c0-15299ffa9e41
42500221,247,2026,5,5,42500221,acfc2bb1-4014-c40e-4f17-1aa5998862ae
42500221,252,2026,5,5,42500221,7862dd5c-c0ec-f86b-b2e3-233f8a5fa817
42500221,254,2026,5,5,42500221,b4428770-9df2-1b10-8418-bbe51db41e4d
42500221,277,2026,5,5,42500221,12eb2263-3536-043d-bd4a-6cb4aa07d7c8
42500221,282,2026,5,5,42500221,13ca28a9-09fb-2afa-058e-3c54e6e20849
42500221,284,2026,5,5,42500221,2fea959c-fd28-7826-3cf7-614ae8e0e1e4
42500221,285,2026,5,5,42500221,3cd5f269-426d-0046-77db-2571bfcc996b
42500221,29,2026,5,5,42500221,786b239d-88e1-88eb-3aaa-4422d78376e4
42500221,293,2026,5,5,42500221,83be5361-f42c-2ce7-e766-b28f6654168b
42500221,306,2026,5,5,42500221,5ea9d9d8-e0e2-2cc6-a947-bacd56e9d4c9
42500221,31,2026,5,5,42500221,6dd8950e-9392-9557-03c3-bfb3fdaecbaf
42500221,316,2026,5,5,42500221,13175868-0785-f5de-1e1e-df80879d8d82
42500221,320,2026,5,5,42500221,855ab83b-0a06-825b-5789-d4d38ee1f770
42500221,322,2026,5,5,42500221,53b8d1fe-7018-8873-a20c-9540186939bb
42500221,328,2026,5,5,42500221,34dd5efa-37ad-894a-fd05-c3bab476454b
42500221,330,2026,5,5,42500221,fcd242c0-dcfa-a21a-1c0f-cbecc165a811
42500221,338,2026,5,5,42500221,980f9c09-3aae-71e6-99cf-6c53dbb68d7a
42500221,355,2026,5,5,42500221,be21967b-fb4c-4782-e9ad-32e522145a9c
42500221,363,2026,5,5,42500221,ebfff30f-95da-2766-873b-b6026f55084a
42500221,369,2026,5,5,42500221,f5a1f296-b71d-b95c-83c8-7051c3c97112
42500221,373,2026,5,5,42500221,148490d2-82b7-8328-0d57-a06166426a2e
42500221,376,2026,5,5,42500221,12eaa851-b9ee-f0ec-a171-5bbfeb25011e
42500221,377,2026,5,5,42500221,8ba296df-d2a1-6cdf-5da7-f8dda6fa489c
42500221,379,2026,5,5,42500221,e7c5e93a-6a56-4951-a987-e30d8ed6c507
42500221,381,2026,5,5,42500221,b72d09a6-c4e7-db81-3243-3fd6295f8de6
42500221,392,2026,5,5,42500221,a9549f7e-0c09-a4cc-46f0-8aa7643174ca
42500221,402,2026,5,5,42500221,ae3ac18f-10ed-767d-861f-9a00e80bc5eb
42500221,412,2026,5,5,42500221,bc5ad91f-321c-dcd7-6e67-6fa753eb867c
42500221,413,2026,5,5,42500221,bbb6d332-4ba0-06a7-20cd-2974bd2aecec
42500221,415,2026,5,5,42500221,38321e3c-3677-c064-bc26-dc14edc1acd2
42500221,417,2026,5,5,42500221,928ed89c-632a-6218-a4f6-9cc1b5200859
42500221,420,2026,5,5,42500221,c9f63579-9a8c-610f-771e-7a2674c1e337
42500221,43,2026,5,5,42500221,590af613-ffc2-2a3a-71db-eb300d7c1393
42500221,448,2026,5,5,42500221,ed05ade6-c686-9e63-7831-badd59a2634c
42500221,450,2026,5,5,42500221,eb96041e-7fd7-b931-dca4-1db6880ab73e
42500221,476,2026,5,5,42500221,da06d1b9-62f7-ec29-4063-07e0b182c2fe
42500221,477,2026,5,5,42500221,80a4286c-25a8-1029-723b-d9f575ad5f76
42500221,484,2026,5,5,42500221,88191152-7f73-247a-29bd-5e4cf3b1e7c6
42500221,487,2026,5,5,42500221,17ada68e-087b-068d-3f80-a0b80a170ba9
42500221,488,2026,5,5,42500221,7b597c32-b57b-8156-ae54-4edabcdecdbb
42500221,49,2026,5,5,42500221,4a08994a-3471-283a-84fd-eaebc6d4d97f
42500221,497,2026,5,5,42500221,122e823d-e660-108b-1a0f-7a33696dde38
42500221,50,2026,5,5,42500221,6b0cd00c-3a19-bfa9-ef5e-0185c1c505bf
42500221,512,2026,5,5,42500221,890b69a6-4713-42dc-81d5-280c27fb368b
42500221,52,2026,5,5,42500221,7d5bf95e-cd9f-fc5b-8170-7a3d39d3c642
42500221,526,2026,5,5,42500221,107be748-b431-e994-abbf-84f0a6874f15
42500221,535,2026,5,5,42500221,3c1c8802-d461-bdbc-3075-121ffda55a11
42500221,538,2026,5,5,42500221,6ef3e8a0-fbdb-82fe-d13c-9599740bddb9
42500221,542,2026,5,5,42500221,8a3a0284-ef2a-1efc-cdf5-4a32013a7c54
42500221,550,2026,5,5,42500221,af83dc17-ec1b-4801-ec18-1b8a2f340ced
42500221,552,2026,5,5,42500221,78886a29-3081-177b-23df-6eee837cf3b8
42500221,564,2026,5,5,42500221,a7a80d71-5336-abb8-b592-defcaf9d34d8
42500221,566,2026,5,5,42500221,7c8860bd-0197-4773-fae5-b8087e0dbf66
42500221,572,2026,5,5,42500221,146bf79e-8d18-612c-e613-d6e742ac1793
42500221,580,2026,5,5,42500221,a4009704-4bdb-a23a-d669-7b74e8a5bfa8
42500221,582,2026,5,5,42500221,3ae651bf-7e5d-09c8-f05d-b0693234e7ee
42500221,588,2026,5,5,42500221,c9fab28f-d601-299d-c9cb-882e5bcd53da
42500221,590,2026,5,5,42500221,969b2551-959f-2f90-4ac1-ecdb24ca8a57
42500221,592,2026,5,5,42500221,0f608269-b223-87e4-8e9e-62154b1512b1
42500221,594,2026,5,5,42500221,c88bd11a-27b6-f343-0ec4-64f9a4708cd6
42500221,603,2026,5,5,42500221,58898006-7d9f-32d9-a163-c43a0fe35f27
42500221,605,2026,5,5,42500221,92e4e96c-de82-26ec-1740-f40c2242b483
42500221,606,2026,5,5,42500221,fb532931-a9a1-8bca-554e-d23a022f306d
42500221,610,2026,5,5,42500221,4acb942b-0a84-1edb-df1a-b49faac87cc7
42500221,612,2026,5,5,42500221,c57d0384-de79-614a-7878-5230e46e019d
42500221,617,2026,5,5,42500221,bebe1cab-aa33-e5d4-aa17-7ef862bd18b1
42500221,618,2026,5,5,42500221,adc96fc7-940c-277d-b585-d580d32311a5
42500221,628,2026,5,5,42500221,fc54a202-2e72-1e30-23a6-6f42afacd50f
42500221,630,2026,5,5,42500221,c875637b-b9fc-b3b1-303e-bc983f75f364
42500221,641,2026,5,5,42500221,de84268d-d064-1c95-4299-1b6421877087
42500221,648,2026,5,5,42500221,28a459ae-7137-e11d-46a8-604d13065357
42500221,67,2026,5,5,42500221,1d69c102-0df7-9565-1446-e2507980cf29
42500221,673,2026,5,5,42500221,228d2bf6-dd84-edbb-faf7-96188e799ecf
42500221,675,2026,5,5,42500221,872d3efd-0d75-123f-045a-8326e3a23211
42500221,69,2026,5,5,42500221,e6c02324-c403-a250-2bd1-81760b901412
42500221,71,2026,5,5,42500221,7088182e-a2c1-5953-1024-9e2223d58269
42500221,81,2026,5,5,42500221,df1e78bc-9db0-5990-5129-52a5a9d412c4
42500221,83,2026,5,5,42500221,006bc4e9-9f8e-058f-43b0-0dc09ca62c83
42500221,85,2026,5,5,42500221,9f147cd8-92d1-d311-07d4-3772b00e3497
42500221,99,2026,5,5,42500221,37867467-7f30-e5d6-457d-f5ca88d077aa
42500221,100,2026,5,5,42500221,7689089d-7b31-e8f7-21b2-bf28c37404d3
42500221,102,2026,5,5,42500221,a76f2e24-0523-d92f-4ab7-338a1e9755d3
42500221,110,2026,5,5,42500221,32ba842d-a56d-5500-958d-7822a955ba93
42500221,117,2026,5,5,42500221,772a7708-9329-7418-84e9-495fa6fdfff7
42500221,12,2026,5,5,42500221,406e7d86-b845-cd0a-af2d-598b025b2f84
42500221,125,2026,5,5,42500221,475483a0-8927-768c-3aa7-99be6373cf72
42500221,132,2026,5,5,42500221,7532c62a-9272-e887-3f99-62d2e6b190e7
42500221,14,2026,5,5,42500221,4f526f48-109d-865b-78d7-eb408e0cda1d
42500221,150,2026,5,5,42500221,c42f57e9-7a73-8365-0956-a771324bff3c
42500221,16,2026,5,5,42500221,d28e75b7-47c1-ba43-0cca-7f004f362be4
42500221,167,2026,5,5,42500221,d3ac8146-7a27-83df-0cf4-9010a4bae8af
42500221,169,2026,5,5,42500221,09e5877a-39c4-a9ee-abc3-fda33271a2ee
42500221,175,2026,5,5,42500221,23b7b171-3d80-de67-8720-acb7a91cc983
42500221,181,2026,5,5,42500221,986acc48-f20f-c56f-33ef-fe02aaa3d3cc
42500221,189,2026,5,5,42500221,fb267e8d-420f-5f30-788b-095904f50ebd
42500221,19,2026,5,5,42500221,186e52e5-bb96-82b6-4d66-9d48e7b443fd
42500221,200,2026,5,5,42500221,bab3fecc-6780-015d-697b-4d4021009bbe
42500221,209,2026,5,5,42500221,ff9cc5d9-9abe-a457-d911-317060ca34bf
42500221,220,2026,5,5,42500221,307cee61-9af6-b4b7-b0c6-f1dec3bcd32f
42500221,231,2026,5,5,42500221,02845429-fc60-3715-0259-deff76f18ab5
42500221,24,2026,5,5,42500221,db45b0d5-96f1-52c5-14a1-9b6fc684ada4
42500221,253,2026,5,5,42500221,a1237977-d282-830d-942a-2d0b6bfd63e0
42500221,255,2026,5,5,42500221,b6b566fc-c2e5-87b8-b8f7-2d7d5ad89b92
42500221,270,2026,5,5,42500221,4d2cd54c-7788-7ebc-0c9b-835576f761ef
42500221,275,2026,5,5,42500221,87a6e015-3724-9618-fa00-02d369965b6b
42500221,278,2026,5,5,42500221,d11536fa-1ae7-6db0-2c67-85dfc9500472
42500221,281,2026,5,5,42500221,6ac32898-c97f-d6d3-efa0-5c201efaaa2a
42500221,283,2026,5,5,42500221,ab0718c1-f920-799e-d273-ae7a427a7cf1
42500221,286,2026,5,5,42500221,91a6f318-3999-f184-2865-811eb25efcc0
42500221,294,2026,5,5,42500221,0b25717c-1e5f-0686-3924-01c737afb72e
42500221,317,2026,5,5,42500221,ea506951-2967-2483-d739-30d6a5adc612
42500221,32,2026,5,5,42500221,550fd9cf-8c25-7300-c059-c9cd67331fec
42500221,321,2026,5,5,42500221,871b2755-17d9-446b-9d77-a0e9cd86ccd0
42500221,329,2026,5,5,42500221,b7836b1e-640b-8384-759e-4c57a536c7e9
42500221,354,2026,5,5,42500221,e5e9a122-8413-482a-f5ee-f2cc6109985d
42500221,356,2026,5,5,42500221,964f5adf-5bf3-0a59-074d-2b802a723dd9
42500221,359,2026,5,5,42500221,dfbc65ea-0050-c160-cea2-c3f86644a36d
42500221,364,2026,5,5,42500221,afb762c0-0989-c3b7-1971-2146fd2437e0
42500221,374,2026,5,5,42500221,4d53ad32-72c3-1c4c-c648-0f49c87f526f
42500221,378,2026,5,5,42500221,a780f1b3-ac3e-f460-781a-b0ccb6fc981a
42500221,380,2026,5,5,42500221,88dbeccc-837d-ab01-9fc8-13442b59612d
42500221,382,2026,5,5,42500221,7a7be37f-5e83-6b2d-780b-102a87f3c0c0
42500221,393,2026,5,5,42500221,c7b9173d-700c-8417-1b7c-0f40199756b8
42500221,403,2026,5,5,42500221,7419e259-c87d-430d-6d9a-abad1e266dfd
42500221,414,2026,5,5,42500221,cce3d329-5398-5071-8ba9-8deebc525448
42500221,416,2026,5,5,42500221,abb58536-5e4d-1d79-6fea-dc0e13a6dcb7
42500221,418,2026,5,5,42500221,bdcb38e9-3e55-5f7a-aae7-ad83a680d7dc
42500221,421,2026,5,5,42500221,17f88c6b-7540-73bc-30e7-75f186f5359b
42500221,44,2026,5,5,42500221,8913a81f-829e-6276-91ae-dd0f622f1483
42500221,449,2026,5,5,42500221,b649519c-7791-3049-8dfe-6e3a9af78fb6
42500221,451,2026,5,5,42500221,f5f48888-a061-5e6a-034b-72388f1e7dce
42500221,486,2026,5,5,42500221,d64317ab-ae7e-c0ed-9219-e361702e87df
42500221,489,2026,5,5,42500221,e5d9b204-ad6c-17ff-b979-65ec4bb34b78
42500221,498,2026,5,5,42500221,40b4de32-ac9a-3e10-38e9-62c3ced5abe4
42500221,51,2026,5,5,42500221,98e92d22-a23c-7960-14d0-7ff4645cd83c
42500221,527,2026,5,5,42500221,032047a8-c206-baca-27ed-43f1b4085930
42500221,53,2026,5,5,42500221,f59f7490-aa33-4386-1df4-ba8c25ed708a
42500221,532,2026,5,5,42500221,6f17138f-ec63-a749-aed1-65616be00c14
42500221,551,2026,5,5,42500221,3b7ceb22-909f-1824-0cdb-116922bf8f3f
42500221,553,2026,5,5,42500221,e361e08a-8b01-3487-cbc4-35a57d18a463
42500221,567,2026,5,5,42500221,2b606403-f0d6-eb21-52e7-432f1193c99e
42500221,573,2026,5,5,42500221,0a6d4ca6-ae82-13c8-ae0c-b9972c466a84
42500221,581,2026,5,5,42500221,932a2373-22c5-93ba-40cd-e37f3f5fbe7d
42500221,589,2026,5,5,42500221,0b8f1b68-62df-ad82-47c4-85f3e42d37c4
42500221,591,2026,5,5,42500221,8a5fe7f3-d027-88be-32a6-1ce5ed592e1e
42500221,593,2026,5,5,42500221,c03f1bc0-68ec-147e-b828-eda587fa34ea
42500221,595,2026,5,5,42500221,11ee66a7-3d30-7f59-7e21-02733fa43735
42500221,604,2026,5,5,42500221,12ba9962-c0ac-d3e6-5d91-f44fb9c19878
42500221,607,2026,5,5,42500221,ab811503-3b01-67fe-2024-a251d6961cd5
42500221,611,2026,5,5,42500221,c6665689-e441-3091-363c-0377905f1fad
42500221,619,2026,5,5,42500221,16b04808-3b1a-8b8f-694f-dbe2a8dd4420
42500221,627,2026,5,5,42500221,e442ae61-2776-266e-157c-a8fba55076c1
42500221,629,2026,5,5,42500221,7c78bf4b-1d7e-8795-eff0-ed0dfed27296
42500221,631,2026,5,5,42500221,0ca58279-2015-8d41-2a16-3b631d407ab7
42500221,649,2026,5,5,42500221,0447dbb0-4bdb-69b4-1800-4bd731b4e265
42500221,674,2026,5,5,42500221,4caea4ac-1a00-815c-badc-4a37158aa79a
42500221,676,2026,5,5,42500221,85badde1-0d2d-6e6f-ccfd-7c7c873b6b77
42500221,68,2026,5,5,42500221,c856cb45-dbcb-a43a-0229-0fdbc32a20d7
42500221,70,2026,5,5,42500221,bb2d6c64-55c7-3e1c-69b9-0e5361abd84a
42500221,76,2026,5,5,42500221,eb91ec28-b7b9-8a0b-3f02-ea7377091c46
42500221,82,2026,5,5,42500221,a40039db-40d3-c400-52cb-e3c90ab0824e
42500221,84,2026,5,5,42500221,56ce4fa2-842b-ae5e-c163-905c1cce97b6
42500221,86,2026,5,5,42500221,fd17d571-aecb-b671-3e31-39dd3a464ba3
42500221,111,2026,5,5,42500221,a1d32df8-cdb0-69f4-5331-43dbfda36f8c
42500221,113,2026,5,5,42500221,83b9d283-a478-b371-0a61-1dfd9c119deb
42500221,135,2026,5,5,42500221,e11448c8-4b44-680a-df5e-a7843d475751
42500221,137,2026,5,5,42500221,04718400-8891-7d00-2a94-8b930e1ce049
42500221,221,2026,5,5,42500221,fc5a54c8-e47d-bbe9-a496-30b9d443c295
42500221,304,2026,5,5,42500221,25e87a7a-ddec-d886-ab14-9de20a7cc74a
42500221,398,2026,5,5,42500221,c831520d-0eb0-d72a-c3dc-d2d4a404268e
42500221,427,2026,5,5,42500221,f09d1a39-0745-505f-3857-ef8eea3878cf
42500221,463,2026,5,5,42500221,cf396f60-e52c-c3a0-821e-13cd8b7bf810
42500221,490,2026,5,5,42500221,77350a34-6c51-fe6d-040a-008bb61b7ff8
42500221,495,2026,5,5,42500221,5938d658-9b7f-ea1c-e255-af299cc2b630
42500221,536,2026,5,5,42500221,1158e719-6480-ec17-5f22-75f30a21e5a0
42500221,556,2026,5,5,42500221,862c82ed-6fe9-1725-b932-58fc111e0aac
42500221,599,2026,5,5,42500221,91d099e1-36ec-2daf-9161-6f0b4116954e
42500221,65,2026,5,5,42500221,c95c9cae-fb7b-0dad-eca7-0de981708d7d
42500221,78,2026,5,5,42500221,654c8cc8-d004-bdc5-bdb9-e69eaec2cf35
42500221,203,2026,5,5,42500221,53ba8ea6-5310-476a-b15a-1be271bd250d
42500221,226,2026,5,5,42500221,9c237039-4987-d5c6-b863-37fc7a8cf8e7
42500221,260,2026,5,5,42500221,26e1e94a-05ac-88a2-785d-34ff2c709d57
42500221,276,2026,5,5,42500221,e24742dc-0d1c-823d-f1ab-257a0c626322
42500221,295,2026,5,5,42500221,7b68cba0-3c9d-1d0c-79f1-bb19598eba91
42500221,362,2026,5,5,42500221,071bf0b2-d69d-798e-e14b-74ebac365153
42500221,372,2026,5,5,42500221,69342442-18d2-2969-bd25-7753cdead987
42500221,419,2026,5,5,42500221,c10e03c9-8c8e-566c-27a1-ca74891b9bfe
42500221,422,2026,5,5,42500221,7708f9af-2989-1f87-b444-574d4968e9fa
42500221,438,2026,5,5,42500221,55d444fd-2c18-b661-c84c-ee32d7f814e4
42500221,458,2026,5,5,42500221,70c5badf-00ed-365a-e7b8-259bc3e1b7d6
42500221,465,2026,5,5,42500221,e6af3ab9-9daa-d069-22d4-b37035cef4b9
42500221,525,2026,5,5,42500221,92e4aa15-09cf-480d-66b8-f34605ff0169
42500221,77,2026,5,5,42500221,d4bbc62e-fec6-c76c-bab0-cf86987affad
42500221,80,2026,5,5,42500221,5860e07b-6d0f-69e2-acfb-b64953a23c08
42500212,102,2026,5,6,42500212,dfd43318-eff8-4cbb-c8b0-6b6a2506dca0
42500212,109,2026,5,6,42500212,d4495384-84b7-f960-aa04-107592da4778
42500212,11,2026,5,6,42500212,c9c9f2ae-5b1a-1673-927b-c9dba544e984
42500212,14,2026,5,6,42500212,827edee7-1315-d9bf-5409-5ee58cfbd5c3
42500212,143,2026,5,6,42500212,bd3577ec-3402-3fb7-ffd2-69703c87a3a5
42500212,178,2026,5,6,42500212,fbf3e1f0-9a88-e5d9-959c-ca553b4e9cf5
42500212,192,2026,5,6,42500212,669c9842-5d04-874d-8f24-f8d89efba3f0
42500212,217,2026,5,6,42500212,72d45c9f-9b4f-cda1-945d-11651f606211
42500212,220,2026,5,6,42500212,9dc914ce-62f8-1f2c-f46a-bff402817d80
42500212,227,2026,5,6,42500212,eab8b371-ab15-47af-9dc3-83e9e62b3fd6
42500212,236,2026,5,6,42500212,0ab05991-0f5a-9d66-75c4-9dd13580fa5f
42500212,273,2026,5,6,42500212,e22fbc7a-3bfe-dde1-272f-d74a00596d92
42500212,284,2026,5,6,42500212,98223dc0-51a6-e3ee-bde2-72cbce614c66
42500212,304,2026,5,6,42500212,3926fa6f-fde0-0295-7549-5e286ce30751
42500212,308,2026,5,6,42500212,5b94fa41-f846-8acd-8dfb-02473e00b342
42500212,317,2026,5,6,42500212,2d7f0fbd-b9a8-d970-7ea3-e80bd93c3c8b
42500212,342,2026,5,6,42500212,f44017b2-b167-bcee-207b-2d8633751edf
42500212,353,2026,5,6,42500212,0ec8a10f-4806-5ad1-8dcd-15347583d00d
42500212,357,2026,5,6,42500212,8746ec70-4bcf-ee4a-ef34-5ee6c58a339f
42500212,378,2026,5,6,42500212,f89b7470-dfce-fc3a-62cb-a571690721d1
42500212,386,2026,5,6,42500212,d4037008-c0ce-bc8b-a069-744ab75c1fd5
42500212,393,2026,5,6,42500212,d017eecc-62d7-d6a6-adbb-4d17f95a110c
42500212,40,2026,5,6,42500212,fc4d48f4-c385-a566-56be-5efdb96f9564
42500212,404,2026,5,6,42500212,1dd58547-9a84-a03c-021a-c3377b9ef371
42500212,406,2026,5,6,42500212,342d9914-9155-bd9a-a11c-f7e74c779174
42500212,411,2026,5,6,42500212,ef25da36-242b-727d-1d76-ca183e9eff4e
42500212,423,2026,5,6,42500212,437fc54d-e70e-db18-f989-27defb3d79b1
42500212,424,2026,5,6,42500212,fd33c0aa-c223-337c-95b4-eedba1e7878e
42500212,433,2026,5,6,42500212,f740b431-1eb5-642f-d550-9d01330b58e4
42500212,44,2026,5,6,42500212,e3671498-c090-effd-587d-18b6e0f00b8c
42500212,466,2026,5,6,42500212,37b160d1-66b8-f4f1-905f-ec7a32cc4de7
42500212,473,2026,5,6,42500212,326cef33-43c5-abcf-18b4-cb847506878c
42500212,490,2026,5,6,42500212,25a44ac6-0171-1824-c9e4-d015bce74fb6
42500212,493,2026,5,6,42500212,5da54b7b-a43b-2d2a-18a4-0d03c7cbbaa6
42500212,53,2026,5,6,42500212,a06b3c39-b777-ebc0-b1a4-6ac1d93530b7
42500212,530,2026,5,6,42500212,4ae55286-0e7f-8bc4-d43e-4f7ce4d1865b
42500212,541,2026,5,6,42500212,c0ee02e6-ba88-0e0b-5a30-bb5d6edf0d43
42500212,560,2026,5,6,42500212,ae822f8d-1797-c455-33fe-09842ec88f91
42500212,57,2026,5,6,42500212,86f6e910-3027-72fd-21e4-497d77dbe327
42500212,576,2026,5,6,42500212,dd12856f-bebe-adec-7c5c-5bc9cdbbc7ae
42500212,578,2026,5,6,42500212,af578fbc-b940-d371-5938-4dcffcb0bb1b
42500212,605,2026,5,6,42500212,89475a50-fbd0-cb22-5da0-9e2e8bc7af19
42500212,61,2026,5,6,42500212,470e6f9f-727b-a264-2bcf-d3e3ac06e7e8
42500212,73,2026,5,6,42500212,a6e92cfb-c062-bd6e-a771-abcc0fe6f4db
42500212,9,2026,5,6,42500212,b4bb581a-c22a-9cff-a68c-ff5eeb34336e
42500212,139,2026,5,6,42500212,80a48dcf-6d4c-b206-bfb6-9c3bea63b48e
42500212,167,2026,5,6,42500212,0820547a-36ff-435d-c04f-0ff6ac145afb
42500212,203,2026,5,6,42500212,033ccea5-7b5a-caa9-46de-3b622f321a99
42500212,224,2026,5,6,42500212,e06a53f4-ac1e-02da-f473-ec07c4694f15
42500212,470,2026,5,6,42500212,e8094d7d-f016-593e-78db-85c2ccb92fdf
42500212,573,2026,5,6,42500212,78ecbd97-ef97-c40e-f8b6-d03688b87c34
42500212,602,2026,5,6,42500212,e3d44544-800e-d7d6-0385-486f583f5475
42500212,75,2026,5,6,42500212,c5fea27f-7bcc-1052-fd39-782bd24bd2a9
42500212,125,2026,5,6,42500212,3f2ea0f5-b818-2586-8928-98e4fe422b61
42500212,13,2026,5,6,42500212,73bbf04d-d9db-f454-1372-7070f76994a5
42500212,151,2026,5,6,42500212,1a7c33a8-11f5-ea3d-fe98-86a006243b6c
42500212,16,2026,5,6,42500212,6cb5ff0c-d961-50d1-e032-df9ae3d1636b
42500212,177,2026,5,6,42500212,bb9f3be1-87e6-4c66-82e4-8f35b5403157
42500212,180,2026,5,6,42500212,c70bdc5f-4ff9-6692-0dea-b3ca03b05c67
42500212,194,2026,5,6,42500212,00d00fca-ac74-7e7e-a4d7-b0ed09299a4f
42500212,208,2026,5,6,42500212,1e24667b-cfc6-9d41-be57-5f8b7a4419ed
42500212,210,2026,5,6,42500212,a4b88af0-e02a-f5f7-22a7-e602b4b3fccc
42500212,222,2026,5,6,42500212,61849e1d-4228-2464-ef56-bab4acbaffd6
42500212,229,2026,5,6,42500212,3f018795-8893-0ca1-a9a2-68834bb89dac
42500212,235,2026,5,6,42500212,5350ea04-47fe-d40d-c503-4e37f3e1dd35
42500212,238,2026,5,6,42500212,7dfb0681-d422-b6a9-f0a1-f0ce723b895b
42500212,256,2026,5,6,42500212,eb21f278-6950-1254-b639-6b379541f375
42500212,258,2026,5,6,42500212,67bf58c6-9f8f-f75a-7176-8fa57570bfb5
42500212,260,2026,5,6,42500212,6a798cbb-995e-1a76-fa1d-5d32f8b23258
42500212,263,2026,5,6,42500212,30016530-01d4-d3de-db69-4462e3c24a0f
42500212,268,2026,5,6,42500212,c19460bc-bd94-3d2d-7699-595556adf31d
42500212,270,2026,5,6,42500212,3853ce37-b9da-8dd8-3699-d616ae6620b2
42500212,271,2026,5,6,42500212,46cf4b77-2b7b-a9f0-660e-da11a702bc16
42500212,275,2026,5,6,42500212,1042fcf8-ef36-f774-8629-f8641d6a7b1b
42500212,276,2026,5,6,42500212,128d4ccf-f430-4e30-8b71-6ae525a505b9
42500212,278,2026,5,6,42500212,a54eeff3-7290-b804-f0de-3d8578c5f477
42500212,280,2026,5,6,42500212,c025d92c-380e-0b41-df28-e79612a12f29
42500212,286,2026,5,6,42500212,5f35e7ea-dc2b-a2d0-5951-3869546c9ac4
42500212,289,2026,5,6,42500212,75d40b41-7709-3055-4ef8-865120840dba
42500212,30,2026,5,6,42500212,5b69b7a1-c044-6ede-267e-c46029b9f7c4
42500212,301,2026,5,6,42500212,8204dedc-d172-a3e4-7aae-cead9f1d55dc
42500212,302,2026,5,6,42500212,f66cf20e-6743-8bab-3f25-67aa56cbdf54
42500212,306,2026,5,6,42500212,6be4f144-9b66-3ac8-46ca-803093b9f0ca
42500212,325,2026,5,6,42500212,5fdec846-6e8d-6ccf-0894-11ad5ffc97b2
42500212,327,2026,5,6,42500212,d5b91a22-f3e8-ff49-dc39-64356689236d
42500212,331,2026,5,6,42500212,fbf4780a-0ab0-524b-0e5c-e8e9d4e881fc
42500212,333,2026,5,6,42500212,5090efa3-c345-655a-71a2-2c70e1ba4fd0
42500212,337,2026,5,6,42500212,29523146-19dd-6189-1231-2ca6437dd34e
42500212,338,2026,5,6,42500212,af5baa1c-cb51-0d1f-e203-3f310a7afd2f
42500212,34,2026,5,6,42500212,76c25360-dfe1-935c-bc16-542595d9d99c
42500212,344,2026,5,6,42500212,d536d4ea-537e-f9f2-4961-badf33ea5853
42500212,350,2026,5,6,42500212,c0d35217-06ce-8ed0-4bdd-b02e451d2687
42500212,351,2026,5,6,42500212,9f9ef560-9e68-0956-bc5b-58da1f991370
42500212,355,2026,5,6,42500212,5180c722-0a3f-e94d-18fe-55f1027f17bc
42500212,367,2026,5,6,42500212,b957c675-8137-6177-9d95-9cce4595d3aa
42500212,375,2026,5,6,42500212,7a3f1888-362b-925f-a8df-947a149b40ea
42500212,38,2026,5,6,42500212,0cb15f8b-4ee9-074c-f54f-cfb40c089549
42500212,384,2026,5,6,42500212,839735df-e4b8-5caf-0f76-dce96861dd55
42500212,388,2026,5,6,42500212,7921d9d6-570f-b4a0-3ca4-c1ed63b6464d
42500212,395,2026,5,6,42500212,786bd699-b465-6ee5-2b3a-79ea8a3fa137
42500212,397,2026,5,6,42500212,d6b32c18-0132-7a41-017a-4388c869d68e
42500212,399,2026,5,6,42500212,a0e3f6b0-46d2-3502-4be5-2ffbc353690b
42500212,400,2026,5,6,42500212,f9d9eea9-168c-eba3-3592-9e8ed9bbe443
42500212,401,2026,5,6,42500212,31eacac5-f3b8-ac6b-0277-b1b96be5239d
42500212,403,2026,5,6,42500212,c3603da5-33c6-3d48-2fbc-c48f35cf2b89
42500212,419,2026,5,6,42500212,9d021150-640b-a67e-bda5-4959016bdb64
42500212,42,2026,5,6,42500212,40530dcd-0f98-7005-4e97-8ab4f81505fe
42500212,422,2026,5,6,42500212,702ade8e-2fdd-6f60-b278-937f9858c6af
42500212,435,2026,5,6,42500212,d6222c55-acd0-7372-4405-f79e390a82f9
42500212,437,2026,5,6,42500212,33390f1a-5d43-2118-37b4-048cf562df26
42500212,439,2026,5,6,42500212,15c00e34-4f26-597d-4fef-6dcc3bd40f41
42500212,46,2026,5,6,42500212,8aba91a2-df23-df6e-aa82-6350ea07573a
42500212,468,2026,5,6,42500212,f6e7c26d-7ffc-5f5f-d21c-cb7156bbd01e
42500212,48,2026,5,6,42500212,8d64c15d-01f6-b257-2ed6-58b3a9d2dcad
42500212,486,2026,5,6,42500212,515f7327-44ed-b6f2-39f4-edab24474dab
42500212,488,2026,5,6,42500212,c8b7c470-7aa6-7ce6-1a59-2ce6918925d6
42500212,495,2026,5,6,42500212,2606d1f2-e9a0-5f54-d9d6-6487235ebe6e
42500212,51,2026,5,6,42500212,4cee6921-14ea-8b94-0b42-5b4e0355845f
42500212,512,2026,5,6,42500212,4f754aea-fba9-e9cb-4f87-6e52f56cf9ae
42500212,526,2026,5,6,42500212,9423ed9b-f68c-bce2-c173-e2479b953a89
42500212,528,2026,5,6,42500212,776ca734-6a56-f551-96c0-29d9f52ddc59
42500212,533,2026,5,6,42500212,7c6dd9bf-ccd7-686a-2ad0-98063621c7d9
42500212,535,2026,5,6,42500212,e9c29956-5b5e-c8cd-33b7-cdd9a245e5f2
42500212,539,2026,5,6,42500212,1a583bff-23af-d130-5ef9-d85e9e4e48fb
42500212,543,2026,5,6,42500212,97480f09-282f-72fe-8d1c-dc793bc34703
42500212,551,2026,5,6,42500212,cb372dfd-1d5a-ba78-e405-8e61fa20e0db
42500212,554,2026,5,6,42500212,23028430-41cf-2ece-4edc-1531a831c76c
42500212,556,2026,5,6,42500212,166e566d-e03b-4f8e-e0a2-1688d84c6602
42500212,557,2026,5,6,42500212,aa082286-ec4b-3ead-4c23-880f21d71af2
42500212,558,2026,5,6,42500212,c5235e13-d711-9664-324b-e1676402cafe
42500212,565,2026,5,6,42500212,adc0e95a-b5a0-f4c8-6788-505ab6981b8b
42500212,580,2026,5,6,42500212,7216962b-f1d8-85c1-cbb5-645bb72003ae
42500212,582,2026,5,6,42500212,200897ce-98eb-82e1-36c6-5a09fa1fd4fa
42500212,584,2026,5,6,42500212,177654e1-387a-4577-5f9b-e79923a6b434
42500212,586,2026,5,6,42500212,61efe0a4-39d9-3887-c9ff-7a639f2dc60d
42500212,587,2026,5,6,42500212,585eb31c-cf56-355f-db0e-c9deec842546
42500212,589,2026,5,6,42500212,8930fb21-73d0-2382-129e-f5de5103b351
42500212,59,2026,5,6,42500212,a38ca916-5fc5-c494-1bea-6752e7c3bbad
42500212,591,2026,5,6,42500212,c5bb99ea-0e80-b2fe-5497-4a6f2c8f93a2
42500212,593,2026,5,6,42500212,564c0d84-7513-c996-5073-59b02cb0098d
42500212,598,2026,5,6,42500212,15afb775-4682-8bd1-4a7e-c859768af2e8
42500212,599,2026,5,6,42500212,7216713f-9214-be22-d889-9314885b811a
42500212,615,2026,5,6,42500212,3898c8de-2c92-bf88-42a9-f724bb4ee3c7
42500212,63,2026,5,6,42500212,a095f321-925f-93a5-920d-f07b40ecf444
42500212,635,2026,5,6,42500212,da555833-cae9-0567-e566-f7b79d68b919
42500212,636,2026,5,6,42500212,eb4f8911-20d2-a00a-1a59-26abb5fc153f
42500212,638,2026,5,6,42500212,40e727ea-6774-adf4-f8ad-e7bf241e06c0
42500212,649,2026,5,6,42500212,1b84e2a7-bead-cc94-e503-fa695be1146d
42500212,7,2026,5,6,42500212,cb8f9d04-f494-45f6-5418-4d50eb8edd29
42500212,71,2026,5,6,42500212,88e8df9e-2350-c4e2-8bc6-1abca6156c9a
42500212,85,2026,5,6,42500212,79da942d-34aa-607b-e195-a6633f70246a
42500212,87,2026,5,6,42500212,5dc40e84-213c-577d-3b48-ab11997ef832
42500212,89,2026,5,6,42500212,f85d2e10-b334-ab5b-948d-0ef0332c1a75
42500212,99,2026,5,6,42500212,5962514a-d12a-81df-e816-13e8d4f44acf
42500212,126,2026,5,6,42500212,ee871db1-4b19-f489-0d4e-f5a167b33c69
42500212,150,2026,5,6,42500212,baf9cf59-4f98-e4fc-6088-9161a32c955f
42500212,169,2026,5,6,42500212,40afef60-bfbe-ba2f-c368-72f5284ed1d0
42500212,205,2026,5,6,42500212,cf71360b-5859-0218-b3c7-c79ca69d0186
42500212,209,2026,5,6,42500212,bcf8a2dc-6e0d-5f27-56fa-f0cb9a842988
42500212,211,2026,5,6,42500212,f174ded1-7afe-10d3-64de-14772a97cb95
42500212,226,2026,5,6,42500212,d0bcb607-2960-ad60-5e23-3da56342e642
42500212,239,2026,5,6,42500212,e86d83f2-f99e-261c-8d3b-e4b85f8a464b
42500212,257,2026,5,6,42500212,1abb8f62-2541-75b1-67f4-56bb9cfaf39e
42500212,259,2026,5,6,42500212,ab458443-8c09-35fb-e59b-dad274108dc8
42500212,262,2026,5,6,42500212,977b293d-58bb-835f-56b4-4fd2c23b7d6d
42500212,269,2026,5,6,42500212,98f45bff-7e19-6f3f-a275-ab25b86f3ca6
42500212,272,2026,5,6,42500212,de570e54-3fc7-a704-8583-e1fc6462f143
42500212,279,2026,5,6,42500212,ab651cbb-f508-b94d-4da1-a0dae01e4b01
42500212,281,2026,5,6,42500212,9849fa36-e467-89e3-c3a6-76586054229c
42500212,290,2026,5,6,42500212,dae1bb63-5389-00db-341c-dea276b1d5d4
42500212,303,2026,5,6,42500212,1cbb84c6-5cc1-f2cc-6202-bd2a4ca74bd9
42500212,307,2026,5,6,42500212,eb032095-eab4-c975-b864-4d547ee16cc0
42500212,324,2026,5,6,42500212,596c701e-f637-4f62-15ec-19491f42c534
42500212,326,2026,5,6,42500212,afdb7af2-369d-3a8e-3116-3cf24ceb71c7
42500212,328,2026,5,6,42500212,4cfc35f3-8239-fc55-1049-106ce01271e3
42500212,332,2026,5,6,42500212,91ef681c-b3f1-7099-d9b4-d3c014282e67
42500212,334,2026,5,6,42500212,4d1aad02-b80c-78a2-7c39-59a8afa964b6
42500212,339,2026,5,6,42500212,8889a9e0-df25-a525-9364-9125e9e2c897
42500212,345,2026,5,6,42500212,bba5714c-a761-410d-2fdb-c060c0a4687a
42500212,35,2026,5,6,42500212,ab428d1a-1ea7-0fe2-57cb-93315484cc1d
42500212,352,2026,5,6,42500212,b90aefd0-def5-c35f-ba4b-f345cb9a3f4e
42500212,356,2026,5,6,42500212,5d9c3ca0-5590-52ab-6037-f878cb3f921f
42500212,385,2026,5,6,42500212,57dc0011-97f9-ffd0-2511-ff80e7cc89c7
42500212,389,2026,5,6,42500212,15c0e04d-5060-777e-d064-f6612f07593d
42500212,39,2026,5,6,42500212,6d79b894-665e-e613-1528-a38f5c74bcbb
42500212,396,2026,5,6,42500212,7ff323a4-a74f-1f09-a246-a532aa60634a
42500212,398,2026,5,6,42500212,6646e415-6ee0-d0df-07c0-8dc187af0dc8
42500212,402,2026,5,6,42500212,8fdcb2df-30ca-eb36-76c5-26d59eccdc2c
42500212,43,2026,5,6,42500212,f36cc47b-98e4-bf30-766d-b040eaad23df
42500212,436,2026,5,6,42500212,315ba79d-7ec9-2f68-4572-91cd5b024c2c
42500212,438,2026,5,6,42500212,917bfa4a-0eb2-65f4-8558-e0fb76e0d645
42500212,440,2026,5,6,42500212,c7ef770c-72f6-8ba7-5b62-460d4a2d3aa6
42500212,47,2026,5,6,42500212,c4b44051-fe9b-bdbd-44a5-da3072c90415
42500212,472,2026,5,6,42500212,445a8bca-aeea-1b82-3caa-ea6a0f6047cc
42500212,487,2026,5,6,42500212,e105ab6d-ce67-50b6-18c4-47fca3bbb770
42500212,489,2026,5,6,42500212,1180a28a-f4f5-5f23-5ee0-623b960bd931
42500212,496,2026,5,6,42500212,44765c74-80d9-ebf0-23dc-9faf9381c20e
42500212,513,2026,5,6,42500212,eb188120-0a9e-37f0-8fbb-de0348ffd376
42500212,52,2026,5,6,42500212,22e7f8c5-d8c8-191c-b303-5fb76fa02c62
42500212,527,2026,5,6,42500212,2f9cd27b-e29c-844b-f84d-0043289d55ab
42500212,529,2026,5,6,42500212,b5edf135-d461-8804-1f80-c20f1486c88d
42500212,534,2026,5,6,42500212,3f30cb2d-a176-2f74-af8d-229625a24bc4
42500212,536,2026,5,6,42500212,f184e18e-1346-55d3-0a63-38ad80c17c44
42500212,540,2026,5,6,42500212,398738ef-2674-99fc-f6f4-7de0eae8fc3b
42500212,544,2026,5,6,42500212,ca1a0019-210b-863a-29b1-157d1630c8c1
42500212,552,2026,5,6,42500212,ef7427ea-faac-2b0a-c717-489b42ac814a
42500212,555,2026,5,6,42500212,74913ef6-fa8f-6c4c-75e0-998973c9caaf
42500212,559,2026,5,6,42500212,d6ce3baa-077d-397f-cfdd-d2d534dafb8e
42500212,566,2026,5,6,42500212,cbbf9b3a-1d8c-eebb-7c1a-2e287805b9ff
42500212,575,2026,5,6,42500212,f676b38b-f533-b489-f932-f0b4d49b6532
42500212,581,2026,5,6,42500212,02c81f6f-3248-0db3-74fd-4a68f8e62b51
42500212,583,2026,5,6,42500212,ba57214b-5018-8320-d120-28a8aab22a27
42500212,585,2026,5,6,42500212,b83caa98-52ca-f941-22de-7b946b147649
42500212,588,2026,5,6,42500212,eb72491b-be55-4f6e-e488-1bc32777eae7
42500212,590,2026,5,6,42500212,32be1cf3-1d18-7d1a-d0eb-a77bcd6e2af3
42500212,592,2026,5,6,42500212,507f6827-ff5f-ef02-eebc-ba82c72d8702
42500212,594,2026,5,6,42500212,fe8db214-3f5e-f55e-24b4-be332b7db3cf
42500212,60,2026,5,6,42500212,e10c9f0e-51bd-3df3-e2c5-45245e8835c2
42500212,600,2026,5,6,42500212,52184fb4-411f-3cea-2745-f2693db5405a
42500212,604,2026,5,6,42500212,941ef8fe-62cd-bdce-2cf1-d021ff507712
42500212,616,2026,5,6,42500212,b1a2cbd1-1bce-03de-4a0f-c6f9d64841c2
42500212,626,2026,5,6,42500212,5b5b28d7-756a-86dc-fccf-1817ea71b592
42500212,637,2026,5,6,42500212,a1175b2a-e9de-f0ae-35ee-723d089d031f
42500212,648,2026,5,6,42500212,8cdf0718-8d84-28e9-e2c8-c43f232d11bb
42500212,650,2026,5,6,42500212,3ad528f2-bf31-ba22-7b80-6b70252054a0
42500212,72,2026,5,6,42500212,7f6a2c99-3b6f-8f2d-4569-373447d91d52
42500212,8,2026,5,6,42500212,9449836c-4c70-d221-1a05-13d77ed3e42f
42500212,86,2026,5,6,42500212,b64bf961-8f82-d199-2438-c0437edd310a
42500212,88,2026,5,6,42500212,82df8507-5514-4861-6823-1dcd3a2fd549
42500212,90,2026,5,6,42500212,8b39e338-fd28-ccc5-d2dc-a3fa4d16fe5d
42500212,127,2026,5,6,42500212,8bc3c273-2414-759f-83ed-0f31525fbc93
42500212,206,2026,5,6,42500212,62f0e8d6-5429-f4e9-cc23-73b6c79889e5
42500212,266,2026,5,6,42500212,2a3961ca-2a17-deff-3a11-0c98230fb853
42500212,282,2026,5,6,42500212,2a6edadd-e56d-a926-f1d1-f75e22877e1f
42500212,287,2026,5,6,42500212,2d962d2b-00f8-e4b9-e080-83518500e9fe
42500212,311,2026,5,6,42500212,766d9161-3257-b99e-dadc-07cf8c632f98
42500212,335,2026,5,6,42500212,007d2b5f-d532-33b0-ace3-7d1876c68b75
42500212,340,2026,5,6,42500212,34508424-3e14-056d-db55-816fcee26d9a
42500212,36,2026,5,6,42500212,c159c50c-9879-f853-f211-a4294671b46d
42500212,460,2026,5,6,42500212,a6179a97-151b-d65b-4fa2-cfd451c7d6b0
42500212,484,2026,5,6,42500212,507dc632-f7d5-715f-9698-e3bc219fde9b
42500212,49,2026,5,6,42500212,874c074d-6287-30cd-2faa-d05538576593
42500212,537,2026,5,6,42500212,bb24a0d5-a503-7b8d-a5d8-b1b3c3c9b66e
42500212,55,2026,5,6,42500212,83da4de1-5886-92f2-80c9-8aa81559895b
42500212,567,2026,5,6,42500212,179a54a4-e648-5a5b-434b-289ef720cfae
42500212,606,2026,5,6,42500212,9f0cb52a-6361-6782-a73b-fe31b4a7e310
42500212,611,2026,5,6,42500212,2c13792f-33b3-7b39-f97f-15017b60c096
42500212,175,2026,5,6,42500212,7f964532-8c53-9a6c-0c67-57029b641a6f
42500212,21,2026,5,6,42500212,e10c8665-1175-63e6-45ec-04e7a3e4c321
42500212,23,2026,5,6,42500212,e8286707-3eee-276e-0c77-1c0dadfe60d4
42500212,232,2026,5,6,42500212,c1a32e72-735b-695d-055a-ef609cd98481
42500212,33,2026,5,6,42500212,fe5aa849-2a72-f4db-a8c3-da8a7741aad8
42500212,382,2026,5,6,42500212,73b524eb-106f-e981-2775-48bff77a1e6c
42500212,392,2026,5,6,42500212,72129ba9-16dd-f97a-3713-fa1b200571f1
42500212,426,2026,5,6,42500212,019f6d4c-35dc-2b14-a173-1562cf770155
42500212,462,2026,5,6,42500212,cf17450e-2ae8-3c8a-c899-728fe674b8ef
42500212,465,2026,5,6,42500212,8f19a26c-3464-ff2b-0159-2f609bb997b8
42500212,507,2026,5,6,42500212,204187de-c82a-be4b-d4b2-9fb7cc5c7107
42500212,532,2026,5,6,42500212,9d7dc3fa-1a65-6adc-bf38-6639894fcf18
42500212,614,2026,5,6,42500212,dc8dbdc3-a182-9589-e2bf-a002ddd32b8a
42500232,104,2026,5,6,42500232,f6b6f946-b327-fb1f-3bab-ece66c0058ed
42500232,130,2026,5,6,42500232,b652cecc-8482-059a-3764-2ad93b889668
42500232,158,2026,5,6,42500232,d5d29838-d3ab-7241-c3bd-862f95454372
42500232,164,2026,5,6,42500232,1a744c76-ffa7-7ddc-81e7-62610c511778
42500232,198,2026,5,6,42500232,f147d3b8-a15d-ada2-f970-e57a559ad89d
42500232,227,2026,5,6,42500232,5935763a-be08-cd19-6391-6ab19f030596
42500232,273,2026,5,6,42500232,e8b3e58e-61a3-a6e4-05de-4b498d04bfdb
42500232,277,2026,5,6,42500232,9d63e94b-f00d-ae70-a6de-bc596f164192
42500232,32,2026,5,6,42500232,2f8db722-c8ab-0f37-20a3-6030a43b8891
42500232,323,2026,5,6,42500232,adfe9c21-7975-6bcf-1394-4c0d7cb804f2
42500232,334,2026,5,6,42500232,13f49b2c-31b9-ec20-a98a-27506eb96789
42500232,343,2026,5,6,42500232,f1e098e8-f0bd-1420-de9d-d9211564b44e
42500232,347,2026,5,6,42500232,ad415a29-71f3-969f-c283-3ed6552a46da
42500232,362,2026,5,6,42500232,6abced11-3261-e9b4-fe6f-e9722fa27e12
42500232,38,2026,5,6,42500232,c290e370-e858-d1f9-c20e-2677186ac226
42500232,404,2026,5,6,42500232,1ed38499-267b-b77a-78fe-fdb0f2536925
42500232,415,2026,5,6,42500232,f030de2c-0812-98b7-ca5d-47f8d713e98c
42500232,419,2026,5,6,42500232,80506f86-2a40-104d-508f-d235000943e1
42500232,42,2026,5,6,42500232,1b9117cf-9665-0fef-4dae-006300aa8a40
42500232,424,2026,5,6,42500232,31682201-d96b-e8f1-4020-0dfd1439b8f5
42500232,441,2026,5,6,42500232,88b010be-5c47-c977-58d3-43fe696a2d3f
42500232,465,2026,5,6,42500232,22ad6813-c6b7-215e-c100-d0d2cb31c392
42500232,49,2026,5,6,42500232,e49d6455-33ab-5f14-5a22-d826ee8af52d
42500232,519,2026,5,6,42500232,81885415-cfc7-3f02-b141-691bde650371
42500232,527,2026,5,6,42500232,8b65bf56-6d46-4356-128e-e5662a367953
42500232,537,2026,5,6,42500232,de7eeb9a-b5ad-7994-56db-0ce9e734db4b
42500232,54,2026,5,6,42500232,618d8eca-d1f1-9203-08a7-7dd96049db3c
42500232,550,2026,5,6,42500232,5e304181-fcf3-1f41-61d6-93ccd42e6272
42500232,56,2026,5,6,42500232,8f8f9767-4802-fc08-7fc9-f015ee89306b
42500232,572,2026,5,6,42500232,29ff0e81-f81e-0411-ed3e-d4cbe19a6dae
42500232,576,2026,5,6,42500232,bb9e04f3-27cb-961f-e830-7e5c2a4f85c2
42500232,596,2026,5,6,42500232,5b2cd83b-74e2-810c-ccbf-27eb9166f3da
42500232,624,2026,5,6,42500232,39760eca-66d3-688c-fa94-a1563ccaa81b
42500232,627,2026,5,6,42500232,71bd3a0b-72cd-c048-9c63-236c2ca68a43
42500232,636,2026,5,6,42500232,f10e531a-13d0-03ef-63bd-44efda5ee1a8
42500232,656,2026,5,6,42500232,2ecdab7c-d484-5aeb-119e-9bb5f097fac8
42500232,658,2026,5,6,42500232,4ab21fa0-1358-a895-7dc2-64761a7fa3df
42500232,674,2026,5,6,42500232,5be2d21a-de0f-f836-ea32-c1f06f6d9e28
42500232,686,2026,5,6,42500232,584bf0f5-4c60-bf59-5e6b-868df25ca4dd
42500232,696,2026,5,6,42500232,2f83e4d0-aeee-d13b-009a-c04fa564d324
42500232,698,2026,5,6,42500232,b26a423e-e0b1-0f1b-e410-dbba0ead827c
42500232,725,2026,5,6,42500232,866cb2bd-58a1-8b26-6edb-6538d5f4e613
42500232,747,2026,5,6,42500232,58b90d99-089e-bfb9-062c-6782ffde5ff4
42500232,759,2026,5,6,42500232,568e7bff-59e0-d345-ecf6-5d7e9bef1d67
42500232,761,2026,5,6,42500232,005e6b00-e74b-d966-3a39-bb023a6b42d8
42500232,766,2026,5,6,42500232,a85e2aee-1c86-b4c8-9765-838db724af06
42500232,768,2026,5,6,42500232,29aae9d4-2625-5dd1-be90-4e10f83ef922
42500232,772,2026,5,6,42500232,d0885d4c-d06e-f71d-ae58-7e7a86632fab
42500232,148,2026,5,6,42500232,635d2562-f8ec-1430-4a9c-edbfd8d9c00e
42500232,160,2026,5,6,42500232,60ce2c72-f568-e77b-2825-4b85745d8081
42500232,167,2026,5,6,42500232,92789f4c-1b4a-bdc3-078f-4b46ce712cda
42500232,189,2026,5,6,42500232,7bcf2185-bd7b-08f5-156b-09f06f52379d
42500232,278,2026,5,6,42500232,ce45737b-3585-07d2-032e-7804c2f06030
42500232,303,2026,5,6,42500232,41933e36-415d-0d12-535b-1f7fb60bac34
42500232,460,2026,5,6,42500232,287c4228-4e8f-72a7-1273-b53ea9ec879d
42500232,500,2026,5,6,42500232,b929c08f-334a-6023-ad83-0dc3c17d4eae
42500232,521,2026,5,6,42500232,35697702-613a-e13e-4de2-24b0bb5c49a2
42500232,763,2026,5,6,42500232,7e2ddaae-e864-6e3f-4bb0-ef062dd9c15a
42500232,777,2026,5,6,42500232,5c2d259c-5cce-0e52-c2ed-9928f358bd30
42500232,100,2026,5,6,42500232,003b7852-dffb-9570-2edb-76d1564308b0
42500232,102,2026,5,6,42500232,58c708e5-5c8e-a756-1ec2-cb30c66163d5
42500232,11,2026,5,6,42500232,3dac023a-d1ec-12a3-9964-0e715c5df3d9
42500232,114,2026,5,6,42500232,2453b435-3155-886e-9dc6-85e20556828e
42500232,116,2026,5,6,42500232,aa9109de-0628-f238-385e-0a3c68fa236a
42500232,118,2026,5,6,42500232,e77e4fc5-259e-cf58-efe0-8a63bf34dd1e
42500232,122,2026,5,6,42500232,2f54a2bf-4266-d241-0714-c0e6f1bf6fb6
42500232,124,2026,5,6,42500232,9235d396-162d-8403-4af4-6bae098e87a9
42500232,126,2026,5,6,42500232,cc2a758c-5e9b-fa43-74cf-0824d666d35f
42500232,128,2026,5,6,42500232,1151b8a9-f361-c420-418e-39758f129a90
42500232,143,2026,5,6,42500232,0dd4ac6f-a623-22b6-3f20-531c60d7259b
42500232,145,2026,5,6,42500232,a947b518-e5b4-53f1-d523-45abf77318a2
42500232,154,2026,5,6,42500232,ac4df722-63f8-c421-46e1-7fa1b37d4ed4
42500232,156,2026,5,6,42500232,37fe1187-ab13-e8ba-84bb-767786684d74
42500232,166,2026,5,6,42500232,bbe6d1e7-8df1-98e3-0a14-df6585aa4888
42500232,18,2026,5,6,42500232,8f26133d-af4c-1528-e699-c03a3eb338f5
42500232,186,2026,5,6,42500232,c4bc0762-0174-b9ba-fe11-709a7254bbc8
42500232,187,2026,5,6,42500232,380284c3-d630-4134-5009-cf5ce134b62c
42500232,193,2026,5,6,42500232,4b5f7be8-35eb-6469-9da4-052b0651b57c
42500232,195,2026,5,6,42500232,6bc46d00-dae9-8451-72c6-6f279a8fd0fd
42500232,197,2026,5,6,42500232,fb4ca8e8-d88d-5706-ed43-4d771fc7d390
42500232,20,2026,5,6,42500232,08b1e868-d37f-fa24-595b-0aa303ca04d5
42500232,21,2026,5,6,42500232,39743f82-d6f9-2d1e-4c23-2bbbc2217936
42500232,221,2026,5,6,42500232,8ba95cb5-1eb1-a97a-3b77-b401ebfc940b
42500232,23,2026,5,6,42500232,045a7209-0b82-6041-39f8-76cdee898b43
42500232,233,2026,5,6,42500232,9f1cb9a6-05b5-3c44-d593-c3ff95c0de6f
42500232,239,2026,5,6,42500232,e407b89b-4698-65dc-cab8-78a5498ef188
42500232,24,2026,5,6,42500232,a0034c5d-eb39-0c5b-be21-0fd889962417
42500232,243,2026,5,6,42500232,f9480244-d6a1-60b6-9004-a1fbf31311bf
42500232,247,2026,5,6,42500232,d0a9e747-72e5-8124-7cf4-cd87529630fd
42500232,249,2026,5,6,42500232,635302ce-0b9c-d919-f6b3-2a1f4e2f4a59
42500232,251,2026,5,6,42500232,296e02c0-0ddc-1847-87ce-a789615ccc65
42500232,26,2026,5,6,42500232,1f178df4-d6cd-deea-2ba4-e54b508e8078
42500232,270,2026,5,6,42500232,821d839b-b13d-2ea5-7e72-374d999ab362
42500232,272,2026,5,6,42500232,94766094-6f3e-abea-317b-7543e66bc7b0
42500232,275,2026,5,6,42500232,c4286f81-9ec8-def3-9e6e-a6389b5e1184
42500232,280,2026,5,6,42500232,ae1f66ae-bc68-d25a-0ae6-f8c11dff3607
42500232,295,2026,5,6,42500232,6dddd7dd-abb6-21b7-d77c-442e605cdabb
42500232,297,2026,5,6,42500232,29d64ee4-0fc3-f3ae-b6be-439602943f5a
42500232,299,2026,5,6,42500232,f66590c5-0c34-b545-65da-98379145de92
42500232,305,2026,5,6,42500232,c48ece16-a64f-bf0c-6470-fd3eb36782b7
42500232,314,2026,5,6,42500232,0b8a0a6b-0330-7168-6767-51340c3f9c4f
42500232,318,2026,5,6,42500232,43d19bdd-6e70-7c2a-c654-e7ca4da229e9
42500232,320,2026,5,6,42500232,0de69d74-ba1a-34f8-7cf9-e847af03e069
42500232,322,2026,5,6,42500232,b0df7dd7-48e4-f946-5708-1ec3a4022c14
42500232,325,2026,5,6,42500232,2b32e1b0-3cc3-5dc6-bfe9-3cec2be113ac
42500232,327,2026,5,6,42500232,34e40090-9064-d795-6e20-6980a2836bd5
42500232,329,2026,5,6,42500232,626db595-c338-635e-6802-cb9e696f0f7d
42500232,333,2026,5,6,42500232,7a893129-7833-fd26-28bc-5f0064c5b71e
42500232,336,2026,5,6,42500232,1a1776cb-4cac-ad37-56eb-113035d9692d
42500232,338,2026,5,6,42500232,4f154dec-8d6b-67fa-44f3-ff7be58a1e1f
42500232,34,2026,5,6,42500232,b8f2c748-9cfd-7665-cbac-fa951050bcf2
42500232,340,2026,5,6,42500232,a82f193f-ea7e-f10d-1a6d-1ca84cb77552
42500232,341,2026,5,6,42500232,6f30e339-e4c7-cb68-b7d5-3cefca61ff9c
42500232,345,2026,5,6,42500232,438b7980-2d50-b3c7-5e06-eea9ee773751
42500232,36,2026,5,6,42500232,b44952f6-71b8-b557-eb8d-88d65a1528a6
42500232,371,2026,5,6,42500232,a95dd7ce-867c-422f-45d8-d059de35325f
42500232,385,2026,5,6,42500232,5e08614e-2c38-768a-606d-cf0c0290e488
42500232,387,2026,5,6,42500232,21527f2d-ea5c-59ed-e79b-8c441760e216
42500232,389,2026,5,6,42500232,40f862dd-7ce6-ba7c-86b6-6f406e086b8c
42500232,391,2026,5,6,42500232,7b3aa3f0-b1b7-3e22-4ab8-73515b1927fc
42500232,399,2026,5,6,42500232,d4fca1c3-07ae-de67-0cec-fd11ff4734a0
42500232,400,2026,5,6,42500232,f5ec0f0d-37f0-6f6c-97e5-11a05dcad97c
42500232,402,2026,5,6,42500232,e9a2f17e-d70c-cb9d-6f36-85d36dc6f0ec
42500232,417,2026,5,6,42500232,24227e43-555c-22f1-937b-23924330f8d9
42500232,421,2026,5,6,42500232,25181404-b061-e41c-e27f-76062967d2ab
42500232,430,2026,5,6,42500232,65b55556-754c-00a2-0d68-45813e8a1f08
42500232,431,2026,5,6,42500232,3230c491-e2a0-7304-5cbd-d130d0fc6a5c
42500232,44,2026,5,6,42500232,63fee34e-b536-9e3f-4d48-1dac7322b098
42500232,448,2026,5,6,42500232,405cb246-b304-ef9a-fb76-b3291185c68e
42500232,45,2026,5,6,42500232,f22e1a5f-0d28-1667-3666-501d291ef10b
42500232,463,2026,5,6,42500232,7d484366-8349-99c7-e4a7-85ab06c14419
42500232,467,2026,5,6,42500232,9d513607-6f73-7665-c8da-2e746ed7e654
42500232,473,2026,5,6,42500232,ef85aaa0-d8f1-31cc-66e5-18075ca67014
42500232,474,2026,5,6,42500232,5786fa64-532e-dc34-179a-31aa4a802ed6
42500232,476,2026,5,6,42500232,8d191d9a-b4ef-8194-68c5-7ff60be370de
42500232,533,2026,5,6,42500232,0d615edd-8163-5e84-ed51-1444c3d5b476
42500232,535,2026,5,6,42500232,29180cdd-a1f9-bafb-4604-ca32126f3770
42500232,539,2026,5,6,42500232,53c9620f-5c67-474c-361a-7389c9b1d956
42500232,551,2026,5,6,42500232,a3f0bc77-d1e1-498b-acea-54d0e02d8ea7
42500232,560,2026,5,6,42500232,f16e663e-5dd7-6b87-180f-2adce6e3aa3e
42500232,574,2026,5,6,42500232,d0a53c8b-cafd-3721-2fd4-8160f7b25dfd
42500232,579,2026,5,6,42500232,d891c2db-3dbc-8110-87d4-93654469d997
42500232,58,2026,5,6,42500232,3f6dd12c-dc9b-5ec4-f94e-f5d745fe84a5
42500232,581,2026,5,6,42500232,2dbb38de-1dac-7e43-147c-2be8051b20ab
42500232,598,2026,5,6,42500232,1a2f3f87-4dea-03f5-4d7f-f9df37cf421d
42500232,610,2026,5,6,42500232,bd3d0c98-6cd5-0c0e-1289-2429c0df60e2
42500232,612,2026,5,6,42500232,04395f8a-ed68-b01d-93a5-116f63253391
42500232,622,2026,5,6,42500232,be378a1b-bd1f-f912-b2f7-8e29bc17d3bf
42500232,625,2026,5,6,42500232,b0d421b2-2406-142f-2016-a0b72c064238
42500232,652,2026,5,6,42500232,e70bae6e-6e6e-e51f-d493-bff94e32d493
42500232,653,2026,5,6,42500232,c2265330-5ed2-e4e8-c96a-905a9eb3cd55
42500232,655,2026,5,6,42500232,e5e97284-61f1-b347-11de-b2740d762422
42500232,660,2026,5,6,42500232,3b6c099f-4b34-baba-45b5-cff617990e22
42500232,662,2026,5,6,42500232,2df7c59f-5d14-1912-bc85-eb03e852255d
42500232,670,2026,5,6,42500232,3d605f9d-aca2-d750-9209-02809ab4a697
42500232,672,2026,5,6,42500232,809adf1d-ce5c-8de5-b8a4-122c449ba2a0
42500232,678,2026,5,6,42500232,aa0d0bbb-9ad9-12c9-38ad-bcf99a3c9954
42500232,679,2026,5,6,42500232,434c8658-ba7d-ab3a-7358-e0f2625d9b6a
42500232,7,2026,5,6,42500232,785cbdfe-6fc9-e226-5dd8-4ec1bb6f1388
42500232,700,2026,5,6,42500232,707fbfba-509a-823f-de73-bfaea2a65a28
42500232,702,2026,5,6,42500232,58acd9e8-39b4-fc16-59a6-3ac0aae21421
42500232,703,2026,5,6,42500232,fcbd254d-0362-9347-8f85-b87e275f8094
42500232,71,2026,5,6,42500232,0d768537-3a91-4b9f-c299-f8b074dda7fe
42500232,711,2026,5,6,42500232,c6451799-e3bc-d6c7-3434-1eb3ab1cc9b3
42500232,722,2026,5,6,42500232,ef7da3d0-3c58-f0e1-9b3d-be0093a16132
42500232,724,2026,5,6,42500232,192773b3-00fe-594e-45e4-3a4703b468fd
42500232,727,2026,5,6,42500232,9c8282d4-b509-33f1-3060-f708b4d9fcc5
42500232,729,2026,5,6,42500232,70610422-9990-30a2-1f4e-6c4e2e9fc72f
42500232,742,2026,5,6,42500232,92def158-8011-30a4-c5c1-8c0343149e14
42500232,744,2026,5,6,42500232,961f5555-28de-644d-b228-7875efdfc6ba
42500232,746,2026,5,6,42500232,5a0fdf66-fcde-8e20-6bb3-33fcc9d0bd5c
42500232,770,2026,5,6,42500232,94051672-d51f-bffb-17b8-b1eadceb538e
42500232,85,2026,5,6,42500232,4468f48c-0b44-b61f-c272-c4fcf42c2e00
42500232,87,2026,5,6,42500232,5191b53a-3c0e-6bd2-c0da-db521137d56b
42500232,92,2026,5,6,42500232,f7840ea7-f5c5-f340-a921-37586af57c06
42500232,94,2026,5,6,42500232,16732f18-207e-dfdd-45bf-298bce280c4f
42500232,96,2026,5,6,42500232,2af98fa7-38dd-1bc5-0f94-f23f189f0eb3
42500232,98,2026,5,6,42500232,9214218a-427b-e9d5-9082-82cdd90dc5c2
42500232,101,2026,5,6,42500232,d12af655-e4f3-e0bb-ef1a-59f18ab888f0
42500232,103,2026,5,6,42500232,5c8b1071-b6d4-4929-e258-5ad64e828a53
42500232,115,2026,5,6,42500232,af45f290-7245-90c3-45df-512ca6d62a90
42500232,117,2026,5,6,42500232,e1155229-54e0-b30a-dae9-27404cef26bd
42500232,12,2026,5,6,42500232,41f6d0c0-4d21-452b-3491-4dab0e321ab3
42500232,123,2026,5,6,42500232,c713a178-270a-7879-2311-0039dd8cf94d
42500232,125,2026,5,6,42500232,2d1a37a0-aff5-9dba-12d7-1577a935c38f
42500232,127,2026,5,6,42500232,77579651-7458-b6c9-72b0-04c28e4d2b42
42500232,129,2026,5,6,42500232,dec16577-cb3f-a2bd-d025-c4f57dc93bed
42500232,144,2026,5,6,42500232,7d85a2b2-c08a-c2bd-93dd-7cf98a89b3c7
42500232,146,2026,5,6,42500232,77997610-59f2-3783-183d-ce49387a8f5f
42500232,155,2026,5,6,42500232,4c637391-c56b-d767-469e-dc01bacde2ae
42500232,157,2026,5,6,42500232,4050b2c9-5450-a189-ca5f-ee6ce82c0c58
42500232,19,2026,5,6,42500232,a6912b6f-1990-1459-2054-29b04b78198f
42500232,194,2026,5,6,42500232,6349c023-0de9-f82d-152c-369812410226
42500232,196,2026,5,6,42500232,2a4447ae-0f33-7440-3f1d-7815eb51c4b0
42500232,22,2026,5,6,42500232,9cedbfec-036d-457a-9f9d-4a98fe67d97b
42500232,222,2026,5,6,42500232,62a41645-1875-b651-814a-a84097302b2e
42500232,234,2026,5,6,42500232,d9408edd-f89d-8e51-f8b7-f49e88b4ce5b
42500232,248,2026,5,6,42500232,dc0e827f-a6e4-633b-7a29-8f5ce6af14c3
42500232,25,2026,5,6,42500232,b45177c9-2923-106e-7af1-230d2b22de53
42500232,250,2026,5,6,42500232,716807eb-601d-89cc-5729-c0643ed1f5b7
42500232,252,2026,5,6,42500232,5049e91a-ee9f-907c-788e-fe3118a6d259
42500232,271,2026,5,6,42500232,880cbefb-fafb-f6b1-e435-c9b488a7e4f4
42500232,276,2026,5,6,42500232,cc1443ef-8d76-0294-a7c3-3fffee082642
42500232,279,2026,5,6,42500232,1f37fd40-9ea7-f9ef-8f7a-f81b1759a133
42500232,281,2026,5,6,42500232,6a454f6a-d872-ab75-2879-074710dfa3e7
42500232,296,2026,5,6,42500232,5cf7fa25-5af5-5737-3cb1-5cd76937965b
42500232,298,2026,5,6,42500232,7fdfc40b-490c-f29e-4f9e-9362cbbfbcbe
42500232,300,2026,5,6,42500232,d2e830c1-696c-c108-5f91-e316fcef52ac
42500232,304,2026,5,6,42500232,5c0d30d4-01f5-188b-3e6a-784b0b517ffc
42500232,31,2026,5,6,42500232,f51117c0-3cd3-b7c2-2306-bfe6b4611bd6
42500232,313,2026,5,6,42500232,f1704de2-143d-d293-fc59-911b5d74ada2
42500232,315,2026,5,6,42500232,d8efbde4-bd0b-2598-3ccd-a5f259222960
42500232,319,2026,5,6,42500232,c5d59780-2680-caf6-3461-1d57c2a4d682
42500232,321,2026,5,6,42500232,37c41333-d4f9-705c-0655-1152bfb5ec93
42500232,326,2026,5,6,42500232,1ec05090-14bb-2225-6cb0-67fba9a50749
42500232,328,2026,5,6,42500232,5bf8a10a-2a0c-8b04-ed83-d49fcf6c5b77
42500232,337,2026,5,6,42500232,2f871a83-2106-ca1e-3593-9afc65599f09
42500232,339,2026,5,6,42500232,353e1717-fefc-f54e-9269-61f7e566a8d1
42500232,342,2026,5,6,42500232,18e0ee4b-0f09-3f2a-6f8a-303d52f63fc8
42500232,346,2026,5,6,42500232,2d93d615-6574-15cd-088f-2ddf304e6604
42500232,35,2026,5,6,42500232,2eaff03a-cb99-54b7-e345-8308379aa3e6
42500232,37,2026,5,6,42500232,e261559b-d149-d77c-8415-8e7f33839f60
42500232,370,2026,5,6,42500232,6f28648e-5e1f-12c4-91b9-6ca320a9ebeb
42500232,372,2026,5,6,42500232,f30963ea-e4c7-c985-03f5-d0cadce8cb09
42500232,386,2026,5,6,42500232,6b157857-daef-af34-26f7-56def520754a
42500232,388,2026,5,6,42500232,70f7a519-0a0a-bee3-5612-9c3835551a2f
42500232,390,2026,5,6,42500232,e72ed5b9-8533-298d-4a05-4d76949d55ff
42500232,392,2026,5,6,42500232,d8a9f334-6fff-f3fe-82a8-9b18ae999884
42500232,401,2026,5,6,42500232,e3d96d98-6e64-68a2-1267-c715c7dab911
42500232,403,2026,5,6,42500232,46ac7426-6842-02c3-86b9-055e7e4f6b0b
42500232,418,2026,5,6,42500232,20852fc2-f2d4-5a1d-9acf-205f44ca91a5
42500232,429,2026,5,6,42500232,6d371cab-0e25-061f-e20d-625b6bb6d2a5
42500232,440,2026,5,6,42500232,8d4f29dd-ca64-0ab1-956b-55e47ce37857
42500232,453,2026,5,6,42500232,30e0fda4-7b8c-313c-5eb7-761ab233938e
42500232,46,2026,5,6,42500232,e344cd04-70d0-c753-349e-6dc8eeaefc78
42500232,462,2026,5,6,42500232,a05915a7-934f-5ebf-8645-735a2e1ac434
42500232,464,2026,5,6,42500232,fc76f663-f346-a0c1-101d-eb2128147a7c
42500232,475,2026,5,6,42500232,5fb84e46-c0ef-3da5-88ae-73b07cdd73af
42500232,479,2026,5,6,42500232,0c5ddc29-4b77-176c-a32c-f74b2916e82a
42500232,499,2026,5,6,42500232,3adc35d5-b517-f6ec-502a-65d3b4665005
42500232,534,2026,5,6,42500232,b7c5e3c5-b05e-7801-3cfb-859fa589fa85
42500232,536,2026,5,6,42500232,cd5cf69f-ed32-e294-21a0-5080bbf2bff5
42500232,540,2026,5,6,42500232,ea7713d9-1fe7-7442-a7d9-45a4f474a9a3
42500232,552,2026,5,6,42500232,c442d81f-74d0-8839-e2ec-7ddb115154fe
42500232,571,2026,5,6,42500232,4e1a0021-b726-352b-2123-6673c418acda
42500232,575,2026,5,6,42500232,8a4bda39-227b-db14-6c4a-84b3ad31ea90
42500232,580,2026,5,6,42500232,ff38be8a-c7a2-984d-7628-1ceffe68bb8a
42500232,599,2026,5,6,42500232,a692aa29-2d95-4040-1448-1e5d26d2d807
42500232,611,2026,5,6,42500232,47546961-797f-1dc1-33ab-4b47108a3244
42500232,613,2026,5,6,42500232,e17eeffc-2066-fb29-a97d-bffb125bb4b8
42500232,619,2026,5,6,42500232,15016c38-e4ad-9319-ea1e-9af8b0c3c888
42500232,623,2026,5,6,42500232,53c6ca62-a511-065f-7686-bd3899422e3b
42500232,654,2026,5,6,42500232,cd51cb0c-7a6f-80f0-88ab-722de3e9176a
42500232,661,2026,5,6,42500232,b26dc5c0-58ae-daf0-9c35-707eaa6d3843
42500232,663,2026,5,6,42500232,3c718086-310c-e123-3c8a-d5d1490d2eb6
42500232,671,2026,5,6,42500232,f664b17e-93d2-d4ea-9721-b8113b3cade8
42500232,673,2026,5,6,42500232,eec019a9-a87a-7fa9-dd4a-ac0ab7eee8e1
42500232,68,2026,5,6,42500232,d474b571-5480-adac-0f3b-2708dd5497a1
42500232,695,2026,5,6,42500232,ba9ced83-f9eb-5235-2d88-28347009b707
42500232,701,2026,5,6,42500232,06f1a060-7dd3-ce1c-d27b-40da3a523ed8
42500232,704,2026,5,6,42500232,30245944-920d-6bbf-3749-a06d50f28c0f
42500232,712,2026,5,6,42500232,ba8784ff-de11-e249-ae19-7220ed938830
42500232,72,2026,5,6,42500232,e3cba493-27d1-106b-eaf9-167455708754
42500232,723,2026,5,6,42500232,c3d7a162-bf68-6886-ddfa-cba5941e0904
42500232,728,2026,5,6,42500232,7320f560-b6c6-fe7b-6df3-353f5fdb6085
42500232,743,2026,5,6,42500232,17645a5c-e6cb-acc7-7cb0-d10a0580f88f
42500232,745,2026,5,6,42500232,d816c217-3ca8-4f51-7377-dfa60ba7bef4
42500232,765,2026,5,6,42500232,f3fd8d20-1544-48f8-762e-081a57c82f2e
42500232,771,2026,5,6,42500232,9cfe13a6-605c-6e9f-47f3-8552ae2936bf
42500232,779,2026,5,6,42500232,ef0c3eb3-333e-0e0d-ee4d-9e592c606225
42500232,86,2026,5,6,42500232,a94facbd-01c1-3d65-4b87-184f9104e787
42500232,88,2026,5,6,42500232,7cdbe4f0-7572-def9-89ff-0a51385adf23
42500232,93,2026,5,6,42500232,531bc32d-595d-c90e-35f2-e36781ff132b
42500232,95,2026,5,6,42500232,69ece96b-1e1d-08ba-b64d-2727bc57b293
42500232,97,2026,5,6,42500232,96a0bfdc-6250-fd82-756c-edc3a9c1ae0c
42500232,99,2026,5,6,42500232,1aa41d83-f058-c834-c286-6cc3e05d6dce
42500232,13,2026,5,6,42500232,dc17ac3a-0877-c85e-f795-cda57afa3300
42500232,137,2026,5,6,42500232,48628866-cd89-154f-1183-62b82a322c37
42500232,16,2026,5,6,42500232,9442f0fd-7021-fbd5-af62-ce29dffa134c
42500232,172,2026,5,6,42500232,26a66f13-56d6-57d0-bc93-a7d91ec3c449
42500232,213,2026,5,6,42500232,a185790d-45d8-7f39-4a83-d2dc76859291
42500232,316,2026,5,6,42500232,1b229490-ea62-28f6-bc1e-c31d225db871
42500232,349,2026,5,6,42500232,a7f17d34-282a-69b3-7ec4-c039a04dea1b
42500232,360,2026,5,6,42500232,b92c0e34-8780-677b-67e2-9883d8f3ad83
42500232,40,2026,5,6,42500232,5a351893-c42c-fae7-02fc-4cd919dd61f5
42500232,413,2026,5,6,42500232,da1f13a5-b055-9fb2-071c-5bc23a055b6c
42500232,525,2026,5,6,42500232,84c02f06-3909-f291-7dba-4fa826b69daa
42500232,547,2026,5,6,42500232,f7cb23b7-f8a1-c4ee-df73-27aa935344dc
42500232,634,2026,5,6,42500232,2df4361a-24a4-2020-5e5f-0f542b1c2d98
42500232,676,2026,5,6,42500232,565e2eda-91af-3998-7304-fbb3c90525ef
42500232,684,2026,5,6,42500232,f93648be-f00a-eea4-d1ea-0483326fd14a
42500232,689,2026,5,6,42500232,ef2f2b54-988a-162b-66f1-0ac4adcf9ba1
42500232,69,2026,5,6,42500232,970f4ccc-c5ea-a1bb-15b6-a4ae128afe16
42500232,73,2026,5,6,42500232,ea9956cb-c3cf-5774-1c8f-900d80e331f1
42500232,730,2026,5,6,42500232,de75f985-d559-57b6-bd68-ca72aa61659f
42500232,749,2026,5,6,42500232,1d600957-9704-744f-701f-1819fd2b68f4
42500232,10,2026,5,6,42500232,7dbc8bc1-4b4b-0da2-210a-969f0b59d6a1
42500232,147,2026,5,6,42500232,f8f77bad-7210-a3f0-440c-97eeb503240d
42500232,15,2026,5,6,42500232,9235421c-ac53-d260-e2b5-5c0711bbb1b2
42500232,188,2026,5,6,42500232,7f858ab2-d727-033d-39f4-9fa4408bc63e
42500232,230,2026,5,6,42500232,154deded-9dcd-436d-4a0b-22d7b6a76b6e
42500232,235,2026,5,6,42500232,1cfebd55-4222-5c77-4f87-6f6666ef90d4
42500232,351,2026,5,6,42500232,fbdb73f0-7cab-1e35-cd12-50829aebaab8
42500232,396,2026,5,6,42500232,0a815f15-90b0-4afb-6f02-707666eac6cb
42500232,412,2026,5,6,42500232,33936e34-1af6-8511-391b-6c93883dcffb
42500232,516,2026,5,6,42500232,3637b11a-ac7f-1f1b-e408-36d8660b2f00
42500232,532,2026,5,6,42500232,3e982d30-35cc-4aff-c550-182d9cddbfbc
42500232,549,2026,5,6,42500232,93b7b870-6229-5cb4-e202-4ab2b8bc0e0e
42500232,555,2026,5,6,42500232,bf2d05bc-94d8-07c3-0fae-f8d27e4c6d42
42500232,558,2026,5,6,42500232,3bf2b55a-9577-bd5c-d01d-8f337ed10a97
42500232,578,2026,5,6,42500232,b7ae7f55-e762-e324-b86b-142f67d885e0
42500232,592,2026,5,6,42500232,abe68533-7dc3-683e-4de2-148cfc3e30f2
42500232,595,2026,5,6,42500232,e8f50ab5-5236-6f6a-7bee-8d24b6bda3ea
42500202,107,2026,5,7,42500202,c2e8d9ce-a796-5b7c-830f-0d48ba4b3fd1
42500202,137,2026,5,7,42500202,7f2749a2-d61f-0bdf-913b-5e9877700a9f
42500202,15,2026,5,7,42500202,c4523cdf-7ad3-7071-b4f5-c7797bea5b92
42500202,163,2026,5,7,42500202,a1a1540e-c4a2-460b-e3a4-e5261b2ace7a
42500202,168,2026,5,7,42500202,a299dc76-2ecc-992d-f655-6800036bacd6
42500202,182,2026,5,7,42500202,8adca41f-3dc0-5d08-845b-6d7d02be7d10
42500202,196,2026,5,7,42500202,bff856e1-b7fe-7b36-d73b-6f0481ef9d91
42500202,230,2026,5,7,42500202,376b771c-30b3-528b-6aff-b3c991a7eea7
42500202,236,2026,5,7,42500202,da0b210f-696c-3133-f350-f02428c3bcb4
42500202,271,2026,5,7,42500202,af720abe-8cff-dafd-3ffd-255c26f851aa
42500202,298,2026,5,7,42500202,276e7fe1-fe2a-4e78-c5af-697340aecf39
42500202,310,2026,5,7,42500202,b2ed390e-cf9c-2708-95ea-7efaa02671d9
42500202,313,2026,5,7,42500202,71ce0873-22a5-74b0-ef98-80891aeea2bb
42500202,315,2026,5,7,42500202,b3ede711-fdc1-adc7-5537-0b989eafb18c
42500202,326,2026,5,7,42500202,8513ac62-caae-191b-6d31-d67bdd0bb505
42500202,340,2026,5,7,42500202,443d13ca-4554-be8e-e42a-6f93676a1684
42500202,362,2026,5,7,42500202,81dd340a-93d1-ced3-2fe8-c8a5a109db0f
42500202,365,2026,5,7,42500202,949de3c5-2c3d-c0ef-4f79-5fe7b61d41d7
42500202,367,2026,5,7,42500202,5eb225bb-32b9-4c3a-9ffb-d9817b621d15
42500202,382,2026,5,7,42500202,78b75b13-4dd7-fffa-81ce-7ad9deb5d06a
42500202,398,2026,5,7,42500202,59883842-44a1-c722-faba-915754d1edfa
42500202,40,2026,5,7,42500202,8f102eb5-0cab-a312-af56-b997e90a5601
42500202,400,2026,5,7,42500202,765f8af4-7c6c-597a-c9be-c3dca40f9d56
42500202,409,2026,5,7,42500202,e7fa2c3a-caa6-fa82-3872-067a38bb6a3d
42500202,426,2026,5,7,42500202,0920d966-0d8c-6afa-27a3-eb4541879900
42500202,428,2026,5,7,42500202,50caf1cd-f698-9c46-df25-1fadf1f37cfa
42500202,436,2026,5,7,42500202,24cb7e91-8c6a-20cf-58e2-0b395583562c
42500202,457,2026,5,7,42500202,56ca06e4-f2fe-a0bd-3276-305bdf748449
42500202,466,2026,5,7,42500202,aef5a2f2-c9cf-d5e6-4173-741f8225c233
42500202,468,2026,5,7,42500202,dfb69ce7-12ca-d213-ad29-3da51f6a42dd
42500202,489,2026,5,7,42500202,8a13ac64-5f8d-d308-e777-fca461e52f06
42500202,504,2026,5,7,42500202,8da04273-67cf-2ff7-d063-24fd5ab172c2
42500202,515,2026,5,7,42500202,3056327c-4ead-0c03-f2c3-f01197f0f91a
42500202,522,2026,5,7,42500202,0c6a02fb-ba02-57b6-2dc3-bb5897351c81
42500202,556,2026,5,7,42500202,e18f4a2f-9fa7-d467-09a6-a48a01be21c5
42500202,581,2026,5,7,42500202,c036cf75-080f-8c56-4556-4284806164f4
42500202,589,2026,5,7,42500202,a253de9d-28a0-b9da-0d48-8a0db4f166ce
42500202,61,2026,5,7,42500202,53894c97-c758-8192-894b-d298e162c226
42500202,7,2026,5,7,42500202,2d93c29a-d6c5-69f0-8086-16216ad65d64
42500202,9,2026,5,7,42500202,198e155e-6428-f7a3-6940-98f4738dca60
42500202,92,2026,5,7,42500202,2ea6a4c9-317a-9efb-7a07-7cc7c62b4af8
42500202,198,2026,5,7,42500202,0d486e23-086b-3fda-f23f-ee77516526f8
42500202,233,2026,5,7,42500202,abf8f583-93dc-bfd3-6eea-a0998059d649
42500202,318,2026,5,7,42500202,e40be178-bec0-a076-e0be-f33f60d543c9
42500202,369,2026,5,7,42500202,8503a896-3d2c-4424-b294-005a6b004ee8
42500202,411,2026,5,7,42500202,dd011dfa-5099-51fb-1444-11a96d6d8682
42500202,470,2026,5,7,42500202,710e91bd-507a-55ac-1ab7-c4e1d5ad1f49
42500202,506,2026,5,7,42500202,20d19c1c-fe7d-19cf-2fb4-0ee54a914d3f
42500202,531,2026,5,7,42500202,d285f4fd-131e-10a6-4c73-7e9a0cd46ed8
42500202,631,2026,5,7,42500202,60d01ab1-e444-072e-f361-587dcfac835e
42500202,648,2026,5,7,42500202,d54c3ce8-cf55-0331-6444-dc2800249fa5
42500202,67,2026,5,7,42500202,b67b2d1a-da7e-b42d-de68-1af462dc652e
42500202,103,2026,5,7,42500202,51e57d89-b913-ed90-e814-1f221bdc7e3e
42500202,105,2026,5,7,42500202,5e2bee33-91e7-127d-8175-fbe2e987b5b6
42500202,109,2026,5,7,42500202,fa5700f9-bfa0-ad83-c117-5e72b7f2b3da
42500202,11,2026,5,7,42500202,ed1e0f2a-ee79-b8c1-51fa-a6e3c28ae95d
42500202,111,2026,5,7,42500202,e8150a18-ad77-8300-df19-ef3560928c1c
42500202,113,2026,5,7,42500202,9eb3158a-1721-2a2a-890c-da7b8a2b15e2
42500202,115,2026,5,7,42500202,362f7d40-ca65-0c51-a8c9-6313b1d6bc7d
42500202,125,2026,5,7,42500202,a7ef5035-92dd-d5d1-31f9-42e89adcee31
42500202,127,2026,5,7,42500202,62e77c98-7bef-5d0e-1b0f-8f9393a43409
42500202,128,2026,5,7,42500202,4967e6a3-a19f-21ab-e85d-dc9ae573cde9
42500202,13,2026,5,7,42500202,12467885-52d5-1165-033b-552a06162ab4
42500202,130,2026,5,7,42500202,f64cc0d7-1340-0678-ba0d-3d092133177c
42500202,139,2026,5,7,42500202,db423b6b-b2a4-4fb1-a9bb-c58b0538bbcb
42500202,14,2026,5,7,42500202,46419011-2712-3d61-8cbb-271973e7858b
42500202,149,2026,5,7,42500202,25ca37e6-61bb-d84e-2921-53318e07ec60
42500202,161,2026,5,7,42500202,4d04b1ec-73da-eac3-5f35-219ad9d26258
42500202,170,2026,5,7,42500202,b641e867-379c-c1c2-dcf8-d64291a3f635
42500202,179,2026,5,7,42500202,e8476c52-446a-fa3a-38d0-77f444105f4d
42500202,180,2026,5,7,42500202,19ff226a-583b-7e69-b60a-274959ab37db
42500202,184,2026,5,7,42500202,3f6ccc96-ef50-29c4-2eed-790f34d16143
42500202,186,2026,5,7,42500202,81a3fc6d-63e8-d5b6-9b94-0580f0cd58a5
42500202,188,2026,5,7,42500202,17fe5596-4360-fc5a-3af3-1baf22196b4c
42500202,19,2026,5,7,42500202,6e292bd2-a5af-97ae-5ffd-86ae66a09c5a
42500202,215,2026,5,7,42500202,0c6d42cf-cd38-8c0a-a707-2223138d205a
42500202,228,2026,5,7,42500202,c738667a-bf22-19b3-7bcd-72a258543884
42500202,23,2026,5,7,42500202,a0083d07-055b-fa8e-8636-11bad9edcf7b
42500202,256,2026,5,7,42500202,87db70c4-a4df-2d93-b66b-0ef083340d65
42500202,263,2026,5,7,42500202,a195c864-d685-f7be-8c9f-f2803c888738
42500202,264,2026,5,7,42500202,d605397b-c50e-54f3-b631-f6a51f61400a
42500202,273,2026,5,7,42500202,283e3f2e-e69d-51a4-d4a2-d6ec5aaa39d7
42500202,283,2026,5,7,42500202,78001623-54b8-fa41-a95e-d630d13f0c8f
42500202,285,2026,5,7,42500202,31cec42c-66b0-712e-62bd-2d10d8f67681
42500202,287,2026,5,7,42500202,1b4ed6c7-a918-5161-72e6-4db737d7e9f7
42500202,288,2026,5,7,42500202,5c2f6b04-2aa3-9294-c17f-2f2b95b2c845
42500202,29,2026,5,7,42500202,f7335f23-a185-44b0-e4c4-18fbe80d99b7
42500202,290,2026,5,7,42500202,da9facee-4c35-aeab-b162-b3501313838c
42500202,294,2026,5,7,42500202,d4123a33-2b8e-9cca-b3fa-2ddb680853a8
42500202,296,2026,5,7,42500202,680a18d5-597e-1c15-c101-dfaee9499c1f
42500202,303,2026,5,7,42500202,b7220699-6e53-f7ce-6e04-ad89ef27980b
42500202,308,2026,5,7,42500202,b1c6e466-5dac-b3c4-5170-5d586505d149
42500202,312,2026,5,7,42500202,cc5f5e04-0753-c9e5-2294-3ad14823146a
42500202,322,2026,5,7,42500202,54314a3e-dfcd-e830-6519-573b18f09ef0
42500202,328,2026,5,7,42500202,5b7f5a0c-c4d6-ab09-4c76-1b2cb8a19779
42500202,338,2026,5,7,42500202,6fd0b205-e8bb-6d83-6c7c-1d31eca5bdc1
42500202,342,2026,5,7,42500202,b9c90920-62e0-689a-a12b-110e0a2fe2bf
42500202,344,2026,5,7,42500202,7baa9aec-1787-7b25-4690-0d363e4ad86e
42500202,346,2026,5,7,42500202,79f7864f-b5c7-98fb-6be5-1faf040823a2
42500202,355,2026,5,7,42500202,36862549-6029-e88e-5349-d26648a42a68
42500202,364,2026,5,7,42500202,7dce722b-be45-ea78-6305-fb4ad2482785
42500202,37,2026,5,7,42500202,1763a0d5-a546-06ec-eb3b-a3d92dbe58e0
42500202,371,2026,5,7,42500202,89fe4053-c765-58cf-9976-0c2ab43457e5
42500202,375,2026,5,7,42500202,18fb66a6-adb8-8717-2d9c-6b0fdc33b47c
42500202,384,2026,5,7,42500202,f6e8ea5b-fbf8-f508-02e4-bab35145f610
42500202,39,2026,5,7,42500202,5fdfef28-dbbc-042f-9c8d-a8460a4f34a4
42500202,402,2026,5,7,42500202,2fde9776-850d-0bae-9505-1e2eb69d2308
42500202,42,2026,5,7,42500202,6f5dd9f9-23a8-08cb-7b89-d89ccf922394
42500202,422,2026,5,7,42500202,7bedbb0b-18ff-de25-fab5-317df45f9986
42500202,424,2026,5,7,42500202,0caeb982-0d38-e382-f53c-cc5677f64222
42500202,430,2026,5,7,42500202,5170389a-c168-b060-951c-de247b3525f5
42500202,432,2026,5,7,42500202,ab2ae91c-8f13-8318-f1bc-45e1782491b0
42500202,434,2026,5,7,42500202,2b0015d6-6dd0-11d1-c402-f09f75df64bd
42500202,456,2026,5,7,42500202,e4259e67-5dea-cf42-f5a5-c1c75723beb2
42500202,459,2026,5,7,42500202,571d40c7-c859-030e-998f-87099ac8d194
42500202,47,2026,5,7,42500202,5832fbd0-8764-1618-0abe-fa6378fde0c8
42500202,473,2026,5,7,42500202,c7b419fa-170d-a082-33c1-96eac3b1fbc4
42500202,475,2026,5,7,42500202,6ff967a1-c86f-734a-5123-83131797b280
42500202,486,2026,5,7,42500202,faaa3e71-512c-f12c-cfb5-df1262eec6c1
42500202,488,2026,5,7,42500202,5a7e0f67-d71e-3492-387c-8f1cf9e12e87
42500202,50,2026,5,7,42500202,7f0814f9-31b1-f395-5b58-eacab01dc63a
42500202,502,2026,5,7,42500202,702d522e-4e93-ab01-1a38-10111e85999a
42500202,510,2026,5,7,42500202,3631bc2d-f29b-d25f-1399-ec389ab36490
42500202,512,2026,5,7,42500202,353d659b-05e7-3d60-92f1-b26d662a69a7
42500202,513,2026,5,7,42500202,cf54dc63-a88a-f809-6c05-fded1849cabb
42500202,519,2026,5,7,42500202,10014e94-9b1f-f272-86a7-1f81cbf38603
42500202,520,2026,5,7,42500202,fa4e57bb-624f-4d1e-ff0d-d7be178e6e26
42500202,528,2026,5,7,42500202,9e2e1e40-7371-872a-7c8b-08aadb28c458
42500202,529,2026,5,7,42500202,d5f2f879-d122-7f63-84be-325062a781d9
42500202,53,2026,5,7,42500202,741c8bc1-b29b-471e-e7b3-21c555f4f279
42500202,537,2026,5,7,42500202,27a6ffa5-9598-eb07-1833-c4247b977a9b
42500202,539,2026,5,7,42500202,d015669f-886f-b874-74b4-37c0d7b85714
42500202,541,2026,5,7,42500202,14a7986e-a762-383e-11c5-1cd49fae8596
42500202,558,2026,5,7,42500202,21d4718c-fb15-082e-0ba1-19d28d575e35
42500202,560,2026,5,7,42500202,cec1d509-ba01-6475-998e-5d6a99502219
42500202,569,2026,5,7,42500202,589ea0a9-115d-8fb2-0449-26dc789bbaaa
42500202,571,2026,5,7,42500202,a164945e-6435-3148-6e46-1d0802a07aa1
42500202,577,2026,5,7,42500202,25079afb-a44f-a808-6e22-68ccd48090e8
42500202,579,2026,5,7,42500202,b96afaaa-6199-b8ad-fbcd-7971f9ff7513
42500202,580,2026,5,7,42500202,4d8e7efb-514f-fdc9-6fc3-cd63f8e6dfd7
42500202,583,2026,5,7,42500202,e5bd1fbe-376b-0859-078d-03b98b5dca02
42500202,591,2026,5,7,42500202,0d146a63-b2ab-b41a-b135-3e6139d116d0
42500202,593,2026,5,7,42500202,763a1396-4505-c8c7-837c-4fefb15ead4a
42500202,595,2026,5,7,42500202,dd7ceef3-01d3-3e29-3cee-4dd51f4bca24
42500202,597,2026,5,7,42500202,be226c17-39fb-dd67-ed66-44449dacda8c
42500202,607,2026,5,7,42500202,84930336-fc9f-f281-dfea-a7552010a890
42500202,612,2026,5,7,42500202,9ccf4577-15ee-751d-a642-0e660d534a79
42500202,628,2026,5,7,42500202,0b8bcf1f-7586-42a7-7e6d-bb1ee400647d
42500202,63,2026,5,7,42500202,699ed3dc-ecfd-a2ff-e0fb-12ec8780e88e
42500202,630,2026,5,7,42500202,269225b5-e6df-4f97-874f-25e918932d98
42500202,638,2026,5,7,42500202,3ba29ed9-b1f2-5545-80f3-8058f61250bc
42500202,639,2026,5,7,42500202,4e10ed72-3513-4424-e0fc-d6a4b67d87a0
42500202,641,2026,5,7,42500202,248e60ea-58a7-a7af-0936-c0800eec7b23
42500202,643,2026,5,7,42500202,5253550e-b00b-5f6e-ac00-3599db59a723
42500202,65,2026,5,7,42500202,7efd8363-44af-ddc0-5106-6293b93af958
42500202,672,2026,5,7,42500202,c2f4dd4f-b8d9-4a48-0c19-478b9af2e5f4
42500202,678,2026,5,7,42500202,e7c4820b-5b1a-bfa7-c7fc-62559055d447
42500202,77,2026,5,7,42500202,c33d9a9e-27f7-c49c-a8d0-feaf3fb2bc45
42500202,81,2026,5,7,42500202,9510ef6a-bf12-68f9-5ed4-194c71c72042
42500202,83,2026,5,7,42500202,7016c4f4-fc3c-d850-00a6-d9f0715ce62a
42500202,94,2026,5,7,42500202,dc687bc3-1504-4adc-ff25-5048d36e9003
42500202,104,2026,5,7,42500202,b051bee9-6358-6722-0d93-756c13d4ca67
42500202,106,2026,5,7,42500202,85726c26-38a8-41b8-189b-7af9b4ad55c4
42500202,110,2026,5,7,42500202,52a08605-397b-85cd-35eb-dd2777fd0c24
42500202,112,2026,5,7,42500202,2b9aefc1-fdf4-9c7f-8910-72ca9a547b53
42500202,114,2026,5,7,42500202,cfa52260-e144-8334-8f51-66bd512ecf35
42500202,12,2026,5,7,42500202,922a5b39-67e3-00b0-ae1b-558da76a079f
42500202,126,2026,5,7,42500202,befacc89-8d0f-ed6a-6542-9594d3686586
42500202,129,2026,5,7,42500202,8962ce16-3d93-b01b-973e-8b31eb5c48aa
42500202,162,2026,5,7,42500202,258f27b0-eafc-2d45-774b-59619bf87223
42500202,177,2026,5,7,42500202,90bf2099-cba7-365f-90b5-b11ce3a0c435
42500202,181,2026,5,7,42500202,62243807-1d1e-0a8b-9c70-1607da753fd2
42500202,185,2026,5,7,42500202,1e2fed84-560e-5a6d-bb12-b2b500ecce94
42500202,187,2026,5,7,42500202,3ae44e5d-3ee7-d4ae-92ce-8291551059a3
42500202,195,2026,5,7,42500202,0bb35ddc-f824-213a-66e4-a67d1594a15f
42500202,20,2026,5,7,42500202,03291786-1429-3639-359d-ed65a371063c
42500202,216,2026,5,7,42500202,70bde58d-29ed-dbe6-12c4-b03f0dd5b997
42500202,229,2026,5,7,42500202,792db2b9-b1e4-6209-e5df-ac29f29d4c91
42500202,257,2026,5,7,42500202,7a16f4eb-94a4-7764-73c2-19604150ac6b
42500202,265,2026,5,7,42500202,dcadb69e-59ac-7604-6c86-623d561d106b
42500202,270,2026,5,7,42500202,298bd44f-52b2-9a12-5323-4385f5d802b6
42500202,284,2026,5,7,42500202,d977b733-4d73-b128-7c4a-d0dd224ebbf2
42500202,286,2026,5,7,42500202,a4d8f715-3e73-5e24-9602-485649a2d7b4
42500202,289,2026,5,7,42500202,0079cf0f-08e5-1c52-cc33-546b024c0988
42500202,291,2026,5,7,42500202,b2f9433a-b046-83d8-3c1e-0a4481331cbb
42500202,295,2026,5,7,42500202,1eb7ad7d-143f-cf30-ae1a-1470fb7269a7
42500202,297,2026,5,7,42500202,3decc007-a4cb-3fed-b794-e8be892f19e9
42500202,304,2026,5,7,42500202,840a9367-04b1-df32-6adb-62e6c1774cc6
42500202,309,2026,5,7,42500202,332e290b-626e-20dc-03c2-a5bfa699ea6d
42500202,323,2026,5,7,42500202,21d397e0-6ec1-48a7-b0cc-12be656beabd
42500202,339,2026,5,7,42500202,5776cf43-4db9-971a-5e10-0d743f91f839
42500202,343,2026,5,7,42500202,6cd70a54-7a16-a058-69b3-5e2223a9a0e1
42500202,345,2026,5,7,42500202,62eb9c32-7e8d-1dbf-ba8e-04f83554c3a4
42500202,347,2026,5,7,42500202,f0b97b60-5f34-e0c1-90cd-cf97b3de3f4e
42500202,354,2026,5,7,42500202,0f83992c-65bd-a023-fa3b-de76a07e6677
42500202,356,2026,5,7,42500202,0d3df512-02f7-87e1-4ab5-0ea03b0b63fb
42500202,370,2026,5,7,42500202,cbea2658-b9d7-5b30-968c-4744b5c4523c
42500202,372,2026,5,7,42500202,1ff1abd0-097f-8496-2f47-9ef5615fa445
42500202,376,2026,5,7,42500202,a4418c8b-1caf-8d88-f4f3-166a05c553f7
42500202,38,2026,5,7,42500202,d09db3f1-92f2-6767-f0e6-655473da990f
42500202,423,2026,5,7,42500202,23e8aa2f-c90f-2017-f1cf-1764877b6e23
42500202,425,2026,5,7,42500202,c773a7a2-f43b-ed43-1b3c-1b41b5a39242
42500202,43,2026,5,7,42500202,ad64a43a-b935-ca0f-a200-cbf7c8862986
42500202,431,2026,5,7,42500202,a26e7a89-dd4f-9674-6a1f-d12ea9050cd5
42500202,433,2026,5,7,42500202,b1e309ce-c578-89fb-30b9-035dfccf1ab0
42500202,435,2026,5,7,42500202,e9446772-d945-17a8-e8ca-e97892ad5098
42500202,455,2026,5,7,42500202,f55fc16a-475d-ad83-e9c0-9c4a0bc2ba36
42500202,460,2026,5,7,42500202,2fd32098-6bf6-416d-2d6c-43d68cc3aa67
42500202,472,2026,5,7,42500202,c8cf9240-e99b-5718-2b09-c079807111c5
42500202,474,2026,5,7,42500202,e2eea817-83ea-963a-2a45-180bf8b96cb5
42500202,476,2026,5,7,42500202,ad6af7c2-5dc4-8e05-88c8-4c29addfc913
42500202,487,2026,5,7,42500202,3c7250f0-c876-d5f9-742f-35a64e04ecd2
42500202,503,2026,5,7,42500202,de55605b-3584-e68f-c0e8-481f9d915a6c
42500202,508,2026,5,7,42500202,5a6292e2-8ecb-1120-72d2-947423a981a4
42500202,511,2026,5,7,42500202,8ebd1a76-6d66-0d7c-b44b-4c44043434ac
42500202,514,2026,5,7,42500202,c9481e8f-ba42-8a77-848b-fdbaa035929b
42500202,521,2026,5,7,42500202,f022212f-706a-192e-deb8-03bdcf9fc000
42500202,530,2026,5,7,42500202,9b87894d-9376-d431-5d00-4963ca6ff86f
42500202,540,2026,5,7,42500202,cc7a0105-5c97-c28c-53e7-7bb0ba8bc127
42500202,542,2026,5,7,42500202,86f01520-dae9-ee4b-3e01-319126d722ed
42500202,555,2026,5,7,42500202,698ff438-a8d1-916a-e50b-0e7b939c04a2
42500202,559,2026,5,7,42500202,b89d1c9b-2b24-387e-8c55-6e4497a02bcb
42500202,562,2026,5,7,42500202,49b01353-e0e0-7ab1-67e4-bb711dae5095
42500202,570,2026,5,7,42500202,9dd2357a-e574-6d71-ba87-ee8303493104
42500202,578,2026,5,7,42500202,6c96857f-f895-2b78-e1e8-8464ad052f1c
42500202,592,2026,5,7,42500202,43b3a181-65d4-b15d-ae14-f650b3070a77
42500202,594,2026,5,7,42500202,db021248-d1e0-1f15-0f3c-07f4b8854c79
42500202,596,2026,5,7,42500202,e5213d36-564b-4df5-dd18-53c7331fec7d
42500202,608,2026,5,7,42500202,d56b0ba7-f48d-5aac-1e24-ea88b597ac53
42500202,629,2026,5,7,42500202,b9b87423-52ba-c9e7-73be-4cce8432ccdc
42500202,64,2026,5,7,42500202,d6ceefb1-127b-ecba-73e6-423841822055
42500202,640,2026,5,7,42500202,57dd5d99-aee9-acd7-f8e1-3922ec53e699
42500202,642,2026,5,7,42500202,aa520c4a-eb48-37ad-1472-910e2f583f07
42500202,650,2026,5,7,42500202,091b64e5-c9bc-0426-5340-d30d99da745e
42500202,66,2026,5,7,42500202,14942206-e16f-cc14-8ef3-a380e12ef12e
42500202,679,2026,5,7,42500202,d07165bd-5056-1c68-8bd1-6a756ec23bad
42500202,78,2026,5,7,42500202,33ac3309-8ce8-c488-9faf-ab89c0c8a653
42500202,82,2026,5,7,42500202,33e15410-12ba-42d2-5e90-6b94f0478390
42500202,84,2026,5,7,42500202,93c084ec-0443-bb01-b334-2b7509fdbfb8
42500202,135,2026,5,7,42500202,f2e562b8-ee0b-601d-599f-1ffb095f9d05
42500202,164,2026,5,7,42500202,0622b5cd-b2de-f249-892b-6d60cf023d85
42500202,17,2026,5,7,42500202,0a76d561-7754-3c21-49b9-eff8a19ccb99
42500202,21,2026,5,7,42500202,5fc97f1d-d947-b44c-84fc-511b0d4b2ac7
42500202,213,2026,5,7,42500202,cc91579f-ed33-4027-3ffb-46bb9934e41d
42500202,246,2026,5,7,42500202,fca3d796-bd4f-efe8-5c7a-f5a53f264e05
42500202,248,2026,5,7,42500202,e0c23b9c-6447-4556-2058-6917b2ec5bc4
42500202,27,2026,5,7,42500202,ff10315b-ff14-20ac-e282-35aa4169d5ad
42500202,292,2026,5,7,42500202,bcfb2fc1-22b2-83f0-750e-f5f1c7bcbcac
42500202,373,2026,5,7,42500202,96d39afc-eb25-3f67-1a55-d0b827b02663
42500202,45,2026,5,7,42500202,6c3fdaa7-b304-04d0-75ef-4363e85077c6
42500202,48,2026,5,7,42500202,29aba684-51bd-00f4-a430-7912686efc35
42500202,524,2026,5,7,42500202,d162d542-5ff1-2d4f-621e-5798263b64d9
42500202,526,2026,5,7,42500202,31795d67-824e-2f24-5f14-1690f0ebb1c7
42500202,655,2026,5,7,42500202,aa024d6f-3445-7475-a370-989b3c5c64ea
42500202,79,2026,5,7,42500202,231f30c3-59a6-d838-6067-513381c266e6
42500202,166,2026,5,7,42500202,2c9db48f-d075-eacc-2d39-aba4f8b455ad
42500202,307,2026,5,7,42500202,0073d731-ef52-1f03-cf09-5e0070607641
42500202,317,2026,5,7,42500202,3579f118-0e1d-2110-2679-01131d876425
42500202,44,2026,5,7,42500202,822be478-6197-741d-bbdc-f041951c2a28
42500202,622,2026,5,7,42500202,34a3e992-211e-da2f-f3b5-0d347b2e34df
42500222,111,2026,5,7,42500222,3b5fc321-1b69-8f16-55db-0cae246bd457
42500222,122,2026,5,7,42500222,9efb9474-6c35-fe79-57e0-4248f01d3607
42500222,135,2026,5,7,42500222,5eea3fe5-8c74-84b4-0757-e2803246abab
42500222,139,2026,5,7,42500222,ee724ce7-607f-d5b0-3bca-f94e1a86c0dc
42500222,152,2026,5,7,42500222,16a5f23c-2337-2761-4781-cd6468ffebfb
42500222,156,2026,5,7,42500222,620fd40e-9a32-50dc-0e8b-94c98d4ae7ae
42500222,172,2026,5,7,42500222,4f6e1a43-044f-b7d5-b874-ae5568445fc6
42500222,226,2026,5,7,42500222,cc33191d-f2ab-f9c4-754d-46524b62024a
42500222,232,2026,5,7,42500222,ffd3be2f-505a-68ef-e0b0-0e0fca971af0
42500222,242,2026,5,7,42500222,089abb0e-1915-546f-e2c2-567a5f8f3c90
42500222,264,2026,5,7,42500222,535e34be-1182-1acf-2ff1-3e298ae6bcd6
42500222,286,2026,5,7,42500222,3bb4b725-210a-5261-9fe4-6a41d6e61e17
42500222,291,2026,5,7,42500222,f2ab7e7d-36c9-3fd5-a538-cbcbb1808fdf
42500222,302,2026,5,7,42500222,d244d104-890c-1374-6ee8-ea4f8bb50530
42500222,304,2026,5,7,42500222,cb7e9679-c908-edad-e4e5-8653f2989400
42500222,306,2026,5,7,42500222,e57ef45b-a0e0-25df-bddd-40c994876b13
42500222,308,2026,5,7,42500222,e7c10210-fdc5-cc03-51db-2bd2960419d5
42500222,327,2026,5,7,42500222,b8014318-141a-a3be-8126-ea7b75dbad8b
42500222,329,2026,5,7,42500222,2d9d78a1-a917-92a3-00d6-7af0f05a543e
42500222,334,2026,5,7,42500222,cc963226-0c4b-108a-40f6-82143e36113b
42500222,336,2026,5,7,42500222,5633efb7-09b2-1f04-4ce9-9f3d1ddd4732
42500222,338,2026,5,7,42500222,f354ee1f-0d5a-9596-7c05-40bc98b8276c
42500222,354,2026,5,7,42500222,ce17a66f-481b-d07f-8866-c18b421c2cbd
42500222,37,2026,5,7,42500222,624e7c25-358b-abc1-ac6a-41b3e9be8116
42500222,378,2026,5,7,42500222,5a9c1bfe-0695-65eb-c3ac-07709f6e3bb6
42500222,39,2026,5,7,42500222,e7296ff4-6ddc-2dcb-a3d6-1a930b8141c2
42500222,399,2026,5,7,42500222,dc4f8207-86a7-424b-8524-7d4421928339
42500222,403,2026,5,7,42500222,54644950-7371-fc8e-82f4-128db3323aba
42500222,41,2026,5,7,42500222,efb63c29-0a63-2939-d50f-fa67b4f2b849
42500222,43,2026,5,7,42500222,2f270473-afc2-d32a-1a3c-613e292efcfb
42500222,45,2026,5,7,42500222,32dabce8-22e4-d451-3209-d20a66d14e54
42500222,469,2026,5,7,42500222,fc77b310-8be3-905d-888d-89b78b22907c
42500222,481,2026,5,7,42500222,7f05d2d6-5977-40fe-c590-64e3f1e4032c
42500222,485,2026,5,7,42500222,a6ac5221-399b-13a5-10c5-54ce194047c0
42500222,513,2026,5,7,42500222,92f58528-6391-fe77-b42d-450fbaf099cc
42500222,524,2026,5,7,42500222,78f795c6-3498-401a-0683-e05cdc235acc
42500222,587,2026,5,7,42500222,096de487-5202-09ea-3224-2d8971ed1eb9
42500222,598,2026,5,7,42500222,cfa65026-ff6d-4917-61d0-cb31470a6460
42500222,611,2026,5,7,42500222,323ddd94-99c9-0326-133c-ca78a58141d1
42500222,62,2026,5,7,42500222,6ec5b540-c1ed-57a1-0320-eade5db85d42
42500222,642,2026,5,7,42500222,049ec386-cd07-1f3d-b99a-d704f468bdad
42500222,671,2026,5,7,42500222,6418539f-867e-1936-d39a-e449d0945d87
42500222,677,2026,5,7,42500222,64ae8c78-9cbb-f1c2-d7f2-12efb1b64883
42500222,679,2026,5,7,42500222,55b81ca3-0f3b-b695-f26a-b984abe15ec7
42500222,681,2026,5,7,42500222,9a96f205-2110-c6f8-c96e-a2eb9ab65a3a
42500222,711,2026,5,7,42500222,6aa79b96-1eca-3a5c-afb1-e0373363dfd4
42500222,713,2026,5,7,42500222,ede84e32-c7fc-8384-d621-e7cf8fbb3bb2
42500222,725,2026,5,7,42500222,4e499939-cb33-b340-fbcf-5a2f30e088ae
42500222,727,2026,5,7,42500222,03e6112f-2cf2-fd0e-d369-2d4d2b0af4c5
42500222,77,2026,5,7,42500222,edc85fe6-0920-0543-48ac-1d12616e7b0d
42500222,193,2026,5,7,42500222,d386f7cf-21ca-b8b6-cf6f-4327b22f833c
42500222,33,2026,5,7,42500222,271e38cd-dc71-c485-f682-d4f7727440bf
42500222,51,2026,5,7,42500222,e77a36fd-3d74-d489-e04e-312fdfc6266f
42500222,66,2026,5,7,42500222,5a5aca3d-8f1a-5786-8615-0f20ad1afcb8
42500222,79,2026,5,7,42500222,b70dafa2-f054-4cca-b5ec-f3bd8f3d61a8
42500222,107,2026,5,7,42500222,9bff6111-a73b-5093-26c0-498f034c9598
42500222,11,2026,5,7,42500222,92971177-9bb0-6741-2f8d-7aaa0f2f9013
42500222,116,2026,5,7,42500222,02c1dd60-5b76-0e93-ff28-081447b6a7b7
42500222,119,2026,5,7,42500222,1022d5cb-6b7a-1470-2bfa-3894dc957220
42500222,124,2026,5,7,42500222,218e76ef-fd4e-6c6b-3ee2-2921d242f7d3
42500222,126,2026,5,7,42500222,460427a7-79ca-4526-9d46-95f7c2c47701
42500222,133,2026,5,7,42500222,67fdbdb2-af7e-83de-4c3a-f5cc9490f4db
42500222,148,2026,5,7,42500222,72e2bae0-c81e-9c46-9308-1cc37e4a8093
42500222,15,2026,5,7,42500222,93948335-ae80-0870-4288-8c5c1c34e619
42500222,150,2026,5,7,42500222,5438e0ae-df57-6368-30f2-d278407a90db
42500222,154,2026,5,7,42500222,6a1d5fde-da06-a28e-05e7-2d549486ec58
42500222,158,2026,5,7,42500222,0b6607eb-d10c-9649-355d-a3de19959564
42500222,186,2026,5,7,42500222,2808da31-fd4e-3cdd-ece8-76123138ad00
42500222,19,2026,5,7,42500222,bc15d819-5ac6-13a9-015d-a3fbf12a7549
42500222,190,2026,5,7,42500222,128b1cfe-616e-6b39-10b3-424ee8fb3df1
42500222,191,2026,5,7,42500222,2060ba7e-cea1-0311-9109-f533bb0a0396
42500222,206,2026,5,7,42500222,bf704c78-a6c1-14a2-b2c3-3a51d528ae00
42500222,21,2026,5,7,42500222,7fb1d65b-2179-b6e9-fb27-09a15bb7d89f
42500222,211,2026,5,7,42500222,f4f67116-24ac-4b77-bb58-0e9fc75b45b1
42500222,217,2026,5,7,42500222,893ca9f5-1f53-39e8-8a07-a66bd1ab3e3b
42500222,222,2026,5,7,42500222,efa8f424-9c71-0642-6c4a-9f3805486d24
42500222,23,2026,5,7,42500222,03161812-5e7e-e1af-7abe-cf6b40e642b5
42500222,24,2026,5,7,42500222,dff2cc7f-2e43-728a-b508-e70e97cc8a0a
42500222,241,2026,5,7,42500222,a314e08f-11ab-2a90-187c-cc2fad3b8fd6
42500222,244,2026,5,7,42500222,316454e3-729a-4239-769c-00987e0a61cb
42500222,255,2026,5,7,42500222,f4e2e891-1db9-9ef2-59a6-a0f1077d67d3
42500222,259,2026,5,7,42500222,a8961bbd-fcae-006e-3d2d-f76b9f421d6b
42500222,261,2026,5,7,42500222,0f4d777d-5dd9-18bb-6f17-378e31cf9932
42500222,263,2026,5,7,42500222,b1551339-7709-6b50-6cbd-e16c35e7be00
42500222,266,2026,5,7,42500222,d8461388-74ab-e76c-e788-5e05a320fc15
42500222,268,2026,5,7,42500222,a5c5357d-6a6b-375c-3288-a9b6f012a695
42500222,27,2026,5,7,42500222,bb7719da-f1d0-92af-c23e-83191c72f9dd
42500222,288,2026,5,7,42500222,72813fb4-95e1-37f3-16ae-aa2b9e498ad0
42500222,290,2026,5,7,42500222,c19c17fc-5811-dd62-f80f-4f63473245e2
42500222,299,2026,5,7,42500222,2d7311f5-45a0-e8d6-57cd-126d063d9ca1
42500222,301,2026,5,7,42500222,4e0b4769-83cc-842d-2aa3-2c224ea70240
42500222,310,2026,5,7,42500222,8fc5d2f9-7a81-f30b-dc09-e83e7a618dd3
42500222,312,2026,5,7,42500222,9eaf55b2-58c6-f979-a60b-6eca36b07f2e
42500222,324,2026,5,7,42500222,784dff51-e561-3660-950b-f4c4d82b67fd
42500222,326,2026,5,7,42500222,6db622f2-bd40-2f75-2373-67b96811de9b
42500222,340,2026,5,7,42500222,b7e0c82c-f487-6e72-aa55-d284b9adab14
42500222,360,2026,5,7,42500222,03add000-35a8-c865-ef0c-67120c99b59e
42500222,371,2026,5,7,42500222,bbf7a8e6-51da-302e-b1d1-6e9063aabe06
42500222,376,2026,5,7,42500222,4a0123b8-3d6d-5895-0855-af92665c16f0
42500222,382,2026,5,7,42500222,692fac76-62ca-f7f7-332c-881f743ed178
42500222,386,2026,5,7,42500222,e9d00951-bbd9-d6a4-4f69-60bc09579390
42500222,393,2026,5,7,42500222,1307d3b2-89b1-2fe0-5432-b3eeaca1986a
42500222,396,2026,5,7,42500222,fbc73f45-9839-5f24-6ed6-a62839254f1e
42500222,397,2026,5,7,42500222,8200cb47-5b29-025c-c6b3-379f1971c47e
42500222,406,2026,5,7,42500222,9f20c0a4-2ee1-d57d-8dd8-a806014051f7
42500222,411,2026,5,7,42500222,66ab4123-5061-7571-e370-05e881ce9a06
42500222,418,2026,5,7,42500222,f25e53a7-441e-f44f-a517-9f9ca54a531c
42500222,419,2026,5,7,42500222,b1cf117d-f53e-f687-b3af-8af63da0d03a
42500222,421,2026,5,7,42500222,5785fba5-859b-38db-ecd4-41ee664dcccd
42500222,434,2026,5,7,42500222,17d9df26-f4b7-9d98-2e57-8ea3c1e53fe0
42500222,449,2026,5,7,42500222,a892342d-2a00-700c-c051-fca03f36dba8
42500222,451,2026,5,7,42500222,408c5d92-c496-8d28-97b6-094623490f1d
42500222,465,2026,5,7,42500222,e9ca1131-1299-6baf-00ee-21b7731d0185
42500222,47,2026,5,7,42500222,053654a1-d40c-6513-1348-dcee109c8de6
42500222,478,2026,5,7,42500222,47be72a8-6ed0-26af-fd7e-c81bde5c5547
42500222,480,2026,5,7,42500222,1723279f-110b-237b-5cdf-6561914c0f2b
42500222,49,2026,5,7,42500222,9941a652-6c3d-a122-43f0-a5e234f0e32f
42500222,490,2026,5,7,42500222,236cff9e-9c59-9406-2e41-5a652beb7f6f
42500222,493,2026,5,7,42500222,afe6f47c-7306-869e-b0a9-4fe436223d5e
42500222,515,2026,5,7,42500222,1b5f35a2-5ea0-3c5b-80bd-2dd2e5776d52
42500222,516,2026,5,7,42500222,105c1702-fdb1-6e19-6648-2ba6d596efeb
42500222,517,2026,5,7,42500222,6d19b5d5-ecb7-29e7-dc57-2e04268e7740
42500222,538,2026,5,7,42500222,d106c14c-2cb3-971a-a3e2-350243b14235
42500222,54,2026,5,7,42500222,8acc088b-f49a-da2b-12e3-82804a5ce3f3
42500222,559,2026,5,7,42500222,a206bf54-a334-5eb5-09aa-702a1c842512
42500222,56,2026,5,7,42500222,bd1ccf6d-7e32-43d0-5c8d-64216a16dd77
42500222,566,2026,5,7,42500222,01b3d6b3-5101-7cf6-42d2-546eb770d125
42500222,568,2026,5,7,42500222,532ae209-5e3b-ce30-7164-daa386d0274f
42500222,570,2026,5,7,42500222,f461d192-a0bd-0a01-3322-7fbe1e31b726
42500222,58,2026,5,7,42500222,68167275-7258-96bf-8a77-a94a58378625
42500222,581,2026,5,7,42500222,a2506ce5-4d10-91c9-1881-f2f27a208097
42500222,589,2026,5,7,42500222,30dc724c-838b-1db2-3fc8-007fe1525d33
42500222,591,2026,5,7,42500222,bab252b9-081d-72e5-6f43-5aebadf88fcd
42500222,597,2026,5,7,42500222,372eaa7d-9759-f2d1-2c10-7f103a744b31
42500222,600,2026,5,7,42500222,b3e68067-3fed-9abf-25b5-0f6d91c48116
42500222,612,2026,5,7,42500222,0cc33ec1-c015-7743-864d-623eb34b6257
42500222,624,2026,5,7,42500222,ab7ffc88-e38a-e7e9-6973-1f25d25def71
42500222,626,2026,5,7,42500222,715adc90-ad61-f9ac-9f6a-fbad9c3d8457
42500222,629,2026,5,7,42500222,427c4d90-6a68-43d5-d494-c95414b8bb2f
42500222,661,2026,5,7,42500222,e9523f6a-4654-452b-b371-eb3469f8408b
42500222,668,2026,5,7,42500222,5669db2e-2872-af5e-01b5-91739e2c7858
42500222,687,2026,5,7,42500222,64d3d347-66bc-d0a7-1915-d2d10d6fe3fd
42500222,689,2026,5,7,42500222,69a73a94-5865-cb5a-a838-9e43edec7934
42500222,690,2026,5,7,42500222,1aaa9a13-f26c-cb6d-6e20-033d2a878ba8
42500222,691,2026,5,7,42500222,e38e1140-28f1-9ec1-451e-d14d5649ef65
42500222,692,2026,5,7,42500222,b4ba0423-da20-c42a-b2e8-b22c3e974c9a
42500222,7,2026,5,7,42500222,7cebb9b6-a39f-e5f5-ce16-49d1d9d98801
42500222,715,2026,5,7,42500222,5c1705aa-6cfd-e04b-9330-7ac34fb5b116
42500222,717,2026,5,7,42500222,13bc1484-4952-101f-3c83-7525f76499e0
42500222,730,2026,5,7,42500222,68078fda-1ef7-e1b6-1da8-b69a62c6ace2
42500222,74,2026,5,7,42500222,751d060d-f977-08c4-5b13-f612f35a71fc
42500222,82,2026,5,7,42500222,83d99a87-ad23-1213-1229-3f905a59d589
42500222,83,2026,5,7,42500222,38cfedc8-1639-5544-6294-589cf549c902
42500222,84,2026,5,7,42500222,54086f55-0f26-1fdd-e502-6a113b9e5ddb
42500222,86,2026,5,7,42500222,33aaddb3-c500-522b-bbcf-93f91d1f49f3
42500222,88,2026,5,7,42500222,88c677b4-daa4-8396-da0d-8b2c935e6774
42500222,9,2026,5,7,42500222,bd591670-7cc9-5b89-ccfa-5ac281c3288a
42500222,90,2026,5,7,42500222,49e81d25-9529-4d5a-7ffc-a1d322351562
42500222,10,2026,5,7,42500222,eb972fb7-89d1-0b00-5483-63a22ba2d573
42500222,12,2026,5,7,42500222,1e70602f-ec40-507f-d71e-110256318788
42500222,125,2026,5,7,42500222,78456ea3-08f8-11b0-01d6-2fee0ce6819a
42500222,127,2026,5,7,42500222,8365cee4-851a-e56b-4cee-9a162ddd6fbe
42500222,134,2026,5,7,42500222,0b45fd07-cefe-4ebc-fcfd-f17415439135
42500222,149,2026,5,7,42500222,963de43a-07b8-b1ed-2705-f6e0acf14eca
42500222,151,2026,5,7,42500222,41a1b17e-6214-d1f0-5813-241892f9a246
42500222,155,2026,5,7,42500222,f4dfdadf-ec18-ca84-ef61-a48795c49e81
42500222,192,2026,5,7,42500222,a3c43fd5-e495-8d9b-adb8-a68772befc5c
42500222,195,2026,5,7,42500222,fe9d7f2c-084e-c927-79a1-52f6a1d6b447
42500222,20,2026,5,7,42500222,4678d760-30ce-efe5-5345-937bd8fd2aca
42500222,212,2026,5,7,42500222,a2a18a00-904a-5ef6-d79c-a9870d64bce5
42500222,218,2026,5,7,42500222,1a826562-9f5a-729f-6763-94cc548fa8a0
42500222,22,2026,5,7,42500222,5022d82d-c2dc-7b4f-66b7-c331e6082ff9
42500222,256,2026,5,7,42500222,1952b148-4d97-ff63-fe6e-e1b32180a775
42500222,26,2026,5,7,42500222,7fab840d-1402-31cd-9394-b0d681ca8baa
42500222,260,2026,5,7,42500222,d03634d5-8edf-1660-6600-f74585cfbc2b
42500222,262,2026,5,7,42500222,f0249c75-9503-ae6d-fda4-b392850b743d
42500222,28,2026,5,7,42500222,e3c06669-9b56-e1c0-8b98-e08427e65e3e
42500222,289,2026,5,7,42500222,4217bdb7-964e-504b-337d-1c618cdb9a7b
42500222,300,2026,5,7,42500222,d1c9897e-7889-c1b0-4eb3-1335bc8b89ba
42500222,311,2026,5,7,42500222,48c3b7a3-4a67-d2e1-2528-de2a24798ad2
42500222,313,2026,5,7,42500222,9c0e0fb2-3c7c-fbc7-7e63-08e6ab40b428
42500222,325,2026,5,7,42500222,d5fb9291-126c-b27a-8b20-ca8224fcf560
42500222,341,2026,5,7,42500222,5ac318d7-7037-8a72-ad5f-f333f76eebf5
42500222,374,2026,5,7,42500222,9ce468f1-bab9-de3d-ae88-809b11dfd5c8
42500222,377,2026,5,7,42500222,0ab6384b-7fc0-169d-0a35-98ecb7a2e8c7
42500222,383,2026,5,7,42500222,c60cb2d2-b977-6141-4639-b86ae9130c2c
42500222,388,2026,5,7,42500222,3e3a36ec-ddeb-a69a-30a1-b4a47b6b6fb1
42500222,398,2026,5,7,42500222,3113f2dc-ba44-937b-1934-7ce17243b3b0
42500222,407,2026,5,7,42500222,381f4af6-163c-0ff8-9537-cd8df8fc4d45
42500222,412,2026,5,7,42500222,022ea6d0-095d-83c2-b1cd-328d1d71d0d0
42500222,420,2026,5,7,42500222,1eb5ac23-3532-d368-437f-fceefd07419b
42500222,435,2026,5,7,42500222,317464d0-38be-8f42-8b05-2aea26cb1934
42500222,450,2026,5,7,42500222,261964ae-078c-1c98-69ef-8b2e0ac51336
42500222,466,2026,5,7,42500222,3b1c7299-0616-0dd0-3b89-82bba624621d
42500222,479,2026,5,7,42500222,c1c4e4f7-e78e-6799-cea2-4fac7d0f96f5
42500222,48,2026,5,7,42500222,17ad011b-028c-53e6-b519-6718a93556ff
42500222,491,2026,5,7,42500222,e2ff9148-af13-51a5-82c0-dcfd8a78581f
42500222,50,2026,5,7,42500222,c2cc40b3-6835-3cd0-486b-80de11b58f05
42500222,518,2026,5,7,42500222,d3e9f830-adc2-a219-320e-b918666f8ced
42500222,53,2026,5,7,42500222,bf914974-913b-02ea-6857-8900649399ab
42500222,539,2026,5,7,42500222,1339ab29-398c-3ed4-2ebd-a26db156ba92
42500222,55,2026,5,7,42500222,6ff6e2fc-e453-0c84-2431-95722cd737b2
42500222,560,2026,5,7,42500222,428883e4-3582-ffa3-8ce3-f372758e507f
42500222,567,2026,5,7,42500222,a6797438-382e-049f-5803-c4dc39556321
42500222,57,2026,5,7,42500222,8ac28710-b71b-bcb7-32de-d47f4348678c
42500222,59,2026,5,7,42500222,87af315f-4346-68de-c5f9-465ca995aefc
42500222,590,2026,5,7,42500222,c56ca11a-d30f-f67a-b9a3-6a9484f6e361
42500222,601,2026,5,7,42500222,f74684b5-3ee3-234f-5f9e-33cb180b6126
42500222,625,2026,5,7,42500222,596c4e42-f9f4-19ef-5d32-be6849ffa9b9
42500222,662,2026,5,7,42500222,1af3723d-1d1a-d041-ebf3-18156c58fd32
42500222,670,2026,5,7,42500222,5935eb43-49d4-b52a-6482-08bd98288ba0
42500222,688,2026,5,7,42500222,bcc79bbb-be3c-8dd0-5792-dc209406d4e3
42500222,693,2026,5,7,42500222,d6baba14-5dee-d7f7-358f-c5dece4ec0d2
42500222,716,2026,5,7,42500222,402a9191-c596-ab28-ea57-54aeed401e57
42500222,718,2026,5,7,42500222,1fca7b7f-d4c8-3ad8-3fd3-024bd0b5861a
42500222,731,2026,5,7,42500222,f4049030-8402-493f-6952-497a94f003a4
42500222,8,2026,5,7,42500222,ad1a059a-9fb3-a5d0-b91b-2f179bcf8227
42500222,81,2026,5,7,42500222,b458d67e-6318-36bb-03b7-75674a0fb260
42500222,87,2026,5,7,42500222,aa6a8c75-5b75-3a5d-4a5b-83317daa5b24
42500222,91,2026,5,7,42500222,56528135-f26b-a855-290b-9461942c84e0
42500222,137,2026,5,7,42500222,430b400c-adad-07d8-ada2-25cbad88530b
42500222,16,2026,5,7,42500222,87095ae9-a00c-2ba0-4b69-065d1be69f09
42500222,200,2026,5,7,42500222,a8866213-d16c-8c63-0a21-3aa2f3742e86
42500222,253,2026,5,7,42500222,b3e07537-449e-7021-77ee-e82acd00de75
42500222,257,2026,5,7,42500222,979672eb-8541-08f2-8fbe-204b07770c5a
42500222,284,2026,5,7,42500222,8ad0c818-0197-6247-b721-d6cdb61b2a2a
42500222,29,2026,5,7,42500222,932d8a71-9fd3-9bc9-5e0d-aa57f2c99476
42500222,401,2026,5,7,42500222,c6730795-1d35-aa1c-c63c-a92d811b0e41
42500222,436,2026,5,7,42500222,ddd8b361-7ae6-6f33-d1bc-471b7cf44f14
42500222,467,2026,5,7,42500222,b99b8303-5e0e-7b40-a065-acd86fc354ba
42500222,483,2026,5,7,42500222,c0886d84-62d6-edab-b8f8-9c1c1e2d5614
42500222,520,2026,5,7,42500222,d99c62f9-8dbc-e571-b407-4ed2676c4c03
42500222,522,2026,5,7,42500222,78a761ed-ae28-a7a2-0e22-9354ed27d370
42500222,554,2026,5,7,42500222,968ce534-62ae-0aca-7893-28de10799bcc
42500222,557,2026,5,7,42500222,368e8cc5-b180-519d-cf4b-77859447c989
42500222,602,2026,5,7,42500222,22561aa6-8662-1237-9c06-01ae99f20cd9
42500222,613,2026,5,7,42500222,c5356c73-a8ed-a553-401f-5a1614b0349b
42500222,64,2026,5,7,42500222,5734901b-6029-aafe-341e-17a02994c7fc
42500222,732,2026,5,7,42500222,97cff097-cfdb-a510-073e-1686896498d1
42500222,115,2026,5,7,42500222,231f9117-6243-7969-34d1-0d031f19d5ba
42500222,18,2026,5,7,42500222,af57af1b-6e69-4206-1aa4-544ed9b991da
42500222,189,2026,5,7,42500222,b794ff12-0882-f053-705b-0a995a06b37d
42500222,221,2026,5,7,42500222,44f2fd52-3491-c3db-895d-d1ac66326be7
42500222,236,2026,5,7,42500222,6940ace2-c081-0c99-9db6-0226ab4eaf18
42500222,294,2026,5,7,42500222,c5619c53-3288-e03c-1e43-2ee08562ec2f
42500222,375,2026,5,7,42500222,95390e72-f35d-8b52-ac9b-2e93c30b496d
42500222,390,2026,5,7,42500222,2bf93357-150b-cfa7-cb10-4b99df39244f
42500222,427,2026,5,7,42500222,5a8ff5bd-6352-76cc-5a3d-1194e2b78f8c
42500222,473,2026,5,7,42500222,026bb92b-f07c-70f1-a3f5-a103ec12b4fa
42500222,556,2026,5,7,42500222,e63001d1-f019-c9fc-fd57-4611a39b8e02
42500222,583,2026,5,7,42500222,25e7af1e-cc44-1a5f-4f27-9691060eebf6
42500222,719,2026,5,7,42500222,3eb69c47-af1d-94a4-9ebe-7443c874c537
