game_id,action_number,year,month,day,api_game_id,uuid
22501003,105,2026,4,1,22501003,e84eeb10-b89d-0974-4842-4b7141fc3886
22501003,107,2026,4,1,22501003,a8682e5b-7304-5ae8-f328-4be15f8cbec7
22501003,11,2026,4,1,22501003,6a5d5ff8-ab3d-6bcb-52a3-549982bea439
22501003,125,2026,4,1,22501003,1e585236-9c73-50f7-fd3c-2ae28f54cd41
22501003,13,2026,4,1,22501003,7bc77da3-60ae-ec09-774d-93be4ea67449
22501003,146,2026,4,1,22501003,13ffbb50-d457-5626-a1e2-0eef6ec77985
22501003,148,2026,4,1,22501003,9849c926-4911-08b5-def2-739acf1edbe2
22501003,154,2026,4,1,22501003,80ae1f4f-0fd8-36a6-1c16-07f9205cdda1
22501003,156,2026,4,1,22501003,d954a208-599b-eb02-cc7f-9c6d656f6146
22501003,158,2026,4,1,22501003,327887a7-42ce-967b-010b-4978bc14d404
22501003,175,2026,4,1,22501003,b09b8aba-9a2a-d067-0638-e6ecaf660898
22501003,194,2026,4,1,22501003,dc796c5f-0c2f-aa76-6089-17d184fb136f
22501003,205,2026,4,1,22501003,0ab27853-9ab4-2cb8-b3a8-53bb9d59afb4
22501003,219,2026,4,1,22501003,dc3991cf-edaf-f466-f829-2c77a0c1ca1b
22501003,221,2026,4,1,22501003,97f2c4dd-b1ab-5600-b1dd-939a1bd4cdc5
22501003,228,2026,4,1,22501003,89a13069-bd5a-3536-4912-ed7fce75344a
22501003,236,2026,4,1,22501003,e62a063d-7eeb-e1d3-ce67-c896646e1a70
22501003,257,2026,4,1,22501003,bbe6e1d8-db92-6715-15d6-e4ca75da1550
22501003,259,2026,4,1,22501003,54a5ac47-2977-6725-4c2a-1860f5d42944
22501003,267,2026,4,1,22501003,8a2693f8-230c-8b39-09e3-ffbeafe3f752
22501003,269,2026,4,1,22501003,18b1e31f-45b8-cc17-e491-ef92d030ce68
22501003,27,2026,4,1,22501003,e792b9c9-eb27-ce8b-3300-c3cc0e21f45e
22501003,271,2026,4,1,22501003,78a95334-026b-2f3e-2ebc-1ca554367f46
22501003,277,2026,4,1,22501003,fae3409a-4245-5637-f0b3-7257f750633a
22501003,29,2026,4,1,22501003,79c3b741-2386-0d6f-48e7-4ff6a8085fc2
22501003,296,2026,4,1,22501003,77ee73bd-a0af-a149-0037-44bd546a61d4
22501003,299,2026,4,1,22501003,b0ee3680-3a2d-ef5e-8376-a6619d849360
22501003,314,2026,4,1,22501003,cf21b000-63a8-614a-e5ca-cec0f66af001
22501003,322,2026,4,1,22501003,af2339f1-179d-04be-acbb-7ee893ea8927
22501003,35,2026,4,1,22501003,94fab5b8-9519-aa4b-325f-e1eeaa91fe88
22501003,360,2026,4,1,22501003,d25161f4-7e28-1057-f7c8-8fea7b0c200f
22501003,365,2026,4,1,22501003,c03306de-8f74-923d-9d52-b9dc045c73e0
22501003,374,2026,4,1,22501003,c6c839c0-2e54-d5eb-38d0-ace5f82a3295
22501003,381,2026,4,1,22501003,a3012428-3f6d-9f63-bc4a-36e5a71fd64a
22501003,389,2026,4,1,22501003,2b4d8f37-6999-909b-886c-de5fcf2056cd
22501003,39,2026,4,1,22501003,41d20fd2-7fca-fc2d-2b89-9aa041af2daa
22501003,394,2026,4,1,22501003,98b9587d-adf4-5bed-20c3-86af0afd3571
22501003,440,2026,4,1,22501003,eba21480-304b-4209-a794-bb5265b90c11
22501003,470,2026,4,1,22501003,cb62b5ae-4955-1742-42e5-9d4c93b04b2e
22501003,472,2026,4,1,22501003,44edeffd-abb0-ca4a-b087-174d503423d0
22501003,49,2026,4,1,22501003,169b476d-bf06-4ff5-633e-cb85f4df7831
22501003,491,2026,4,1,22501003,0488a9d5-41f8-43f7-0099-2417ea80369f
22501003,511,2026,4,1,22501003,c5acd36d-b118-a33c-c0c6-b643cfbb3cea
22501003,54,2026,4,1,22501003,6712509f-5a4a-5d54-7b81-3ef3857006c9
22501003,540,2026,4,1,22501003,79bec799-fedf-aabc-d2a1-eb9784cf6159
22501003,565,2026,4,1,22501003,24aff638-6373-79cd-6c37-d677fc1f3790
22501003,57,2026,4,1,22501003,6daf777a-d563-943b-1a19-0ec2b39703c5
22501003,574,2026,4,1,22501003,d7d211df-f767-7395-5da9-618e08edb3ba
22501003,576,2026,4,1,22501003,ddf0e438-1341-491b-895e-2eff2cf91bfe
22501003,594,2026,4,1,22501003,4be0b556-6ca8-3ff1-9d65-c2c4a19bec2a
22501003,597,2026,4,1,22501003,e543acd9-bb19-e8d1-41ab-8fb2f979c65a
22501003,620,2026,4,1,22501003,30f783be-8c8a-024d-9f65-bb446ac8199d
22501003,646,2026,4,1,22501003,9fabe7e0-1cb5-1620-e192-d47ac49fadbe
22501003,656,2026,4,1,22501003,b3ce9b18-43e4-efe5-8917-eeb53c7feef6
22501003,663,2026,4,1,22501003,42640a9b-c2df-54ad-de85-bef71f26517a
22501003,665,2026,4,1,22501003,0b8264f7-737a-28a5-a0dd-76984c2232ee
22501003,686,2026,4,1,22501003,d375c965-3d16-7c65-2d75-c396604381a8
22501003,689,2026,4,1,22501003,96c9d0ce-b718-d591-959a-6cbef1ea91a0
22501003,69,2026,4,1,22501003,e807ae1e-9ba3-8f20-7372-2e1ecf48da03
22501003,693,2026,4,1,22501003,606692b1-52a8-67ad-cd7b-be8dde601cb6
22501003,698,2026,4,1,22501003,04095d8a-ddf5-0c7e-0348-5c080417992c
22501003,7,2026,4,1,22501003,698f7080-e674-5099-d04a-b32c7b0100b0
22501003,95,2026,4,1,22501003,4e341569-00cf-852f-4386-3c8cd4b3eeaf
22501003,187,2026,4,1,22501003,4e52ca1b-9b08-3c26-3172-e6f6ac47d351
22501003,24,2026,4,1,22501003,99ca05aa-2a50-c0b0-f7ea-b4d9ac3afb50
22501003,311,2026,4,1,22501003,19349b64-eb6a-5dd9-3130-4ed4c39fae51
22501003,431,2026,4,1,22501003,7b095762-c908-8543-4295-9467231a272e
22501003,51,2026,4,1,22501003,98e86d35-ed50-1267-94c8-4f21054a90f1
22501003,521,2026,4,1,22501003,e0ba155d-e83f-9a72-9ed1-c25ea56a43f3
22501003,553,2026,4,1,22501003,0df5bd66-0873-1741-974c-38d077200baa
22501003,630,2026,4,1,22501003,252c731b-5b4f-143e-fc18-bebbf061dbe4
22501003,65,2026,4,1,22501003,417dd737-0c29-8106-a802-43588c517249
22501003,660,2026,4,1,22501003,b83dcca5-7263-ab2a-9173-950ae7042407
22501003,109,2026,4,1,22501003,e9d07c8b-f3fc-fcf9-0ad1-cd9c62659a91
22501003,111,2026,4,1,22501003,2c312479-c225-42ea-57ce-57c9bbb9fe4c
22501003,115,2026,4,1,22501003,67ee53e9-b90d-7fe1-99d8-a26be54297c5
22501003,120,2026,4,1,22501003,9a30f068-29e9-dbb8-201b-4f1b0ffb5833
22501003,130,2026,4,1,22501003,b5b39fe2-6445-8bf3-ed2d-c20d33a1b746
22501003,141,2026,4,1,22501003,8a5abd05-deec-275e-fd7d-217dfbe173d6
22501003,143,2026,4,1,22501003,9310e5ca-61b0-08aa-c593-c571b0b176e5
22501003,145,2026,4,1,22501003,3bf4e3e1-6629-6bfa-1f39-c95a4a6c5f66
22501003,177,2026,4,1,22501003,600c77b2-c38f-08c9-62b7-31828aacb97d
22501003,184,2026,4,1,22501003,832fe812-61e4-f67d-8c1c-d5d6264248e0
22501003,203,2026,4,1,22501003,f0cf97da-1508-7a98-a4db-1a8dadda8496
22501003,204,2026,4,1,22501003,657de00e-b58a-a47d-f9f4-b58318f031d6
22501003,209,2026,4,1,22501003,d16e3c7b-dead-f9a5-f842-457eb969c847
22501003,217,2026,4,1,22501003,131b9fb8-9029-c8b5-0dac-73952f803547
22501003,223,2026,4,1,22501003,8ec130d8-78b1-ebc2-8123-135d5a961298
22501003,225,2026,4,1,22501003,e75278ca-4626-d009-195c-5cced3cf8394
22501003,227,2026,4,1,22501003,f863ef9d-c223-e2a7-a61e-9ce4ceeb5d6d
22501003,238,2026,4,1,22501003,4d854e16-4bb6-8340-fa65-254a948a747c
22501003,255,2026,4,1,22501003,b62e8fdc-e5d8-5068-7c1b-42a572a1778f
22501003,266,2026,4,1,22501003,a506e723-d3ee-fcd3-2024-9837acfcd9d4
22501003,291,2026,4,1,22501003,ce026af2-b68e-05f8-a9c9-90eb700f6966
22501003,292,2026,4,1,22501003,73c45bf5-b867-7504-9f41-a31e87c085ce
22501003,294,2026,4,1,22501003,aaf47835-e283-2667-eb6e-88e0ce4b5abd
22501003,301,2026,4,1,22501003,c800c022-17fd-8b49-03f6-e2878898ec45
22501003,305,2026,4,1,22501003,a0a8ef26-bba1-4f72-3edd-c0cbe9134892
22501003,309,2026,4,1,22501003,c8a26b2a-87c2-e7e2-1e68-920f2d12103f
22501003,330,2026,4,1,22501003,42534148-3c5f-d131-456e-320d02849361
22501003,362,2026,4,1,22501003,d2090a59-e927-e81c-5c81-1563b99dc319
22501003,364,2026,4,1,22501003,56962b0f-e32b-6008-d716-7c2fac5a6607
22501003,369,2026,4,1,22501003,fa3d1aed-a39a-8e12-1cb4-5aee4ba4beea
22501003,37,2026,4,1,22501003,fbc00a50-1958-ac02-715e-39064cca1f09
22501003,372,2026,4,1,22501003,9ccc7d90-7d76-eaff-a2f5-f447753740fb
22501003,391,2026,4,1,22501003,5ff809e0-34b0-5068-3e46-1484fbe0f142
22501003,393,2026,4,1,22501003,67146a08-fe74-0ea1-70a7-1931ef0b326f
22501003,396,2026,4,1,22501003,17785715-2679-d047-1b41-ae72ff95cd05
22501003,400,2026,4,1,22501003,26cf672f-b03f-f159-f9a7-f53bdb3e61e4
22501003,408,2026,4,1,22501003,6f4cae3d-fc43-567d-7a91-8e5081ad41b2
22501003,410,2026,4,1,22501003,d5b6203c-76c5-0d96-adb3-ae96512e5617
22501003,423,2026,4,1,22501003,2ce0e5b5-93a3-79e5-837b-258ae9350929
22501003,426,2026,4,1,22501003,36d2da38-921f-590d-21b3-71987b03f37b
22501003,428,2026,4,1,22501003,a6ed02bc-c95d-b913-0bf5-51b17f598955
22501003,429,2026,4,1,22501003,21d0e51e-69b9-7591-edb9-df3f5a7df301
22501003,439,2026,4,1,22501003,89e70092-07b4-2517-263e-ac38a52163b4
22501003,443,2026,4,1,22501003,3e5c049f-b46d-802d-ce57-3320729b2ec5
22501003,447,2026,4,1,22501003,7928c9a5-87e6-3fdb-9c25-a6f5d1bec6fd
22501003,449,2026,4,1,22501003,75b65392-e0e8-5024-557a-10004a256107
22501003,452,2026,4,1,22501003,1bf80f81-29e9-8870-4a18-90a5a42ab06e
22501003,457,2026,4,1,22501003,bfee2e17-8221-019b-02d9-317fce180cf2
22501003,459,2026,4,1,22501003,0282dcc2-3eaf-8c8a-0000-96d8fd7c52e0
22501003,480,2026,4,1,22501003,8da8cb17-07ef-5689-2c4e-1a5bcb8a5fed
22501003,484,2026,4,1,22501003,e83d6cf6-7ddc-e802-1e08-8fbda4d5c865
22501003,487,2026,4,1,22501003,209950be-8bb7-5133-7938-fa39645d4d60
22501003,489,2026,4,1,22501003,7ef6d86a-1904-29a8-ec51-a1fa48c554e1
22501003,495,2026,4,1,22501003,29f0d1b3-15cf-1680-5d3d-1485e0256df7
22501003,507,2026,4,1,22501003,d6d8bfe1-3623-1dc3-d1a9-100e6a0f7444
22501003,509,2026,4,1,22501003,bf259f8c-324e-5746-c4a9-69ee78558ea0
22501003,519,2026,4,1,22501003,9c1ebf69-eccf-700b-e5b9-ad2ea95e8da1
22501003,528,2026,4,1,22501003,4662b8c5-c034-6270-25f1-3e8813c3c44d
22501003,536,2026,4,1,22501003,76b2bbbf-e4f2-a240-2337-3856e038cb8b
22501003,538,2026,4,1,22501003,9f303259-09d1-d6f7-24b6-49b2ec558e56
22501003,543,2026,4,1,22501003,3049d835-ce85-2c3f-9a6d-9b88e11aecc0
22501003,545,2026,4,1,22501003,92d06394-e7ec-98b9-1876-da24053c196f
22501003,546,2026,4,1,22501003,48768c89-c32b-c8f0-a043-39fb55dcf081
22501003,558,2026,4,1,22501003,2d2289bb-a5d3-e518-0173-f85242543693
22501003,562,2026,4,1,22501003,3195d6ea-896f-cd4b-a7f3-feb681458a2f
22501003,582,2026,4,1,22501003,826c8d00-211f-160f-feaf-cc11c0fa7412
22501003,586,2026,4,1,22501003,8a4f4dfc-bafd-2c9c-93a6-cd28e562d8b7
22501003,596,2026,4,1,22501003,92553e42-67e1-eaea-662b-320d25b22503
22501003,600,2026,4,1,22501003,daae0dc5-1939-b55d-36e1-b7bd39bd0dce
22501003,602,2026,4,1,22501003,1821c9b9-8c5a-a9b6-4ac7-82c9d6bdc4ce
22501003,604,2026,4,1,22501003,489c1b49-cfa4-9566-c184-043461c6db26
22501003,61,2026,4,1,22501003,191b6dd7-189b-2231-169c-b4e4f05fd139
22501003,615,2026,4,1,22501003,6b4de4f3-5adf-f5d1-5f5f-2af2d97b22a1
22501003,62,2026,4,1,22501003,bf57022b-490c-df45-1b0a-8b9057298a75
22501003,626,2026,4,1,22501003,78d90d38-392e-e0bf-dda1-6ec6801e2875
22501003,628,2026,4,1,22501003,e571fb0a-5e87-29c8-bd09-e46d0bd2487c
22501003,63,2026,4,1,22501003,9b93280b-edc0-2339-51d0-b7aa4532eeec
22501003,633,2026,4,1,22501003,36b306a0-b1ea-fe29-50b3-d4620b140cfd
22501003,644,2026,4,1,22501003,b99f4285-8f0a-99b5-cf57-39e0564a7245
22501003,649,2026,4,1,22501003,42306209-8aae-20ef-4e7b-8dcb5fa8fb35
22501003,651,2026,4,1,22501003,f5bb834f-94c5-55ec-61cf-71ed5b147e3d
22501003,652,2026,4,1,22501003,9d29c494-1021-70ff-ea2b-8e8b39119163
22501003,654,2026,4,1,22501003,afc71c48-7e85-2ca9-a56e-359499f3ad83
22501003,67,2026,4,1,22501003,4e22a538-55f5-5e2a-f748-7a0b2ac8abed
22501003,676,2026,4,1,22501003,a5d43be8-3131-7a30-22ba-2c63b9c4762c
22501003,684,2026,4,1,22501003,30f011d5-6a5d-a01f-6efd-b7c15aa839c2
22501003,691,2026,4,1,22501003,4aab6ae4-1456-20d8-5b08-54881412a834
22501003,9,2026,4,1,22501003,05b1c2d0-722c-a536-aff4-0e4f49936ffa
22501003,93,2026,4,1,22501003,fb30408c-9240-a012-8d75-c4b9fce2e54c
22501003,97,2026,4,1,22501003,f6954976-b26a-57bf-6b09-32c029bbc6d7
22501003,10,2026,4,1,22501003,79b07955-6e6c-d924-d769-ef78a90c4233
22501003,110,2026,4,1,22501003,47ffd925-5602-7e7b-fb08-66603a754d0d
22501003,121,2026,4,1,22501003,99338bd9-010d-5654-ce29-5521b4580df0
22501003,131,2026,4,1,22501003,a68dd87e-9923-66e1-bc55-8e6f9e3c1e3f
22501003,142,2026,4,1,22501003,1b5c32c4-847b-a428-594e-dd84af322d1b
22501003,144,2026,4,1,22501003,fa663f1c-a4a9-edf2-aaaa-38d0a250b1ad
22501003,178,2026,4,1,22501003,ac9e84bf-5759-05bb-300c-ad899b051171
22501003,185,2026,4,1,22501003,2ada25b5-43b7-d8ab-3c18-eff142653ebb
22501003,218,2026,4,1,22501003,6acbbb7b-e1a1-b3c1-47a1-52361bac03f6
22501003,224,2026,4,1,22501003,ff08791b-a173-c0d6-fd49-501c68f2832b
22501003,226,2026,4,1,22501003,782d41ae-b6a6-4fad-bd74-fedd7de31570
22501003,239,2026,4,1,22501003,6cb37c3f-41cc-0b2e-cffb-09d55a4e96f8
22501003,256,2026,4,1,22501003,8f54c620-0111-8076-6d52-9e7ac9b1fb5c
22501003,26,2026,4,1,22501003,4933eaec-8cb8-a427-6f36-fce833d5a828
22501003,293,2026,4,1,22501003,b6c7b5e1-ccd1-c689-a913-081c9877a514
22501003,295,2026,4,1,22501003,5e7ea567-01a8-fd59-a106-5f0384cdab47
22501003,302,2026,4,1,22501003,e54b3a3b-106c-5662-50fc-6776701b959a
22501003,310,2026,4,1,22501003,d6ca2a85-8357-05b7-3dc9-26d572b435c1
22501003,313,2026,4,1,22501003,bf2ed902-fc79-2b20-acca-02fb13f2e9dd
22501003,329,2026,4,1,22501003,e826533c-d685-d473-8678-da0c5edbe568
22501003,331,2026,4,1,22501003,10938b19-f522-d145-93ea-cf77a75f1702
22501003,363,2026,4,1,22501003,a6dda078-8cbf-e55a-d1e9-869f5c1dee9e
22501003,373,2026,4,1,22501003,2057ce3d-7a22-7be3-eeae-4f14919ca046
22501003,38,2026,4,1,22501003,daa14535-0f9a-bb74-b5ae-77b029c68174
22501003,392,2026,4,1,22501003,0d698f71-e8ec-cc92-56c6-f76b93b6ff62
22501003,397,2026,4,1,22501003,e7e59200-189f-dcf6-48d3-4c344133b2d1
22501003,409,2026,4,1,22501003,abaa0aa3-2489-fa94-7771-44070f59680f
22501003,411,2026,4,1,22501003,f4489f61-fb12-90d6-5bc1-ff9f5cb23471
22501003,422,2026,4,1,22501003,2ee755b0-2dd1-7b6b-34e7-8ba244d6286d
22501003,424,2026,4,1,22501003,01835bd9-1710-be2e-632f-048e6364be9f
22501003,427,2026,4,1,22501003,e06d4147-98b5-2228-c3d3-226151135633
22501003,430,2026,4,1,22501003,e9328b14-e76e-04fa-ad2e-79dcb8b41788
22501003,433,2026,4,1,22501003,25a982c8-6c0b-ebbc-e322-38c115cc0b72
22501003,448,2026,4,1,22501003,f14079ee-9f1c-3048-849d-5583a45887c0
22501003,458,2026,4,1,22501003,d6bd5a56-f9c4-a489-bf9b-ba34155ad95e
22501003,460,2026,4,1,22501003,c765fce8-a540-9222-7f08-7cc4e97184c0
22501003,479,2026,4,1,22501003,6a4459d4-71ce-0406-6f01-66a681eedec3
22501003,485,2026,4,1,22501003,77ae0b5f-f692-2eb6-8898-595dd7b1ae4b
22501003,488,2026,4,1,22501003,0be2d14d-5200-5f3d-8cb7-5f676bc2611b
22501003,490,2026,4,1,22501003,06fd5678-dacb-7031-7639-22830ee90b26
22501003,496,2026,4,1,22501003,6eddb326-284d-00cd-0b5e-e20a33aa728e
22501003,508,2026,4,1,22501003,e0598b61-55e9-9841-0075-c14d4824183c
22501003,510,2026,4,1,22501003,69a7ccf9-0162-87a5-b922-479f8b9c621d
22501003,520,2026,4,1,22501003,2e12ddd5-89a2-de82-adc2-a8ed7951c23d
22501003,53,2026,4,1,22501003,d6f3d1e5-98b3-38a2-8cd7-6f037d2910e3
22501003,537,2026,4,1,22501003,c898628d-54b9-a169-179f-6d26aaaba80d
22501003,539,2026,4,1,22501003,6f9cbdf2-a2ad-812c-bcfb-80688ea748a3
22501003,544,2026,4,1,22501003,4c049057-925b-7c36-4458-3c1e29f251eb
22501003,547,2026,4,1,22501003,0fac802a-f86f-c75d-bfea-e5e5465020f3
22501003,555,2026,4,1,22501003,b219acbd-b2f5-7757-ebdf-a3df5ad4354a
22501003,587,2026,4,1,22501003,ccec9fd5-5d07-42e4-3455-3495a2ba889e
22501003,601,2026,4,1,22501003,949c2fc6-a5c2-fdc4-0d91-1c6697e1ab21
22501003,603,2026,4,1,22501003,e70ce5dc-6291-41c6-f93f-b3b9e72991eb
22501003,619,2026,4,1,22501003,9acbf527-acdf-dc1a-43f4-320b2c7442e1
22501003,627,2026,4,1,22501003,32104988-15c1-dec6-f262-9a1886800e42
22501003,629,2026,4,1,22501003,abaf47a7-7291-9713-4fd6-06a147eb03cd
22501003,632,2026,4,1,22501003,81e8668a-8277-e42a-bfb2-e4dc84e49197
22501003,64,2026,4,1,22501003,d04d994e-c330-a3ae-0de6-bf487a377a3f
22501003,645,2026,4,1,22501003,7ba9cf76-f4d6-28d9-dce9-fd0456322e01
22501003,650,2026,4,1,22501003,65e27411-ed53-66db-e306-ca7474b5036b
22501003,653,2026,4,1,22501003,edabf5ac-8adb-f83b-3854-b89be867cffe
22501003,655,2026,4,1,22501003,bc5227a9-1f1a-74ac-9e84-1b3f9b21c9cf
22501003,66,2026,4,1,22501003,1f9d1a96-ee75-c8e0-d24e-94c306af889b
22501003,662,2026,4,1,22501003,40683243-4fb6-9f69-c605-f523d8b3d183
22501003,68,2026,4,1,22501003,3b9a905c-f841-5247-0d85-770117539008
22501003,685,2026,4,1,22501003,6e6773ab-299a-1529-a6de-612a41fc3ad4
22501003,692,2026,4,1,22501003,5b46cd4b-5b8a-42ad-f75b-bca8d9e90c0f
22501003,703,2026,4,1,22501003,f70cae64-3a5e-2699-53fb-1d9f72666f4f
22501003,98,2026,4,1,22501003,bd9a98d1-da70-1032-6479-40a43381919e
22501003,207,2026,4,1,22501003,8210e1a9-6b2f-cf10-e5a7-61a5eecabdd9
22501003,234,2026,4,1,22501003,76cd0a56-f641-120d-66d7-8333dde91f13
22501003,261,2026,4,1,22501003,5ed92a30-dc2d-fe23-d45e-700a73c36fff
22501003,263,2026,4,1,22501003,1f1dabdb-a124-2cae-d656-4ccbf97c4c13
22501003,273,2026,4,1,22501003,1001ce4a-b72c-d20b-5304-caab9ecd8a58
22501003,275,2026,4,1,22501003,ad489834-776d-9ef8-1130-b1bc7006dd67
22501003,303,2026,4,1,22501003,c9eacb84-337f-3b9a-1244-9e9b03771d72
22501003,316,2026,4,1,22501003,d1ab065e-6b95-1701-9245-b4915040ac21
22501003,318,2026,4,1,22501003,2e63c3c5-30cf-2fe9-c404-e0a181c38730
22501003,320,2026,4,1,22501003,6dedef36-9231-6fbb-0273-1351377f7e74
22501003,398,2026,4,1,22501003,133c760e-f222-1a39-0073-d44fb1812290
22501003,493,2026,4,1,22501003,6bcf9857-6a0d-60a8-0fdd-7a36ccf54dd6
22501003,556,2026,4,1,22501003,e07f339b-de1d-4502-a5e5-3ffccaf7f130
22501003,59,2026,4,1,22501003,73f59d9e-0c95-a9d7-06bf-20dd2917599a
22501003,613,2026,4,1,22501003,51da76cb-5a24-5707-33cc-07f966985a05
22501003,658,2026,4,1,22501003,3b31389b-63ca-9c7d-9d7c-5edf025a1625
22501003,91,2026,4,1,22501003,45c77e47-a6e8-26af-87b0-81d74c9ad455
22501003,129,2026,4,1,22501003,b66ec09b-a7b9-39ec-04fa-3fb5c0b6335d
22501003,153,2026,4,1,22501003,4953dce3-ed85-4163-458f-76bd50f46491
22501003,186,2026,4,1,22501003,68234dde-3918-9d92-1318-c3ef73e992fb
22501003,193,2026,4,1,22501003,819c6a43-b3df-96c2-1f3f-8bd7a6852d7d
22501003,246,2026,4,1,22501003,7e137848-8185-2c96-4a42-3ea1dbfd7fe6
22501003,265,2026,4,1,22501003,d2d2d865-f510-dfb1-d10b-2113caaf07ec
22501003,298,2026,4,1,22501003,84cf9f72-943a-dffa-40a9-b7ae66504293
22501003,388,2026,4,1,22501003,acf56df4-c958-ba96-d91b-c17bc9d6ef53
22501003,425,2026,4,1,22501003,67b71d69-850b-5836-44c2-b0487ef55f5b
22501003,465,2026,4,1,22501003,331a0c41-264c-e806-63d7-9b4be843b4c4
22501003,486,2026,4,1,22501003,f42b991a-0302-ccb6-3428-e4428f57fbd6
22501003,542,2026,4,1,22501003,5536bb61-28f2-4c9f-0fba-92f07d62830d
22501003,552,2026,4,1,22501003,42383ef7-b990-ff7b-d8fa-0cd927ea16ad
22501003,561,2026,4,1,22501003,0781a3d8-b1e0-42f4-be7c-761cafc9a3fc
22501003,695,2026,4,1,22501003,924102cf-d65c-4c12-125f-52815f7b9924
22501105,107,2026,4,1,22501105,f3e812b5-9b9c-3842-3ab0-0cf81b17926f
22501105,128,2026,4,1,22501105,028194e0-ee9d-3c67-5433-b6b77ccea1e8
22501105,130,2026,4,1,22501105,3729bd3f-1a7d-0eaf-5bca-211d2efa9395
22501105,153,2026,4,1,22501105,5287c523-5617-2937-75e1-7797d77a8068
22501105,155,2026,4,1,22501105,3ed8d27c-b5bb-5597-7632-3ea7d6556aa0
22501105,159,2026,4,1,22501105,b04c5b14-3bb7-1ef1-87c5-af6dc8c94e72
22501105,17,2026,4,1,22501105,24ad4746-f22a-0fc1-d118-b522a32083af
22501105,171,2026,4,1,22501105,4da618c4-40c3-e3bd-c135-f77da6f32441
22501105,176,2026,4,1,22501105,2c74e865-29db-0562-2c67-1ff8567820aa
22501105,179,2026,4,1,22501105,26da63bd-4c6d-7c52-69f5-e298f9958c0a
22501105,188,2026,4,1,22501105,8e66aebd-f2b4-e4ad-eddf-37bff09a469c
22501105,19,2026,4,1,22501105,8afa685d-74b0-8e55-f83b-62858618e5bb
22501105,201,2026,4,1,22501105,87aa549d-670d-d392-4f2c-e850244d910e
22501105,228,2026,4,1,22501105,fa79ad85-a98e-f4be-3c70-c4754d00d7b3
22501105,235,2026,4,1,22501105,4dcdfa73-cbb3-97f6-99e1-a2f54e5ab33b
22501105,236,2026,4,1,22501105,7851fc94-648e-19f7-90f9-16192be25f17
22501105,245,2026,4,1,22501105,606ceb9e-d82f-69e6-0a91-4a4f4840b852
22501105,247,2026,4,1,22501105,a72cf779-f209-5fcb-e16f-751d8624accc
22501105,249,2026,4,1,22501105,e4c9429c-2f8d-e9ac-bd4e-3788bbe9b294
22501105,255,2026,4,1,22501105,8bc04d28-66a6-078c-e32f-c79a1aa299db
22501105,279,2026,4,1,22501105,d8df01db-2992-ff86-edac-979b0ce4a8c8
22501105,303,2026,4,1,22501105,2814b230-030f-9b24-66d5-0a70241d3c0f
22501105,307,2026,4,1,22501105,5fd01a33-5f9b-1f66-c3f4-de85270c4ba5
22501105,31,2026,4,1,22501105,cc41dc3b-d89d-cf83-a7e9-0daa67ad187b
22501105,311,2026,4,1,22501105,c893e2f3-8280-a8b8-2993-52e736e1595f
22501105,315,2026,4,1,22501105,34fd0ab8-2faf-0ed9-c03f-d9ca3f974b92
22501105,319,2026,4,1,22501105,e49cacbc-292a-6fec-e50e-a441f774afa9
22501105,322,2026,4,1,22501105,5ef6c91f-2f80-82b0-de41-8a3772cf45fa
22501105,335,2026,4,1,22501105,bfda9afa-a7a5-81af-1e6b-4ff61ef9830e
22501105,338,2026,4,1,22501105,be554f9d-89fa-0847-1e8b-399ddc373cb3
22501105,341,2026,4,1,22501105,e639ab1c-626c-3f83-c910-2b10a7180e46
22501105,343,2026,4,1,22501105,1e562d95-2ad8-3758-7dd3-3fce1820930b
22501105,349,2026,4,1,22501105,a118cb7f-2e32-c5c8-b2fd-376c9a27369e
22501105,36,2026,4,1,22501105,beaa93c1-1289-2d2c-f2e0-f9e20891fae3
22501105,360,2026,4,1,22501105,030ea57e-3923-df25-0a5c-8f33ecd662c3
22501105,362,2026,4,1,22501105,55a7faca-b645-016e-4d47-9967884d81d5
22501105,376,2026,4,1,22501105,01de7345-83a8-2edd-8306-4f8e92e8d493
22501105,391,2026,4,1,22501105,1ba710ea-9c74-1143-1555-b06f15c3137c
22501105,392,2026,4,1,22501105,c141dd7e-8816-07c0-0256-9c4c2f52da97
22501105,399,2026,4,1,22501105,dc9c08a5-414d-ff89-b920-dfe2c11bd32b
22501105,403,2026,4,1,22501105,407e0d95-101a-9b56-2a2e-ec7adb11808a
22501105,408,2026,4,1,22501105,3889c9f2-998c-33b4-572c-157fac6c9b26
22501105,413,2026,4,1,22501105,167b9aaf-652e-6779-7217-585721f2de94
22501105,417,2026,4,1,22501105,acafcc56-94bc-e8ed-84b8-dbfd38bcb1f5
22501105,420,2026,4,1,22501105,20bb635a-09ba-11bc-ff9f-bd64536d75af
22501105,422,2026,4,1,22501105,d9ba35a2-0d44-7792-6ccd-c40c685be2fd
22501105,437,2026,4,1,22501105,18b46df2-c47e-2b86-dc9a-83ca5a586f58
22501105,443,2026,4,1,22501105,454404e2-334e-0221-8287-c1af0b0e75cd
22501105,446,2026,4,1,22501105,f79c133e-821b-52fc-865f-6962f33f8036
22501105,471,2026,4,1,22501105,247430b5-2b69-cc5e-7fab-f26cb01821a3
22501105,48,2026,4,1,22501105,d3615e45-8f2c-1e40-0c19-4b1993fd6772
22501105,490,2026,4,1,22501105,9c008372-02e3-5dc2-e104-a00079027b20
22501105,512,2026,4,1,22501105,0b90b986-a596-471c-3fdc-2e3584392a2a
22501105,520,2026,4,1,22501105,414165cf-f716-24e5-5a2d-261f7ea7d5b3
22501105,526,2026,4,1,22501105,ad4c89ef-284a-06c7-6d92-bf508959a568
22501105,529,2026,4,1,22501105,82886cab-d41a-b5e1-866b-58ffb01007b3
22501105,531,2026,4,1,22501105,06afd705-b8a0-900b-31f5-2746889ed143
22501105,537,2026,4,1,22501105,b2ad7c71-e2c8-3f73-f457-3f8b5d11feca
22501105,568,2026,4,1,22501105,acc79c21-6552-7f73-e74d-f6c372e768a9
22501105,57,2026,4,1,22501105,4413ddc3-88f9-d036-8084-2ac96c11ea23
22501105,596,2026,4,1,22501105,bcb34822-1095-825d-8330-a26e96ad4336
22501105,602,2026,4,1,22501105,36fc4f52-01f1-596f-5ac0-23bd5e5dbf2b
22501105,617,2026,4,1,22501105,e69dafcb-f7d4-3929-c036-c7dcab82cac2
22501105,623,2026,4,1,22501105,89dde321-f2f6-2c89-4876-1fc27b66d178
22501105,631,2026,4,1,22501105,c609a7da-3a3e-686d-2b0c-f3e4b757510a
22501105,65,2026,4,1,22501105,b4ba88ed-a75d-0bd1-f2e3-1906d38ecd2a
22501105,7,2026,4,1,22501105,73959e92-92be-f0ee-ea63-da29a7054323
22501105,75,2026,4,1,22501105,d1592d1a-3a0e-1b68-8fc7-1edaa50edb60
22501105,86,2026,4,1,22501105,13bd51dd-9b1e-3ef6-9683-6b235de5ecde
22501105,12,2026,4,1,22501105,09444fdf-76c3-631a-446b-a1682d1929a3
22501105,134,2026,4,1,22501105,e9b54944-692e-ffab-c431-49ed36e9207f
22501105,211,2026,4,1,22501105,926a03b4-c094-194f-b0bd-ec81d2baadee
22501105,439,2026,4,1,22501105,57fd636d-c474-6bc3-7fc3-f884ed82af91
22501105,463,2026,4,1,22501105,ce68925f-0d2e-bd1a-a484-01476a772b6d
22501105,101,2026,4,1,22501105,7c17afc3-3758-5aff-efe1-64314d00f479
22501105,103,2026,4,1,22501105,121ae9b3-3edb-c2f0-c8f4-0fbd3db0f556
22501105,109,2026,4,1,22501105,2434cd53-b595-feb9-5468-7ac2c3d8a09f
22501105,111,2026,4,1,22501105,fe933349-83e8-61d7-7878-67f924b99833
22501105,113,2026,4,1,22501105,1d7f167a-99a1-06ce-3a31-43535c6d1192
22501105,119,2026,4,1,22501105,be93368a-f478-cf79-0a4a-74d4ddfc6b5a
22501105,121,2026,4,1,22501105,9b37f8df-5c9d-a11d-539d-93092d8c5f93
22501105,126,2026,4,1,22501105,1188cfe1-0e11-912a-178e-9c63970132d7
22501105,131,2026,4,1,22501105,21f3638e-1b82-20f9-99c8-1922b7f94910
22501105,133,2026,4,1,22501105,9a7931b5-bfb1-48cd-8eb0-7ba7bad7d4a8
22501105,137,2026,4,1,22501105,fb395ee4-8747-3adb-899c-1864f07ac6ee
22501105,139,2026,4,1,22501105,7413c397-9039-b224-5038-f74bdf273dab
22501105,14,2026,4,1,22501105,cf30ee9c-a171-e04f-0149-3d0cf2b893a1
22501105,141,2026,4,1,22501105,35ab7ae8-a6a8-0e42-2a4d-7c1500bbb850
22501105,157,2026,4,1,22501105,101d2ba5-d319-a8b3-f7b1-ac2414af0ad2
22501105,161,2026,4,1,22501105,7024d1ee-a04a-31c7-3f1c-c19d00d1641c
22501105,173,2026,4,1,22501105,3481cf4c-bf5a-4961-0578-66b6f464f876
22501105,175,2026,4,1,22501105,3da68804-2e0c-4b7a-6dc3-17194492bf68
22501105,178,2026,4,1,22501105,2adc74ff-9be6-479f-31b5-8d6b855567cb
22501105,181,2026,4,1,22501105,f31bb521-33a4-148a-25eb-07d99097b7fd
22501105,183,2026,4,1,22501105,cb285083-4f09-a746-8f3b-9db1e9664dac
22501105,192,2026,4,1,22501105,1e32c246-6bb0-725e-01b3-93089485f7de
22501105,199,2026,4,1,22501105,04a1bd7c-9d9e-d8dd-d28b-c748cf4e0c96
22501105,203,2026,4,1,22501105,49dd9ad0-c0fb-0a1c-3e62-512383ae4d19
22501105,21,2026,4,1,22501105,a852a691-50f5-72b9-140d-c9aa346dcccb
22501105,214,2026,4,1,22501105,eb8ffa70-919b-8237-0cf9-f50f3633bac5
22501105,216,2026,4,1,22501105,0b1a6355-794c-9a09-8834-e3139063b56e
22501105,218,2026,4,1,22501105,670833ef-7c67-1fd0-7503-5ec1b68d4b6a
22501105,227,2026,4,1,22501105,e5061822-2cd9-c351-3dcd-a97cf5e91fbc
22501105,23,2026,4,1,22501105,fdad01f3-904c-5efb-eb2a-bd1f11571061
22501105,239,2026,4,1,22501105,30abe031-99cf-f567-25ec-a6f8c2c4c728
22501105,24,2026,4,1,22501105,2173b6cf-2b3c-4b06-c5a7-6da423f0b0b8
22501105,251,2026,4,1,22501105,e7084f25-4393-8f83-0686-e3b8b3d54830
22501105,253,2026,4,1,22501105,193577e7-b430-6217-1811-4de1ea353b43
22501105,257,2026,4,1,22501105,f91e1938-e5a9-3828-5e76-4ac2c8a17ccb
22501105,258,2026,4,1,22501105,1a4c6141-e1f0-f495-f950-a22b6b25e414
22501105,26,2026,4,1,22501105,3b9ffcfd-5438-2611-dd62-fd2af379cd12
22501105,270,2026,4,1,22501105,5d934ca0-60bd-c56a-023d-6951a8a1f464
22501105,273,2026,4,1,22501105,95441ce5-d3b5-dfac-a6b4-b29f35dee628
22501105,274,2026,4,1,22501105,820f2a02-2011-db47-5984-d79965c16f4f
22501105,28,2026,4,1,22501105,19c139a1-9510-352c-945d-ecd2ba81e92d
22501105,281,2026,4,1,22501105,c4379c87-d09a-4e05-2dc5-83fe11eb9bb0
22501105,282,2026,4,1,22501105,1ecae0e8-9f2e-be8c-bceb-21404694eb01
22501105,288,2026,4,1,22501105,e6b54289-1089-bbc8-0cd6-67c8407287d2
22501105,292,2026,4,1,22501105,eb5b00a4-dff3-a598-d59b-8c3f101aa07c
22501105,294,2026,4,1,22501105,8942fd61-9675-35e7-cd03-6ca6aa8fabd5
22501105,296,2026,4,1,22501105,8aba5731-d880-9cb2-3181-b2b7c53c57d8
22501105,30,2026,4,1,22501105,5f6539fc-1c53-e18e-542d-60b843cadec2
22501105,309,2026,4,1,22501105,6632a82f-67e3-a59e-4ae2-c1ff95b04dd8
22501105,318,2026,4,1,22501105,ecd7ea25-fb80-faf7-a32c-e2aec2b64a83
22501105,321,2026,4,1,22501105,1e67ec1e-65cc-988a-a306-612bf4e5f54e
22501105,324,2026,4,1,22501105,05eb8677-231c-00a9-b50c-44b319535e8d
22501105,331,2026,4,1,22501105,6c7f288c-253a-8056-ceec-5ba9ace97a00
22501105,333,2026,4,1,22501105,7ec49310-0baf-0a32-62a5-6e7308e22c94
22501105,337,2026,4,1,22501105,c3ac6e54-1d06-9aa4-f647-9d635f9e23fa
22501105,340,2026,4,1,22501105,7865b9bd-660d-04aa-fbef-a58768963f49
22501105,351,2026,4,1,22501105,6b3c4cba-d76c-9865-ff15-5bc31534c5af
22501105,353,2026,4,1,22501105,aaec3837-e63a-955c-1b15-c5db515b0d66
22501105,354,2026,4,1,22501105,8b583714-e510-80de-5a0b-ab3c5f5a9d34
22501105,364,2026,4,1,22501105,53e37e08-b356-d9e3-107f-096bbfed9b5b
22501105,366,2026,4,1,22501105,bf2e9452-97d8-1108-4b13-ae2a510c6d13
22501105,368,2026,4,1,22501105,937c8c1c-ab5b-0fbc-248b-c987dc4e6c18
22501105,374,2026,4,1,22501105,ee30176a-be9e-6acc-f498-c5ee93554f4c
22501105,379,2026,4,1,22501105,93d2f8f5-2310-a281-1834-8aad4d162643
22501105,381,2026,4,1,22501105,d52c0645-21fd-180c-569e-0bed44f7af2b
22501105,382,2026,4,1,22501105,f27910e8-9883-769a-3cf6-339bbf08c15e
22501105,384,2026,4,1,22501105,4d195409-da0e-0501-c279-c30efc8ca4c5
22501105,394,2026,4,1,22501105,2c429823-8477-e2ec-2c65-47073d757d55
22501105,410,2026,4,1,22501105,cbe2b0c5-8f18-1d6e-761d-d0dee12c4ae0
22501105,415,2026,4,1,22501105,894afe00-8cc7-8033-f180-d687bc68064a
22501105,419,2026,4,1,22501105,67ab1c3d-a07e-99ee-78f0-232b5e27a9c1
22501105,424,2026,4,1,22501105,f696c83c-96b3-1f28-f9b5-65b432276390
22501105,442,2026,4,1,22501105,b6d87b5f-40db-0160-0578-f5bbb605a91a
22501105,444,2026,4,1,22501105,6a5f33e7-9e0e-21e3-2b0e-203ab5762ddd
22501105,451,2026,4,1,22501105,17962283-c287-2bfe-002c-8af4c2351301
22501105,454,2026,4,1,22501105,5f623cac-a37e-7683-fcc1-8b8a0ec7dc18
22501105,46,2026,4,1,22501105,b167e637-0a18-827f-e501-c5e0f777e651
22501105,466,2026,4,1,22501105,bdad71e7-3411-b51c-3665-fa1044d17cc4
22501105,468,2026,4,1,22501105,d0d426bd-4d20-6e4a-ace2-2184c2e6e286
22501105,470,2026,4,1,22501105,110d8f6f-76c2-88fd-38b5-baa4d3d6ccf6
22501105,479,2026,4,1,22501105,57e60988-60cf-9e6e-3057-ccf6996ad2f7
22501105,492,2026,4,1,22501105,d3ed9c73-7428-731f-d414-00f32723d1db
22501105,505,2026,4,1,22501105,e600cc1d-b4e5-f922-f7ee-e903b1c7581d
22501105,507,2026,4,1,22501105,45fd7540-3380-c208-0b12-b6496ba504f1
22501105,514,2026,4,1,22501105,e5a5a59e-b935-f0bc-749a-6066c29d6a89
22501105,522,2026,4,1,22501105,9c0da934-53f2-d47d-ca4f-b384c85c4dcd
22501105,524,2026,4,1,22501105,4e972fe9-7ac9-de05-a88d-90fabe237fa5
22501105,533,2026,4,1,22501105,5de73447-956c-18cb-212f-d5a60b14ee33
22501105,534,2026,4,1,22501105,c4d2a979-aa37-568e-2d2a-5e3cd9a277cd
22501105,536,2026,4,1,22501105,53c8d3d5-75b3-1eb3-3473-5c4f8614696e
22501105,539,2026,4,1,22501105,3c40d659-7996-f758-00ac-45b41d458a76
22501105,540,2026,4,1,22501105,648a9bb6-5e49-00df-eb9b-efa9847b28df
22501105,55,2026,4,1,22501105,9c3186cf-7b6b-ff89-1354-4f92f6a4cbaa
22501105,558,2026,4,1,22501105,178ce124-8daf-e300-dbbc-4f7ef8e2ddbe
22501105,560,2026,4,1,22501105,0318c99c-023e-0901-4e8f-9ace65377ee8
22501105,562,2026,4,1,22501105,ce881fbd-ae65-3acf-ad15-30a9dc1d673f
22501105,564,2026,4,1,22501105,a1e06cc2-3aa7-99d0-1c53-85619aaedf40
22501105,566,2026,4,1,22501105,ecf303b6-7491-b98f-dd6a-dcda41afd9b6
22501105,570,2026,4,1,22501105,929b9966-fac6-8602-bb1b-843c07c1d83d
22501105,572,2026,4,1,22501105,9676d8c2-c230-6891-dba5-25347dd75c2a
22501105,582,2026,4,1,22501105,674b7931-a6ff-196a-f04a-25f0daa42f60
22501105,585,2026,4,1,22501105,6bc410c4-d2cf-d980-af42-c6f85e8eb79e
22501105,587,2026,4,1,22501105,263c5b39-1d0c-1180-0d8f-24f27f6758f4
22501105,588,2026,4,1,22501105,1cb80cf9-3e71-8410-1aed-2fc83e68fe1b
22501105,593,2026,4,1,22501105,2e76546e-1f41-70a6-ca74-314f5ad1d091
22501105,598,2026,4,1,22501105,385c6837-2bd0-3a59-775d-42b2a3531d59
22501105,615,2026,4,1,22501105,6293133a-9ba7-cca2-1626-a7f083f68844
22501105,619,2026,4,1,22501105,83f63518-0605-98e4-a5d3-2ebb4442d29a
22501105,621,2026,4,1,22501105,0cb078ec-d152-74a9-aa55-71ca1bc967dd
22501105,625,2026,4,1,22501105,8b78c502-d78a-5f32-cda5-b7c5d46d3595
22501105,626,2026,4,1,22501105,98a351ba-736e-0e9e-b8f4-cf068a512933
22501105,629,2026,4,1,22501105,bf62b244-4d9b-28f7-6051-a68b3ab3324f
22501105,637,2026,4,1,22501105,ec6b5922-d839-e774-e1f8-fa115fe78e29
22501105,8,2026,4,1,22501105,8063be56-c9d2-ddd6-c530-48c4150c4dd4
22501105,81,2026,4,1,22501105,1036cd86-1db7-4d64-b948-d000e9bbbca4
22501105,82,2026,4,1,22501105,67e6061b-81a3-c175-063e-2f2eb8a8e71d
22501105,84,2026,4,1,22501105,428f4b88-0d28-c927-be1a-3bd6c6011f90
22501105,85,2026,4,1,22501105,1de640fc-b303-3af9-389a-e1dd1d9c3d45
22501105,98,2026,4,1,22501105,4300a89d-fca2-f3ea-9467-f0040fa0c671
22501105,102,2026,4,1,22501105,706054e6-0aae-ccd1-0a35-71d08ab8a7b2
22501105,104,2026,4,1,22501105,ca694000-7c95-46ad-6817-f4196730ced9
22501105,110,2026,4,1,22501105,08801c12-3ac2-4a0c-4ae7-0468ca6a63f2
22501105,112,2026,4,1,22501105,2211e68f-7860-b469-0171-3eaaca9fd632
22501105,120,2026,4,1,22501105,32a1f1cd-6923-fc81-1265-3d73fdfb302b
22501105,127,2026,4,1,22501105,d21ccb14-6f2e-064a-0eb8-441c42c11415
22501105,13,2026,4,1,22501105,83317e15-1245-c59c-1699-32b781d6cff3
22501105,132,2026,4,1,22501105,f24e430f-5911-3611-e744-44a2a0fb6ba3
22501105,135,2026,4,1,22501105,92deeb10-4537-8b80-bca7-23882e1a2415
22501105,138,2026,4,1,22501105,9c2aaa94-e57c-50c9-7736-38ada44d7f2d
22501105,140,2026,4,1,22501105,92f3e7fa-894c-b885-cc65-5a301709ca65
22501105,158,2026,4,1,22501105,870c14ff-3402-5df7-7620-ba261b0f3dd6
22501105,174,2026,4,1,22501105,735f9ff6-17ad-1ddf-6202-05219cd2d05e
22501105,182,2026,4,1,22501105,c17b1e83-87cb-d162-012d-397a779ce14a
22501105,184,2026,4,1,22501105,0c07c030-d9ec-70bb-ff73-c4ebc9b0ceaf
22501105,200,2026,4,1,22501105,3394be0e-7999-0740-3c84-b0d4fbcfc190
22501105,204,2026,4,1,22501105,d6e67e0d-d08c-a80d-e060-41261b32fb60
22501105,213,2026,4,1,22501105,087d341e-5dd2-6979-415b-849c29f430bc
22501105,215,2026,4,1,22501105,7e3f644d-a139-1f54-4187-a6428b259b0b
22501105,217,2026,4,1,22501105,2aa94eb5-9b27-868d-ea03-34d88913ca44
22501105,22,2026,4,1,22501105,2477ead6-d5d5-fa52-21ed-fb52fc62a51c
22501105,240,2026,4,1,22501105,8cd559a4-bd11-6a0b-b011-f952be0592f5
22501105,25,2026,4,1,22501105,87e79f0e-d00e-0d7f-61e1-8b178eac3da5
22501105,252,2026,4,1,22501105,eb2d3939-dcd7-b66f-d806-4e266e50d419
22501105,254,2026,4,1,22501105,5dd527f9-0182-8490-a1ce-60b3bdef288b
22501105,259,2026,4,1,22501105,b98db559-f163-8a07-2bb1-ab16c122e2d7
22501105,27,2026,4,1,22501105,288daea0-a5a9-a23f-7019-acb2b21a8619
22501105,283,2026,4,1,22501105,fd6f6211-9c67-31a2-0138-ef2719be4b3f
22501105,29,2026,4,1,22501105,83ae65ce-d72e-2da2-5fed-a7e829adf04f
22501105,293,2026,4,1,22501105,cfedde5c-c33f-7559-6c9b-510c1f30570d
22501105,295,2026,4,1,22501105,d918da76-6361-20f1-7ee0-b17f16e30221
22501105,297,2026,4,1,22501105,7c1638f7-627d-7a90-649c-56e2582efe12
22501105,310,2026,4,1,22501105,8e4a1766-5bc0-e74b-5c30-4f8c308ff692
22501105,334,2026,4,1,22501105,03aa9a7b-5332-0e87-1409-8455eff9032c
22501105,352,2026,4,1,22501105,7758d159-a0ef-832b-4ef9-7d8b46529f84
22501105,365,2026,4,1,22501105,d4083446-9eb3-92ae-9378-bfe037f38d9e
22501105,375,2026,4,1,22501105,790f56f3-7c60-a010-5642-cbc279dd6e9e
22501105,380,2026,4,1,22501105,700fb9ab-30a9-c196-8f66-d1c252c20f76
22501105,383,2026,4,1,22501105,156e013c-16a2-534b-987a-744126e097e9
22501105,385,2026,4,1,22501105,a85bd592-3500-a877-b3ae-17d1669c7b00
22501105,416,2026,4,1,22501105,7b09f76f-a17e-4fc7-6ddb-c1553207d12d
22501105,441,2026,4,1,22501105,c1cb6c5a-a050-95da-df6a-67b0af347455
22501105,445,2026,4,1,22501105,2e8f8096-d2ae-c516-c9fb-ec0d8d8c33a2
22501105,455,2026,4,1,22501105,f1ad6b02-ef20-ce7a-66f9-45c09ea2a3ca
22501105,467,2026,4,1,22501105,28a6f868-1aea-25a4-7078-4ea5e097a2ef
22501105,469,2026,4,1,22501105,71fcb471-ece3-11a6-fb29-882a10bd6100
22501105,47,2026,4,1,22501105,0d4094b8-10fd-4dbc-be13-53e13c14f8ad
22501105,493,2026,4,1,22501105,e85c1e34-3dbc-7faf-42dc-d055887fd75f
22501105,506,2026,4,1,22501105,ba6aeccd-3b38-bf96-46c8-d773ba31af41
22501105,523,2026,4,1,22501105,cbc1a39c-3f84-3ce3-c1ba-38781c41e7c5
22501105,525,2026,4,1,22501105,40c87195-ff4f-8919-ea72-d2b353e34910
22501105,535,2026,4,1,22501105,dba7df06-c510-4771-1b76-019fed7192a6
22501105,557,2026,4,1,22501105,b4ef89b4-0c35-17ed-915f-1831f8ce7090
22501105,559,2026,4,1,22501105,98f8847d-b6f2-a72c-2c36-c78ddf83fa40
22501105,56,2026,4,1,22501105,922a27af-44d6-2c39-486e-6a30ffe019e5
22501105,561,2026,4,1,22501105,98ab9c14-1c35-768a-3f36-b62243fa5803
22501105,563,2026,4,1,22501105,18b4ca62-3254-8c33-d7da-1ba5d3aa5636
22501105,565,2026,4,1,22501105,a7fce179-6e19-43ed-5d08-4124ca248072
22501105,567,2026,4,1,22501105,b0a3e76a-89d4-bda3-a0e1-e4f4ffd6fe1f
22501105,571,2026,4,1,22501105,c5500d6c-f43b-05f2-0e09-a4fabe711804
22501105,586,2026,4,1,22501105,2ee10691-8144-8f68-22bb-6ce47311944b
22501105,599,2026,4,1,22501105,ec65a172-793b-f062-2dc1-0439ffde697e
22501105,616,2026,4,1,22501105,643470da-6cde-4349-9b30-c414a115a970
22501105,620,2026,4,1,22501105,7e1f99e3-f7b4-b872-49a7-39635a8fbf52
22501105,622,2026,4,1,22501105,9bf96ddc-da56-bdbf-b8fc-baa6d89806b8
22501105,627,2026,4,1,22501105,3dff1a67-47cd-a7e4-1fe8-d5318f81b23d
22501105,630,2026,4,1,22501105,cf79ddc5-0dd3-b5ce-7386-0a8d79620614
22501105,638,2026,4,1,22501105,ddedbfef-3ff1-7831-4ebd-071cc4a99542
22501105,72,2026,4,1,22501105,40ce96dc-9464-d924-2eed-665c60dc8a24
22501105,83,2026,4,1,22501105,9c87b8b1-2618-3b4d-f571-706cf07ea9c7
22501105,99,2026,4,1,22501105,715c68d5-546b-8ddf-ff22-ccf4f3493460
22501105,10,2026,4,1,22501105,6746405f-3b12-3a7b-7194-84355dba97af
22501105,105,2026,4,1,22501105,ece466b9-1994-7751-4f34-774f01c27519
22501105,301,2026,4,1,22501105,1517c95c-5a20-fbee-b54f-f0249d6e883f
22501105,305,2026,4,1,22501105,76563ed9-c6c8-7798-9841-4b972affced9
22501105,389,2026,4,1,22501105,758e1b05-b7f8-571e-7dca-07cd301f6457
22501105,397,2026,4,1,22501105,ed516167-8363-6872-eb78-ca392e4a4ca3
22501105,401,2026,4,1,22501105,9b374957-e5d4-a3ab-aad1-8623028c89ea
22501105,456,2026,4,1,22501105,dbe3314c-be4f-cf14-e377-df7b4c5046b5
22501105,594,2026,4,1,22501105,6553f2ec-2e12-eef0-b562-d148b1e69e86
22501105,639,2026,4,1,22501105,3c155142-4ab5-c1ae-4953-69ac47b48bc8
22501105,73,2026,4,1,22501105,85aac9d5-ecd8-7afd-1b38-6e704a357160
22501105,77,2026,4,1,22501105,51661b4e-fb46-6f67-5831-7c3ca9de8d70
22501105,79,2026,4,1,22501105,afff2aff-5a0a-af80-0795-85ec0cc61756
22501105,151,2026,4,1,22501105,6f63bdc8-344a-3d30-e660-e03b6eed0374
22501105,187,2026,4,1,22501105,000f39a1-b26b-ad00-b620-f668143924ce
22501105,241,2026,4,1,22501105,7b62abb7-6438-e619-70f7-1810260f9df2
22501105,298,2026,4,1,22501105,7c565c53-8c12-d63f-8852-d9019c97b543
22501105,477,2026,4,1,22501105,3e471578-d98c-75f7-4b5c-d4c62d5d715b
22501105,494,2026,4,1,22501105,6d5f36b5-ecdb-2a82-de71-551b2214019c
22501105,600,2026,4,1,22501105,f9ee016d-ef29-1271-c06c-e3bc074eae5b
22501105,88,2026,4,1,22501105,7b320721-c5c5-4830-f7eb-1396c26bcc13
22501106,10,2026,4,1,22501106,3adca86a-0e57-f36c-5c85-4d98eef4e087
22501106,114,2026,4,1,22501106,1ec3b177-b103-f634-af1e-ee8e7307803a
22501106,120,2026,4,1,22501106,c1f63bca-bf23-7f56-18cb-c46d50751994
22501106,123,2026,4,1,22501106,874b190c-2157-c69e-d773-d79a30968ab9
22501106,13,2026,4,1,22501106,d1b8b17b-1c58-9065-6a5d-ff9c35e55ebc
22501106,133,2026,4,1,22501106,21461463-88a5-4ce8-734d-b6ce354a8362
22501106,135,2026,4,1,22501106,c1802dd3-20ac-3ca7-f153-2af65d3f2c22
22501106,156,2026,4,1,22501106,95b4c613-7863-e145-3fee-395e1ee1ef8f
22501106,16,2026,4,1,22501106,3ede7d75-0f60-396b-2923-e371513af6a3
22501106,165,2026,4,1,22501106,faa0cce6-3559-23ef-ce2c-29fa99d12626
22501106,201,2026,4,1,22501106,1d39bb44-7bce-a9e2-9a9c-4f1eb28e34c2
22501106,220,2026,4,1,22501106,917df611-7c03-9a33-ac8b-03ee2c614609
22501106,224,2026,4,1,22501106,4b41ae73-5acf-5d15-6ae5-ae394d41d372
22501106,228,2026,4,1,22501106,8d152b76-f3a5-29b0-00fc-c0aae20c9593
22501106,233,2026,4,1,22501106,cde56895-bdd1-774e-cb2e-300f8dda6e2e
22501106,248,2026,4,1,22501106,3f7b6114-6aef-68a1-e62e-032b9248a608
22501106,266,2026,4,1,22501106,b4c983fe-1735-4249-c809-6fde60490c0f
22501106,286,2026,4,1,22501106,2b6f8921-90e1-480b-6916-6e6622e0917a
22501106,304,2026,4,1,22501106,415ec129-94bf-8c84-6cf6-90d5121a341d
22501106,31,2026,4,1,22501106,6ce8712f-d28b-5c05-a895-18ca6091b097
22501106,338,2026,4,1,22501106,1b7d5583-2e24-a8eb-d42c-d083a7c97668
22501106,348,2026,4,1,22501106,2cc94785-8352-0205-b588-7ee0f8379bb3
22501106,355,2026,4,1,22501106,cf1d4450-e74b-5a3d-3fa1-a249d5db6812
22501106,364,2026,4,1,22501106,1c595c0f-ea1a-b030-373b-0bca3c3cbc47
22501106,375,2026,4,1,22501106,5de293b7-0fbd-fb49-c115-5f667c4abf33
22501106,386,2026,4,1,22501106,90f7a985-3fdb-513f-b368-4163e645fb97
22501106,389,2026,4,1,22501106,03c93ccc-7ec4-87e7-829e-8a8baf346109
22501106,399,2026,4,1,22501106,06c37e7a-aaea-41f3-3fd9-c29bc95bd09c
22501106,403,2026,4,1,22501106,c822e056-d0bd-ae84-7bac-bc3a45f7cebd
22501106,408,2026,4,1,22501106,21a9ad54-c848-f5a7-d8f4-4e28a325ab92
22501106,419,2026,4,1,22501106,cbe19e26-adaf-d708-a731-9fe4406752bf
22501106,442,2026,4,1,22501106,5dd65055-2894-9ca3-220d-db0334aecf09
22501106,448,2026,4,1,22501106,71997793-b03c-5dd0-27f0-958a33f8b653
22501106,450,2026,4,1,22501106,35c152dc-4ca6-f15d-40a6-0f5653702dc4
22501106,452,2026,4,1,22501106,3e08d80f-de1a-1495-8402-9d5c62b7d75a
22501106,454,2026,4,1,22501106,5bf90367-bfb8-c568-6a02-f628f1ceeb2e
22501106,456,2026,4,1,22501106,db470dd1-1911-1dad-e040-536d8bf2d83a
22501106,458,2026,4,1,22501106,cbce731e-96f6-fc18-efbb-79ab5928ea30
22501106,46,2026,4,1,22501106,80482b9c-749f-d6b6-1e80-cbf3843d7fc3
22501106,466,2026,4,1,22501106,df52e658-bd76-7e89-35aa-8254a1073ff2
22501106,47,2026,4,1,22501106,b3f525b1-d0a5-fd8d-9dd0-92cc74787aeb
22501106,470,2026,4,1,22501106,010f6510-38a9-1e0f-a25d-2ce6fa95e582
22501106,474,2026,4,1,22501106,88e74791-3fc9-0f39-c6a6-bc4b2f29205d
22501106,493,2026,4,1,22501106,7cdb0c70-c71a-0a6d-941b-e9910b8ec649
22501106,504,2026,4,1,22501106,ffcdc369-b7df-62c5-06df-9505ad9dec54
22501106,511,2026,4,1,22501106,bf24b4f5-ff2f-0eaa-1aec-13fcab70a982
22501106,523,2026,4,1,22501106,b2938ca7-e75e-4a94-66b0-372495823190
22501106,527,2026,4,1,22501106,d503fb91-48a4-a2be-1d13-68f5238fee2e
22501106,529,2026,4,1,22501106,c6f88831-f081-7aed-15df-a500fbe0bed4
22501106,557,2026,4,1,22501106,ba1e5f96-bc76-4bed-195e-b9302ff9efad
22501106,565,2026,4,1,22501106,cd169461-7d2f-a1ca-4526-ff0f2fd68eb4
22501106,580,2026,4,1,22501106,97789eb1-caa4-0a5f-415e-9b19417732e8
22501106,583,2026,4,1,22501106,c66d8044-a117-7433-190b-021c110d1f6e
22501106,598,2026,4,1,22501106,62cdb8cc-a5de-0cff-fda1-c6ff133aa58f
22501106,636,2026,4,1,22501106,0bc2a75a-bcdb-4cdd-c238-a20b1dd2d399
22501106,64,2026,4,1,22501106,889ba7ec-5c53-6a52-d6ba-87c0dea301c5
22501106,7,2026,4,1,22501106,e257054e-2ebe-3f1a-9ca8-fef9671d1c30
22501106,78,2026,4,1,22501106,c2e56244-e39d-8823-2cfd-c5841cc5a5ef
22501106,81,2026,4,1,22501106,90c92c7a-ce75-cfd5-6485-3748e4ff9fe0
22501106,87,2026,4,1,22501106,2f414025-cb9a-efde-08fc-6fb2ed1dc316
22501106,9,2026,4,1,22501106,f74d6806-cc73-8e24-1814-7c9decb6d47c
22501106,110,2026,4,1,22501106,8d95b192-449a-5c13-8748-59c3e513dd18
22501106,159,2026,4,1,22501106,41ad1021-2bcc-56a3-de68-b92ae12d9cb5
22501106,167,2026,4,1,22501106,47fede79-2adf-13e2-09ac-535bd7654e7a
22501106,189,2026,4,1,22501106,7efcac9c-3af2-8069-4914-cd4639104701
22501106,226,2026,4,1,22501106,80423d83-1cd6-9bd6-79ff-26aa41f3f192
22501106,237,2026,4,1,22501106,1ff538f3-94cc-7643-5f13-9decc56b06e9
22501106,241,2026,4,1,22501106,1fc1b15b-b701-f841-5c7d-03fcd506ae32
22501106,263,2026,4,1,22501106,efc288fd-e81b-1efc-2f82-e323fb020406
22501106,268,2026,4,1,22501106,d11ea582-d0be-d8a0-42d3-eeefc2499061
22501106,298,2026,4,1,22501106,e27bfcae-bc07-6fe6-b0a4-654de7fbbdec
22501106,39,2026,4,1,22501106,3bf9dfe9-a5c2-e340-662e-1fb74bbbd601
22501106,632,2026,4,1,22501106,f004557e-8f38-decc-2520-c64938b894fb
22501106,108,2026,4,1,22501106,13c15821-5a30-ee81-99d9-5240072d085b
22501106,116,2026,4,1,22501106,a6ed2ee4-6928-0b5f-0179-a930c24174b6
22501106,118,2026,4,1,22501106,7b5469de-39c6-bac2-3911-feea97d719db
22501106,12,2026,4,1,22501106,d598a8cf-bd3b-5085-734d-15cae62fe125
22501106,121,2026,4,1,22501106,5e3e58d6-471a-6511-62ac-ccff373cca91
22501106,129,2026,4,1,22501106,6e4fd53d-bfc3-f378-a88b-27dc738f3902
22501106,136,2026,4,1,22501106,c8654459-78a9-58d0-c183-828d7cdde7a9
22501106,138,2026,4,1,22501106,ddfff90f-365b-b160-b23a-7fa54d381aa8
22501106,140,2026,4,1,22501106,ca0bc4db-c4de-3f55-c17c-1a1b7dc60dcc
22501106,142,2026,4,1,22501106,4fadc81f-98b9-3b93-8b59-af6af501a928
22501106,15,2026,4,1,22501106,be50e3f8-94fd-f048-48a6-a828a081c5cd
22501106,163,2026,4,1,22501106,7c1b0b99-ae65-7b65-7791-3830ee9c65de
22501106,170,2026,4,1,22501106,11951ba7-1833-7ef1-3786-ec5429e20cc3
22501106,172,2026,4,1,22501106,c24ac8b9-a2b3-bad0-81b0-aaf3f2f76e04
22501106,187,2026,4,1,22501106,1d700d51-9d08-f890-c7af-e60729666f29
22501106,192,2026,4,1,22501106,6ea9e046-6e30-a40f-8ffa-9300c89926bb
22501106,193,2026,4,1,22501106,6e20de14-e4df-6275-1fa8-20c3b2decb13
22501106,203,2026,4,1,22501106,3df9351e-655d-c868-e186-686de03f2428
22501106,205,2026,4,1,22501106,e35c3442-aa5c-1b87-b315-d103fe4b0c44
22501106,209,2026,4,1,22501106,1d00aaf6-471e-4988-2833-f62de7abfe7d
22501106,23,2026,4,1,22501106,57198bbd-76b2-372e-66ee-9b874bbedc30
22501106,235,2026,4,1,22501106,bfd5e4b6-694e-f723-af06-b6e66f41b4ab
22501106,236,2026,4,1,22501106,e39eaf69-fd05-d8f1-d99e-e2afd8e7f78f
22501106,244,2026,4,1,22501106,4ed6f974-28d4-fe55-aaa9-537f169c319b
22501106,253,2026,4,1,22501106,fdf02775-7235-0c40-86c9-d04aca344805
22501106,254,2026,4,1,22501106,c76cc508-c9cc-51de-a95a-352c57e78ae0
22501106,256,2026,4,1,22501106,2cb1a36a-956e-ca73-0852-496bc336db97
22501106,26,2026,4,1,22501106,1de30ec5-4a00-685f-be96-2c2710ba62db
22501106,261,2026,4,1,22501106,b74297b4-0ce3-84bf-779b-2f1252caad3c
22501106,271,2026,4,1,22501106,b9735f92-5ba2-edf1-6500-f192f4b8f7c3
22501106,272,2026,4,1,22501106,e86117e3-f241-e8ff-9576-9be4133e16f2
22501106,274,2026,4,1,22501106,1ee0c1f6-d841-d3cd-b0fc-5f241f93071f
22501106,288,2026,4,1,22501106,16151167-567a-d7df-e0ec-892b5d55406e
22501106,289,2026,4,1,22501106,bf3fd1fd-7cc1-f34d-ab5d-c5f74ba232d0
22501106,291,2026,4,1,22501106,8d40538d-8a55-5a70-21b4-027e71248fb3
22501106,296,2026,4,1,22501106,a898ecc0-0975-e649-baf5-59f15d7faa58
22501106,303,2026,4,1,22501106,3bfd7406-746b-0178-39e4-4aea6c7396fd
22501106,306,2026,4,1,22501106,e8c3808b-8452-15b6-1377-01889593fd1c
22501106,308,2026,4,1,22501106,228f76ec-f445-56c6-bbfe-57713d32e498
22501106,313,2026,4,1,22501106,0f4906b2-7a26-8308-00a8-04c94baa8be2
22501106,315,2026,4,1,22501106,f2593d2c-f8ff-6afb-6be4-5083d2952f03
22501106,324,2026,4,1,22501106,fee14da8-1bf7-c063-dd34-4650541b8be9
22501106,326,2026,4,1,22501106,9cfb8b3e-a632-7317-9841-6b7df9423dd6
22501106,327,2026,4,1,22501106,88ab7262-246e-ad44-63df-7d690178e74f
22501106,330,2026,4,1,22501106,ef965823-8243-02c5-3b52-21d4f7715374
22501106,335,2026,4,1,22501106,4ba55b12-eecd-2aa8-40cc-eedd6e878959
22501106,340,2026,4,1,22501106,2dcc4a17-197a-ba26-803e-8a8e27d81550
22501106,353,2026,4,1,22501106,7a6b43f1-7848-8f71-6128-2dcfc95085f9
22501106,362,2026,4,1,22501106,466923da-30c3-2120-7ef4-129564ca7f42
22501106,367,2026,4,1,22501106,533a570e-6f0d-5da4-014e-aee625622864
22501106,37,2026,4,1,22501106,49ec112e-8cd6-4491-70fa-d326b3f70472
22501106,374,2026,4,1,22501106,af397999-9707-e4ee-fd87-ac7929e2dd20
22501106,380,2026,4,1,22501106,a74388b4-2b65-0b8a-120d-1c8c04fdf571
22501106,395,2026,4,1,22501106,9aa903bc-4cbd-3239-80c3-b8f8b7816f71
22501106,401,2026,4,1,22501106,4324be8a-b568-2089-776d-1b4effde6b37
22501106,405,2026,4,1,22501106,2f457a6c-a86a-f69d-960f-f73cdb1867e1
22501106,413,2026,4,1,22501106,7ccea0b9-feff-a952-3b2b-bb0856ff75fe
22501106,415,2026,4,1,22501106,c1054c4c-9e93-1a3d-7722-65aa4c516e89
22501106,417,2026,4,1,22501106,e8e30250-031c-cd54-8612-e476abdb29cf
22501106,426,2026,4,1,22501106,685af112-df59-2612-2121-11c76688f2f5
22501106,428,2026,4,1,22501106,42674dc5-2628-ab9e-a90f-71d8bc15c8e6
22501106,43,2026,4,1,22501106,bd1e05f5-705a-5e09-37d9-e8ce3d0c535f
22501106,432,2026,4,1,22501106,b44db1da-938a-b809-452d-e0552121652d
22501106,434,2026,4,1,22501106,32740352-8af6-638a-3274-17aaf54d798f
22501106,436,2026,4,1,22501106,22d4c8be-2092-3811-8cf0-f23c002d8555
22501106,444,2026,4,1,22501106,76b5ff57-04b5-16d5-549a-f13e885dcd07
22501106,445,2026,4,1,22501106,ef34a23e-21d7-3a3f-7839-c2906d02821d
22501106,45,2026,4,1,22501106,7ba49952-cf1e-50dc-9e52-cd5f5c03fd3f
22501106,460,2026,4,1,22501106,2605c867-7f5d-1f5d-48bd-4ff0a01a82d7
22501106,464,2026,4,1,22501106,7fde390f-f215-2547-ac32-b1adfed38395
22501106,468,2026,4,1,22501106,769e35dc-05b0-839f-72e5-fbe8cd539dd5
22501106,472,2026,4,1,22501106,425f2f10-b294-0705-7d5e-bba17b319318
22501106,476,2026,4,1,22501106,dd6d4105-b62c-2d83-385b-883dc18cb12a
22501106,486,2026,4,1,22501106,0d1d5a63-0110-c15a-2ea2-09207870a6fc
22501106,488,2026,4,1,22501106,ebd55238-7030-1285-f0c0-5040d37e3ea3
22501106,50,2026,4,1,22501106,f03fcb62-02d3-0285-3f17-bb2c821e3a60
22501106,506,2026,4,1,22501106,5ab41f9a-65da-2fbc-dc00-218c695a0ce3
22501106,508,2026,4,1,22501106,a8676bb4-e992-6d0b-ffe2-7966b8cafd04
22501106,51,2026,4,1,22501106,44be4106-bf23-010f-53c0-d0c96d451f27
22501106,510,2026,4,1,22501106,9ed575aa-110b-0fbb-35ec-b8bdab42585f
22501106,521,2026,4,1,22501106,97302f2d-b312-a894-5e02-a978e4d44f8f
22501106,526,2026,4,1,22501106,393d9973-7d9e-3e3e-5629-ad287eb814b9
22501106,53,2026,4,1,22501106,e5631e8c-be17-3c7b-f551-4c73c75021a7
22501106,539,2026,4,1,22501106,e15ad56d-dc26-987d-9ba4-c33d8c7be269
22501106,549,2026,4,1,22501106,ab6d3f25-e2f7-0b31-7e52-8e53caaa592b
22501106,55,2026,4,1,22501106,166a2f11-bf32-e531-dc7f-a620e2545a3a
22501106,551,2026,4,1,22501106,9e90a581-1947-54ca-9cb5-97f07967c8d7
22501106,553,2026,4,1,22501106,8444523d-e454-653f-0057-67bfeae9d441
22501106,554,2026,4,1,22501106,82310693-2b35-0691-fc88-a1e32ccb06de
22501106,556,2026,4,1,22501106,80cd072a-96ec-ae4d-182b-4cb51164526a
22501106,559,2026,4,1,22501106,67db4bfb-60aa-ca7a-3d97-f87906af385a
22501106,567,2026,4,1,22501106,09718c43-236c-616e-8616-718b80a9ea40
22501106,568,2026,4,1,22501106,16f3768d-b75c-71f0-3141-f1e13f05c942
22501106,576,2026,4,1,22501106,7169b468-4615-d3d4-be59-e64cf1380643
22501106,577,2026,4,1,22501106,8e691831-ff7d-f023-3a03-01aba15d1792
22501106,578,2026,4,1,22501106,c397b25d-0668-246f-9e92-c882a7642c0d
22501106,585,2026,4,1,22501106,be4cf993-c1d8-cfb3-37f3-5919ed91c810
22501106,590,2026,4,1,22501106,12655fff-b331-8436-8735-f46d1180f299
22501106,592,2026,4,1,22501106,b123bda3-9bd5-b4c8-c011-fc5ab1c55ae9
22501106,604,2026,4,1,22501106,2d701567-87bd-eafc-d87d-27fb485360b9
22501106,616,2026,4,1,22501106,d40602a8-8e34-deb5-1cf7-3f86f0dbb900
22501106,620,2026,4,1,22501106,d3a7477c-9b03-f140-9005-bd4abe889868
22501106,625,2026,4,1,22501106,5962dfb8-e9e5-0d9b-766c-3a288b693a31
22501106,627,2026,4,1,22501106,34cf40df-fd5d-62a5-b28f-0dd26336f534
22501106,629,2026,4,1,22501106,a13d97d6-43a5-ea21-7841-5bb15cc995a4
22501106,630,2026,4,1,22501106,47e41b26-9569-0f23-eb2d-fced6dc54a95
22501106,631,2026,4,1,22501106,3e76eb8b-9f6f-b16c-0140-e1a33759acb5
22501106,635,2026,4,1,22501106,1f802a0f-7a99-0623-85b4-f6bd8a310527
22501106,638,2026,4,1,22501106,add99fd0-c015-b5f6-2edf-6ba4d17da9b2
22501106,77,2026,4,1,22501106,629487ce-3b85-a142-fb6d-78b7da36e13a
22501106,80,2026,4,1,22501106,6998c788-fc92-e889-22e7-1cbe1a33de81
22501106,93,2026,4,1,22501106,8d2d33e1-6702-234f-f118-75bb9b692572
22501106,95,2026,4,1,22501106,d8d83b14-e0ab-87c0-c7a2-94635ec7ad9f
22501106,97,2026,4,1,22501106,33c62b64-452f-7589-c695-759f0f900419
22501106,98,2026,4,1,22501106,e4f37328-73c9-5aab-2b59-e47a347c4242
22501106,109,2026,4,1,22501106,f481274c-9b8d-981f-192c-72c8770c4f6d
22501106,117,2026,4,1,22501106,d290e6c7-6563-840d-bfde-4e92d3540a6d
22501106,119,2026,4,1,22501106,fcaa0954-31fe-3fa2-37c2-4ed788896aad
22501106,122,2026,4,1,22501106,c6bd1dce-46b4-ead2-b2d9-e9028c4c5ddc
22501106,130,2026,4,1,22501106,d4748b99-dbf9-5459-aea2-56976a8f2502
22501106,139,2026,4,1,22501106,627038d1-625a-53aa-243f-79d9feed0565
22501106,141,2026,4,1,22501106,8f7a4a66-b26b-cb32-3b1f-d150e83c041d
22501106,155,2026,4,1,22501106,49756c2a-f921-7b54-600a-707153efc9f9
22501106,164,2026,4,1,22501106,82c60086-5ba6-4e2a-d39b-406ff049455d
22501106,169,2026,4,1,22501106,da2abc7e-95b5-919b-48a9-eb46de491c2e
22501106,171,2026,4,1,22501106,4c3567ef-8cc5-1b4c-10a8-c94cf8dd34a3
22501106,188,2026,4,1,22501106,702b5f7f-4a63-47af-fb42-54fe34fe3905
22501106,191,2026,4,1,22501106,73ad075d-3f3d-4d28-abad-1553ec2dd570
22501106,194,2026,4,1,22501106,098e4bcb-8848-60f2-f742-b2850838467f
22501106,204,2026,4,1,22501106,d541ea3b-25b8-ce62-cd45-c22aa4540559
22501106,206,2026,4,1,22501106,b066c013-9a58-9cd9-2121-fd020cdc5765
22501106,210,2026,4,1,22501106,a3e7d424-59f3-89a8-6e9f-74e484082d1f
22501106,227,2026,4,1,22501106,eb38d500-a78a-4c1a-9cc0-6256a6d78584
22501106,24,2026,4,1,22501106,610b2908-fe56-6bb7-892e-6fda96a7742b
22501106,243,2026,4,1,22501106,5f198584-ee2a-37ef-d391-66e89df08732
22501106,255,2026,4,1,22501106,5cbfcc6e-995e-5925-5bb7-e4967a1358b8
22501106,257,2026,4,1,22501106,888ae6ef-4326-86ef-0f9e-6360ec999066
22501106,262,2026,4,1,22501106,e7769466-311c-3f22-8e13-be03bace4157
22501106,265,2026,4,1,22501106,ac4aa72d-19f4-872e-83cb-e03b9d112eb3
22501106,270,2026,4,1,22501106,afbc17f1-786f-121c-d2b2-6564249f780a
22501106,273,2026,4,1,22501106,1bec5a3c-3136-9295-4e8d-77ff457660ab
22501106,290,2026,4,1,22501106,b0aac573-a15d-db9c-087f-b1ebafb7a621
22501106,295,2026,4,1,22501106,895777d1-f606-20a6-20f4-dfd4ebf2d323
22501106,297,2026,4,1,22501106,81eee9b3-1c17-5a00-be3b-f8afb6a06c8b
22501106,300,2026,4,1,22501106,b0aa499f-d247-f3ce-db7e-a1e89f720bc6
22501106,307,2026,4,1,22501106,608fb6fb-2f5e-36f7-cf88-9ab512eb4166
22501106,314,2026,4,1,22501106,4615c57d-f4e6-c382-e8de-16e9a422d37b
22501106,325,2026,4,1,22501106,25685d21-640d-4f55-262c-aa3fb8a5c222
22501106,328,2026,4,1,22501106,80ebcc13-a44b-16d9-d434-96235c336c66
22501106,331,2026,4,1,22501106,c6bb6c6a-b5d8-7b1f-f655-a445cef149e3
22501106,352,2026,4,1,22501106,31991884-e57a-3aca-0ce9-ffb4c2fcf967
22501106,354,2026,4,1,22501106,2bf40b51-22c6-fcb0-d368-f458802b4b89
22501106,363,2026,4,1,22501106,6ef80608-dc1f-3d4f-7c7a-c79046beca7b
22501106,368,2026,4,1,22501106,b242c2ed-d1d2-fa2e-ad00-c3d88148476a
22501106,373,2026,4,1,22501106,bbea1305-b90e-e0c4-d93a-cd878f2e2104
22501106,38,2026,4,1,22501106,4c31ed3b-77be-ea65-cbec-8e5b4228d7b2
22501106,381,2026,4,1,22501106,58c84e62-832a-500b-63e0-b47c05345028
22501106,402,2026,4,1,22501106,951588f8-9a07-1e7a-f353-a3b6241b0c16
22501106,41,2026,4,1,22501106,318beda8-458e-5205-6399-4ba896fd5aaa
22501106,414,2026,4,1,22501106,17f92fcb-35d6-f3e9-ce14-0a7f2e124d08
22501106,416,2026,4,1,22501106,44264076-f58e-b8a1-d5aa-f6197cf5e80f
22501106,427,2026,4,1,22501106,8d7c6ac8-1d02-36ff-9189-fbf48d8662d7
22501106,433,2026,4,1,22501106,82b4fca1-2969-6996-49f1-8009a33386b8
22501106,435,2026,4,1,22501106,2f426e6e-8cc1-0c78-4bfd-94e562fa5d02
22501106,44,2026,4,1,22501106,303cd731-6c86-9d50-e147-534be042525d
22501106,461,2026,4,1,22501106,3b97df97-c9da-6aa3-018c-de442548d68e
22501106,465,2026,4,1,22501106,40933397-71e2-d938-68e8-ea540f1bfe74
22501106,469,2026,4,1,22501106,70285900-8ae0-79d2-84e5-47b8a68c6b8f
22501106,473,2026,4,1,22501106,64a07c19-ef2a-3e9f-cc7e-aac172ab43c7
22501106,487,2026,4,1,22501106,543ae3cb-55f2-de57-54b5-309e497a9846
22501106,507,2026,4,1,22501106,f3ffdad0-8aee-7d35-4b84-b816533ffebb
22501106,509,2026,4,1,22501106,5fcd9042-5d64-e316-2732-de1aade97a02
22501106,52,2026,4,1,22501106,5a16316d-8c32-fc10-7ea7-35fc714ca5c6
22501106,522,2026,4,1,22501106,d5842a21-fd36-6371-dbb6-8006fd33cf75
22501106,54,2026,4,1,22501106,eb193fd8-dd5a-f0c6-2776-7e516b905e65
22501106,540,2026,4,1,22501106,6dc89a75-3329-c7b0-e3da-fa463d5757bb
22501106,541,2026,4,1,22501106,4f5631e4-7655-2814-2ff7-eb84eba730b7
22501106,548,2026,4,1,22501106,def34345-e901-2977-61f9-18874abdf1ee
22501106,550,2026,4,1,22501106,edd62d12-d066-08c4-20b0-195f7dee44ce
22501106,552,2026,4,1,22501106,6c92acce-ca3c-ff43-44da-a9b28cf09173
22501106,555,2026,4,1,22501106,9b58970f-31b7-b334-7e0e-42495dd7ebba
22501106,56,2026,4,1,22501106,f0a7009d-85e1-de18-5d6a-8b0db0536435
22501106,560,2026,4,1,22501106,b9ef2b57-ded7-6634-53cc-d92e57a31146
22501106,569,2026,4,1,22501106,78057945-0c91-3c06-5b61-bf633c8e798a
22501106,579,2026,4,1,22501106,d70f3857-eac3-c9d8-d068-7fe4f24a2818
22501106,586,2026,4,1,22501106,9bdd0e78-3bd9-452e-38c8-9554f4499039
22501106,591,2026,4,1,22501106,3808e8c1-30c5-1cce-a37e-7df7efe3a7a8
22501106,615,2026,4,1,22501106,b27057ee-f84b-b688-5057-8a07137bd221
22501106,626,2026,4,1,22501106,b986bb3e-9c95-d9af-71ed-0689dc293ee3
22501106,628,2026,4,1,22501106,314baa06-6cba-886b-639e-bee7f455f676
22501106,63,2026,4,1,22501106,a2aaa50a-46ac-729f-cc3f-c44ea6a73498
22501106,634,2026,4,1,22501106,273d12f4-5621-47c4-f130-1c4ab53d5762
22501106,639,2026,4,1,22501106,3ac93a6e-33a5-3f69-b89f-a270fd266e05
22501106,94,2026,4,1,22501106,a6d9b2af-ca10-16fb-f2ec-2b93ff75444d
22501106,96,2026,4,1,22501106,1d4a7a40-502d-57af-3959-6b16de7a2d58
22501106,99,2026,4,1,22501106,91f01b3e-7e4d-3ea4-6101-a83d6956c5ba
22501106,127,2026,4,1,22501106,bba66e74-330d-34af-f914-3f627f4286ba
22501106,131,2026,4,1,22501106,59f348b7-f349-aac6-2dcb-53dc168b89d0
22501106,250,2026,4,1,22501106,f2082310-e867-792b-86b3-4511d889f8df
22501106,301,2026,4,1,22501106,7b850e32-e670-d4d8-b10a-fe9051fe2e01
22501106,321,2026,4,1,22501106,6b2710f5-2cd2-0c4e-4488-7a0b909cef1a
22501106,336,2026,4,1,22501106,a94948c7-382c-d3d4-85d1-50f94215c685
22501106,343,2026,4,1,22501106,aa37d2e7-8cb3-223f-919a-8a48e65e6229
22501106,462,2026,4,1,22501106,53903492-3025-9e6e-287d-e9805e41306b
22501106,600,2026,4,1,22501106,6c92c3b5-e103-b127-3b3f-d563ce43c046
22501106,602,2026,4,1,22501106,3521c306-e479-2342-5af0-410c23d3c98c
22501106,125,2026,4,1,22501106,089803df-96ec-c279-b50a-688421bf5d41
22501106,252,2026,4,1,22501106,6ee15870-4492-5fac-0b16-cbed90014832
22501106,379,2026,4,1,22501106,6566e16e-e179-e47d-4e82-b29f30753483
22501106,418,2026,4,1,22501106,a9245380-9462-088b-e1ee-986045fd2425
22501106,587,2026,4,1,22501106,e44f03d3-30e9-d2ff-c901-7397dc2b9f89
22501107,101,2026,4,1,22501107,26bd94fc-9b4e-f1b4-fea6-2c0b8168dd3f
22501107,111,2026,4,1,22501107,c903004e-ffaa-fdaf-b760-edb18aecccf2
22501107,130,2026,4,1,22501107,11f1f701-ddca-c514-b939-18adb0477b7c
22501107,14,2026,4,1,22501107,1b92ffc3-5cdd-fbe4-9dc5-4cef5695e080
22501107,16,2026,4,1,22501107,96e10586-b542-8063-a19a-a80a146aeca4
22501107,160,2026,4,1,22501107,292bdfd9-84b3-46c8-6552-958b0c28f398
22501107,174,2026,4,1,22501107,1a195d61-8314-9061-ee80-63efbd2d08d8
22501107,176,2026,4,1,22501107,3ec54677-6295-adae-d81b-aa34cdc65e4f
22501107,205,2026,4,1,22501107,011628f7-dc8d-b829-e86b-dc1edbe96476
22501107,216,2026,4,1,22501107,faae0e3b-9799-e956-730d-c52850426294
22501107,22,2026,4,1,22501107,80097925-324a-c0ef-6dce-8b9d4ef8a71e
22501107,222,2026,4,1,22501107,dbb38526-17a1-d4e9-69f4-db0a33072e89
22501107,224,2026,4,1,22501107,4d54d0e5-ace1-1a98-ed3d-36d4a9e09d18
22501107,226,2026,4,1,22501107,4a01a847-9fb8-bb07-cae7-59d80922637c
22501107,234,2026,4,1,22501107,2c60972b-3c54-7164-5c4c-bd6b135ba971
22501107,236,2026,4,1,22501107,cefd6924-3ed2-6e04-326a-a3febf1bf4aa
22501107,238,2026,4,1,22501107,3f569fb0-9603-af47-ff7f-c5b59c969884
22501107,249,2026,4,1,22501107,057d0f4a-b56d-6fe6-7a3f-214b425c8574
22501107,263,2026,4,1,22501107,53579e4f-45d9-79e1-67cc-4ba6cfbfc6a4
22501107,273,2026,4,1,22501107,5070c9dc-b7c3-baec-4cee-5a5b53613cf2
22501107,289,2026,4,1,22501107,fbfcde2a-ee85-0de5-e13e-28c46744e77d
22501107,293,2026,4,1,22501107,09e7e9d6-d951-ebfc-266a-729a55bda589
22501107,329,2026,4,1,22501107,17ce899b-cbee-70a7-d6db-74bc2f2aa621
22501107,335,2026,4,1,22501107,0440f721-07db-2e8c-e722-3bd9693be9ec
22501107,337,2026,4,1,22501107,58f7e0bc-7a35-3866-5c6d-cd74a4c305be
22501107,34,2026,4,1,22501107,6aed714a-b3d1-5135-db79-c26b041dd939
22501107,347,2026,4,1,22501107,4b635654-0e71-264c-ea33-949abe21eea2
22501107,362,2026,4,1,22501107,d41dc9f0-942a-9aee-4938-e28bad73e246
22501107,37,2026,4,1,22501107,f9433a88-9fab-3ce8-a59f-46715ca25075
22501107,391,2026,4,1,22501107,ed5c8e95-5bb7-3d80-a493-471c2d4932f3
22501107,412,2026,4,1,22501107,92bce2c5-6985-e13e-67b8-5eaceeff7a57
22501107,440,2026,4,1,22501107,9042db2b-af0a-b8ad-0755-78a30975385f
22501107,455,2026,4,1,22501107,fa0ff0e4-f9cd-cdf4-1a08-addd17f3fd63
22501107,472,2026,4,1,22501107,bfcca949-dc3e-b113-99a3-20b1a824d900
22501107,475,2026,4,1,22501107,ba6a77ed-7a3f-23d0-5477-b62ada55abe5
22501107,501,2026,4,1,22501107,c4d72182-2f3c-0d9a-245b-1f49cca42a7f
22501107,503,2026,4,1,22501107,6db3a2a9-6370-283a-f827-1117e065a0b7
22501107,516,2026,4,1,22501107,a0f9554a-b45f-b904-6685-4fc4753b54d1
22501107,518,2026,4,1,22501107,b823ee83-28f8-bc4b-08c3-d4897aae1056
22501107,520,2026,4,1,22501107,2672c844-8c86-ed00-2d51-ade57bf2cbfc
22501107,535,2026,4,1,22501107,90455acc-f614-7e10-c42a-001ffa813ce2
22501107,544,2026,4,1,22501107,3997b331-0e87-4f30-afcf-d946a986c748
22501107,593,2026,4,1,22501107,3615246b-71fc-2cdf-b02c-60368b4b78df
22501107,602,2026,4,1,22501107,3a6d803b-68e0-c869-512f-93b55e885b88
22501107,604,2026,4,1,22501107,656b4b26-405a-c483-5a00-45ff14b5d2d7
22501107,630,2026,4,1,22501107,1093eba0-a8a6-add4-be50-4a6dc55deb77
22501107,637,2026,4,1,22501107,ad81a332-99cd-e75a-6a24-109e2279ffbf
22501107,64,2026,4,1,22501107,95dbc106-9ff4-813a-7611-19e8c389681e
22501107,707,2026,4,1,22501107,14bb59e9-709d-3474-5966-094587d9855f
22501107,733,2026,4,1,22501107,562fa600-3bc4-b500-9ff6-ca2a727541ee
22501107,739,2026,4,1,22501107,465ee536-26f5-c1d8-1ea2-84910cda9a41
22501107,743,2026,4,1,22501107,c3028d81-1ab1-a20d-ec44-0257828ac6a0
22501107,745,2026,4,1,22501107,40de3f51-4aa5-54f5-8b86-7db37265172e
22501107,757,2026,4,1,22501107,76523332-f848-4aa7-4a5f-a5ee67cb4a54
22501107,82,2026,4,1,22501107,d258d3d9-0876-e809-6125-549fbb3af8d2
22501107,88,2026,4,1,22501107,ff0b20f5-9daa-8f68-5886-235650088a32
22501107,11,2026,4,1,22501107,c987f20c-a51b-09a2-c934-a19b1784491c
22501107,148,2026,4,1,22501107,d1e56998-dd68-0ceb-0839-e83ce3eef84a
22501107,157,2026,4,1,22501107,631dc7e2-c808-1f80-c217-7df677af25b1
22501107,417,2026,4,1,22501107,b040b1ce-0a72-1cb0-4094-97fd0dc4170c
22501107,494,2026,4,1,22501107,44cc39a9-b98c-ca4e-2a55-3ef446beb578
22501107,61,2026,4,1,22501107,b5b0af0f-7b38-e9ce-edc8-3b84ec12f451
22501107,634,2026,4,1,22501107,e1d2d25d-754d-b5d4-170d-bb11bc6264a3
22501107,680,2026,4,1,22501107,bb85a1a3-4fac-f007-1546-2cd4f4e88e82
22501107,703,2026,4,1,22501107,d37fcff8-7377-4bce-6e17-57eb9fbed6fa
22501107,714,2026,4,1,22501107,5cfc8b2d-b045-8860-5035-6004607b8eff
22501107,751,2026,4,1,22501107,cb3f4702-ca43-b3d9-9be7-1e8368f377cc
22501107,104,2026,4,1,22501107,5ee94d5e-72e3-d571-1e36-32a2a8dc962e
22501107,106,2026,4,1,22501107,155c81d9-0a0e-4ee5-32fe-5a6ef3acc14d
22501107,107,2026,4,1,22501107,bc3bd393-ca4b-5418-1fa8-e82af9851f70
22501107,109,2026,4,1,22501107,067cab8d-4e77-615c-b0cf-dd0ce09d7c73
22501107,120,2026,4,1,22501107,fb7776ff-0534-b9ef-87ce-a083db5b7b88
22501107,128,2026,4,1,22501107,4cc9342a-0644-fb1f-65bd-876c1d96e7f3
22501107,132,2026,4,1,22501107,4d7c4bb6-78cb-0355-4f75-4ad8381f2544
22501107,134,2026,4,1,22501107,a35b6900-1f4c-516e-aa1a-37d3bf99a912
22501107,136,2026,4,1,22501107,d8644ecf-e696-7965-8877-d610520cd005
22501107,146,2026,4,1,22501107,f02489b5-c595-6b71-16bb-11400b3419b2
22501107,162,2026,4,1,22501107,2eb38f19-40d0-b08f-d0ef-fd811fe825a4
22501107,178,2026,4,1,22501107,0901c4ab-fab2-c430-cba2-e0eaacd2c6fa
22501107,188,2026,4,1,22501107,69c6a55a-46de-05de-11a6-ccbbfb6f30b4
22501107,190,2026,4,1,22501107,e4b65775-6913-3abd-73e7-6228085637d9
22501107,191,2026,4,1,22501107,3196d241-3338-966c-cb95-519f4deeee8b
22501107,209,2026,4,1,22501107,0474ac48-7b96-284c-402f-199146281452
22501107,214,2026,4,1,22501107,d6dfd7c7-b94e-7a14-42c7-92063016d3ac
22501107,218,2026,4,1,22501107,9d25395e-ce11-62dc-64b4-f5c1cd898e77
22501107,219,2026,4,1,22501107,2db343b0-98a8-661b-6f00-16ddf0cd235f
22501107,23,2026,4,1,22501107,246bd6fe-9802-6e34-0d52-4e0da66efe79
22501107,232,2026,4,1,22501107,af18d7d9-790c-bec9-6b75-42c2d407e130
22501107,251,2026,4,1,22501107,6b0b041d-9223-8984-b67f-a2bd13274cab
22501107,253,2026,4,1,22501107,d68417f1-86c3-dedd-2d66-985101e63e2c
22501107,261,2026,4,1,22501107,f38c0c93-d29d-bbad-f358-405f0861a189
22501107,265,2026,4,1,22501107,47185563-7272-2dc7-26bd-175999af96f1
22501107,267,2026,4,1,22501107,2d0a42ad-3790-2b21-a6d5-7a6ff47a3f75
22501107,275,2026,4,1,22501107,c88257ec-0675-0c8c-303b-b82fac75101d
22501107,277,2026,4,1,22501107,bdd755ec-8c8e-a9c8-57d4-7c5b295df578
22501107,279,2026,4,1,22501107,8b926cfc-6672-23c4-cd15-9020d016e264
22501107,287,2026,4,1,22501107,96d12bcf-5761-5ecf-d8a0-f577885372d6
22501107,291,2026,4,1,22501107,418ba228-0697-2f2b-a07d-a2aa7dbac33d
22501107,295,2026,4,1,22501107,7927df27-249d-9c93-e32e-8e233c7e8c71
22501107,30,2026,4,1,22501107,dbf4e15f-c0ca-a20e-9e9c-4696c6d47729
22501107,304,2026,4,1,22501107,dca55a82-4fc1-180e-560c-a2601b9d5644
22501107,306,2026,4,1,22501107,a6e432e8-211f-a2da-fdf0-b7c0596387f7
22501107,308,2026,4,1,22501107,d07a6007-1e6b-5611-8e6e-45a69791d883
22501107,310,2026,4,1,22501107,d687db54-5813-e1b2-851c-5a9b97997bb8
22501107,323,2026,4,1,22501107,2693150b-1023-68f4-d439-21ae220ccaf4
22501107,325,2026,4,1,22501107,7b12938d-f5d6-8a0d-5e36-ca36a143c463
22501107,327,2026,4,1,22501107,699184c7-a427-4409-dbc8-8185d912caff
22501107,339,2026,4,1,22501107,541a36a9-c604-f920-e589-b7ab6f5ca598
22501107,343,2026,4,1,22501107,276d0d3e-f1dd-4888-6b85-3184eacc9cc1
22501107,345,2026,4,1,22501107,f80d0aa7-7502-71f4-f799-6febb91a10b4
22501107,36,2026,4,1,22501107,aacdc797-0c2f-ce17-a2bc-716cbfb5d43b
22501107,371,2026,4,1,22501107,5b8d83f3-0349-b80e-0938-71181e17c6a8
22501107,377,2026,4,1,22501107,000b8234-48cc-8004-3a9b-1b84456f5e1d
22501107,399,2026,4,1,22501107,8eb2471a-b300-83d7-e2e8-da4ee31bc9e6
22501107,41,2026,4,1,22501107,085d57fe-f1d1-d9de-4085-a0d8724f46d5
22501107,420,2026,4,1,22501107,be28fc9b-3a0d-c430-9bb7-6d19443e3a4b
22501107,422,2026,4,1,22501107,251c9817-23df-072e-31cb-605d472e701f
22501107,426,2026,4,1,22501107,ea543669-ca61-4a38-b963-ee69bb919dbc
22501107,429,2026,4,1,22501107,94b2394f-11f2-69b8-128a-0998982c26b1
22501107,439,2026,4,1,22501107,a975d2f9-57dc-d051-b7fe-203930a7ce47
22501107,442,2026,4,1,22501107,7c546727-7d4d-98a2-a902-d6f5c91082e2
22501107,453,2026,4,1,22501107,a2acfbcf-2754-badc-7e85-3d88f8eb804c
22501107,458,2026,4,1,22501107,0c4b05f2-cd9c-c485-c787-48df076ad9a4
22501107,460,2026,4,1,22501107,965e96dc-cfa8-e387-fa4c-e7df080f31fe
22501107,462,2026,4,1,22501107,c37f8305-2653-8e37-e883-e1d1ca0b13ae
22501107,465,2026,4,1,22501107,8d13ad4e-a968-03da-99a5-c520deb67d20
22501107,467,2026,4,1,22501107,00e96a94-4168-ba3f-ab53-3fc81febc328
22501107,47,2026,4,1,22501107,063c8b0f-1a43-531f-e763-4754fec91a9b
22501107,473,2026,4,1,22501107,65dd3a62-1b3f-e304-e1a8-a0f94d580700
22501107,487,2026,4,1,22501107,3e813616-9838-3b9e-aa4b-7fce28b43b95
22501107,49,2026,4,1,22501107,acd7cb58-a04b-4dcf-aae8-54f478e2edb7
22501107,505,2026,4,1,22501107,fa22c2de-bd8f-c728-d7b5-b71c0ce8c575
22501107,51,2026,4,1,22501107,163acb57-61a4-2641-f666-d4f6b221bc9e
22501107,515,2026,4,1,22501107,b5128da0-8a9b-5c13-6bc3-159f212cbe3f
22501107,546,2026,4,1,22501107,6277438b-374d-a1c4-a5d5-5cfb8882f023
22501107,547,2026,4,1,22501107,b4b92cf2-c54c-7a28-8d26-f3a7c72cdb62
22501107,550,2026,4,1,22501107,e1f5c29e-9c3d-0e24-ac45-e21780209c4d
22501107,558,2026,4,1,22501107,d90edcf4-2a1b-71fb-b01a-f727dfe761ca
22501107,562,2026,4,1,22501107,d56e954b-797d-a1df-7290-7fd9b0d95155
22501107,571,2026,4,1,22501107,42c614e5-13bc-c068-3c35-4218e15afdad
22501107,599,2026,4,1,22501107,e6b36efe-850d-cf21-d506-fb246e9284be
22501107,606,2026,4,1,22501107,233d8ce2-0d73-e3b1-f002-7c2408ab334f
22501107,617,2026,4,1,22501107,bf4088c0-a68d-baf3-597a-a9e992225770
22501107,619,2026,4,1,22501107,270afca9-f293-a1e8-1e12-536c1dcd91ed
22501107,621,2026,4,1,22501107,9d9cfbdc-77b9-9d41-d916-37f99576ba7a
22501107,624,2026,4,1,22501107,74720864-c489-9001-ce65-8d5a1aa0a20d
22501107,639,2026,4,1,22501107,f2e1ebd5-7810-572d-436b-8b45ac1d2ffa
22501107,66,2026,4,1,22501107,a07a0d49-79c1-1d33-a12c-0093233966ff
22501107,67,2026,4,1,22501107,e91b7438-d2c3-3fa4-96d7-ee1edd41b768
22501107,671,2026,4,1,22501107,12a3ec7b-6f0d-1342-572a-56f4c4e7e3b3
22501107,674,2026,4,1,22501107,8e82a8ab-aad0-0654-b6f8-807738d61330
22501107,676,2026,4,1,22501107,2ec4cf2e-285e-0ea8-b15a-3046fb7be20e
22501107,678,2026,4,1,22501107,1d6da374-b79a-950b-6210-710f15d80804
22501107,683,2026,4,1,22501107,619728b0-56a1-95e6-ba15-a17d78ee788e
22501107,685,2026,4,1,22501107,6a451ee1-c5ec-c0b4-5073-b3e8c5421ba1
22501107,69,2026,4,1,22501107,16ecd79c-88b1-b017-d10d-dbc0de52051d
22501107,690,2026,4,1,22501107,4244d725-7e22-7f72-aa4a-8d0cf3e746e4
22501107,692,2026,4,1,22501107,73981657-900f-6e9d-daa2-9c06962424cd
22501107,694,2026,4,1,22501107,f00a6a59-22c7-f17b-d0f9-f88df51f51db
22501107,697,2026,4,1,22501107,1c5a19b9-5824-af64-54a4-f24f639997d8
22501107,7,2026,4,1,22501107,24d8f8d5-c5d9-2808-880b-82feb51cd7f3
22501107,701,2026,4,1,22501107,5a027676-2da6-83f1-cec5-595bc89de7a4
22501107,706,2026,4,1,22501107,f04dcbf2-ff53-81d2-0d39-90d0fa309fbb
22501107,709,2026,4,1,22501107,11f53048-93b5-d11f-6373-c87640f015e4
22501107,717,2026,4,1,22501107,0b778da2-2c5e-ec3e-199f-2b4118b71d1b
22501107,719,2026,4,1,22501107,fbfb9c50-40e4-ae31-e190-01b5c19fc0d3
22501107,732,2026,4,1,22501107,061f2def-8141-0756-5947-c05d5e7fe788
22501107,741,2026,4,1,22501107,d9b53640-12db-1ead-50e5-4172902baf35
22501107,747,2026,4,1,22501107,7744e080-dc0b-44fe-5e78-8fab1e1f47c4
22501107,749,2026,4,1,22501107,3dfffea9-bd3f-0887-1c0b-c079725f1dfd
22501107,76,2026,4,1,22501107,5057339a-591d-6da7-47ec-d5cda6105e51
22501107,764,2026,4,1,22501107,2870bbc4-33ee-4388-f0b7-e1782c833440
22501107,766,2026,4,1,22501107,fa33573b-6281-aa79-3f8e-c84451785107
22501107,78,2026,4,1,22501107,57a5e77d-654e-e2f7-20c5-c1f7982cbc5c
22501107,80,2026,4,1,22501107,d63fdde3-33d2-5c73-9951-be312875dbc3
22501107,84,2026,4,1,22501107,98375a1f-ee8e-8d39-0bed-1a93475b2c37
22501107,86,2026,4,1,22501107,92728c6a-c60a-6fc2-d026-8349a79a9a65
22501107,9,2026,4,1,22501107,df23d940-b3a6-1a59-e2e8-13d95df6c796
22501107,97,2026,4,1,22501107,aeb98814-6b42-2206-2979-834213fb2e3f
22501107,99,2026,4,1,22501107,8de0b40f-78d7-95f0-e215-091553af0d87
22501107,10,2026,4,1,22501107,88e11690-ecff-fa2e-780f-fb37ceba3eec
22501107,100,2026,4,1,22501107,0621930e-0ce1-fa8c-11bb-1e95bdc11919
22501107,105,2026,4,1,22501107,e5a5abee-3b56-7ed5-aca4-d6f8aacbc356
22501107,108,2026,4,1,22501107,70455518-de44-a0ac-01ef-a74b7978e14a
22501107,110,2026,4,1,22501107,209797ce-83c3-a9ca-e6f5-53ccaa43b30c
22501107,129,2026,4,1,22501107,235a67f0-eadf-0137-d7b7-b622c3af3661
22501107,13,2026,4,1,22501107,45eb452d-b6b3-5515-a783-fbf4f31a0e5f
22501107,133,2026,4,1,22501107,dbd33f2f-dc60-d188-c6d4-14d6f9be52e6
22501107,135,2026,4,1,22501107,7e864959-603d-74f4-4326-54268d00b6ef
22501107,147,2026,4,1,22501107,51f1186e-586f-e10d-e4c3-b7f281230562
22501107,150,2026,4,1,22501107,82118a94-22f8-dc1d-6e8a-6644aba89e39
22501107,159,2026,4,1,22501107,f1f1a3b1-8e7c-52ee-2a9a-24ed11ea96cd
22501107,163,2026,4,1,22501107,27d32802-164a-1de5-8bc0-e55cc3cc6592
22501107,189,2026,4,1,22501107,dc3ee0f4-af6a-8a4c-ef36-cb315cab5979
22501107,192,2026,4,1,22501107,39659ba9-898f-22bc-093a-3eab217e2397
22501107,215,2026,4,1,22501107,5868e566-cbde-7205-248a-c46110b5b412
22501107,233,2026,4,1,22501107,4e70848e-4608-eb71-3c8b-cf14f29d9d41
22501107,25,2026,4,1,22501107,83af03fc-fd93-f08a-e94e-f589de7208e5
22501107,252,2026,4,1,22501107,d6f580f8-ecf6-4511-ce51-834a8b14380d
22501107,262,2026,4,1,22501107,de7f5535-52bd-7d28-5f2e-50624dfb41bd
22501107,266,2026,4,1,22501107,76aa2061-4185-4f6f-46bd-158e96ce6594
22501107,276,2026,4,1,22501107,ef9e3db2-1e85-4886-956a-a5e3f788d718
22501107,278,2026,4,1,22501107,9d13ce43-5a7e-7340-0d6e-24817a330fbd
22501107,288,2026,4,1,22501107,46b633b8-94db-fbc6-c02f-a9c70dda2115
22501107,292,2026,4,1,22501107,c282eb19-dc9e-7fc5-3816-a8b963a25071
22501107,305,2026,4,1,22501107,1c19f083-70c0-e908-611c-8a46c3d2d900
22501107,307,2026,4,1,22501107,897b7907-1bdc-2536-0599-d639445e00c4
22501107,309,2026,4,1,22501107,5a9f829a-d048-950b-3574-5adc0aca8e76
22501107,31,2026,4,1,22501107,df83ab36-848e-6fed-fa54-2e8ae110683b
22501107,324,2026,4,1,22501107,2191531c-badc-d02f-9649-0f2ea9c85585
22501107,326,2026,4,1,22501107,6f8796a6-9bb1-0fa6-8d6a-ff203b77f1c8
22501107,328,2026,4,1,22501107,22400ba9-b854-99a8-53bf-7ca09dcfc34a
22501107,334,2026,4,1,22501107,5b93134d-b323-b4e1-7768-cc3ca5911005
22501107,344,2026,4,1,22501107,7cd0365d-083a-b0a8-17cb-a4bc3a5e57d0
22501107,346,2026,4,1,22501107,79885f9e-2858-6daa-f125-2983c7548432
22501107,419,2026,4,1,22501107,b50f0756-6ff0-607e-3948-210f9e118362
22501107,42,2026,4,1,22501107,cc5032c9-76ca-a862-5abb-9e69f145872c
22501107,421,2026,4,1,22501107,b24846e0-1072-ba7d-626e-05831816dcff
22501107,423,2026,4,1,22501107,8ce2fee3-4b2c-035e-1e3f-f6f297832835
22501107,443,2026,4,1,22501107,eb1176b5-bb54-79f5-1bfd-a832a79afb92
22501107,454,2026,4,1,22501107,e0cdac28-180e-a7ec-277b-ee6affc3bc0e
22501107,459,2026,4,1,22501107,c4efcdaf-f452-2d6b-79fb-2fbce206d7f2
22501107,461,2026,4,1,22501107,ebcd2246-012e-65f8-ae52-8a060f135a37
22501107,466,2026,4,1,22501107,818c59d3-f118-03c1-32b0-a16070b38651
22501107,474,2026,4,1,22501107,687e00ea-075e-ce13-0053-5635bc5a46be
22501107,48,2026,4,1,22501107,c6116109-0f8f-3e4b-d38f-51005ab2e340
22501107,488,2026,4,1,22501107,fa52e925-c9a1-8886-460e-21f982ec957f
22501107,50,2026,4,1,22501107,c6c99b0e-e482-0a47-b055-4c6a82e4bac5
22501107,506,2026,4,1,22501107,1468b7b0-d50e-e772-4323-cbbfe84be5c2
22501107,52,2026,4,1,22501107,0e535fac-ba58-34f3-e3f2-0245f62ce814
22501107,548,2026,4,1,22501107,805eb7d3-346f-b704-d1b7-36a82f2fb990
22501107,559,2026,4,1,22501107,cf5c7a13-a0e6-6085-6855-23abf3dd0f82
22501107,572,2026,4,1,22501107,2084949b-4bc4-00bd-8e81-29f4c2c091ca
22501107,607,2026,4,1,22501107,d584d7c5-e99d-94b0-6f50-df8e3103946e
22501107,618,2026,4,1,22501107,16e816d3-1b58-3b79-002a-8061c5ad9e37
22501107,620,2026,4,1,22501107,108023bc-ab2a-1bab-7540-b6714bcba540
22501107,63,2026,4,1,22501107,4b26090d-bef9-e3b0-0c39-59b2410fc420
22501107,636,2026,4,1,22501107,aa27c426-c052-8120-d9ad-3a4c9ea1333b
22501107,672,2026,4,1,22501107,c2117c7b-259d-4abb-072b-db228cf2d757
22501107,675,2026,4,1,22501107,b5dda405-7e6e-6b68-53a1-1230d58ad5d8
22501107,677,2026,4,1,22501107,de070665-1008-859f-7b74-c69befda6ecc
22501107,68,2026,4,1,22501107,db8db8be-4230-d31d-0550-1d0dcb2a10ac
22501107,682,2026,4,1,22501107,e1bf05d1-a2b1-7eb6-ad61-40454e21a1be
22501107,684,2026,4,1,22501107,db69fe7a-eb48-e804-796b-f62e69a809ef
22501107,691,2026,4,1,22501107,4966a802-1b74-dc52-c413-3b53fea5343f
22501107,693,2026,4,1,22501107,3d85f8e5-5e7c-faf7-a8e9-1b1014bd03a2
22501107,70,2026,4,1,22501107,c083b692-6f27-b225-224c-3ac3493ff95a
22501107,702,2026,4,1,22501107,a3a799c7-16da-7b85-1da8-4687a233bc34
22501107,705,2026,4,1,22501107,002576d6-f311-cb0d-3f19-24a417ee7934
22501107,716,2026,4,1,22501107,69b286b8-df3d-9200-e913-a65b6992d862
22501107,718,2026,4,1,22501107,aa97e8f8-c923-3deb-a5c0-24d5947b4c5a
22501107,720,2026,4,1,22501107,d5a38ade-0eed-5a08-0ae7-3c992563b073
22501107,738,2026,4,1,22501107,05cc6593-8ef2-81d5-212d-f84ce9a69606
22501107,742,2026,4,1,22501107,622fdf70-eed9-1231-9b23-09c001b480f4
22501107,748,2026,4,1,22501107,bd30a77e-12b1-0596-cbab-40a58cea45ee
22501107,75,2026,4,1,22501107,dec30538-1086-027a-a028-15644779a443
22501107,750,2026,4,1,22501107,e5fe5b17-2b84-c847-2cb2-dce74d1cfce2
22501107,763,2026,4,1,22501107,7f3fd42f-03a8-5708-1d81-de7a7185e2b9
22501107,765,2026,4,1,22501107,87f53a5e-753c-a166-c305-f929c873b9fd
22501107,77,2026,4,1,22501107,79e7b438-f478-d3d8-e353-52e75d941592
22501107,79,2026,4,1,22501107,60d1db58-47e7-4739-e314-c5ff60c2bbfb
22501107,8,2026,4,1,22501107,01ad1a58-187c-356d-bc18-7787308095f2
22501107,81,2026,4,1,22501107,cd451007-11d2-a4f5-b946-109ced24a034
22501107,85,2026,4,1,22501107,70b105fa-7042-e7aa-d20a-4ca2bc2dea25
22501107,87,2026,4,1,22501107,21794b5a-1dfa-f248-91ef-aecb31f8aad4
22501107,98,2026,4,1,22501107,745a3f6c-60ad-9d3c-ff38-d756161f71e9
22501107,126,2026,4,1,22501107,b8d6cd04-e4ee-3899-3d28-4f834b8ed405
22501107,164,2026,4,1,22501107,73c2e439-9f00-0337-02d5-59ccd7234458
22501107,207,2026,4,1,22501107,077bf8c9-9375-2bae-cf44-992a51281c32
22501107,210,2026,4,1,22501107,5c09f795-5e04-96c2-d7b5-fd1139597fa0
22501107,26,2026,4,1,22501107,e50675bd-112d-5cd8-e5c7-09806dcae33e
22501107,28,2026,4,1,22501107,072729c3-4d33-00b7-e1ff-dc2e7126f436
22501107,354,2026,4,1,22501107,6a719eb9-b012-7665-f24a-57a112e6da51
22501107,367,2026,4,1,22501107,c6c4fd4e-c718-e15e-398d-52c8df8be3ce
22501107,369,2026,4,1,22501107,4f0fc41a-58ff-b880-93d2-4bc45b424f96
22501107,410,2026,4,1,22501107,d8482160-3a2c-f83d-8912-ade1d9017687
22501107,470,2026,4,1,22501107,cea40ca7-2718-c56c-3a6a-4f06b56590db
22501107,485,2026,4,1,22501107,41e2b5b5-ec18-97e2-1a86-3d29a6ddf954
22501107,513,2026,4,1,22501107,1e3c49e0-33fd-630a-7afc-fe0fb009848c
22501107,53,2026,4,1,22501107,c91d8a85-84ef-fea8-3ea7-ff6fc7bc3bf0
22501107,537,2026,4,1,22501107,c87495f4-7bb4-2043-5232-5fa28a03eca7
22501107,560,2026,4,1,22501107,536bea37-6ee0-8eea-a43d-428992783898
22501107,573,2026,4,1,22501107,b692de99-0064-cb05-94a6-4db950474616
22501107,588,2026,4,1,22501107,064fd7bc-5b83-26ae-7f04-824e50a4d20f
22501107,59,2026,4,1,22501107,1791177c-5d5f-ae78-f87e-0fdc9b9f0bb1
22501107,632,2026,4,1,22501107,8f1e0a5d-77ca-e918-e626-ba2f12125e1a
22501107,755,2026,4,1,22501107,be1d155c-c248-96b1-768b-e861ecb3d818
22501107,187,2026,4,1,22501107,f8fb0928-16af-82a5-94e5-11ed58783eac
22501107,21,2026,4,1,22501107,057db40c-c431-104c-52d8-1cdd50e31917
22501107,374,2026,4,1,22501107,5e96813e-d1d9-7ca9-1411-819ca82205d3
22501107,479,2026,4,1,22501107,d1a812c9-7a6b-1b85-48a2-530827be25ba
22501107,484,2026,4,1,22501107,96dfedc0-a79b-ef56-b9a9-53c95edb295b
22501107,491,2026,4,1,22501107,d355946e-2b8a-4c37-2056-17755d99dd07
22501107,500,2026,4,1,22501107,55f14678-30cf-fa53-c2b0-78f1d43404ab
22501107,512,2026,4,1,22501107,9b9ebc7e-52ef-8cbf-a1ab-3c9a3ae003db
22501107,541,2026,4,1,22501107,88ff7c66-e8f4-4b9c-dffd-de64a02f506f
22501107,549,2026,4,1,22501107,37198964-aeb0-b8ce-f675-23f0a8af0757
22501107,587,2026,4,1,22501107,ad95f49e-59ca-8143-c403-026de1139134
22501107,592,2026,4,1,22501107,03bfabdb-0cfa-3b0b-d0a9-2e5e45e8c0d3
22501107,661,2026,4,1,22501107,c790bd90-2489-4e1c-b07a-e1195f1c49ad
22501107,673,2026,4,1,22501107,a329db13-87ed-696e-bc7f-b49ef45418fd
22501108,114,2026,4,1,22501108,a41d2892-e653-81c1-c494-55b324561171
22501108,127,2026,4,1,22501108,6b215895-b70e-1d3a-d92a-0874d8e3eb1e
22501108,129,2026,4,1,22501108,76689eee-5137-8aa1-6702-04df416e1e54
22501108,131,2026,4,1,22501108,9a2dd069-669a-97e7-a333-66e476a88254
22501108,14,2026,4,1,22501108,1ceacfe1-ed59-f1da-8a36-acb19d301d88
22501108,175,2026,4,1,22501108,d1f1d17a-352f-427c-f0d8-7d68c14285f6
22501108,191,2026,4,1,22501108,ea7ef6b6-d2b1-9329-54c0-70344f9b9087
22501108,193,2026,4,1,22501108,dd1158ad-e299-fddd-fd66-750bdf944bab
22501108,195,2026,4,1,22501108,993ab702-3c56-a0e5-6f57-58368beb06dd
22501108,210,2026,4,1,22501108,376ad0e6-8d31-be7d-bb52-8db96046cb17
22501108,216,2026,4,1,22501108,ffe0142e-e897-1ad3-adc1-867cca485897
22501108,237,2026,4,1,22501108,58fab172-05a7-6468-4d97-9968ab8b3cfd
22501108,24,2026,4,1,22501108,021202d2-2181-52ae-395d-861d9362106e
22501108,241,2026,4,1,22501108,cfaa6836-c194-3a3c-9ecc-82e024b18466
22501108,246,2026,4,1,22501108,2edd1c74-9447-f289-3149-0da39955e4d1
22501108,26,2026,4,1,22501108,d9a6c25f-0799-9fe9-74b3-c4a1cd036661
22501108,275,2026,4,1,22501108,46644f6d-c252-bd41-19dd-f57a539b0a85
22501108,279,2026,4,1,22501108,de79e9c2-4606-235a-a001-a925376e197f
22501108,284,2026,4,1,22501108,cdbc5ad2-e4af-b89f-297b-efe3f0b44063
22501108,30,2026,4,1,22501108,3f876e85-bab1-40eb-194e-fa1f5ab37d6e
22501108,300,2026,4,1,22501108,cf5aadd7-c0dc-baee-f267-b7c4d06abd6c
22501108,312,2026,4,1,22501108,a701af55-dd9b-3d55-8655-3414711ff9b8
22501108,340,2026,4,1,22501108,08376df7-62d0-6b19-f736-17526068585b
22501108,347,2026,4,1,22501108,a2b3f57e-4b00-a547-c45e-fb5b2d1c5ecc
22501108,375,2026,4,1,22501108,5705b539-f53a-8c10-c2e7-cb0ca840395b
22501108,377,2026,4,1,22501108,7d860a72-2c7e-7aa2-8a7b-1094ed673a42
22501108,406,2026,4,1,22501108,9e47d5f8-13f9-aefc-db84-c2c2544438e3
22501108,412,2026,4,1,22501108,86e323e5-1aa6-3b03-c628-989c69a6875b
22501108,419,2026,4,1,22501108,60662ce0-3b69-1124-9802-1ed808da84e4
22501108,42,2026,4,1,22501108,61b02f6a-4993-a7ce-a371-e2d469ee74e2
22501108,433,2026,4,1,22501108,95828480-5488-91a0-1558-d3505a88f3cf
22501108,435,2026,4,1,22501108,92880754-179a-f685-9a4c-ae91c7e7b76a
22501108,437,2026,4,1,22501108,dea152e3-0637-ff87-29e2-917a76c71681
22501108,454,2026,4,1,22501108,979e8150-af66-86a6-a667-7c87fcadefa2
22501108,460,2026,4,1,22501108,a4c234ff-0862-6b71-7483-8096fbef00a8
22501108,468,2026,4,1,22501108,929bc1a1-e0b8-71cd-0bf2-dbd83525d184
22501108,472,2026,4,1,22501108,8f4ff2d3-b021-f2e2-2c16-a8d9ab7c8b4b
22501108,474,2026,4,1,22501108,55ef1c4a-ad2f-1205-20a5-c649ddba2ef9
22501108,479,2026,4,1,22501108,39b93907-e048-1c6c-248e-7a95d84ac7e2
22501108,502,2026,4,1,22501108,d79b25e8-9033-83f3-d957-80da94becc4c
22501108,51,2026,4,1,22501108,4e40cfcc-8a65-269f-ca03-c2170c55fe71
22501108,540,2026,4,1,22501108,12bec421-aa07-375a-80b7-3e1ef47c45dd
22501108,541,2026,4,1,22501108,e4389d31-2068-154c-d190-04b9232ec65c
22501108,555,2026,4,1,22501108,5b63fc94-f248-cdea-37a5-3dbbd36e26b9
22501108,561,2026,4,1,22501108,b3d8a0c2-6dc6-d54b-f4c8-13901bba2e0d
22501108,569,2026,4,1,22501108,bdd0b85d-25cc-29a9-422b-6909aa944f3c
22501108,607,2026,4,1,22501108,fef1f50a-6df9-1481-cd57-5050ba84a6e2
22501108,617,2026,4,1,22501108,e1b16e84-3b49-1037-21e0-82cffab5adba
22501108,619,2026,4,1,22501108,d4fb85de-3200-b9a9-97b6-68abab5c0aa2
22501108,621,2026,4,1,22501108,f00f9efe-c235-e625-3109-861c6b755107
22501108,622,2026,4,1,22501108,0c51a9ec-2119-e64b-7e72-2e93624099c9
22501108,624,2026,4,1,22501108,f8d3357f-de54-19f5-a00b-76c81887117f
22501108,628,2026,4,1,22501108,b195a2d2-c2d0-6209-a70a-363ee2ecf799
22501108,672,2026,4,1,22501108,d5ba099d-1be2-ee35-f6fe-177e1aca4bf3
22501108,716,2026,4,1,22501108,343a6a7b-b290-a3ab-7f49-c255af00cbf6
22501108,723,2026,4,1,22501108,d1d17a0d-ec88-27b5-0e4a-2c3331e923fe
22501108,95,2026,4,1,22501108,b4a05c26-0d76-59fe-cea1-3681e3515e8b
22501108,159,2026,4,1,22501108,c3c0bc74-5538-40f7-5b43-d58dcf9fac03
22501108,170,2026,4,1,22501108,45fc6b07-112c-458e-9d0b-2b66f2dfa139
22501108,220,2026,4,1,22501108,2da2dff8-9f47-3c75-dbbe-554b3e1f6c2f
22501108,272,2026,4,1,22501108,fa1d4aca-14b4-1bde-aafa-4a624a4c5e01
22501108,334,2026,4,1,22501108,1b66be7e-c242-73a2-c4db-d7f702b3a78d
22501108,38,2026,4,1,22501108,e9ec1362-1f0c-431b-867b-57db9de69552
22501108,521,2026,4,1,22501108,1ba9751b-7314-2f07-24b9-e69eee6dfc17
22501108,647,2026,4,1,22501108,b1c92077-3e81-4ff1-83df-60690dcbd59d
22501108,107,2026,4,1,22501108,4ebfc3c5-cc95-70e9-3dc9-1a6ea975ec67
22501108,11,2026,4,1,22501108,dc47c1aa-a78d-00b5-c7f9-9084b7853806
22501108,113,2026,4,1,22501108,4425d541-61d7-5cfc-5a76-e2be0c335d0c
22501108,125,2026,4,1,22501108,e312455b-d513-facb-a756-865ef645f298
22501108,133,2026,4,1,22501108,3c0aa2ca-df8a-eb27-9c9a-65efe8949397
22501108,135,2026,4,1,22501108,9ad0c259-dab8-c5cc-9ef5-58b8273ebf8e
22501108,136,2026,4,1,22501108,a7fef450-1a98-1f48-0391-540545211d32
22501108,138,2026,4,1,22501108,4c558deb-0ea8-b034-cca7-fcf3d680e72f
22501108,147,2026,4,1,22501108,2b419903-f69f-be8a-4749-f28d77ad6b49
22501108,149,2026,4,1,22501108,4fed256a-9cc6-cc4b-1b83-331e92b833c1
22501108,165,2026,4,1,22501108,26a73ad2-4971-b6d0-6876-710b9d386775
22501108,167,2026,4,1,22501108,d894ccee-5c59-67ee-fe2b-5c9d2a4181d0
22501108,169,2026,4,1,22501108,fcc739e3-62d0-eb7c-7bf4-c3e53a7e75ae
22501108,173,2026,4,1,22501108,9c20ad13-7eb6-6f2b-944f-cd7d73a09a64
22501108,177,2026,4,1,22501108,29f65164-6664-9bc4-e98c-3a01beb05ab7
22501108,179,2026,4,1,22501108,19406cdd-d2e3-98ee-ec94-ccfd3c0a8be1
22501108,189,2026,4,1,22501108,0a185a49-848e-a059-da0e-039e2cd80534
22501108,199,2026,4,1,22501108,d04ab890-59bc-1408-0ea2-d60625d5a5bb
22501108,202,2026,4,1,22501108,b7ba4300-a6dd-e72d-aca2-7cd3efcd5e33
22501108,212,2026,4,1,22501108,ed5bd06e-fe7a-2a58-4b11-24433488ddd4
22501108,214,2026,4,1,22501108,3881a74b-fd2e-f0ac-22a1-c3bed1b38bb5
22501108,218,2026,4,1,22501108,1617b2a4-cd8b-3d0b-e1c8-db9268adaca1
22501108,226,2026,4,1,22501108,d177ed76-9196-7176-d433-37dcc1300d1b
22501108,248,2026,4,1,22501108,30c7af99-f057-c3ae-c48f-d3ea2a4e0b88
22501108,256,2026,4,1,22501108,943e1654-16ab-d75d-eceb-36f5a147c018
22501108,270,2026,4,1,22501108,1cf3d20f-9bd4-427c-7efb-ef1b728346e8
22501108,28,2026,4,1,22501108,2fcec386-1f47-2c2c-2e0e-3a6dd2b7a980
22501108,292,2026,4,1,22501108,bd54524d-b6fa-6a31-121b-9a6afb1ac714
22501108,298,2026,4,1,22501108,384dc4c1-615e-b607-4245-835410040a2c
22501108,310,2026,4,1,22501108,bf23b278-d05b-a1e3-c6cc-c2278d751eae
22501108,314,2026,4,1,22501108,2acfe4d7-1509-257e-fe83-85c7a5a59d78
22501108,316,2026,4,1,22501108,02e87769-4248-5d8e-eb70-ae9da9b9ea78
22501108,33,2026,4,1,22501108,cf416a3c-8614-bbb2-3142-21922c69d1a5
22501108,331,2026,4,1,22501108,7c3608d6-d080-9668-13a6-e188b82a9264
22501108,332,2026,4,1,22501108,7540a107-fe60-a62f-869e-9ffe74e485c6
22501108,337,2026,4,1,22501108,71842213-d722-5a3d-e1e8-bbcebcaabbf2
22501108,345,2026,4,1,22501108,94aed154-c11e-d185-54e8-db3a227d87fc
22501108,349,2026,4,1,22501108,77224e3d-d3d4-842e-e9a5-14ba2f957042
22501108,351,2026,4,1,22501108,abfa207e-4f11-dc4d-acd0-66313ec58620
22501108,353,2026,4,1,22501108,076abf0b-caaf-bfc0-b589-87a2aaa4d06f
22501108,36,2026,4,1,22501108,ff8090ec-8356-6f64-7ff5-c08b78ff0ccc
22501108,363,2026,4,1,22501108,42d3b1e9-f6af-72b1-0cd5-c6f145b8476d
22501108,370,2026,4,1,22501108,40e1a5fa-c305-95a4-2c6f-26a11f7e7a66
22501108,372,2026,4,1,22501108,c181041b-def4-d725-1e41-4839e7679848
22501108,374,2026,4,1,22501108,ee5a1af8-f938-7a40-a398-4bf03714c7b4
22501108,386,2026,4,1,22501108,a6691434-a348-7943-bca3-b69aa1851be8
22501108,388,2026,4,1,22501108,94ffa838-8871-9d45-b6f7-fd09f715db1d
22501108,396,2026,4,1,22501108,485bc3a5-4c1e-fb04-d4d7-3355cfe96a61
22501108,398,2026,4,1,22501108,1d6ce5f9-757c-aa16-819f-eac952820367
22501108,401,2026,4,1,22501108,cfb06426-873a-95a8-1bda-92c8f51ffdcd
22501108,404,2026,4,1,22501108,448e427b-d145-df52-e155-5980ee1c208f
22501108,430,2026,4,1,22501108,e1d5cf33-96e5-4b43-fd19-c6e7443a4b1e
22501108,432,2026,4,1,22501108,731cee43-4e7f-cc81-848e-af91e7542350
22501108,439,2026,4,1,22501108,61408e12-1928-c724-c2b7-a4d01bde5b62
22501108,44,2026,4,1,22501108,e46ee943-9176-4112-3396-1f6b4081d67e
22501108,441,2026,4,1,22501108,8791fe99-fcd6-d127-ef9e-e9843f61e14d
22501108,451,2026,4,1,22501108,35f7a33f-5dc6-3892-956e-d2b5cf2410bc
22501108,453,2026,4,1,22501108,743a6f18-0634-004e-5973-6f1a3e47e2a4
22501108,456,2026,4,1,22501108,ea1aeb2a-ae19-123e-f922-3cfa0f1872ec
22501108,458,2026,4,1,22501108,320cddfc-a7cc-687b-3db1-7c81d222e6c9
22501108,46,2026,4,1,22501108,314de0d1-5012-09ec-05fb-938e7660d692
22501108,462,2026,4,1,22501108,78827280-5a77-0761-85bb-9e8f838bc780
22501108,470,2026,4,1,22501108,880fabdf-5489-7f1b-1f86-208474d89535
22501108,476,2026,4,1,22501108,8f6957dc-67e2-f014-5f64-0e11ac90b3df
22501108,48,2026,4,1,22501108,50057766-07bd-b3b0-7f32-3ada1a227598
22501108,481,2026,4,1,22501108,080cb0b4-2280-4a3d-4fe1-60b116857102
22501108,483,2026,4,1,22501108,e9c1a9ce-c356-e889-0150-ef0fc78274e9
22501108,49,2026,4,1,22501108,883268ac-ff3f-8c67-399e-93f6116dfd50
22501108,490,2026,4,1,22501108,47f60aa1-565a-9c7c-ae20-eab3e12abba9
22501108,505,2026,4,1,22501108,270dd03c-20cf-cf0d-1ef9-41fc751735aa
22501108,507,2026,4,1,22501108,074809cb-0bd0-ce8e-2b4f-44dcd3f7f7e4
22501108,509,2026,4,1,22501108,ca0794c7-d934-c747-19b9-74a2da039d9d
22501108,510,2026,4,1,22501108,ccab26a5-812f-5d39-c174-33bdee9c7056
22501108,53,2026,4,1,22501108,ad083d15-0bd7-6662-c1c6-1a311bd35e5f
22501108,538,2026,4,1,22501108,ffb32533-f16f-efd4-c269-606c3ca44bc4
22501108,543,2026,4,1,22501108,aec0fb2e-1228-16cf-58b9-650519debd54
22501108,564,2026,4,1,22501108,d274b7e6-5a86-39a7-f0b0-00d63249de34
22501108,567,2026,4,1,22501108,ec88b4dd-1d38-1b17-198b-55ed88c5fa73
22501108,586,2026,4,1,22501108,8396cf46-dc06-d4f2-822b-d3ed13d6cccf
22501108,589,2026,4,1,22501108,28f42eef-f839-faa9-4ef4-4bf308ae4d40
22501108,614,2026,4,1,22501108,b9667ad2-706b-cab0-fb55-e2ce227bb1c6
22501108,616,2026,4,1,22501108,e5fa6a00-704f-de7c-6993-add548ecb4a7
22501108,626,2026,4,1,22501108,9c0a40bd-bacb-738c-ae60-f4a0a37e007f
22501108,63,2026,4,1,22501108,8887fbba-dccc-9e13-dddd-8bf66b4b25aa
22501108,632,2026,4,1,22501108,62f23307-398b-d2e8-371f-1ef5acfcdea1
22501108,65,2026,4,1,22501108,3618af22-0f5e-014a-452d-09b95fac60b6
22501108,657,2026,4,1,22501108,20b73129-5c26-1835-ae63-e496592afe48
22501108,658,2026,4,1,22501108,f2c756fa-ae96-2b85-f243-3fb4bcd9f62c
22501108,668,2026,4,1,22501108,4e3a3f1b-c37a-3a5a-9689-5eb926453264
22501108,670,2026,4,1,22501108,39ae1df0-a0dd-e2eb-5a1d-c4747f883304
22501108,687,2026,4,1,22501108,022e7ad2-22ce-0fa9-ddd8-2a863bfe5360
22501108,689,2026,4,1,22501108,06b36a39-9885-7278-1bae-3a2c155633d7
22501108,690,2026,4,1,22501108,19fd563c-98c3-abf6-5980-3d83a1d1c185
22501108,697,2026,4,1,22501108,ee2d5ae4-94d6-6009-6afb-d9d6e6504aa7
22501108,707,2026,4,1,22501108,a2ea7b0f-17ec-7dde-c325-900c6769b7c8
22501108,708,2026,4,1,22501108,ba54a89a-8615-10c7-0b3d-9579259b43da
22501108,718,2026,4,1,22501108,6711a479-2145-0465-75e6-5392db573e11
22501108,721,2026,4,1,22501108,730d6549-2a3b-f1e0-08e8-d849dcb7890a
22501108,724,2026,4,1,22501108,134431a8-1cda-6f28-b9f1-57e0b894b101
22501108,73,2026,4,1,22501108,4bf8ec95-8549-ddca-2a2d-d994e589e467
22501108,8,2026,4,1,22501108,fdb5f58a-d6d5-f085-a6e5-e3a3a34744c9
22501108,80,2026,4,1,22501108,972604a2-37ce-2a93-04f9-743db7100a06
22501108,82,2026,4,1,22501108,711e8fc9-cc9c-c9a5-4462-d72cfef1ad53
22501108,93,2026,4,1,22501108,8fbfb400-feb1-ae92-02ca-925dbe95bbd8
22501108,126,2026,4,1,22501108,84899ff8-7bcd-e535-6fdc-9feeb6207e8c
22501108,13,2026,4,1,22501108,dd4b1fbb-4cb2-ff2c-c5f7-cd8cfc4425ea
22501108,134,2026,4,1,22501108,4f95082d-0c06-7ca9-58c2-bc9ae4a247da
22501108,137,2026,4,1,22501108,58f9f7ea-85fa-afe1-558e-6d63d54c50f2
22501108,148,2026,4,1,22501108,00c5a31a-39b0-1721-4d53-e5cbcb4a0075
22501108,151,2026,4,1,22501108,fcf8e031-0369-9f07-6422-6f76a7e33cec
22501108,158,2026,4,1,22501108,a37f8e35-df01-d9e5-4970-c1e61451f8e2
22501108,166,2026,4,1,22501108,04f4fb01-2146-c017-0863-e7d7c15cc5b8
22501108,168,2026,4,1,22501108,40f9d3b5-cf28-14fa-ceaa-0dfcf06d4c14
22501108,172,2026,4,1,22501108,b1ef621e-80e0-fa14-c852-2f6441db5fdb
22501108,174,2026,4,1,22501108,bf5d17d8-0d52-6932-ee15-42e6104fe01b
22501108,178,2026,4,1,22501108,e9a2121c-c5f4-d89d-c935-a84531d01129
22501108,190,2026,4,1,22501108,df036cb3-c285-b25d-a6df-bbb829c837be
22501108,200,2026,4,1,22501108,4152c949-7986-7f9c-2640-adbd241a84f9
22501108,213,2026,4,1,22501108,c37f10f7-e141-c844-1f04-066810577a4d
22501108,215,2026,4,1,22501108,07b4fd08-545d-c6c3-b393-5d4715416c33
22501108,219,2026,4,1,22501108,945d0df5-28fb-31b8-d0fe-6a1c90df8593
22501108,227,2026,4,1,22501108,5ae3630e-582a-c0e8-131f-6084351c9c86
22501108,23,2026,4,1,22501108,afd0b60e-9b59-ac2f-029f-74f9f6a70e3e
22501108,236,2026,4,1,22501108,3d644a94-ee40-090b-4c91-1121c930eaf7
22501108,257,2026,4,1,22501108,c03e30a1-0d68-9277-68d7-bb26676f3d4c
22501108,271,2026,4,1,22501108,a0e9eaf6-c0ac-af35-5a77-a077056e5349
22501108,274,2026,4,1,22501108,c298405d-be3e-23a6-841c-039398c43bb2
22501108,29,2026,4,1,22501108,82124436-ef21-9180-aa20-9a330f8523e5
22501108,293,2026,4,1,22501108,afd0bf73-cd9f-869d-da9c-2cd22fef35a3
22501108,299,2026,4,1,22501108,ab76a30c-b09a-190a-7160-6f1669d96f17
22501108,311,2026,4,1,22501108,442247db-77ff-057f-6828-403684fd9e9a
22501108,315,2026,4,1,22501108,6328a94c-c943-1d44-6f26-696b8e0d83ec
22501108,317,2026,4,1,22501108,658f03bf-d436-fa8e-1b06-1d069e230e51
22501108,326,2026,4,1,22501108,249037c8-8683-2f18-9d3b-22a09b058627
22501108,333,2026,4,1,22501108,4b0ae7d9-a142-f05d-2b03-41ae79694e15
22501108,336,2026,4,1,22501108,46873a46-44e4-1c96-c405-3bfa251e2b24
22501108,346,2026,4,1,22501108,5c9de1c6-139f-9ce4-d54e-1c20ecb0d6e2
22501108,350,2026,4,1,22501108,ced2ba1c-ebeb-045d-4778-3990f742f3b6
22501108,352,2026,4,1,22501108,bb0c34f7-7608-ee93-5543-ac1a6df5e33f
22501108,364,2026,4,1,22501108,a08cd862-e61e-8d36-5188-638c90472d68
22501108,369,2026,4,1,22501108,2ca556e1-20f9-2828-554e-b36d7018c744
22501108,37,2026,4,1,22501108,4fdc74f0-241f-8c91-441b-9e953f12a087
22501108,371,2026,4,1,22501108,aec84f77-593d-2f5a-572f-9995f24dc944
22501108,373,2026,4,1,22501108,c8989924-f717-37ef-3d87-a8523a41a671
22501108,387,2026,4,1,22501108,7b04246c-826c-8d6f-439a-d73078fc911b
22501108,397,2026,4,1,22501108,26736f1f-25d6-82e0-11d5-57154a62095d
22501108,399,2026,4,1,22501108,fc350485-aa1e-b8a0-d239-a8dfcbc6b8f3
22501108,402,2026,4,1,22501108,cd8abd36-913e-f5d1-c3a0-b1a9ca014581
22501108,405,2026,4,1,22501108,53a51587-333c-fe9f-b44e-92ea847cf3cc
22501108,431,2026,4,1,22501108,05753006-cb0c-5228-8c26-daba1546ca02
22501108,440,2026,4,1,22501108,1e4606e9-f03b-9684-8b97-ce3d7b686e36
22501108,452,2026,4,1,22501108,e8f9717e-4aa5-26c6-908a-c6febee0f653
22501108,457,2026,4,1,22501108,680fdf60-e43a-a3ef-54d2-4b0567c4394f
22501108,459,2026,4,1,22501108,7d3dae0f-397f-e169-e516-5745b5dde230
22501108,47,2026,4,1,22501108,f287efdb-7b9d-d0e2-62af-a0dcde71d78b
22501108,471,2026,4,1,22501108,12d5b071-c710-05ea-3d9e-f34b540aeaaf
22501108,482,2026,4,1,22501108,7816093e-7a93-1c9e-19c0-7cfc65209d17
22501108,50,2026,4,1,22501108,88013600-2437-1771-a272-4dd1989cdf79
22501108,506,2026,4,1,22501108,ffe00f17-c781-31ee-f2fd-a1581e5afb04
22501108,508,2026,4,1,22501108,40b31b10-148a-a723-2640-218f39be61cf
22501108,512,2026,4,1,22501108,51aada57-8db9-d1cf-699f-db583de913a6
22501108,523,2026,4,1,22501108,eb6cfd10-9260-6d2e-2bdd-3f5fac4ae546
22501108,539,2026,4,1,22501108,06a4097d-7abe-56cf-96ae-d371e0de265b
22501108,544,2026,4,1,22501108,430d2d11-0158-116f-a76b-7d101ac4a743
22501108,566,2026,4,1,22501108,2f79d10b-a195-7417-8750-c745504e5236
22501108,568,2026,4,1,22501108,18b9c59b-8dcb-5346-b396-9e9b3113ecc6
22501108,590,2026,4,1,22501108,8b9744ed-fa71-6c57-2417-6ddf684774cf
22501108,615,2026,4,1,22501108,5ede4809-506a-3259-9800-476640412286
22501108,627,2026,4,1,22501108,f0a81e27-6b9c-164c-bca4-905934699c1f
22501108,64,2026,4,1,22501108,f60eeae4-2768-a09d-bec7-17ba0cd2e87b
22501108,648,2026,4,1,22501108,0e55688c-91ae-b54a-5b52-7c8d7b38800b
22501108,659,2026,4,1,22501108,99ca157d-b548-52fc-a04f-8b4a839a312f
22501108,669,2026,4,1,22501108,3aa99e18-c461-a01b-4e6c-f326c14d3485
22501108,671,2026,4,1,22501108,9018a654-21d6-c808-1dee-1611b053db81
22501108,688,2026,4,1,22501108,e0cb2912-0ffc-a667-bcfd-7445bd14198a
22501108,691,2026,4,1,22501108,37915825-da28-8b50-4a9b-c813d7cb17c0
22501108,698,2026,4,1,22501108,c44f5d0f-24dc-cdba-155d-58ea66cad8e4
22501108,722,2026,4,1,22501108,04b8475c-d3c9-d0bc-2c06-3be996673d4c
22501108,725,2026,4,1,22501108,0a72567f-3795-1b7d-f51d-75890e1a1f59
22501108,74,2026,4,1,22501108,dbfbcfc8-026f-9a68-37aa-28ced6df3728
22501108,79,2026,4,1,22501108,2aaa2c49-298e-5002-095e-0eb18fe24973
22501108,81,2026,4,1,22501108,42ed8a55-31d4-bc95-664c-42026c30bca3
22501108,9,2026,4,1,22501108,b1c7ec35-dd69-186e-5aa6-b6659cfded5e
22501108,94,2026,4,1,22501108,b1ad7959-ca33-da5b-77bd-712526bacded
22501108,105,2026,4,1,22501108,e3a9fc7e-45d6-6683-2fe6-d25410a7014b
22501108,16,2026,4,1,22501108,1aba581c-4c82-6e26-9494-f0455bc12b9a
22501108,197,2026,4,1,22501108,01b4e41d-86bf-ece2-9cb1-a32266d429bf
22501108,239,2026,4,1,22501108,f9524509-28a5-ba91-728e-fd600545cfaf
22501108,244,2026,4,1,22501108,2b0f3b4d-45a4-f564-bacd-5183d90e0180
22501108,277,2026,4,1,22501108,a5108258-e4b1-665d-40d0-0d279c179f41
22501108,338,2026,4,1,22501108,dc5c59ed-c287-6057-12f1-9e768dff6d2c
22501108,449,2026,4,1,22501108,d0935734-1815-eee6-baac-19e7ced219c9
22501108,477,2026,4,1,22501108,3211122e-ed28-39ad-58a4-bc7b3a31c905
22501108,484,2026,4,1,22501108,6f809d10-09b9-71c2-dfdc-abd521d4aa03
22501108,486,2026,4,1,22501108,fd57628c-e2cd-3746-cd99-7c18ff63fe50
22501108,488,2026,4,1,22501108,a74f1aeb-a70d-3615-bc08-8f620f9ffe1a
22501108,559,2026,4,1,22501108,cdcc6131-e8f7-6ebe-7908-b62ec218c610
22501108,574,2026,4,1,22501108,5c4e23e5-5c7e-aa2c-f5f4-442108986a62
22501108,630,2026,4,1,22501108,25c431fd-fb75-e182-095c-e6f7e49a5ed2
22501108,674,2026,4,1,22501108,54b8a626-c278-b84a-3c84-5a60630a9c35
22501108,100,2026,4,1,22501108,b5b310e6-997d-5111-b95d-f4346ad9b6f5
22501108,201,2026,4,1,22501108,66b56b17-8a64-d2f5-8e64-2afd27f9b19b
22501108,35,2026,4,1,22501108,90709ad2-3bd8-a6a0-4398-d20538913b7c
22501108,403,2026,4,1,22501108,a21eb332-8639-c858-34e6-17a4c0993306
22501108,423,2026,4,1,22501108,c566a24c-847b-3787-c194-5acc4b8fff7e
22501108,517,2026,4,1,22501108,b19c5420-0f2f-3785-ced8-b1c2b5ba9846
22501108,527,2026,4,1,22501108,ca6c41a7-72a3-87b4-5621-b083ace99473
22501108,701,2026,4,1,22501108,2006be6e-03d7-816b-be3d-d39ebb628e5d
22501109,103,2026,4,1,22501109,62e194d9-a344-bfcb-51d7-934fa4662679
22501109,110,2026,4,1,22501109,a60f370e-6126-e43d-630a-eb383a7d9e22
22501109,114,2026,4,1,22501109,05efedfe-9d53-8d7a-e0b7-b9fa7c4ee2fd
22501109,122,2026,4,1,22501109,7cfaa6ac-3834-1c7e-5e75-254a63701a32
22501109,13,2026,4,1,22501109,950814d0-4191-951b-b0a1-787c13ef5aa5
22501109,133,2026,4,1,22501109,4ccd7713-7fd1-7dcf-a52f-be822fc1c728
22501109,137,2026,4,1,22501109,ffc9c08c-2efb-4f94-2b71-c409c1119add
22501109,154,2026,4,1,22501109,9c6d174d-0af0-760a-47c2-9bfe6b72329c
22501109,169,2026,4,1,22501109,eb3c7348-dcef-5ef1-ee14-c00d71986c9f
22501109,194,2026,4,1,22501109,d2777f4e-45d9-aed4-c47f-a3a0fa17c988
22501109,196,2026,4,1,22501109,714682df-f64e-ecb4-cca7-4b97332ff76f
22501109,205,2026,4,1,22501109,980b9ddd-7b68-a72c-f2c6-e70d50f89bc1
22501109,218,2026,4,1,22501109,486f18d9-0580-f359-af22-06fc57395a65
22501109,228,2026,4,1,22501109,18ad9983-5059-ba43-5287-7800de4c0ccb
22501109,236,2026,4,1,22501109,cccbfd42-b6dd-2dbe-2240-52cac503e5fd
22501109,238,2026,4,1,22501109,4ddd5680-70f3-bde1-9d16-df26c94e4a27
22501109,240,2026,4,1,22501109,091b9cda-0abc-7da5-fde1-e453f40c3099
22501109,266,2026,4,1,22501109,8b48a16d-72e0-8bc1-8b87-d33299ec70c3
22501109,27,2026,4,1,22501109,b3591e1e-39da-bba8-ac80-6d95d7e2ad55
22501109,272,2026,4,1,22501109,cb9fb094-6ac3-ba19-702e-647d380a6fb4
22501109,280,2026,4,1,22501109,a3becb79-2941-4a9b-40fc-4ea3a5a20753
22501109,287,2026,4,1,22501109,070a8ccc-01e8-5cc2-2fec-5287d6596eba
22501109,295,2026,4,1,22501109,df53bdcc-f65e-f8b1-084d-831723300792
22501109,306,2026,4,1,22501109,1ad9c0ab-aaf5-eb2a-3463-7182ba87a09f
22501109,31,2026,4,1,22501109,d4e3bc9a-8322-a67d-89ad-d6a8f0a0d3da
22501109,317,2026,4,1,22501109,2ab80882-fa47-ba4e-6f26-fc2b47dc2a12
22501109,323,2026,4,1,22501109,b9a596a5-5e9a-0533-aa87-307b9360ad22
22501109,325,2026,4,1,22501109,efb9f291-7b22-ac34-2f2e-6bf10fbea0c1
22501109,327,2026,4,1,22501109,16f3d0ce-4f5b-9752-d456-373a308ed2a1
22501109,341,2026,4,1,22501109,e46c7f87-746c-184c-0ab3-fc5cbcca42bd
22501109,343,2026,4,1,22501109,3b4a54dd-26c9-196b-8d17-db1202bc2af9
22501109,365,2026,4,1,22501109,95da7b83-f330-6194-60e9-76557524082f
22501109,367,2026,4,1,22501109,e3153b31-e47e-34e9-3749-d111b5c56013
22501109,369,2026,4,1,22501109,b0c0d136-8b54-d424-ecb2-c29b5777f754
22501109,37,2026,4,1,22501109,51574800-a2bb-a3f8-07a6-076efed88554
22501109,373,2026,4,1,22501109,14a7857f-03dc-80fd-2cfd-921f241b37c4
22501109,377,2026,4,1,22501109,8eabaedc-1c7a-4bad-0ba4-0d7ad6ee66d3
22501109,381,2026,4,1,22501109,6b76d1af-e6c6-6fcf-f453-bc1d41b94f6f
22501109,392,2026,4,1,22501109,adc62e19-8e3e-99b6-e159-83c95b08aa9a
22501109,397,2026,4,1,22501109,27b0ce72-b625-522a-7718-4cb39b8556fc
22501109,40,2026,4,1,22501109,22e0d98f-3471-0ebc-b703-0259f2559e6d
22501109,402,2026,4,1,22501109,bcfcc4f8-051b-2d2b-8559-fc5edc2df92d
22501109,429,2026,4,1,22501109,9b0506b4-9905-91dd-411e-b70c840a6afe
22501109,448,2026,4,1,22501109,bb41e57e-a936-f2aa-64eb-19ec5c0344ad
22501109,481,2026,4,1,22501109,210049a6-4e45-0e22-08f0-58da2fae7409
22501109,483,2026,4,1,22501109,a0140cc9-d5fb-3e60-1399-e12649b94e15
22501109,50,2026,4,1,22501109,05b44b73-9664-386c-4eaa-f5ab7832619c
22501109,518,2026,4,1,22501109,8386c1df-4e03-e70e-96f6-bb3636abb01e
22501109,534,2026,4,1,22501109,19e21f58-e778-f95a-3465-2ccb036446ff
22501109,552,2026,4,1,22501109,fed096c7-dfd3-35c6-31ef-5072afc21b9a
22501109,566,2026,4,1,22501109,759f69b5-ba9e-e5a6-0b6e-a36c7a80ab0c
22501109,574,2026,4,1,22501109,327ce3f7-32bc-bb65-f7ed-f3f53608eeb8
22501109,593,2026,4,1,22501109,55a606fe-e735-ce05-ea79-2f33635783d2
22501109,597,2026,4,1,22501109,d56d2b3a-32de-4d3f-4a46-a838fc235344
22501109,606,2026,4,1,22501109,b7d379e6-1606-740c-250b-71d75c278259
22501109,618,2026,4,1,22501109,61c7c65a-eb65-2f02-9fe0-0d1bfd1279c5
22501109,624,2026,4,1,22501109,ef150f29-367c-2126-cdc5-9da0992f3205
22501109,63,2026,4,1,22501109,0fff1947-e616-3ceb-06d8-21d9ee730764
22501109,641,2026,4,1,22501109,3fa66b9c-72cc-12a9-b1b4-7a589b679fb8
22501109,643,2026,4,1,22501109,d83ec462-72c6-421d-c431-1b84243ffd38
22501109,65,2026,4,1,22501109,a4f9f8a3-a9c0-1d65-ce75-8f0cf5a714c8
22501109,653,2026,4,1,22501109,ff008623-63ad-46c9-0cc4-7e9dd6223b90
22501109,655,2026,4,1,22501109,0bcd10b3-b38c-173e-1230-e8593317eb48
22501109,67,2026,4,1,22501109,77e44764-da6c-9e21-87bb-1efd8212befd
22501109,682,2026,4,1,22501109,b0e60dfb-d13f-8372-b4ee-f3d37c1e4fb8
22501109,690,2026,4,1,22501109,649f724a-842b-c8a2-07e4-76447e8beb2a
22501109,7,2026,4,1,22501109,889f5846-b9d3-0af4-d8eb-6fa720e24001
22501109,700,2026,4,1,22501109,8662732c-b6e3-55ea-fb0b-6c6b085494ed
22501109,704,2026,4,1,22501109,b9b73d1f-b2e9-cad5-8826-fdf120e458fb
22501109,85,2026,4,1,22501109,47f6e0a1-bcd0-4e4f-cee1-9719af782b40
22501109,87,2026,4,1,22501109,4bcb2865-e8c7-46f1-cbca-fbab7e909fa1
22501109,166,2026,4,1,22501109,007b4643-5b06-a127-61f8-817cd42f35f2
22501109,220,2026,4,1,22501109,ddc5f240-047e-d431-afa0-7e4bb5f13de7
22501109,230,2026,4,1,22501109,524cd4f6-1f41-49cc-c156-83d6aa23ac2c
22501109,450,2026,4,1,22501109,56248fae-e357-17da-7aa7-b76ab8144602
22501109,547,2026,4,1,22501109,d40f541c-1a31-d974-2bb9-83aa411f5ee9
22501109,578,2026,4,1,22501109,9c064efb-87ba-f736-429f-40453ff73e0a
22501109,602,2026,4,1,22501109,bb73dbd4-2b54-a727-da3a-5336ff4b88d0
22501109,620,2026,4,1,22501109,89ef05d5-ef5b-8075-5303-0a916a036805
22501109,672,2026,4,1,22501109,40d43b2b-cb62-ec18-c21c-b31dc817e5d3
22501109,105,2026,4,1,22501109,a153586b-6fee-7dd7-85c1-b73f3b1f1d5d
22501109,106,2026,4,1,22501109,187ef53a-c0e2-a2a4-d22a-9ea10e507f07
22501109,112,2026,4,1,22501109,eaa1d930-4cbe-e074-7e9e-e72df4a55a31
22501109,115,2026,4,1,22501109,f305ef92-6c65-8867-a6f0-96d0b628f463
22501109,129,2026,4,1,22501109,faf04754-9903-8d41-58b9-afdde828fb7c
22501109,146,2026,4,1,22501109,3b46b645-215d-7f94-dbd8-a909018b1f13
22501109,15,2026,4,1,22501109,176196f5-268e-4c1c-e8e8-e636d9678239
22501109,156,2026,4,1,22501109,63d563cf-03b4-dbb8-acd0-02e8805617b0
22501109,158,2026,4,1,22501109,c892e4cc-d275-3c66-c7d5-3fa96ae48437
22501109,159,2026,4,1,22501109,3168eb6f-b3a9-4c2b-f932-691bd4d05aca
22501109,161,2026,4,1,22501109,60bdd49a-cce7-642f-0567-6e9dcafd3506
22501109,164,2026,4,1,22501109,0a7b6ae2-0d59-4b06-7983-7e3e94417c18
22501109,171,2026,4,1,22501109,6660d724-0ede-dd7b-80f0-56266ce1835d
22501109,183,2026,4,1,22501109,26088d70-f738-54a3-e09b-59d4e3ca47a6
22501109,185,2026,4,1,22501109,bd9123d1-aa28-a99a-8450-4cdc53549639
22501109,189,2026,4,1,22501109,a8eb173c-eb56-2dd5-36f9-734f7916467e
22501109,191,2026,4,1,22501109,b3d7af7e-e518-60f6-9ddb-db76ee7bafdf
22501109,204,2026,4,1,22501109,61400a50-0013-f2d4-fd6f-531448256a0b
22501109,21,2026,4,1,22501109,f5021a48-dd78-1c31-f3b0-bc36c84eb1de
22501109,213,2026,4,1,22501109,86901471-d7e2-7e74-cdc9-2cd9c31289ad
22501109,216,2026,4,1,22501109,390a7cff-e1fa-532b-5d5f-1885e3aca847
22501109,226,2026,4,1,22501109,4316536a-800a-8cea-734b-b2b7265f2aeb
22501109,242,2026,4,1,22501109,fd5196d1-8b2e-6ab8-a7d5-8a0a231147a4
22501109,244,2026,4,1,22501109,6622b558-d0a3-390b-116a-b2bb3ef3ba78
22501109,245,2026,4,1,22501109,5a486069-d33a-50dc-b073-1bf91e653bd9
22501109,247,2026,4,1,22501109,e537ceda-daf9-d6ff-e7ae-38835c02d133
22501109,25,2026,4,1,22501109,8d33b5e6-8881-0dfd-7201-7d495f7b9ede
22501109,268,2026,4,1,22501109,36362ce9-636b-d1fc-71a7-ab0f14ee39ec
22501109,270,2026,4,1,22501109,ad42945d-b961-874b-fb36-e13bb5f8412e
22501109,274,2026,4,1,22501109,c250af28-6820-1840-b2bf-e947542337c7
22501109,275,2026,4,1,22501109,9149ed44-369a-f5d4-3301-b75bc6f892c3
22501109,277,2026,4,1,22501109,f94225d4-f6fa-4296-e5f1-ecb9145cd360
22501109,282,2026,4,1,22501109,00362a38-362a-2830-ad3c-64fb87edc1f8
22501109,284,2026,4,1,22501109,11ed15fc-0f8f-5d82-7d52-a8a7d54c2f36
22501109,286,2026,4,1,22501109,8d9971d9-768e-4c33-629c-6b94b3a5cf7b
22501109,297,2026,4,1,22501109,e257c5aa-0ef3-1a40-76d7-d9e6c4c67085
22501109,329,2026,4,1,22501109,032a2e1e-7cb9-0f74-93bf-e4fc0b0d57a5
22501109,33,2026,4,1,22501109,09e7b4eb-4095-c37b-3d27-85e310ccc2ed
22501109,331,2026,4,1,22501109,34fe9cb3-f1dd-99bc-1d55-15aa64bd081a
22501109,333,2026,4,1,22501109,c4048e7f-8804-ec1a-a21f-eb72f44ba337
22501109,345,2026,4,1,22501109,7049729f-c57b-76a4-c1c9-c5847cc4215c
22501109,347,2026,4,1,22501109,59be190f-7740-6b79-ffb4-e97f5ca435a0
22501109,349,2026,4,1,22501109,cf9d9502-324f-9344-b24e-adaa759f5398
22501109,35,2026,4,1,22501109,d2f51c06-59c6-a6cb-c2f8-a4e768e14f93
22501109,353,2026,4,1,22501109,78ab925e-ba13-f0f8-d860-0e0e55f74869
22501109,36,2026,4,1,22501109,f6275065-ae3a-f6dd-0dae-54d33590c377
22501109,361,2026,4,1,22501109,de1fd800-8b67-66a8-ce76-b9116df3d96c
22501109,363,2026,4,1,22501109,6b390086-9f58-7ac8-bf2c-a2b8c2b6ed93
22501109,371,2026,4,1,22501109,51747408-36b3-4ba8-4f90-e7483b7ce415
22501109,379,2026,4,1,22501109,3d34b6bf-8427-a5d6-3eb1-8db3c09a8a55
22501109,383,2026,4,1,22501109,a3a5acbd-71cb-3ee0-0ffc-dccb758b0817
22501109,384,2026,4,1,22501109,855da76e-fa2b-9ec6-c198-91883c88f284
22501109,386,2026,4,1,22501109,1ee9c904-6f40-f400-2f49-1dd54dfec8b8
22501109,391,2026,4,1,22501109,21f431ae-6c64-0c01-de8a-a68618851315
22501109,399,2026,4,1,22501109,c05eddaf-c41b-9fab-a3a5-e900db59e0fe
22501109,401,2026,4,1,22501109,f9847582-af1a-57db-db5e-e095de79bc9f
22501109,423,2026,4,1,22501109,ad6544bf-cdf2-63c2-117c-74294b3f896a
22501109,425,2026,4,1,22501109,f9d92b6a-a918-d84f-afd4-aae60af672e8
22501109,427,2026,4,1,22501109,57e30219-667b-d827-479c-15e242513de6
22501109,428,2026,4,1,22501109,562c4bb1-afdd-7e3b-88e4-dcd39426fda6
22501109,436,2026,4,1,22501109,903e06cb-526f-f4c8-1773-a68353a1a1fa
22501109,444,2026,4,1,22501109,3f8dc124-52c8-f6d3-536b-fc065b69daf7
22501109,446,2026,4,1,22501109,5156ffca-3295-9f6d-8269-81316e24864a
22501109,455,2026,4,1,22501109,848db57e-ab7f-6250-6ae4-ee44acd6db19
22501109,462,2026,4,1,22501109,0c944340-579d-f5ef-5a8d-f1c26ed053bc
22501109,48,2026,4,1,22501109,3f13db17-299d-6a9f-0255-a647a80352a2
22501109,480,2026,4,1,22501109,26a0b882-3651-150e-b38f-7b009c0cfc40
22501109,493,2026,4,1,22501109,cb16fe52-f291-46ac-2825-e08ecb7d26e4
22501109,495,2026,4,1,22501109,9beb416e-4e2b-befb-28e0-1e129ddf75b2
22501109,496,2026,4,1,22501109,a7ce1403-f9cc-e3e6-51a8-48a77a681659
22501109,498,2026,4,1,22501109,9d47e3b9-088c-236e-df29-2d69684ccbf5
22501109,500,2026,4,1,22501109,87f263f4-90a0-b604-acbb-240a3b3bbbb3
22501109,508,2026,4,1,22501109,f1d027fc-2f40-7583-8259-eae63810711e
22501109,513,2026,4,1,22501109,0e67b7c7-2ba6-7237-bd38-931701f155af
22501109,515,2026,4,1,22501109,a6aad605-1729-887e-69c6-6847443fc31b
22501109,520,2026,4,1,22501109,b0365bce-37c5-d875-bc51-8efe29abd0be
22501109,521,2026,4,1,22501109,0d81e8b3-af3f-b2a3-f29d-696ed194ef81
22501109,526,2026,4,1,22501109,4d78150b-0133-4685-b786-87d475ad9b9d
22501109,53,2026,4,1,22501109,90992b96-344d-0152-9a10-3b891f64031d
22501109,532,2026,4,1,22501109,5636655c-a0b0-f46d-291e-5b0554ceb685
22501109,540,2026,4,1,22501109,6105e534-c612-7ebc-2707-213bd719df73
22501109,542,2026,4,1,22501109,32841db7-530f-75ba-d77c-cb1cf3b22ac3
22501109,550,2026,4,1,22501109,b6891c72-d349-7bed-d43c-09c09a193ef6
22501109,556,2026,4,1,22501109,4757c26b-1d05-0257-d9ec-7e911ecbaf18
22501109,56,2026,4,1,22501109,551710cd-0c58-4d8e-d0c1-d4a13668a0db
22501109,564,2026,4,1,22501109,b9c3cdc5-1a5c-1662-3a2b-1cff02b99305
22501109,568,2026,4,1,22501109,22add97b-5acc-5fe8-6057-9a6d0c26619f
22501109,570,2026,4,1,22501109,ae0ac195-021f-e1e1-ad52-714ddee1933f
22501109,572,2026,4,1,22501109,b186eafe-edf6-ff48-e902-c91e1c925d77
22501109,58,2026,4,1,22501109,cd29a04c-478c-6e13-8998-42d3220e2855
22501109,588,2026,4,1,22501109,0c0bb770-7796-cf0d-3535-703c4943ba89
22501109,59,2026,4,1,22501109,e1ae0c5a-9e17-4f79-c2df-ca52c04a16a0
22501109,590,2026,4,1,22501109,7c39535d-dd40-6e95-cd5f-66a6146dd1be
22501109,591,2026,4,1,22501109,58701cfe-925c-0dd2-0337-f37d7eae84a4
22501109,599,2026,4,1,22501109,48244d7d-7e11-3509-6faf-e9e41fe4bfde
22501109,605,2026,4,1,22501109,4dbed0d9-48d2-60e7-afab-d4ee064ea86f
22501109,608,2026,4,1,22501109,dfc873ac-57f4-3d11-bf69-618abbfef648
22501109,626,2026,4,1,22501109,489e4237-f88b-0ab3-87f9-3b0e355e4e66
22501109,639,2026,4,1,22501109,c5c390d5-2873-684e-ca81-74e7e38f06bb
22501109,663,2026,4,1,22501109,14b65e89-93b2-0669-2c84-2923b15cbedd
22501109,665,2026,4,1,22501109,080f5bae-c834-5432-59ec-2a91cd814d07
22501109,667,2026,4,1,22501109,6b8a6417-4a78-67a4-beb2-b252b34eecbd
22501109,669,2026,4,1,22501109,e35f5ff8-c626-9fd4-7816-6e6d09195b84
22501109,671,2026,4,1,22501109,3c311a7a-cf78-f1cf-0b56-4302c0e6c54a
22501109,675,2026,4,1,22501109,3e2a9e6c-76fa-a66f-dcc7-bd45d8dd97de
22501109,680,2026,4,1,22501109,4923ad03-11fa-6462-8509-456b2cba6e4c
22501109,688,2026,4,1,22501109,b1d2178e-fb4c-d684-1690-75422d721e59
22501109,692,2026,4,1,22501109,4623f952-23a3-d932-c1eb-89890a451d7c
22501109,694,2026,4,1,22501109,1db8cb96-8903-fd96-24a7-a5acd2d57278
22501109,696,2026,4,1,22501109,b0c638fa-58c6-3505-1f40-7618307ff8de
22501109,702,2026,4,1,22501109,60d5ee6c-c168-2420-912a-6c5bc91c3b79
22501109,706,2026,4,1,22501109,4a88b575-9739-02dc-b28a-abfe06a2295b
22501109,79,2026,4,1,22501109,8da5d599-e340-f603-ac74-30244b9b7879
22501109,81,2026,4,1,22501109,435bb32d-18fe-47b9-4915-4591f3973ab2
22501109,84,2026,4,1,22501109,8b91c7b5-9e64-af0a-ee2f-20b247fb81da
22501109,89,2026,4,1,22501109,13bd76a6-0aca-3755-cb0c-242397813127
22501109,9,2026,4,1,22501109,dc79fee1-6b4f-a426-0f71-50cb2d0f73d8
22501109,91,2026,4,1,22501109,89f8b543-f14b-0684-4440-432972a221b2
22501109,92,2026,4,1,22501109,ff8b2f83-8058-2906-a514-77b6fbd0391c
22501109,10,2026,4,1,22501109,01725103-a882-4fe3-1429-ce56d722d5e1
22501109,107,2026,4,1,22501109,56d16b78-e9e4-4f34-f89e-30c6336d2170
22501109,130,2026,4,1,22501109,09b27341-1f1f-8719-1f04-0d68476a8aa8
22501109,147,2026,4,1,22501109,0370f5d3-1315-8e50-3460-9f9dbe090891
22501109,157,2026,4,1,22501109,4838fd58-903f-71de-56c2-76dfb0d141e1
22501109,16,2026,4,1,22501109,f18f8d24-66d4-857a-0125-84095063cc13
22501109,160,2026,4,1,22501109,cb15f723-fff9-33d5-3407-b77259dbb495
22501109,168,2026,4,1,22501109,824cc527-6c50-3b12-cedb-43088b518727
22501109,172,2026,4,1,22501109,2d221b96-2365-940f-bd58-1c109889da58
22501109,184,2026,4,1,22501109,84ccb87e-ae57-4232-2b93-1e03b8f35448
22501109,186,2026,4,1,22501109,578795cb-4533-3741-08fd-6fa0c21edcdd
22501109,190,2026,4,1,22501109,6a953f14-5d9d-b329-1abc-547a29ec7525
22501109,214,2026,4,1,22501109,3d8deba0-22ea-0290-a1f5-138b0663c38a
22501109,217,2026,4,1,22501109,a780d4c3-de0b-bbc5-4f24-0d32105327ca
22501109,227,2026,4,1,22501109,ff2f7ee6-7711-c468-c818-f9a3196b1918
22501109,243,2026,4,1,22501109,23f895db-722c-2692-fa24-072ff9940067
22501109,246,2026,4,1,22501109,c5c5fbce-113f-4e60-8177-3915a9b3de92
22501109,26,2026,4,1,22501109,e9145368-81d9-7307-7452-58d6279e90ce
22501109,269,2026,4,1,22501109,0167e8be-3ede-f0ab-2c91-9ef77239a344
22501109,276,2026,4,1,22501109,7c78b98d-6ef7-f1e6-e741-c6e76f110a83
22501109,279,2026,4,1,22501109,3ed5fb8d-4df5-a15a-a09f-898bb008fb81
22501109,283,2026,4,1,22501109,91194279-8fc4-bd6d-5609-e27d8b635a63
22501109,285,2026,4,1,22501109,77fe075b-f878-f07b-f54d-ce79aecfe8fc
22501109,298,2026,4,1,22501109,55465974-5eda-1d4a-c76b-bf55b8165632
22501109,316,2026,4,1,22501109,0cb8af0c-2aee-6117-b181-471fae1ab3f3
22501109,330,2026,4,1,22501109,a1db59a9-89ce-d08f-1ea4-22cf6865492f
22501109,332,2026,4,1,22501109,5414cd90-8e41-61ee-6e2c-d2975b201703
22501109,34,2026,4,1,22501109,d3d1a189-5025-7125-e5e3-e82d3b57cdeb
22501109,346,2026,4,1,22501109,ee03a0a7-8bba-d999-ec86-ab713d15215f
22501109,348,2026,4,1,22501109,1b014f30-644a-ca78-c8c8-002bfd413573
22501109,354,2026,4,1,22501109,d3e162f8-8bb1-3a75-505f-e29871c33f3b
22501109,362,2026,4,1,22501109,d4f5122c-93e5-e283-fb3a-9d98971e447a
22501109,364,2026,4,1,22501109,f13a39fb-6759-3b41-a4c8-d9280c8e191e
22501109,372,2026,4,1,22501109,df3ba985-3c3d-7026-a7ee-e216165e8287
22501109,380,2026,4,1,22501109,95486dab-6ee0-ff3d-82f0-6b15746f35a6
22501109,385,2026,4,1,22501109,c6098d38-d269-337a-3c33-4e6328a87dc8
22501109,400,2026,4,1,22501109,ce5f5864-0f3c-1c18-8e90-eaac80611fc8
22501109,424,2026,4,1,22501109,0900a39e-71aa-753d-0695-094829bba282
22501109,426,2026,4,1,22501109,2c9c0ce3-1277-33e6-12ea-7abb86409099
22501109,437,2026,4,1,22501109,125acb8a-b1c2-e23f-a153-1e0fa3f5c043
22501109,445,2026,4,1,22501109,6e696fb4-82cc-ddd2-b5e2-c5c673f60312
22501109,447,2026,4,1,22501109,c1815c1d-1586-082b-d427-9f23f4bb9e83
22501109,452,2026,4,1,22501109,699d2dcf-6fed-0412-d167-ad3097940ae3
22501109,456,2026,4,1,22501109,1df551ac-02e3-0344-62e8-a9ff3d7b2bbc
22501109,463,2026,4,1,22501109,2c638ea6-5777-c2fe-15be-15ebc788dd04
22501109,477,2026,4,1,22501109,1143b705-c5e8-3d15-3c13-b8608ca24920
22501109,49,2026,4,1,22501109,402e731c-d6c1-aacc-2126-ae7bf8893ee6
22501109,494,2026,4,1,22501109,f8436ac6-4fbe-21e8-43f0-14028f8f856f
22501109,497,2026,4,1,22501109,b04720f1-bc56-432c-7011-35b0d4fd9d2d
22501109,499,2026,4,1,22501109,6130a444-1a15-af6c-8b59-8b306269aa32
22501109,501,2026,4,1,22501109,1c2853ce-8a24-587a-edd8-47647b6568ca
22501109,509,2026,4,1,22501109,da5d4999-c9fb-1d34-7ce9-b5f7b62e7713
22501109,514,2026,4,1,22501109,ea78b80c-d182-ec70-5b04-075c7d170b7b
22501109,517,2026,4,1,22501109,05bded8a-553e-f698-2456-34aadb52d3d4
22501109,522,2026,4,1,22501109,3a637bed-0306-69ae-a395-d6c45740cb97
22501109,533,2026,4,1,22501109,b357580f-d343-a4b4-3d58-5fd36c55746c
22501109,541,2026,4,1,22501109,68135aa2-48df-ba99-4695-8816fe9334f1
22501109,549,2026,4,1,22501109,77b8953a-63b8-01f7-4559-f52d4577e307
22501109,551,2026,4,1,22501109,0b9d46a2-dbbc-52b2-6f84-a6ad92ccfd5f
22501109,557,2026,4,1,22501109,bf56a748-261d-4987-3972-0693fa8c0553
22501109,565,2026,4,1,22501109,7442fa01-6881-09b8-0ae9-9721c6a7cec0
22501109,569,2026,4,1,22501109,8a992d78-3784-5f97-59dd-777723d0b964
22501109,57,2026,4,1,22501109,5df377a4-beee-3e65-7e38-9b459612ac67
22501109,571,2026,4,1,22501109,6a79e4ea-9589-8e5d-85c8-6588adcd807f
22501109,573,2026,4,1,22501109,78e1c6c3-6ba3-192a-8222-fcad0a2e4e0a
22501109,589,2026,4,1,22501109,fcdcbcce-757d-1990-ae13-e7c6985f4e9b
22501109,592,2026,4,1,22501109,3069d1ab-40c7-b0b1-186b-ffa67b7bc861
22501109,60,2026,4,1,22501109,1ba01d61-478b-e1c3-2fb0-b0b92caa8e7d
22501109,604,2026,4,1,22501109,21302a53-78cc-99ef-d013-b6deba1c052b
22501109,627,2026,4,1,22501109,df10f7c1-b82f-2715-6a9d-375cee2a94bf
22501109,640,2026,4,1,22501109,cbefc9df-1971-6b49-1f7f-cd926202f2dc
22501109,664,2026,4,1,22501109,c691a06b-cf58-ca8f-b660-69d43b70f8c2
22501109,666,2026,4,1,22501109,587532d8-a123-b8fa-9388-0c4274cc1744
22501109,668,2026,4,1,22501109,88ab40e8-a60e-7ea6-f0c1-e3c02c685bf1
22501109,670,2026,4,1,22501109,13aeb974-6742-9afc-9159-db38a2ab2fef
22501109,674,2026,4,1,22501109,3bd92999-7dfb-a163-cebb-c22da040fde4
22501109,676,2026,4,1,22501109,61a50eaa-be60-2359-a5b6-1319dfd42c87
22501109,681,2026,4,1,22501109,452201c6-a100-1667-a9a1-cc08040f0c22
22501109,687,2026,4,1,22501109,a0769730-5830-6e45-00c9-579b71593a99
22501109,689,2026,4,1,22501109,9f1f7989-d44a-459a-f6ad-a57f130651fa
22501109,693,2026,4,1,22501109,1fc648ed-a125-0125-7a37-d24e49fb238e
22501109,695,2026,4,1,22501109,42ee93fe-1194-d646-72d3-556d13be3137
22501109,703,2026,4,1,22501109,3e16f62e-2983-10d1-a618-937847106639
22501109,80,2026,4,1,22501109,5c3557c6-ca01-a821-bef1-c23529cc3791
22501109,82,2026,4,1,22501109,ac6b0056-07cf-d853-fb65-a9b272f05a3a
22501109,90,2026,4,1,22501109,cf6e3d3a-6477-79ba-4fa8-30815b79de51
22501109,93,2026,4,1,22501109,4856538d-183e-033e-6892-ec4ca6e87d8a
22501109,108,2026,4,1,22501109,5179279a-3786-54cc-d0b3-736c0278a10e
22501109,11,2026,4,1,22501109,0da56aa7-d900-0624-3f9e-bda8c50381a9
22501109,127,2026,4,1,22501109,46ecb4c5-003b-a846-c1b1-833f8628e383
22501109,131,2026,4,1,22501109,18fea6ec-06eb-0029-6e9b-f7712f044680
22501109,135,2026,4,1,22501109,81ef8324-8ae6-395a-9aed-0c4547e6c29e
22501109,162,2026,4,1,22501109,0e742071-1824-6a68-e863-cf5575ffb4e0
22501109,187,2026,4,1,22501109,ac64e82a-de11-45c3-add3-966bdcd56528
22501109,224,2026,4,1,22501109,24b64458-d85c-0fba-3c4a-fb3fddbdb9ef
22501109,234,2026,4,1,22501109,33961443-aa75-bd70-8354-b133dc46f2e3
22501109,29,2026,4,1,22501109,91ea8218-4748-a7e0-0027-7035744f10bb
22501109,375,2026,4,1,22501109,b67fe886-ca3f-3a3a-3631-b5a50f2bd467
22501109,453,2026,4,1,22501109,3519cc5c-9e6b-d2d6-9d95-c1ebc7222089
22501109,489,2026,4,1,22501109,894b4f6e-7e7a-2758-e520-729ff52424f7
22501109,511,2026,4,1,22501109,0dd41c6d-9a08-588c-6852-264bae0edb6f
22501109,545,2026,4,1,22501109,ea157a06-4a19-c51f-c0f6-828e4ff199ed
22501109,554,2026,4,1,22501109,208626f2-97f9-7431-0815-41bad81eaabb
22501109,576,2026,4,1,22501109,d3f812fd-b578-f149-d8f7-a5457453c6d5
22501109,595,2026,4,1,22501109,f2cbc0a7-b169-201d-0676-0009f180c30d
22501109,600,2026,4,1,22501109,d1ae6151-79fb-7b62-11af-a616821395a3
22501109,61,2026,4,1,22501109,747b2f21-3b60-3886-9f81-1e70e845b097
22501109,148,2026,4,1,22501109,0b1fd7db-0372-9c8e-69ea-8701537f5287
22501109,153,2026,4,1,22501109,4625c1ff-4641-a35a-59b3-31368482789d
22501109,24,2026,4,1,22501109,bb46680c-8d2e-3134-fec0-5ce4584ac65b
22501109,301,2026,4,1,22501109,703b8987-a309-8900-415e-0e367c782f20
22501109,39,2026,4,1,22501109,7c76c74e-85ec-7c8d-daa6-204f74bc2838
22501109,396,2026,4,1,22501109,a6a507ae-2149-5e05-ac44-111980af15b2
22501109,431,2026,4,1,22501109,7bad8d82-701b-6025-90c0-18baf35a6da8
22501109,471,2026,4,1,22501109,e9e256e9-4f01-0cb0-cb46-c0818344f030
22501109,492,2026,4,1,22501109,92a91864-522d-dc3b-032f-2867220cd062
22501109,510,2026,4,1,22501109,adad033b-4042-db91-e1bb-64de17ffd893
22501109,617,2026,4,1,22501109,7f739fcd-a1c0-eb45-f1ae-cfa176b32910
22501109,660,2026,4,1,22501109,b9860c5e-e7c2-9597-bd1f-806cda7fe082
22501109,679,2026,4,1,22501109,2988e43b-8e78-966e-a4cf-c2a50a2b61a2
22501110,136,2026,4,1,22501110,219b1828-4c65-0402-6e00-ae74acbc9355
22501110,160,2026,4,1,22501110,84bf8791-29a9-afdf-e1b9-63ffe33b94ac
22501110,198,2026,4,1,22501110,01579606-cd64-9292-5ef6-5873ba1a70eb
22501110,20,2026,4,1,22501110,d358b223-b234-a396-1a16-ef04f43173af
22501110,208,2026,4,1,22501110,7579c6c4-e0c3-3aa7-2117-d74f28f9a650
22501110,219,2026,4,1,22501110,8d9e3fb6-60db-c744-743e-942f2a1404d8
22501110,245,2026,4,1,22501110,7ffaa2f5-6020-c69e-4a6f-40e4b701bc5b
22501110,247,2026,4,1,22501110,ed325aed-ea93-0ab8-e806-a8b5b69b5ab2
22501110,251,2026,4,1,22501110,cc9288b4-811a-485b-879a-37e92a4eed68
22501110,266,2026,4,1,22501110,063114fe-3bc4-1b19-53a3-998c6ac91782
22501110,27,2026,4,1,22501110,66605780-c966-b160-b068-c84beb84c540
22501110,277,2026,4,1,22501110,ed86e09a-add9-fd28-55ab-97dce8e80072
22501110,282,2026,4,1,22501110,8b7bef7a-2acc-7c02-8a80-1e7442751dfe
22501110,319,2026,4,1,22501110,91e07e14-3e8b-ff3c-3baa-5ad81eadb6a2
22501110,330,2026,4,1,22501110,82a7f8f2-29c1-90e7-3c74-06239c7dd330
22501110,334,2026,4,1,22501110,d7350506-971e-88f6-cbdf-2ac4f7b50ee1
22501110,339,2026,4,1,22501110,0106a5e8-fc36-27bd-d94b-1e410140e89e
22501110,341,2026,4,1,22501110,2bc4b3e3-247c-52cf-ed53-f22db947f546
22501110,345,2026,4,1,22501110,bf05b6a5-183a-fa27-d745-9a475c53c0e4
22501110,347,2026,4,1,22501110,ec0ba907-f1fe-ebe4-ffcd-05a8be4a5af9
22501110,349,2026,4,1,22501110,2b1bce38-1b95-ee86-c170-91aa12180689
22501110,35,2026,4,1,22501110,cd03d7af-d492-8f4a-0c37-f161f04f04d8
22501110,351,2026,4,1,22501110,d2750afd-4e5a-dc8c-4e69-c511f95f67c8
22501110,364,2026,4,1,22501110,a11a2bbd-6024-bc18-4c80-c2668204e0ed
22501110,371,2026,4,1,22501110,0d8b749f-82ed-83da-aa34-f2cb82ea0ef5
22501110,384,2026,4,1,22501110,328fe665-1751-c6f9-c17c-ac5ecea42968
22501110,388,2026,4,1,22501110,4e465ea3-88f4-71ad-9e0b-3bebd55b6310
22501110,408,2026,4,1,22501110,ebdfed02-cf92-2d74-0943-5ca3eb47d171
22501110,410,2026,4,1,22501110,75c7bb9f-be65-9b28-8faa-ec985aae6c40
22501110,414,2026,4,1,22501110,46d5f33a-6afe-ca0a-0f9c-e84887d9c5cf
22501110,417,2026,4,1,22501110,d12e1978-343d-7c52-1b68-c789afc77b66
22501110,425,2026,4,1,22501110,5608a8e7-eb10-1cef-8098-48dbc12ac6dc
22501110,438,2026,4,1,22501110,11066b0f-94f6-fdf0-7307-696734226db1
22501110,452,2026,4,1,22501110,431c7ec2-b4d3-4070-bdfb-687585281ec0
22501110,454,2026,4,1,22501110,3ceeda83-fb77-04ea-8b67-6c1156831916
22501110,464,2026,4,1,22501110,232661c9-c32e-0017-2b8c-510738fd6743
22501110,47,2026,4,1,22501110,6eb53d26-a0ec-08dd-4942-09d7b5e6a1d5
22501110,483,2026,4,1,22501110,d6460954-ed20-4e11-062d-921a3e2ced63
22501110,49,2026,4,1,22501110,824f9d38-2c6c-fdb3-e173-b827377b903a
22501110,517,2026,4,1,22501110,ba796577-5199-12d6-a76c-f1a0ed2d27d6
22501110,519,2026,4,1,22501110,bd7ced2d-8f0a-a8a3-74e5-c51d12de05d1
22501110,524,2026,4,1,22501110,7c33ff10-7662-3441-4952-3cd21f44ac87
22501110,53,2026,4,1,22501110,ccc8be00-d07e-c060-5842-ef4d6bd0e4d1
22501110,537,2026,4,1,22501110,c652a4de-06f5-2306-41a6-846ee3ff35a5
22501110,541,2026,4,1,22501110,6838bb05-0f3d-e7c6-d712-af35126e82a5
22501110,56,2026,4,1,22501110,0874b9b7-4aaa-8661-7ca2-a5525778a081
22501110,562,2026,4,1,22501110,e1e6dc1a-fee1-7f81-c97c-449d7ddf8dfa
22501110,58,2026,4,1,22501110,050cb75a-5055-6bdf-65e4-7f7473743a6e
22501110,61,2026,4,1,22501110,b4606be6-e8a5-0f6c-0061-13d65456f56d
22501110,85,2026,4,1,22501110,7e218e5e-c443-aa5d-8168-1288b7123b78
22501110,96,2026,4,1,22501110,a902d834-e724-55d9-c743-92d363263869
22501110,110,2026,4,1,22501110,1fc9f94e-a163-9ee2-5eb0-5c0038038c0d
22501110,258,2026,4,1,22501110,dac80d7f-4f48-8bb3-41d8-5c02d73a7c64
22501110,478,2026,4,1,22501110,82e06867-d166-f025-012d-4588bbc9bb26
22501110,487,2026,4,1,22501110,a72f1bc7-620f-913a-890f-12aa2805f8b1
22501110,67,2026,4,1,22501110,9c713632-d3ff-8630-9525-4360d648a692
22501110,104,2026,4,1,22501110,44b99aef-fd39-b023-986f-bf694acb6d6f
22501110,106,2026,4,1,22501110,c505c454-ceb2-bc2e-1520-b83980d32149
22501110,108,2026,4,1,22501110,4a8cba05-df3a-b659-43e7-374375205c79
22501110,125,2026,4,1,22501110,8178a4e0-9359-b838-f8fc-b1f8a081b5b9
22501110,129,2026,4,1,22501110,108d2549-2007-67d5-e777-ef9bd65efc92
22501110,131,2026,4,1,22501110,105d669c-7361-9bcf-22bc-da6ef6d28ecf
22501110,133,2026,4,1,22501110,208577b2-816b-fec3-774e-7f9d0395d3bc
22501110,134,2026,4,1,22501110,36c5f417-05a5-e466-47ac-a3c6ee04b548
22501110,138,2026,4,1,22501110,558ddf96-4a5f-cfd1-2fec-4b31f7a898cd
22501110,139,2026,4,1,22501110,4725b613-9417-21ff-7d46-4e25fe050b04
22501110,14,2026,4,1,22501110,6564082c-2123-598b-c5a9-c77321099424
22501110,141,2026,4,1,22501110,ff037537-6a60-f694-56b1-3d5dfd854792
22501110,148,2026,4,1,22501110,81d7c147-944e-2058-0ac0-d953af7fff69
22501110,150,2026,4,1,22501110,0918f466-3627-af52-ce22-3b8884d7efcf
22501110,152,2026,4,1,22501110,44a82e6a-b758-5aaa-106b-215cb8820d83
22501110,154,2026,4,1,22501110,636ec572-a575-4acd-888b-bb6c4a0bd113
22501110,155,2026,4,1,22501110,15bc42af-4294-3bd3-20f1-fa6131dbd304
22501110,157,2026,4,1,22501110,43062ed1-475f-c826-c9bc-182ba501067d
22501110,158,2026,4,1,22501110,4c3d3cc3-cc66-bf6d-816c-9023d6cc59a4
22501110,162,2026,4,1,22501110,9b85c73c-4e3d-76fc-19a3-67e48da67033
22501110,172,2026,4,1,22501110,4d2f2a19-0575-8d1e-efe5-c7df632b8864
22501110,179,2026,4,1,22501110,51f22114-b3d5-b7a9-0f89-caf75f4bb97b
22501110,181,2026,4,1,22501110,86b1e590-66a7-c9ab-67d1-5d7c368d0d33
22501110,189,2026,4,1,22501110,f392089c-5fda-69f5-685a-2aa2543734df
22501110,191,2026,4,1,22501110,c89af870-f045-388b-0135-de860953c403
22501110,193,2026,4,1,22501110,1c5af150-a10f-f406-f0bf-9fa22814ebf4
22501110,195,2026,4,1,22501110,6abffcbc-3649-da62-3fed-3ef82ed75549
22501110,196,2026,4,1,22501110,b3158f98-6f27-63eb-37eb-9ce57ca6f781
22501110,205,2026,4,1,22501110,9779bc9c-c387-9eb3-8b59-3546afb53ed4
22501110,210,2026,4,1,22501110,2de50b8b-c25c-7798-1497-31613ea3394d
22501110,213,2026,4,1,22501110,137e421d-057f-821a-04cb-6be789db7d4c
22501110,217,2026,4,1,22501110,e39f884c-f072-d4ac-9024-71302d4a6621
22501110,218,2026,4,1,22501110,de69c1f7-91b6-16ad-c917-5ac83ade963c
22501110,22,2026,4,1,22501110,b7531492-f484-5b85-28d9-df7adefc6458
22501110,221,2026,4,1,22501110,0d6f15d7-f8ad-152d-2f61-84decc8f4c08
22501110,223,2026,4,1,22501110,ee2346e4-3f5f-43cf-6eb3-0d30f779acba
22501110,232,2026,4,1,22501110,61fb57a6-57f2-59d9-57e6-4b53d8757fc6
22501110,234,2026,4,1,22501110,046d4099-04a0-cc16-4565-e68168aeba8c
22501110,249,2026,4,1,22501110,3cc2e2ca-a32f-fa42-5a02-dd375d0419bc
22501110,25,2026,4,1,22501110,cfe98092-ec8d-a1df-a8e4-3c9da93a1304
22501110,261,2026,4,1,22501110,d16d6629-4e40-53a2-7eb6-132503de6a41
22501110,263,2026,4,1,22501110,d2205818-cbc6-f11a-2971-a2068746ac8b
22501110,264,2026,4,1,22501110,ad3ad776-ea1b-96e3-492d-a2ef361bc4a9
22501110,268,2026,4,1,22501110,c96c79c1-21f3-2477-37c8-8881f910342b
22501110,269,2026,4,1,22501110,29be7a5e-8ebe-5509-73d2-034f9cd50dc3
22501110,274,2026,4,1,22501110,9c14fac7-35bc-3d51-1ba7-7f8dbf3085aa
22501110,276,2026,4,1,22501110,1c6758e4-2a1b-c044-72f0-7807f7494abc
22501110,284,2026,4,1,22501110,2c09a1b0-a344-cf6d-2682-634a75f4fae6
22501110,286,2026,4,1,22501110,6089ce68-a15d-5843-3faa-4e5ddcf509bf
22501110,288,2026,4,1,22501110,c7096edd-d0cb-94e2-f3ee-0bb58901c264
22501110,29,2026,4,1,22501110,0c14757e-40dd-1f2a-491a-e7912cf83e05
22501110,290,2026,4,1,22501110,8c4c0d2e-e1be-1091-3f21-a7b4ceea5756
22501110,292,2026,4,1,22501110,668f2608-63e8-1509-4c5d-f2d4077482d5
22501110,293,2026,4,1,22501110,a818a504-5d07-f314-02f1-47840ba192ad
22501110,296,2026,4,1,22501110,523ca7e7-130e-d0a8-0132-19458a81285f
22501110,297,2026,4,1,22501110,5e517902-b5d9-36a6-3e31-1cc7ffafed5a
22501110,299,2026,4,1,22501110,0fb2ab9e-fe79-0f84-7dcd-482eed8bb142
22501110,307,2026,4,1,22501110,4001669d-32d9-bede-c756-dbd08b39017c
22501110,309,2026,4,1,22501110,f12cf1c7-295b-e584-b4bd-76cf7399c14f
22501110,31,2026,4,1,22501110,9749a398-7dcd-193a-b040-5409b24184ef
22501110,310,2026,4,1,22501110,a2628133-69a0-bb61-b3da-d9720b4d8f3d
22501110,313,2026,4,1,22501110,b47c5f97-28b7-75bc-3a51-e650c6a82849
22501110,315,2026,4,1,22501110,bc07ecfe-f927-e692-4b97-4d3398c6d5ad
22501110,317,2026,4,1,22501110,67b22a8b-095f-f976-5ed4-911667eb9c06
22501110,321,2026,4,1,22501110,7a544b70-ca64-c21e-18b0-608262edb32a
22501110,322,2026,4,1,22501110,f2983946-0036-92a3-3a54-203e2f93f637
22501110,324,2026,4,1,22501110,a43f802e-eba5-ce57-daa6-459f75aa1c3b
22501110,332,2026,4,1,22501110,6b300e72-ab15-b854-8c4a-5bbcc198ab99
22501110,337,2026,4,1,22501110,dbf761a3-f4de-47fa-2136-78ade08a7870
22501110,343,2026,4,1,22501110,c186d56b-aad0-f02b-1f5a-f0ff1561b917
22501110,358,2026,4,1,22501110,97c7eb3e-84de-5a37-d134-87e107264130
22501110,360,2026,4,1,22501110,317c1340-0cd6-d46c-20c0-fdbd333ec078
22501110,366,2026,4,1,22501110,4414f9c8-a438-c2b5-c597-43668a6719d2
22501110,368,2026,4,1,22501110,764b9169-4df8-3534-54a7-a3ec680f3d67
22501110,37,2026,4,1,22501110,a3c48697-327f-e840-1477-5b09a49f6623
22501110,370,2026,4,1,22501110,f2855cef-b05e-58b0-5913-effe9023efd7
22501110,373,2026,4,1,22501110,fbe29c0e-8f79-cf80-8c10-7a2074b0f7a9
22501110,375,2026,4,1,22501110,d51967bb-4e64-7d89-396b-92f7b0dd4a10
22501110,377,2026,4,1,22501110,7dde3738-4ba6-40fe-76de-76f204595265
22501110,39,2026,4,1,22501110,4380f5f9-26ef-8c1d-66a8-4738b10b7350
22501110,398,2026,4,1,22501110,f6769533-4e43-df53-9ab8-dc5555464515
22501110,400,2026,4,1,22501110,be8f4cb8-0aff-c289-353c-2a9da1cc750b
22501110,406,2026,4,1,22501110,a91a873c-de7b-15a6-b694-2160facd5146
22501110,41,2026,4,1,22501110,e69b1b01-ac2a-d326-5b0c-7cd48ab6237d
22501110,412,2026,4,1,22501110,b9c33628-79e6-09ac-184e-4b77a03748ff
22501110,416,2026,4,1,22501110,e4162686-9bfb-f758-0067-61051ebf5387
22501110,427,2026,4,1,22501110,6abc7f3c-4cf5-3262-a37d-ef1ba81ecfde
22501110,43,2026,4,1,22501110,89f1e984-a995-d3ab-5355-344c83e93c37
22501110,448,2026,4,1,22501110,d752b427-b673-2271-030b-19ec661dffdc
22501110,450,2026,4,1,22501110,0a82b968-550f-abac-c45c-ef3b9f8ef4d3
22501110,456,2026,4,1,22501110,bf212823-eff1-13a2-fd3e-40cc311474be
22501110,466,2026,4,1,22501110,8ef6ea94-527f-2dc4-d2a6-a5a010b4e90b
22501110,467,2026,4,1,22501110,66f45eae-b505-49bb-8764-98aaa273227a
22501110,469,2026,4,1,22501110,67297c03-f7af-5aeb-56a1-2ce4b952fbea
22501110,477,2026,4,1,22501110,88a76acf-f030-4591-ebb7-7353c080647f
22501110,482,2026,4,1,22501110,91304e8c-80c4-bf77-7d3a-7364e68b8eb8
22501110,485,2026,4,1,22501110,5a82700c-5dcb-a8b0-8439-03408bc0b2a7
22501110,502,2026,4,1,22501110,8ff8c202-eb19-3eba-3ef7-9d9fbcae2466
22501110,504,2026,4,1,22501110,e9b9c8dd-d78b-e941-483f-f61f69f4b5ec
22501110,521,2026,4,1,22501110,57c227a6-3384-f6ee-6ce4-d639ee6abed9
22501110,522,2026,4,1,22501110,3ddfa472-98e7-517e-5d66-684ac7fc5f27
22501110,523,2026,4,1,22501110,c675cc64-df05-8851-07a1-2c71ce5b7ae3
22501110,539,2026,4,1,22501110,de985497-e08d-425a-7031-f3f0dbfce2c0
22501110,543,2026,4,1,22501110,c6a51313-7855-e9ed-8f61-6703346f0601
22501110,551,2026,4,1,22501110,1fc1e685-e5b2-8e07-2db0-5d030f44c8ed
22501110,561,2026,4,1,22501110,7efa20a1-eb7c-35ec-a049-be5ba39c4199
22501110,567,2026,4,1,22501110,63303b48-269c-07c4-6a05-d938589ce8b8
22501110,569,2026,4,1,22501110,93488cf6-aa1f-6a0c-918c-9b266f832239
22501110,582,2026,4,1,22501110,28a0c806-91e3-b399-ec08-a2969378978f
22501110,591,2026,4,1,22501110,df6d1564-8bcd-6dd9-d737-495a72244cf1
22501110,593,2026,4,1,22501110,46b3c464-7f60-08c9-613e-3aa99c42cf39
22501110,60,2026,4,1,22501110,51c32e28-f8e3-1bef-07d9-51a10bf33a8d
22501110,601,2026,4,1,22501110,c700e582-3dac-38ed-f76c-ff960e8a6367
22501110,65,2026,4,1,22501110,ffce4718-70c3-6fdd-b45c-7ab04e786679
22501110,69,2026,4,1,22501110,08a870fd-f857-0941-1a6c-b7f50168fbc9
22501110,79,2026,4,1,22501110,91ea01eb-4876-a2ef-1124-22316f706c32
22501110,81,2026,4,1,22501110,17bf1616-9dc3-4750-c539-f8d37aa30f48
22501110,83,2026,4,1,22501110,084f0ce9-1174-ca1f-9da1-18757cb2f11a
22501110,87,2026,4,1,22501110,4b835f58-fafe-ecee-e1f8-2f07e984be99
22501110,94,2026,4,1,22501110,e28d7242-4d28-0d9c-31a1-ccc2b961dfe6
22501110,105,2026,4,1,22501110,33fc4b60-85eb-36e9-28ae-d8490de22add
22501110,107,2026,4,1,22501110,963dfe0f-aa70-1f8e-ad64-71ea21bddb63
22501110,109,2026,4,1,22501110,d04b5b86-bc97-1e35-1c2d-aa685ca30899
22501110,126,2026,4,1,22501110,cb212355-da63-e13b-b583-24ae861cf172
22501110,130,2026,4,1,22501110,56d205aa-defb-5f6f-0ee9-efd6e0637717
22501110,132,2026,4,1,22501110,958278a5-8edf-d04b-458a-ca2a13b5f96f
22501110,135,2026,4,1,22501110,7866d456-af3c-3fcc-b075-04dc14bef623
22501110,140,2026,4,1,22501110,090ef2b7-220d-4b5a-656c-a62016802975
22501110,149,2026,4,1,22501110,ee5c12f5-3d23-6d7d-90bf-f38f4e74d433
22501110,15,2026,4,1,22501110,33443694-0ebe-a267-6b9a-d40c8dbece5b
22501110,151,2026,4,1,22501110,ecaf6ee2-48ec-bfe4-452b-1d4ab2c73935
22501110,153,2026,4,1,22501110,91162b7f-73d8-f900-d898-9d565d8d9cbc
22501110,156,2026,4,1,22501110,2bfeee4e-f1eb-d39b-485d-085be0a22e41
22501110,159,2026,4,1,22501110,d64af868-ba58-fad5-d296-78502fa6c88b
22501110,173,2026,4,1,22501110,2ea820bc-1e4b-3fb3-d3ad-780205e5d429
22501110,178,2026,4,1,22501110,8d791d46-4de6-abeb-186d-5678501ebd44
22501110,180,2026,4,1,22501110,a8f57f77-6e06-b9d0-13e3-2594f35e86eb
22501110,182,2026,4,1,22501110,bbbb7d43-a116-2d96-73cc-824180f8cf75
22501110,190,2026,4,1,22501110,9e33d67d-bd4a-6e14-d952-6d8e19d21715
22501110,192,2026,4,1,22501110,232cefb7-3043-5a2a-bef4-6d26fa90d132
22501110,194,2026,4,1,22501110,ea22fe58-6011-3429-558e-100ceca3554f
22501110,197,2026,4,1,22501110,0e3a8434-1f06-3a55-bd1f-31064a760076
22501110,206,2026,4,1,22501110,49185a16-5f14-5b47-d2d5-26211edd642b
22501110,211,2026,4,1,22501110,968324a1-bb0d-4859-34de-1f9e87804367
22501110,214,2026,4,1,22501110,775c7054-e02a-3285-1004-b41598a4dc5b
22501110,222,2026,4,1,22501110,22ebec9a-bc4a-e099-5eb7-8cf861fcb628
22501110,224,2026,4,1,22501110,108bb795-b9db-eba3-4a08-2b5f3864d3d0
22501110,23,2026,4,1,22501110,f1707dec-95b7-c111-17a2-48e4ae989ef6
22501110,233,2026,4,1,22501110,1e04deac-1479-9f77-fe75-2969f11ee4a3
22501110,250,2026,4,1,22501110,c482abde-c687-03a9-cdf9-68ca2958657a
22501110,26,2026,4,1,22501110,f112f708-6dfb-fa2c-3173-83306913e23b
22501110,260,2026,4,1,22501110,c3018c88-1051-257a-98ce-1262114111fb
22501110,262,2026,4,1,22501110,a9ea3190-76a3-36b8-6075-2bd66c55b26b
22501110,265,2026,4,1,22501110,4814f8cd-204f-8c1f-00e4-fc0ffc0b2b35
22501110,270,2026,4,1,22501110,025462e8-0911-1555-d229-305128815eda
22501110,275,2026,4,1,22501110,e37b4928-4483-b737-f6fe-698d92bb9dca
22501110,285,2026,4,1,22501110,289e74de-1c17-6485-1673-5f057fdce726
22501110,287,2026,4,1,22501110,9811ae5a-e89d-bf69-9b00-d760f0bbdfa8
22501110,291,2026,4,1,22501110,925af9f9-a552-1da5-b632-611669edb2a7
22501110,298,2026,4,1,22501110,892ddaa3-83e6-45fc-d66c-c0e4107f2544
22501110,30,2026,4,1,22501110,31ae964c-e8ff-cb35-69d1-7736608240b2
22501110,300,2026,4,1,22501110,7d8efa33-aec9-7918-f1cb-e1df1be5d23b
22501110,308,2026,4,1,22501110,71f1046b-99df-d78e-a72c-896090535670
22501110,314,2026,4,1,22501110,df252271-f8a1-1205-0b61-3d345457e464
22501110,316,2026,4,1,22501110,6594485b-2dee-2a6b-52d2-e748a42a0ca3
22501110,318,2026,4,1,22501110,ef50ba2a-b372-dd51-47fb-8ee7c2308d0f
22501110,32,2026,4,1,22501110,f2030d56-d9cc-a894-fca6-e226d4324b25
22501110,323,2026,4,1,22501110,12d7fb69-c7e8-739a-b619-41bd2af6d90c
22501110,333,2026,4,1,22501110,996bfa05-4f98-3e1e-f44a-f059b869d512
22501110,338,2026,4,1,22501110,884cc3ea-248d-5e83-d529-7e12834c22ce
22501110,344,2026,4,1,22501110,5f8cb1f4-2c84-2ac6-fe95-917628f94ed1
22501110,359,2026,4,1,22501110,5887638e-36e2-d821-6da0-b83b0a3bb54b
22501110,361,2026,4,1,22501110,c9334837-abdf-521e-552b-51d407fa1ac9
22501110,369,2026,4,1,22501110,02b96161-4423-91c0-b798-47ddaaa45751
22501110,374,2026,4,1,22501110,7cc74b35-c31e-67f9-482d-4c354317b9ec
22501110,376,2026,4,1,22501110,11e02d4f-9a83-8df0-1e2e-8152b598f0e5
22501110,378,2026,4,1,22501110,392f05db-930d-f036-2eae-00e5134cf524
22501110,38,2026,4,1,22501110,10e2c57a-4660-7e4e-b77c-f49f679cbe67
22501110,399,2026,4,1,22501110,c9ca4b00-9387-1c71-339f-6534715668f4
22501110,40,2026,4,1,22501110,51115a61-61e3-1ef1-f708-560a03daa58e
22501110,401,2026,4,1,22501110,137f5b95-6505-6bf2-7835-6f128438cb89
22501110,407,2026,4,1,22501110,d34672da-d34a-9d3b-de64-e02d39b52626
22501110,413,2026,4,1,22501110,bcfbd777-ae95-686f-e137-f485a07a8afe
22501110,42,2026,4,1,22501110,809e7aae-a497-a47e-8a9d-300be7d90835
22501110,446,2026,4,1,22501110,fd614d95-9c45-58f3-7f39-63cfaed76c5c
22501110,449,2026,4,1,22501110,8a3ee0ab-157b-36e5-aa23-27e4018fce58
22501110,451,2026,4,1,22501110,77544cf3-e6ad-6579-1dc9-96e8beb4c02a
22501110,457,2026,4,1,22501110,685c4a6a-68d9-61fd-b107-86e78ab4f118
22501110,468,2026,4,1,22501110,248d36ea-2d21-bf0b-ebd5-02f1ee0cd3a1
22501110,480,2026,4,1,22501110,624b1d8e-29e6-9c56-a823-6354925d4dcd
22501110,486,2026,4,1,22501110,0b949384-5314-48b4-171b-1534a50ac2ee
22501110,503,2026,4,1,22501110,8e01e5fd-2df8-b49b-0488-38f760d7fbdb
22501110,505,2026,4,1,22501110,658f8f37-10dc-00af-4d4f-8e7436cae609
22501110,540,2026,4,1,22501110,06942354-0d07-a185-1d2c-289211561926
22501110,544,2026,4,1,22501110,24a72a35-f18e-7bf3-6cf4-4e171df38d3b
22501110,568,2026,4,1,22501110,bd66db31-9de5-d9fd-b683-14d6d60098a1
22501110,570,2026,4,1,22501110,4fc21c42-4d57-5798-60fe-2f8335ccd252
22501110,579,2026,4,1,22501110,cfeac572-8785-d136-c831-a70ac1fa280d
22501110,583,2026,4,1,22501110,ef3dc9b9-95c5-27fc-ecf3-a1d8239ad948
22501110,592,2026,4,1,22501110,b78df9bb-c8bf-ea2e-95e9-73473d1454d4
22501110,66,2026,4,1,22501110,73fcb9c3-eede-f2a3-a28d-279b6c6b5b1a
22501110,68,2026,4,1,22501110,d8798516-64e5-f78a-b7a8-414faf14ae04
22501110,80,2026,4,1,22501110,99bdef2a-fda8-0c39-05f4-ebeb03f0d8ac
22501110,82,2026,4,1,22501110,26fd3854-3f70-c414-fd69-1c9ff2197eee
22501110,84,2026,4,1,22501110,08c75397-555b-7484-2a1c-7bb707a81daa
22501110,88,2026,4,1,22501110,1226da32-b68d-ed48-d58f-3253a061a878
22501110,95,2026,4,1,22501110,240d44b9-bcad-2f87-0496-d6acb9c1cabf
22501110,170,2026,4,1,22501110,be5a8dff-8e82-768e-3edf-9fab0963d9e7
22501110,215,2026,4,1,22501110,df622dfb-e614-b26d-0c65-ee664175877b
22501110,328,2026,4,1,22501110,18e2c942-c21a-693d-2ab2-455b6d879d7c
22501110,362,2026,4,1,22501110,acb274d7-e602-1041-0059-da23091a634c
22501110,386,2026,4,1,22501110,7d31c6c7-f958-f1fa-14b7-21cbf4455003
22501110,493,2026,4,1,22501110,8bca77bf-7bfe-1b55-bb6e-d2e593cf23fc
22501110,51,2026,4,1,22501110,75c86c16-32db-e5e8-9fa2-61cab1df2eeb
22501110,580,2026,4,1,22501110,e21dd43e-67fc-2589-2053-b0d727a911d5
22501110,63,2026,4,1,22501110,737a0728-9ca0-4c9f-9468-7c6de6bc64e4
22501110,92,2026,4,1,22501110,79e0936f-d508-25ca-b04f-5ce23b5e969c
22501110,103,2026,4,1,22501110,51c4d74a-1206-2129-a3ee-8665202d8176
22501110,16,2026,4,1,22501110,18b971e5-d5f5-9e1a-15bb-3ad1dcb67176
22501110,19,2026,4,1,22501110,618e8813-b517-959b-8a12-d0c85f7b45d2
22501110,212,2026,4,1,22501110,e37d5820-e534-20e7-964d-ba1153a9b2b4
22501110,225,2026,4,1,22501110,895f6a8e-cd34-b116-f8a6-61539adc1c8a
22501110,289,2026,4,1,22501110,956628d7-ec88-cc72-53af-b4e401ca597f
22501110,295,2026,4,1,22501110,eb6f8509-c158-7184-590a-3ff99b0b7c2e
22501110,353,2026,4,1,22501110,08938d1c-ee87-d2c4-9289-c4d3546246cb
22501110,391,2026,4,1,22501110,0e2a91f3-db89-7682-7371-5150fc2eccbc
22501110,481,2026,4,1,22501110,df447215-7eb6-4dc9-dcaf-20cfa610851c
22501110,554,2026,4,1,22501110,3a7f4569-1ded-1428-9b07-2ffff5005a5d
22501110,89,2026,4,1,22501110,ddb66d7e-4a89-5330-dd12-20836931570c
22501112,100,2026,4,1,22501112,482649de-2641-fa75-92e0-23d396cb44f1
22501112,11,2026,4,1,22501112,dea117c5-fdb2-5f9d-f31a-4bb455e8b1c3
22501112,113,2026,4,1,22501112,62a83bfe-02e4-f9e6-b16e-c0e55591d85a
22501112,116,2026,4,1,22501112,6b7ddc02-4473-ede9-cbcc-51a1062d5cbf
22501112,118,2026,4,1,22501112,d4eb8dbe-996d-f902-f1f6-5010597ce814
22501112,120,2026,4,1,22501112,c0fcdcc6-6953-3093-2c36-8d3eadf9e8f1
22501112,132,2026,4,1,22501112,3d318c4b-5b42-cb59-edaa-c46b846b1dab
22501112,146,2026,4,1,22501112,4f8d4531-c89c-5263-2bc8-8e380d1b815d
22501112,15,2026,4,1,22501112,313821c5-f57b-4ca6-d57b-dffaa53414b8
22501112,189,2026,4,1,22501112,11e885ed-22ea-9be9-3c14-1a82f548f70f
22501112,209,2026,4,1,22501112,735b6f92-81a9-99ac-5a99-bf7a1de58139
22501112,239,2026,4,1,22501112,00cfe751-acf6-3a70-7b31-94026f76233b
22501112,256,2026,4,1,22501112,94ff4a91-bef5-f306-2ddf-357fef0906af
22501112,266,2026,4,1,22501112,fb483652-17bf-3892-0023-60e91655b1e9
22501112,27,2026,4,1,22501112,9e21720e-55c1-1b61-da25-211b79e2dad5
22501112,280,2026,4,1,22501112,d6246d69-c853-b707-cc38-c4ec63f666ab
22501112,288,2026,4,1,22501112,07022961-17a3-6304-043a-17317b551d13
22501112,29,2026,4,1,22501112,9a5fe186-15ad-b34b-fcf7-9d9317f3f2e3
22501112,295,2026,4,1,22501112,bcbfea21-6366-72d5-1fc6-0772b08eb9cf
22501112,297,2026,4,1,22501112,d122e9f3-0bdb-587d-e791-cd043b327e0b
22501112,299,2026,4,1,22501112,523a320e-d111-6765-958c-54f5d5382761
22501112,301,2026,4,1,22501112,c79d5c1d-1cfc-65a4-6edc-cc6d30841418
22501112,31,2026,4,1,22501112,2d0f8339-0f75-1a6f-a304-39d29b69e383
22501112,311,2026,4,1,22501112,f0825c97-4d5e-64c3-c540-7072bb31694f
22501112,336,2026,4,1,22501112,41fb5dfe-e861-ba05-12c4-3d6fb96c1372
22501112,340,2026,4,1,22501112,ba9075a3-c218-fb22-7428-d1d22d51025c
22501112,350,2026,4,1,22501112,93ebdfb6-9e70-4adf-eff5-f8064c021ce4
22501112,366,2026,4,1,22501112,b1357280-102b-a39e-52b4-24b439bc40c2
22501112,370,2026,4,1,22501112,09bf014d-5751-2123-561d-22a8d1380bb2
22501112,372,2026,4,1,22501112,40f1d2ec-423b-7dea-c42d-69cb34d0a769
22501112,376,2026,4,1,22501112,cd28fb7d-9755-18c4-7a26-7cdf7d444347
22501112,381,2026,4,1,22501112,3ed481e9-3fdc-ba31-b662-cc996da19ea5
22501112,386,2026,4,1,22501112,6d4d9bbc-b7e9-e1c9-ff60-93fb027e534d
22501112,413,2026,4,1,22501112,dfab6bbe-5950-cd0d-2365-746dee33c09c
22501112,425,2026,4,1,22501112,a81d4740-cf53-f4f7-9127-813bf60d8905
22501112,439,2026,4,1,22501112,3ec3f1a1-6325-7524-5ff8-1955f5594ee1
22501112,44,2026,4,1,22501112,af2e0bde-a537-ce0f-6973-410cb296fbb3
22501112,443,2026,4,1,22501112,eb2c7606-15fc-daa7-c118-7014ca5c13bf
22501112,459,2026,4,1,22501112,89ff6fd8-f80e-ff3d-9782-46fd938ac813
22501112,476,2026,4,1,22501112,a1c2856b-d366-2a9e-81a1-61fc813878a4
22501112,484,2026,4,1,22501112,469574a9-f784-74e5-6c1a-e6953ea84248
22501112,498,2026,4,1,22501112,7f39f5f1-f08c-cc1b-9408-f69a1cddfc57
22501112,508,2026,4,1,22501112,60df32ac-d625-ecf8-c270-d6f2f848b997
22501112,532,2026,4,1,22501112,d0287d1e-4463-65ea-fabb-ad80d5e49b58
22501112,545,2026,4,1,22501112,551b66f9-cf0f-b895-32a0-3957ca6b2737
22501112,552,2026,4,1,22501112,c3be5459-ea47-432e-f52a-7a5354489c37
22501112,56,2026,4,1,22501112,d13bedf4-4b7e-c324-4ca6-a5cc48ed135d
22501112,575,2026,4,1,22501112,b697db8c-cbbe-0e2f-987a-80f939b84a88
22501112,58,2026,4,1,22501112,e6cd105e-cd7e-4ecd-aa91-6c7e013b79c5
22501112,581,2026,4,1,22501112,71610998-2aef-da8c-20fa-62d39c7f2f7e
22501112,602,2026,4,1,22501112,62ea3ba2-a798-0c7d-a4eb-9e31cd7cacee
22501112,610,2026,4,1,22501112,da3e2f9c-f6d2-11ad-5f90-82fac9879bd7
22501112,623,2026,4,1,22501112,861327f9-6807-2afa-298b-2ed23aac5a23
22501112,625,2026,4,1,22501112,282d238e-12a1-2963-3c74-6baf8438cbdd
22501112,655,2026,4,1,22501112,5b97e20e-dfe8-b435-7f79-a68d8e48ba27
22501112,657,2026,4,1,22501112,aeb1c56f-29ba-337b-5ea9-0143b8d85a76
22501112,66,2026,4,1,22501112,b65e010d-25cf-6a0c-1e6b-bc0f25422881
22501112,68,2026,4,1,22501112,10b53b6e-b0cc-1e26-3c76-1bc4e20c7718
22501112,7,2026,4,1,22501112,5c0e7c65-ab88-d7ec-3991-bd59f19e3afa
22501112,79,2026,4,1,22501112,560bff99-0ae0-ed91-2a8a-3e60aba84b61
22501112,92,2026,4,1,22501112,550f5c0e-c014-eb07-4b96-0485a3c0e19f
22501112,94,2026,4,1,22501112,bb95478c-2990-4ba5-67da-30a092998d79
22501112,397,2026,4,1,22501112,5fba2e8b-ccb3-ae97-5d20-c2216a59baef
22501112,410,2026,4,1,22501112,bed4b64a-4271-a4b5-fb30-eecf154506a3
22501112,505,2026,4,1,22501112,bf97a1a2-4910-b537-481a-dc69bfac78a8
22501112,527,2026,4,1,22501112,5c83e51d-5a78-e50f-f1e7-4ed1aa4baa2d
22501112,536,2026,4,1,22501112,8f71299f-a19a-6187-dfaf-c0b9b4d76c3a
22501112,649,2026,4,1,22501112,4095cb88-fde6-805c-7263-c5bef65d8fb7
22501112,680,2026,4,1,22501112,5b4aa790-49be-e513-ea50-5d5e446468ba
22501112,88,2026,4,1,22501112,9fa91e16-b88c-3008-628f-820b4e5244a1
22501112,107,2026,4,1,22501112,904571f2-7cce-2ed0-31e2-68eb41e4c5e3
22501112,109,2026,4,1,22501112,a825cca3-e582-e1c4-e144-9fdb2c2f7cc6
22501112,111,2026,4,1,22501112,4cd37fb2-dc01-f974-e66f-9437bd2c3deb
22501112,114,2026,4,1,22501112,6754cdc9-3cae-fbad-8221-d8bf2d1bbd9e
22501112,13,2026,4,1,22501112,c2c550da-24ab-e088-cea5-a415343f9951
22501112,134,2026,4,1,22501112,d7291a20-b0e1-9542-9534-495c0c8f299c
22501112,136,2026,4,1,22501112,2770114f-4aa1-4aac-5804-bdf5be14116f
22501112,138,2026,4,1,22501112,ad9af874-f24e-7235-ef37-270dcad9d10c
22501112,140,2026,4,1,22501112,b3fca603-92dd-9dd8-44b7-1e86953fc6f9
22501112,142,2026,4,1,22501112,1e7ebc4d-88d5-6492-fb3f-ab7e41c41f06
22501112,144,2026,4,1,22501112,e1ca1dd4-91bb-4966-5f73-a48773c2cad8
22501112,155,2026,4,1,22501112,f184641c-5d42-2e47-87b1-1c89042c8f4c
22501112,167,2026,4,1,22501112,6d5c0ce5-d5b8-f6ab-a780-b8842743b566
22501112,174,2026,4,1,22501112,38a0a363-e085-2d0e-5250-dcba2fbb0482
22501112,176,2026,4,1,22501112,deb1817f-36b1-cea6-0059-2beded204166
22501112,179,2026,4,1,22501112,ab07d8e0-e62c-c690-90b3-af79cbdfa164
22501112,18,2026,4,1,22501112,28292465-3887-35b1-e3a3-d2e2ebecd4e1
22501112,180,2026,4,1,22501112,e2d1523f-cdad-f01b-004c-4815ea4a5cdf
22501112,187,2026,4,1,22501112,6182fdac-b08f-2517-0151-ec51874d5b65
22501112,198,2026,4,1,22501112,0c3ace84-8016-b89b-1d0f-370d775a5575
22501112,20,2026,4,1,22501112,c55aabf4-152e-cd3e-296e-2962860b17e0
22501112,200,2026,4,1,22501112,c5c1167b-e887-5337-f75a-ed365ce6b076
22501112,217,2026,4,1,22501112,0ef70970-12a6-a156-aa47-1cea615be57e
22501112,218,2026,4,1,22501112,5f3f0c73-566c-e83e-b6f7-2967bd149bf8
22501112,22,2026,4,1,22501112,917151cc-bc46-1ee3-3e37-ca1a5ce30ae9
22501112,220,2026,4,1,22501112,be658afa-1ff5-0c3d-f4fd-75d730af3b97
22501112,233,2026,4,1,22501112,c922459e-01f5-e40b-99ee-91e32d4ec10e
22501112,237,2026,4,1,22501112,c83267ea-8d53-a51f-4350-bfbec9c52c25
22501112,24,2026,4,1,22501112,8e66e157-5583-72e9-260d-77e4f488da4c
22501112,258,2026,4,1,22501112,90afa302-c665-f42a-38b5-5bd64d0320f6
22501112,260,2026,4,1,22501112,0a6b5cef-c957-94d1-af38-b364ac8fbe25
22501112,262,2026,4,1,22501112,61920467-6235-6138-e60b-f76326c98beb
22501112,278,2026,4,1,22501112,15cb1d3f-9f4c-7281-26c2-7f7e1e2a827b
22501112,282,2026,4,1,22501112,1edaec57-3391-0905-1514-f314db32d252
22501112,290,2026,4,1,22501112,a34ed72e-02c7-484b-8b5b-4d8e512a207e
22501112,292,2026,4,1,22501112,559f4411-3a92-401c-1a48-55e299400b4f
22501112,293,2026,4,1,22501112,985444c6-31bc-f996-3c09-6b2ee781a068
22501112,303,2026,4,1,22501112,56b3fec0-3991-15ab-69e6-91e2699fb109
22501112,305,2026,4,1,22501112,cabc58f0-556d-84ac-272c-50b119da7d2c
22501112,307,2026,4,1,22501112,d2987303-61df-94af-555c-654d5572ed52
22501112,313,2026,4,1,22501112,334b9459-5140-2c21-f47a-b0e9a3820ea9
22501112,322,2026,4,1,22501112,31f72359-aa46-98de-325b-85cc02d331a9
22501112,324,2026,4,1,22501112,a2e5d775-85a4-0451-f2ac-38d202bf8887
22501112,33,2026,4,1,22501112,5f53c489-172a-9682-52e2-0c31aa121578
22501112,338,2026,4,1,22501112,79c519aa-a9c3-1101-9463-a81b8b6992dc
22501112,342,2026,4,1,22501112,6f3a6db4-1072-e40e-acc7-bd18698b999a
22501112,344,2026,4,1,22501112,da93f491-4a9c-786f-32f8-19dfd4a227b0
22501112,353,2026,4,1,22501112,94ea9504-2a5f-f9cb-f2a9-411e5523075f
22501112,355,2026,4,1,22501112,1e889dc8-2a7a-b0f4-4af4-a78a25695a22
22501112,359,2026,4,1,22501112,750b2a32-2bdb-8374-25e2-ac286924bb49
22501112,361,2026,4,1,22501112,135598c3-54be-0f26-dc2d-585f953623d1
22501112,362,2026,4,1,22501112,2c8ef09e-850a-1cb8-9b7c-3afb2f0cf967
22501112,364,2026,4,1,22501112,7fe6e630-1a2e-b780-8963-26e4f2a9adf7
22501112,368,2026,4,1,22501112,94ec95ca-ae90-321b-129b-70d148a828f3
22501112,374,2026,4,1,22501112,1336ce8f-fd95-de2f-7835-17f96de1d4bf
22501112,390,2026,4,1,22501112,f18aeb10-cf05-a090-fd39-04b128088097
22501112,395,2026,4,1,22501112,0ccc4e96-26d2-89fe-4802-ac20c5d0d3e7
22501112,405,2026,4,1,22501112,09851b9d-f27a-d8e4-85c5-2d932246af65
22501112,408,2026,4,1,22501112,e12f709a-f04d-443d-488b-14711d7e1a40
22501112,41,2026,4,1,22501112,432ae247-225d-e4b3-3c15-93ba518b1207
22501112,415,2026,4,1,22501112,ad827c3b-8d2e-32ae-5f05-d5f39814e017
22501112,417,2026,4,1,22501112,e33718b5-7bf9-9f53-399e-aa715d486644
22501112,419,2026,4,1,22501112,a63ed009-f216-0f65-1897-6bf9f9f78210
22501112,421,2026,4,1,22501112,4732cee6-0a8f-22c2-4f34-d6be9de69744
22501112,441,2026,4,1,22501112,222807d6-e999-37a1-35db-8a8de6cf40a9
22501112,447,2026,4,1,22501112,536312b5-2b08-9ab1-7aaf-d11d1efe0489
22501112,453,2026,4,1,22501112,348e3ac3-11e9-7675-9c33-ae145abcba79
22501112,455,2026,4,1,22501112,6ce6f3b1-9385-8592-ae96-1f12b8846c3b
22501112,458,2026,4,1,22501112,9d0663e6-ae5f-869c-1679-1b1296cf8c3e
22501112,461,2026,4,1,22501112,dddd347f-754b-1c1c-31ab-2ad89775878a
22501112,462,2026,4,1,22501112,c065e9f1-e02e-c65d-5d6b-81d111aa8f2b
22501112,464,2026,4,1,22501112,e2ce888a-9291-d22f-fa50-aaa920419d90
22501112,466,2026,4,1,22501112,e2581098-164c-b48a-db2c-4ed67469122d
22501112,47,2026,4,1,22501112,59c57552-c8d5-0869-2c30-eb56c0872438
22501112,480,2026,4,1,22501112,a22c4744-faf1-017b-c69a-6df71fcda4f4
22501112,488,2026,4,1,22501112,b064f24a-e9b6-89de-4826-9d917b48ead1
22501112,49,2026,4,1,22501112,f6769658-c485-1f54-add0-59cbfca1510f
22501112,500,2026,4,1,22501112,ae2adab8-a8db-eb0f-9d5e-ea63b88636e4
22501112,51,2026,4,1,22501112,3b93915b-8fd6-d0f0-fb33-e192be9da1b7
22501112,513,2026,4,1,22501112,a5a2e65f-38b6-8396-f218-acc5292e0381
22501112,525,2026,4,1,22501112,dea6994a-77b1-f26d-6bce-b1ca7272413d
22501112,530,2026,4,1,22501112,d49eeed5-2645-43af-f621-a04e83104b84
22501112,539,2026,4,1,22501112,bc2b7bcc-a322-a6c7-d041-8be6d0656b53
22501112,546,2026,4,1,22501112,e0134d70-1268-c07d-b7d7-431efc23c2e0
22501112,548,2026,4,1,22501112,c4312dcb-f256-6401-3420-436e8d6bcaf1
22501112,550,2026,4,1,22501112,2cf6d967-f826-9522-1403-e88b3e902d3f
22501112,554,2026,4,1,22501112,06be51b5-fcf0-d20a-7291-7915924c25e2
22501112,556,2026,4,1,22501112,e33eb1db-22d8-1c5b-8c8c-848bdd47efc1
22501112,563,2026,4,1,22501112,68b2c801-6636-aea1-5255-f116bc275ccb
22501112,565,2026,4,1,22501112,f9e45ba8-cb32-429e-e4d9-0f08dbd9aabf
22501112,567,2026,4,1,22501112,f24f71e3-ca56-59dc-7fde-61c1357903ad
22501112,577,2026,4,1,22501112,c676ead7-6d46-7b15-1254-bc89aaee4577
22501112,579,2026,4,1,22501112,e8b5ea77-d59b-eaa9-b7ac-7c16034fb205
22501112,587,2026,4,1,22501112,5ad99ee8-3429-11ec-78f6-35e92b9359e5
22501112,595,2026,4,1,22501112,b8224c91-4d0d-15ff-316c-6bf68df85281
22501112,597,2026,4,1,22501112,d12cca1a-b32f-e3e8-6f37-d921304b3119
22501112,599,2026,4,1,22501112,0c7beae6-3b6c-a3b4-5628-7121de3df8c8
22501112,60,2026,4,1,22501112,8e98296d-ab30-de9d-f3fb-786e95735358
22501112,601,2026,4,1,22501112,014efc95-a0db-b89a-d1d7-24d742b8dabb
22501112,606,2026,4,1,22501112,b4640e4a-c0da-c691-e12a-1eabca6d6484
22501112,619,2026,4,1,22501112,0810d348-e857-875e-f3c2-1bb1285a5008
22501112,62,2026,4,1,22501112,7425aebd-fa05-e6f7-6b74-8eb856b8a431
22501112,621,2026,4,1,22501112,835c03b9-cbdf-c9b2-c02c-adb93ff9ace1
22501112,632,2026,4,1,22501112,101db529-51d9-7f63-44ac-121c450599fc
22501112,645,2026,4,1,22501112,4bb2fa4b-1c50-4acf-2641-29b432081d01
22501112,647,2026,4,1,22501112,2adb224b-cf2d-8fc2-9a35-4056e306d2ad
22501112,653,2026,4,1,22501112,df49d4ec-0d07-55bf-77bb-4cb8769dd144
22501112,693,2026,4,1,22501112,e14cb888-8408-57bb-c384-888afdf71a01
22501112,694,2026,4,1,22501112,fa390b50-5eec-334c-1137-4166e04906c7
22501112,695,2026,4,1,22501112,265ad860-40b9-2c14-2ace-e903e34ef4d6
22501112,697,2026,4,1,22501112,dd20ec5e-c578-f9e6-4d4f-204684aaccf6
22501112,76,2026,4,1,22501112,b6fad9e1-f1e0-bec2-817e-678edd88b9fe
22501112,78,2026,4,1,22501112,69757bc1-93c3-2fe1-718f-9a379d622bf5
22501112,81,2026,4,1,22501112,3f259331-d006-20ad-bbdc-cc901132f124
22501112,9,2026,4,1,22501112,6c4c4942-1a9a-be8e-9d73-cfc80fabfdfe
22501112,98,2026,4,1,22501112,3c8614fd-2637-65a1-314a-4b9226c54473
22501112,10,2026,4,1,22501112,1152ccf3-8ebf-7f3a-0b29-55fb44b0106b
22501112,108,2026,4,1,22501112,e0adbf54-078b-87df-f816-489e1bfa587d
22501112,110,2026,4,1,22501112,f8bf20b2-1e7d-de52-0c52-e8733dcef698
22501112,112,2026,4,1,22501112,09a8a68d-dbd3-4aa1-5a35-af9d8f102b44
22501112,115,2026,4,1,22501112,41f0b64f-c343-f963-63b6-eb65f6b43c94
22501112,127,2026,4,1,22501112,32526f37-1ea6-af87-117b-4cc930ee5b02
22501112,135,2026,4,1,22501112,dcda43fa-f347-d893-cb43-21bc6ca9f4dd
22501112,137,2026,4,1,22501112,426db0d2-0037-518e-4a19-f0f0f84524d2
22501112,139,2026,4,1,22501112,881e9902-9123-eae6-2ac3-4b82b543cf09
22501112,14,2026,4,1,22501112,2e3ecb31-8b0a-bd1e-3187-a56dd96f31f7
22501112,141,2026,4,1,22501112,61a6e7e9-d887-dcfe-e4b8-d0de257f631f
22501112,145,2026,4,1,22501112,df1e4a8f-7d4f-4b3e-3676-a24d32eea2c3
22501112,175,2026,4,1,22501112,d7489f6a-d671-1cd1-1fd5-639bc8dc4f30
22501112,181,2026,4,1,22501112,b240329b-7ead-ca02-4c62-e882cc280c8c
22501112,186,2026,4,1,22501112,84ab2e39-622c-9c45-d7a1-08621cbc300a
22501112,19,2026,4,1,22501112,02bb535c-560c-b4fc-86c8-7bc6c7db167a
22501112,199,2026,4,1,22501112,fd656102-48ff-489e-d2d3-2fd019efc21a
22501112,201,2026,4,1,22501112,8334f941-6118-1217-4d17-d41770f92bfc
22501112,21,2026,4,1,22501112,2d070dec-c0e1-674d-c4eb-47c67fc1ca8a
22501112,219,2026,4,1,22501112,bb93288a-24a9-a200-e6d3-2c7420648c64
22501112,221,2026,4,1,22501112,6bc8d7d6-0642-bafa-ef76-0bc523cb1c59
22501112,23,2026,4,1,22501112,39dc4e7d-e649-604b-6fe1-da43bfa66f98
22501112,234,2026,4,1,22501112,7e40edca-b2a5-d242-0bf5-929b7a5bad13
22501112,238,2026,4,1,22501112,204c8ea7-ac1d-ab7b-8a6f-ea0b08b51117
22501112,259,2026,4,1,22501112,da923987-f0e4-7e43-5a57-2b387e78f086
22501112,261,2026,4,1,22501112,9336dbaf-33f0-13cd-12d9-5f7624501f29
22501112,263,2026,4,1,22501112,6c892420-91a2-c817-a1da-0169c4f2b0b9
22501112,279,2026,4,1,22501112,bcb3d1c2-a49a-b0ed-17b5-ae6b7097b561
22501112,291,2026,4,1,22501112,30769c28-596c-40eb-4b3d-2a5c2b365dad
22501112,294,2026,4,1,22501112,10077788-dd1a-6a9c-3e22-0b58a775b26d
22501112,304,2026,4,1,22501112,b75ff40f-0fad-7587-74f9-ee0f54b87379
22501112,306,2026,4,1,22501112,2bff47bc-c6ad-a8bf-cda4-424c5dd461b6
22501112,308,2026,4,1,22501112,502fc654-0852-770f-d92c-c3fc1359bc0f
22501112,314,2026,4,1,22501112,361dbfd6-86c4-b8e3-f7e9-d27c6fbbdc66
22501112,323,2026,4,1,22501112,0ea589cd-3244-0c82-53f8-a75b17289029
22501112,325,2026,4,1,22501112,43ac494f-8996-a9bc-2469-55a97ed8855a
22501112,339,2026,4,1,22501112,11b8e8fb-5c6e-7779-54c3-07e5d9d8f0a5
22501112,34,2026,4,1,22501112,e8d6b7c4-1a7e-d643-60aa-c176eff32e7f
22501112,343,2026,4,1,22501112,bfcf5dd7-a0ef-70a5-550e-d4990bf7318c
22501112,345,2026,4,1,22501112,0f0cea16-9700-e830-5bd5-93c5233a9817
22501112,354,2026,4,1,22501112,2fccb171-12ec-d49e-67b0-f04dd8031a34
22501112,360,2026,4,1,22501112,21b4bd36-487b-abcd-9ed3-2377c86098fa
22501112,363,2026,4,1,22501112,d6e49db1-6d8e-df72-b94e-8d026a4571fc
22501112,365,2026,4,1,22501112,991f5245-a081-8f81-816e-4bdcba75ccab
22501112,369,2026,4,1,22501112,2bfe33f2-69ae-8e5f-deb8-30e78f9956af
22501112,375,2026,4,1,22501112,f4fd8fca-0551-6a7c-ab59-3f44e5da9864
22501112,391,2026,4,1,22501112,a661c898-7c14-bf4b-7d67-5c0454e518c3
22501112,396,2026,4,1,22501112,ee76af3b-c844-7bf4-bf3d-734ae21f2159
22501112,399,2026,4,1,22501112,de64e578-6ec9-be21-4125-9a71fbf968f9
22501112,409,2026,4,1,22501112,4d9c6ec4-fe03-f78c-795d-68c50d7afaf4
22501112,412,2026,4,1,22501112,9eadbe97-563a-99fc-7184-f08e48a75aa8
22501112,416,2026,4,1,22501112,19a8b2bf-0879-6b5e-dfff-cd23a9abbe5a
22501112,418,2026,4,1,22501112,8448b714-5ed7-eed0-8579-b12fe7c86a0d
22501112,42,2026,4,1,22501112,bbdb1863-5580-ac38-194d-ee8a4e1fbd11
22501112,420,2026,4,1,22501112,a3737c41-4e09-0a4e-9acd-413f62d6b454
22501112,422,2026,4,1,22501112,33f1502a-2182-4009-c725-679e9950d732
22501112,442,2026,4,1,22501112,0f929fe9-dc07-d993-1808-ac9fd99ea47c
22501112,448,2026,4,1,22501112,0d9b4fcb-8422-e5a5-8d6c-9d5d960b57aa
22501112,454,2026,4,1,22501112,6e51aeef-c781-f0bb-0a99-0ef394c60122
22501112,457,2026,4,1,22501112,1cc717cb-7434-2a79-c468-02634ff9098b
22501112,463,2026,4,1,22501112,3b080e65-7774-918c-21d6-ff33a1d1945d
22501112,465,2026,4,1,22501112,e05fc5c9-b0b9-b07b-3a67-76160cad373c
22501112,48,2026,4,1,22501112,52abaf2e-5470-f799-58e3-fa7025587924
22501112,481,2026,4,1,22501112,c4ea7674-299d-5cb8-b3c5-9690f2994269
22501112,497,2026,4,1,22501112,8a9050bf-7a0f-d498-0527-2bbf283cf0e4
22501112,50,2026,4,1,22501112,118ed18b-4e65-1676-35d1-2f45910193cf
22501112,501,2026,4,1,22501112,377dc448-4b5a-4301-8f3b-fca0ea436b9c
22501112,507,2026,4,1,22501112,a189b5ba-8e3a-0c35-4cd2-0c78ca73425f
22501112,514,2026,4,1,22501112,f34cc78f-ab07-dbec-673a-24258a6382f8
22501112,52,2026,4,1,22501112,8e88e1fc-2622-35ec-f1db-a075a03cd644
22501112,529,2026,4,1,22501112,7a936282-80cc-aaeb-9402-913a92897ffb
22501112,531,2026,4,1,22501112,b52cbcaa-4f7a-cf01-b582-9107242bb48f
22501112,538,2026,4,1,22501112,a398572d-e291-312a-b67f-2de55cab44ac
22501112,540,2026,4,1,22501112,d2606862-2978-c17b-dbeb-1c18fc9224d9
22501112,547,2026,4,1,22501112,1109fae4-f052-d1e1-2a31-dc85a039276d
22501112,549,2026,4,1,22501112,398d1db7-e67e-111f-f2f7-99b25eb0f9f1
22501112,551,2026,4,1,22501112,b8ef17ac-795f-b00f-2538-f2d82564750e
22501112,555,2026,4,1,22501112,af5a6722-c3b4-2b9b-311e-17ff0dd4a3b7
22501112,566,2026,4,1,22501112,4c1c654e-82e0-dce7-3a9a-ddd26b37b2f7
22501112,568,2026,4,1,22501112,5336ecdd-1413-a773-5ef5-34ab98813a71
22501112,580,2026,4,1,22501112,203035a2-8031-a016-56fe-0c4859a9e82f
22501112,596,2026,4,1,22501112,569dba15-ce8a-d7ef-011c-3895817f3743
22501112,598,2026,4,1,22501112,0a33a763-ca36-fd26-a461-f0acd091705a
22501112,600,2026,4,1,22501112,1d3b5272-84f1-4ad6-5e1b-16dff87936aa
22501112,61,2026,4,1,22501112,9b2d694c-f563-d495-953a-f103fe52dceb
22501112,620,2026,4,1,22501112,f8b4e608-168d-da03-5578-877e733887b2
22501112,622,2026,4,1,22501112,9c80ef28-eab6-3dae-5802-4c0e0d32c97b
22501112,63,2026,4,1,22501112,d01bea29-8773-f476-4046-885a9c21d05a
22501112,633,2026,4,1,22501112,89b69a36-43a0-2a5e-1eff-970f8f6d7a21
22501112,644,2026,4,1,22501112,cfaa4f0f-60e4-84f0-4c67-2b786ccf8784
22501112,646,2026,4,1,22501112,2aef6f25-b9ed-4308-e74d-25b388c759bd
22501112,648,2026,4,1,22501112,61d46073-2cbb-6a90-d108-618adbd1d9e3
22501112,692,2026,4,1,22501112,472bf0cd-6fed-e7e4-05dd-008c22aa8320
22501112,696,2026,4,1,22501112,66c4d5a1-98ee-3b63-6435-298a199707b8
22501112,77,2026,4,1,22501112,66c84021-7eea-0c7d-05d4-8c67efea96d4
22501112,82,2026,4,1,22501112,dbad6d9a-21c5-6455-86af-44afc2a7b4f2
22501112,99,2026,4,1,22501112,0215e7ae-d3e0-ec73-2158-212f1eff548f
22501112,163,2026,4,1,22501112,a56ae6f4-f3df-774a-2643-3412f64afba9
22501112,177,2026,4,1,22501112,54a18bbb-3785-70c5-c9b3-b0408b6695c9
22501112,211,2026,4,1,22501112,062a6871-e9f2-0648-7693-b548d1fa06ee
22501112,213,2026,4,1,22501112,6e40b29b-0e00-cd64-5cc6-89c3e223d5f5
22501112,235,2026,4,1,22501112,29c8452e-5f88-4c6e-a521-43a367f75169
22501112,249,2026,4,1,22501112,d190cede-1e4a-0e4d-1686-f6352e9cd883
22501112,264,2026,4,1,22501112,4954b5b5-98b0-e612-4064-964577e6cd7e
22501112,309,2026,4,1,22501112,5c4f8dd1-9dd5-fe9f-b84c-80975d65b9b2
22501112,423,2026,4,1,22501112,712a8fe6-9f6a-014f-49cf-fa9383d5ea42
22501112,428,2026,4,1,22501112,2cf87967-3453-0241-cb18-3e61e70e0b90
22501112,482,2026,4,1,22501112,a6f1dd45-48cf-07dc-6329-2d152cc7fd0a
22501112,486,2026,4,1,22501112,d51646af-08b3-4d7c-e06d-aa19cf5844b9
22501112,559,2026,4,1,22501112,8fd094d6-1b12-cfa7-57ad-37615fa87062
22501112,604,2026,4,1,22501112,955db18a-4f08-e0ff-d3ac-bd2fcfe4a9e4
22501112,64,2026,4,1,22501112,e3034a0b-722c-ebb7-baca-769b76b2866f
22501112,96,2026,4,1,22501112,db1b3764-3ae7-6f91-a9b5-97d015f8201f
22501112,197,2026,4,1,22501112,7993decb-2ed2-84af-a15b-9aed61a3c422
22501112,275,2026,4,1,22501112,17a80595-33eb-e733-2d9e-ac5c22503b53
22501112,321,2026,4,1,22501112,2842590c-d3a6-21dd-6d09-0145c813f088
22501112,352,2026,4,1,22501112,535bc994-a5af-fa4f-14ae-43de30ff202c
22501112,43,2026,4,1,22501112,5dfaf0d8-c4c1-e942-ea5a-d1135c322a68
22501112,46,2026,4,1,22501112,4ee7888f-f860-a7da-5861-296419042b61
22501112,491,2026,4,1,22501112,5916e6c0-b1e1-caa1-2530-c6209d9140f8
22501112,609,2026,4,1,22501112,e20d1b35-6c28-2934-51f4-1b876cb70449
22501112,654,2026,4,1,22501112,6561f0aa-f2e8-dbe0-19c6-357eb3135c07
22501113,116,2026,4,1,22501113,12bd0f7d-9e65-10d8-1c74-38febc495ec6
22501113,121,2026,4,1,22501113,f21fef69-35dc-ea31-a6cb-db47f37f7c9f
22501113,125,2026,4,1,22501113,71f7faf4-2dd1-f2e4-4f51-dbf105515bfd
22501113,140,2026,4,1,22501113,2beeb3d6-d289-c142-c7a3-b7d970e493c3
22501113,152,2026,4,1,22501113,a5c142d3-6d5f-ff35-21aa-15840f238585
22501113,169,2026,4,1,22501113,1a6e60fa-7651-8143-34bb-e829d55b5b75
22501113,173,2026,4,1,22501113,404a1da3-1a92-cd5c-6907-03b4fadac245
22501113,206,2026,4,1,22501113,d0a63dfd-9e1c-6ae6-edd5-11a4bb81e3a7
22501113,210,2026,4,1,22501113,d75cd269-08fe-f986-1f05-460e5fa5d15d
22501113,223,2026,4,1,22501113,3a520b01-cc87-4805-f99b-66693967440d
22501113,241,2026,4,1,22501113,2bc90f49-1fef-db8f-f0e6-3a1672a61c82
22501113,276,2026,4,1,22501113,a9bd387b-4dd5-aed9-7e4d-1b985457c101
22501113,288,2026,4,1,22501113,7bf7dbfa-a72b-ffcc-4800-f7a163f7d6af
22501113,289,2026,4,1,22501113,a0262a24-13f6-a93f-fda9-c408fe21fd57
22501113,291,2026,4,1,22501113,dc7c3c6d-8f6f-b24a-e5b1-853d3ea2ca03
22501113,320,2026,4,1,22501113,851951ae-20be-0975-7110-dccb6dfda4a8
22501113,334,2026,4,1,22501113,1ac07aee-1ad3-3362-f23b-c1e23aceb0e4
22501113,347,2026,4,1,22501113,7d106cf5-4d0d-1489-a187-c56df7fd8d0a
22501113,369,2026,4,1,22501113,90e3fee9-2bb5-9ada-efcd-72b03615c44b
22501113,371,2026,4,1,22501113,51c97924-59b2-9116-143b-a4d2c17053b3
22501113,377,2026,4,1,22501113,05a4ab25-8cd6-ce50-d030-1cc743caf73a
22501113,379,2026,4,1,22501113,e4f74e90-e5ae-6d61-0abd-210288de3035
22501113,402,2026,4,1,22501113,52d50cec-292f-f87f-b6b9-351e5a07c7bf
22501113,409,2026,4,1,22501113,b0ebd710-837e-f719-99b1-fcaee4f3426b
22501113,415,2026,4,1,22501113,c0756288-6d0d-e1a2-59a7-30776b3ea3ee
22501113,42,2026,4,1,22501113,b42e08a2-c702-ece6-3596-200f0f0db72c
22501113,428,2026,4,1,22501113,bb5ca638-e812-8034-2751-03299867719c
22501113,430,2026,4,1,22501113,8ef294be-dba8-c816-f4e9-40958e982e63
22501113,432,2026,4,1,22501113,67247e46-89e8-e1d5-2953-9f02f46a19c5
22501113,434,2026,4,1,22501113,fd3093d7-b938-348d-eca9-224893d6ae9c
22501113,44,2026,4,1,22501113,b737fefc-589b-3bc2-df37-2de8ed479588
22501113,489,2026,4,1,22501113,60b659fe-2692-6407-ce55-d3f3a140bca3
22501113,51,2026,4,1,22501113,ca6d7c70-01f2-02b4-2f47-f8a1a5650a68
22501113,527,2026,4,1,22501113,32784757-f483-119d-dd71-843d3352318b
22501113,532,2026,4,1,22501113,ae45b374-dbdd-7956-69bb-a59bfea89468
22501113,539,2026,4,1,22501113,56e7fdf1-679c-c991-e220-2ded60686a46
22501113,548,2026,4,1,22501113,8c3a3629-c443-e8f6-a7bc-1876a02bb2c5
22501113,55,2026,4,1,22501113,7809cb03-5ac2-8f38-a21f-cb9fb61f025b
22501113,550,2026,4,1,22501113,d3b40200-7f6c-47da-69c3-6c4f56f8aedb
22501113,552,2026,4,1,22501113,32d99ee3-915b-3733-490c-fa85f4b710f5
22501113,567,2026,4,1,22501113,08007fa3-3b75-1988-1351-b221b57e4eaf
22501113,576,2026,4,1,22501113,9a83ec6b-1009-28ce-4ed6-4f08c4dad997
22501113,585,2026,4,1,22501113,2575286c-4bec-d8c7-8425-f96479e70670
22501113,587,2026,4,1,22501113,fd55e582-068d-5efc-b538-58d9be0563db
22501113,591,2026,4,1,22501113,92cb5750-7806-0c04-68f8-2bfa39cb776b
22501113,611,2026,4,1,22501113,c99aa0a2-bcdb-6c38-31e5-43d48ceb993f
22501113,62,2026,4,1,22501113,cfefcc49-0c09-3c71-668e-b849ca066a5a
22501113,632,2026,4,1,22501113,c486bc52-52c2-99c9-45de-c4650b7dfc86
22501113,643,2026,4,1,22501113,11bb9095-9916-7d99-a6f2-3f788035f687
22501113,650,2026,4,1,22501113,c5384929-028e-d690-d55e-7989f9e8b068
22501113,656,2026,4,1,22501113,ab692e39-a36e-ccf6-5333-13d59f27a40b
22501113,662,2026,4,1,22501113,5d9b3d03-22b7-0d6f-8a73-c80e493257bb
22501113,672,2026,4,1,22501113,ba0d6435-e071-97ac-1205-fa37ecaea847
22501113,677,2026,4,1,22501113,c22f54c5-6a6f-a2d4-3f09-70ee8323b2a5
22501113,7,2026,4,1,22501113,a8ccb170-60fb-35b5-5355-71cfe7736c19
22501113,78,2026,4,1,22501113,6787880a-f148-cf62-55fb-4114d2766f62
22501113,93,2026,4,1,22501113,bba58c52-6019-9306-c589-952dc90360a7
22501113,328,2026,4,1,22501113,d35802a0-3596-020a-2be5-fce868c1e0af
22501113,479,2026,4,1,22501113,cdbff897-bb6e-a4ac-dd2d-3f81218661ce
22501113,511,2026,4,1,22501113,5e10a9bd-a12e-6063-22a2-0707feb941e0
22501113,556,2026,4,1,22501113,26a17545-350a-ee71-1681-d1306f437a7f
22501113,569,2026,4,1,22501113,bd44279c-a158-c1b3-626d-e429e95c0d75
22501113,612,2026,4,1,22501113,b8524277-e143-7996-2810-0a77b53db5d9
22501113,623,2026,4,1,22501113,7f2f7fb4-54f8-3313-e918-3e5ec29bb071
22501113,85,2026,4,1,22501113,3a945a06-fc72-5f0d-0ebc-124345b3e5d1
22501113,96,2026,4,1,22501113,6699e0f6-0529-1231-4111-09a0468946af
22501113,12,2026,4,1,22501113,00bfefc6-7b78-c364-48b0-64181a980903
22501113,123,2026,4,1,22501113,8df1e268-5ca9-2981-a004-f2e014b2f050
22501113,130,2026,4,1,22501113,b275c85d-d8a4-2051-fb13-f041ab0ba69a
22501113,14,2026,4,1,22501113,87c71a27-22f1-3a73-377d-45cb275e3254
22501113,150,2026,4,1,22501113,829596b5-3ca2-4d47-df54-26a9f3c8f767
22501113,164,2026,4,1,22501113,e0ddb9d1-49e2-ebc6-9eb7-21be22af4d42
22501113,17,2026,4,1,22501113,bf11057c-744a-6112-2108-ec4be83b2a50
22501113,175,2026,4,1,22501113,945df295-7cd1-a64f-e4d5-8d6016a33ea0
22501113,184,2026,4,1,22501113,0b316748-285a-c4b3-e80d-4d3e1099ee68
22501113,185,2026,4,1,22501113,9d57f52d-d362-c842-479d-7b61fce7a472
22501113,187,2026,4,1,22501113,28fc5fec-fa76-8930-6502-2c6c5ceb0330
22501113,19,2026,4,1,22501113,f9b2e980-65f2-ca15-753e-c77d04e7d170
22501113,20,2026,4,1,22501113,4ade8bb2-f70b-3cc2-061b-769f935d15b7
22501113,208,2026,4,1,22501113,b61c2f35-0e43-110f-3985-9b23e2d5c20f
22501113,215,2026,4,1,22501113,657a137c-0ca0-e6fc-568d-8a731cef19d1
22501113,217,2026,4,1,22501113,2b728b84-355c-20a8-146e-ce5b7e4d05ad
22501113,219,2026,4,1,22501113,bafdda66-e9f5-669d-e3da-43f4c8628733
22501113,221,2026,4,1,22501113,d99fb32d-7db2-5438-e839-e749cb1bc69b
22501113,23,2026,4,1,22501113,8b1fc437-bdb7-7947-8cfe-cec73250c36b
22501113,233,2026,4,1,22501113,4e9ec0ee-d936-6453-d857-1c588415ba64
22501113,235,2026,4,1,22501113,64591f42-3475-00a9-860a-1f764e9e5a15
22501113,243,2026,4,1,22501113,88c20e05-875a-30ec-05ec-47362284d168
22501113,25,2026,4,1,22501113,d99aea2a-21b4-1a64-62f9-f06fca840058
22501113,254,2026,4,1,22501113,16eaf18c-b427-1dc7-c7dc-0ad2dd48a1c9
22501113,256,2026,4,1,22501113,621c71eb-f5d0-6345-d081-6bbb74d019aa
22501113,268,2026,4,1,22501113,d7a7230c-147c-94ac-b523-5fb7f8369e19
22501113,273,2026,4,1,22501113,9ecff469-50fd-5f20-9a17-d5c42bc59335
22501113,284,2026,4,1,22501113,c91776ba-1b3a-1f22-3f2b-aeabfe149c2e
22501113,286,2026,4,1,22501113,af82ec06-4e88-cebe-2d3b-12586e655d5c
22501113,293,2026,4,1,22501113,c5da1b78-3cae-b3b9-fef5-0f5b95a21255
22501113,295,2026,4,1,22501113,4242f386-15f8-ad3f-e6c0-4bc7a51aa092
22501113,297,2026,4,1,22501113,f40103da-74bf-f818-9d2c-3f1d41bdcb4d
22501113,309,2026,4,1,22501113,c2cb5c74-5951-3708-addc-898e355d21cf
22501113,318,2026,4,1,22501113,2e3d8e49-bd6c-40b2-8ec7-218e5a5917ef
22501113,33,2026,4,1,22501113,54f3936c-41aa-cad6-2f43-f65a17f219c3
22501113,332,2026,4,1,22501113,38fcd532-61c9-c7db-f5af-f1449a529a67
22501113,345,2026,4,1,22501113,b23d7d6a-a836-e050-5aca-123d7d925664
22501113,349,2026,4,1,22501113,c78bb7b4-cf39-c914-5273-22accff4f76c
22501113,355,2026,4,1,22501113,fac68b70-1998-af39-80ee-7764ccfafad5
22501113,357,2026,4,1,22501113,5e0822dc-e652-432f-4061-aa0f066123b0
22501113,359,2026,4,1,22501113,3dfd4c9c-b831-0679-12d5-4dc080261667
22501113,361,2026,4,1,22501113,59e2d2a2-3b11-187b-d500-046ef6afc4d4
22501113,373,2026,4,1,22501113,9e28ee23-6c84-cac4-ffaf-b44fad858955
22501113,375,2026,4,1,22501113,df00164d-664c-fdc3-0450-b25e0339fc99
22501113,38,2026,4,1,22501113,6a7fe167-a3b4-a98e-779d-022a68bfa628
22501113,381,2026,4,1,22501113,70b52567-3134-5544-8580-ab0323d35056
22501113,388,2026,4,1,22501113,766c286f-1743-148d-026a-230cf636b8d6
22501113,39,2026,4,1,22501113,aa03d082-5755-252a-1534-36529d0fe39f
22501113,411,2026,4,1,22501113,e699d657-be84-f56c-cfff-b60398c0ab7f
22501113,413,2026,4,1,22501113,1d0fefdd-2e08-6427-4e5c-f5c6a50b339d
22501113,417,2026,4,1,22501113,48e89524-a30e-1f22-8b62-6353d36a0dc0
22501113,419,2026,4,1,22501113,e3e68ac4-d169-76fe-a0e5-784025491534
22501113,422,2026,4,1,22501113,a0a55d88-2753-55e2-5f23-4c966c2204d2
22501113,424,2026,4,1,22501113,17d4bd2f-a6f3-45a9-f4ba-c20fb83492fb
22501113,450,2026,4,1,22501113,e9d78792-4242-a552-530a-970e6514e06c
22501113,460,2026,4,1,22501113,c4f19453-5bf2-fa80-5832-94f3d8c59d5b
22501113,462,2026,4,1,22501113,e07ab66b-3a8b-0c45-280b-2f9bd3affcda
22501113,466,2026,4,1,22501113,7016ec1f-d243-307f-a74f-18434cd03d80
22501113,471,2026,4,1,22501113,a1114b72-5f2e-74b6-a56c-a3392633eeb1
22501113,487,2026,4,1,22501113,4104b073-065e-7fee-56f9-c2acbef467d5
22501113,49,2026,4,1,22501113,f888061f-11a5-37f5-418d-57ab815a965e
22501113,500,2026,4,1,22501113,a043c728-e5cf-d8c5-88a3-02f184aa0f40
22501113,514,2026,4,1,22501113,9ce37727-3c49-d4f5-d462-f7140f8e73c1
22501113,515,2026,4,1,22501113,6b17a3d2-6185-6615-3513-ba7cd142a209
22501113,517,2026,4,1,22501113,1c7215ff-239a-8489-825e-bc690eff6c7e
22501113,529,2026,4,1,22501113,cd967164-ba13-2bda-e411-f1d36a37e21d
22501113,53,2026,4,1,22501113,57cc3d2e-a670-4898-3b0a-35f0567d0da6
22501113,537,2026,4,1,22501113,63dfde19-013d-4aca-cef1-dc0049d5e97e
22501113,554,2026,4,1,22501113,1ae81a7c-b846-a723-97fb-1d5a0b87572f
22501113,559,2026,4,1,22501113,66a2309c-206b-f7db-e833-4abad1276d7a
22501113,560,2026,4,1,22501113,4ee22165-9020-9db8-666c-4affe6be58aa
22501113,572,2026,4,1,22501113,053b77ad-bd11-7c4d-889e-6c997bd3d5dc
22501113,574,2026,4,1,22501113,7314b603-a11b-678a-253a-8963e99fbd24
22501113,579,2026,4,1,22501113,ff140724-edb3-7274-85bd-2cbbe1159ffc
22501113,581,2026,4,1,22501113,e275f1d4-f65b-88e2-5acc-48abe6865ee1
22501113,583,2026,4,1,22501113,d4a63328-1d2d-22b5-da91-79f2466483e1
22501113,589,2026,4,1,22501113,abb21e39-46f3-a31d-ad61-bc79502f469a
22501113,593,2026,4,1,22501113,6ae66153-3b4e-db6a-9348-55657372b94b
22501113,594,2026,4,1,22501113,c3aaba2b-4bcb-91ae-b76c-f11aa34e5d21
22501113,596,2026,4,1,22501113,787b76d0-a949-e788-ad00-27993d1c4904
22501113,598,2026,4,1,22501113,db2081eb-6089-f336-5786-a782b61c1495
22501113,600,2026,4,1,22501113,0733492e-ed93-00f7-2635-0bbf13751e40
22501113,619,2026,4,1,22501113,a6e4d124-5145-2bc6-15a3-1edf52325240
22501113,625,2026,4,1,22501113,3ee408f2-a7d7-7e37-db36-4573d1780847
22501113,634,2026,4,1,22501113,151ea838-1622-3ac0-ef3e-b907e76668b6
22501113,654,2026,4,1,22501113,522ad95c-0121-3926-f473-9f827346396d
22501113,658,2026,4,1,22501113,8479f608-0488-ecb2-195b-dbe30a5d33e5
22501113,66,2026,4,1,22501113,7b5cf941-6839-5026-e8d6-06190be11114
22501113,660,2026,4,1,22501113,226fcb2b-9857-ebed-6260-d54ab2fac24f
22501113,664,2026,4,1,22501113,ef4661dc-bf6d-a081-5716-37b472acf34b
22501113,666,2026,4,1,22501113,d781decd-ec2f-91ae-818f-8cf67c0f8751
22501113,668,2026,4,1,22501113,2fbbecaf-57c7-578b-7805-350ccf511dfb
22501113,669,2026,4,1,22501113,796fe605-7330-e5f3-1712-421c8b62ff28
22501113,671,2026,4,1,22501113,f7c23fc9-3831-1d7e-ee68-7ee097e5cf76
22501113,76,2026,4,1,22501113,9c801e3c-0b72-f959-8642-b090bac596a6
22501113,80,2026,4,1,22501113,495802c0-ea6f-465c-329d-d60732f5dd62
22501113,91,2026,4,1,22501113,340abc1d-2f58-7cf4-e1ee-9b6813577ec5
22501113,95,2026,4,1,22501113,1e2710d8-9b8a-3520-5147-c570c7012c0e
22501113,99,2026,4,1,22501113,f15141b8-41f7-1db7-891c-7e8b6d006e59
22501113,100,2026,4,1,22501113,50cb0da8-dd08-dc90-cb10-b17d1d041a87
22501113,124,2026,4,1,22501113,20a0b993-235f-ffbc-b61a-b9a981134f10
22501113,13,2026,4,1,22501113,17a8c171-11f8-be54-c109-d74443e034e3
22501113,131,2026,4,1,22501113,417920d4-da8b-47af-7ac6-9b93d5e82fde
22501113,15,2026,4,1,22501113,499334e6-1385-0e38-de62-2882dfc1f23e
22501113,151,2026,4,1,22501113,8b997225-e6c3-59fe-c3cb-148851c2dce9
22501113,161,2026,4,1,22501113,c02dd87e-baca-bdc8-bbe5-3e96d7b10396
22501113,165,2026,4,1,22501113,c8ce6034-1c28-72e2-e79a-289066cc6f2b
22501113,176,2026,4,1,22501113,bdc7da65-cb99-edff-6f38-404652b18b26
22501113,18,2026,4,1,22501113,a507fd1d-f54e-0723-a7b7-3992d30234cf
22501113,183,2026,4,1,22501113,a36989d3-e67e-fbeb-e4d0-45d0caa28593
22501113,186,2026,4,1,22501113,b993faa2-81ea-64f4-568d-63a332a0d73e
22501113,205,2026,4,1,22501113,3c28fda0-7c0f-1a07-277d-f4509d9136f6
22501113,209,2026,4,1,22501113,d86a76e6-eebc-ad2f-1142-b4d3da361ed9
22501113,216,2026,4,1,22501113,ae710e32-30e9-21dd-99f1-3fdc303cc2ab
22501113,218,2026,4,1,22501113,ad4323e7-3cd5-d374-b89a-63c29416053c
22501113,220,2026,4,1,22501113,e711bc4f-98b6-6a9f-ce83-974787355e34
22501113,222,2026,4,1,22501113,40dba20e-9be6-aa7f-5a2f-eb5afa53ed9a
22501113,234,2026,4,1,22501113,12de201f-ed3d-47fb-f29b-2e408007ef16
22501113,24,2026,4,1,22501113,c442f363-5d6a-27b2-86a1-cced0da6cfd9
22501113,244,2026,4,1,22501113,6c8d0290-e942-eb8a-13de-b4ebb4294611
22501113,249,2026,4,1,22501113,aabc0698-45a2-a692-c46c-4ae376f460b6
22501113,255,2026,4,1,22501113,107ce620-b34f-9cf3-b58d-a2dff601cce7
22501113,257,2026,4,1,22501113,7ace285e-3b42-351a-f832-ccccebd250d9
22501113,26,2026,4,1,22501113,7066c099-5abd-b248-203a-0c810c958d6c
22501113,285,2026,4,1,22501113,cd2b48af-f45b-93c1-d2cd-457fd16f5bbf
22501113,287,2026,4,1,22501113,c43fd244-2941-f3a2-e20f-2673cdb9ca51
22501113,294,2026,4,1,22501113,a28af166-fe79-4c3d-7583-b071b76c8d57
22501113,296,2026,4,1,22501113,d2c2a7f9-a0eb-0621-8195-f7a7cdfc8db2
22501113,310,2026,4,1,22501113,3e421c80-d353-7c20-9cb8-0dcf50d915bc
22501113,319,2026,4,1,22501113,945bb478-357f-a053-95f7-dd29e03472d9
22501113,333,2026,4,1,22501113,ae88787d-18db-c81b-66de-12374e5dcf68
22501113,34,2026,4,1,22501113,46cfa26e-d822-d60a-69d9-8185f9f40314
22501113,346,2026,4,1,22501113,2bc5d987-a7f5-56f3-435d-71161e47ab28
22501113,356,2026,4,1,22501113,fd320a01-aa34-e86b-80e2-95391d39c9ca
22501113,360,2026,4,1,22501113,5143ffa4-d8e8-15fe-a8c1-50f4e7b6b6cc
22501113,374,2026,4,1,22501113,aa086214-4253-2cc2-9714-53b99df1fa43
22501113,376,2026,4,1,22501113,a1922855-6bb3-4fc9-55dc-f4eb19356779
22501113,382,2026,4,1,22501113,459dca95-b690-980d-a2fc-fee1e9eb2db4
22501113,40,2026,4,1,22501113,b0cf4440-3788-9a64-4bed-d9f0fbc49e97
22501113,412,2026,4,1,22501113,d297a12f-0704-7ebe-8b02-f4bbbe54a3d0
22501113,414,2026,4,1,22501113,676f133f-874f-8dfe-1a57-bff7b2974e8d
22501113,418,2026,4,1,22501113,12e43c59-3ea5-77bf-7be4-4540ad8cebf7
22501113,420,2026,4,1,22501113,7fa39e67-ca2c-3650-5e53-cba083f33c4f
22501113,423,2026,4,1,22501113,6dc9b5fa-1b02-25f6-2399-b5cf90e6b6f3
22501113,425,2026,4,1,22501113,aadac567-ffba-9004-4c8a-2a6234ac74e8
22501113,461,2026,4,1,22501113,633a5ae8-0a5b-9d06-3609-0e16f72d1500
22501113,481,2026,4,1,22501113,bccbffcb-5c71-17f7-d41b-e10015cc3971
22501113,50,2026,4,1,22501113,760becf0-e23d-0fd2-0d74-8e4825260a3f
22501113,501,2026,4,1,22501113,e104a76d-2ba6-597d-f8de-66c8db4f9aa2
22501113,513,2026,4,1,22501113,bcb33494-a7a2-ddc5-fcce-80a19abb3291
22501113,516,2026,4,1,22501113,ca03f70b-1c02-31c1-9484-fb4263a91ccc
22501113,538,2026,4,1,22501113,674ae61a-8c4c-3a44-b3f6-bdb332c7aa31
22501113,54,2026,4,1,22501113,02127c29-473b-49fc-5395-fb03c5ef2cf9
22501113,555,2026,4,1,22501113,951df9ca-bbf7-52a1-f60b-a85e2071eb9f
22501113,558,2026,4,1,22501113,fee4c852-0fcd-16eb-7ef3-5c8802a09e0d
22501113,561,2026,4,1,22501113,9ea5d52f-2eb6-7c1a-7be4-7bbafb4e4b8e
22501113,570,2026,4,1,22501113,89e43c03-1649-d30a-d8ea-9d48d732209d
22501113,573,2026,4,1,22501113,5cfccc68-0ca5-7e19-6ac3-8f13ef328776
22501113,575,2026,4,1,22501113,40aba954-254a-f2b5-97e7-5d33bb1c1d62
22501113,580,2026,4,1,22501113,74b01e83-92cb-9300-b22d-c900e1f11663
22501113,582,2026,4,1,22501113,5c9ea4f1-71e6-0f77-ccbe-ca5915861539
22501113,584,2026,4,1,22501113,725ddac2-a068-6363-df02-848dfe79ff22
22501113,590,2026,4,1,22501113,8f096b4f-9541-13de-8568-68791fe084f4
22501113,595,2026,4,1,22501113,804f28d5-b4ae-59d7-cd82-3dc47cd163d3
22501113,597,2026,4,1,22501113,0e2c9957-dda8-2bbc-aad6-8c63c439cf0f
22501113,599,2026,4,1,22501113,517263f6-0279-6d9f-0ab1-db596c778b96
22501113,614,2026,4,1,22501113,eccc3e7a-0710-5c5d-a75a-d4d3f4d13303
22501113,620,2026,4,1,22501113,efc149d5-9869-5d31-c1c2-03ad44c7cf76
22501113,624,2026,4,1,22501113,f39151fa-b3f0-e889-ba0e-dbd06268da87
22501113,626,2026,4,1,22501113,ff982dea-1c1e-c5d2-65fe-cff9efe8e8bc
22501113,655,2026,4,1,22501113,b7998588-4973-00e4-6628-e4739996f020
22501113,659,2026,4,1,22501113,adc9390b-525d-6d06-6fbf-9627bd090110
22501113,661,2026,4,1,22501113,77821d9f-2182-45c1-05be-603e08ab725b
22501113,665,2026,4,1,22501113,3b98d6ea-603b-348f-2ac5-0f872dea8f33
22501113,667,2026,4,1,22501113,4f039244-138c-fe5f-6432-b91bc812780d
22501113,670,2026,4,1,22501113,644b547f-6f6d-d6ba-75c3-2327172eb039
22501113,77,2026,4,1,22501113,52b4d9e2-6383-abe6-e9f1-8e6278917543
22501113,92,2026,4,1,22501113,f75ab966-d2f5-352e-f8bc-ba86a69b5b10
22501113,98,2026,4,1,22501113,3c1cfcc2-57ac-433d-108f-f19d76b82544
22501113,119,2026,4,1,22501113,b0ba7eea-e51d-1832-513b-b1af21a6c66a
22501113,162,2026,4,1,22501113,135e6ffd-1202-cb91-96c5-70bc7c664d38
22501113,171,2026,4,1,22501113,6fee8c27-ac82-97c6-56dd-fff84db48f14
22501113,199,2026,4,1,22501113,7a488a6f-5339-8c3a-a15e-ecab10957e2f
22501113,274,2026,4,1,22501113,acba6014-0e7e-987b-3a43-979cc273edab
22501113,336,2026,4,1,22501113,ec25ea4c-6897-1a40-f540-5dca7f56e8ea
22501113,405,2026,4,1,22501113,d5c9c3c5-1072-089f-ff3e-01254ff3b624
22501113,467,2026,4,1,22501113,2f1f65db-2cf0-2f65-493d-f617a9661ce3
22501113,469,2026,4,1,22501113,1c634d05-22ab-43c3-7d1a-808540d64983
22501113,491,2026,4,1,22501113,761e90f1-5f5b-8e77-af69-534178a8b612
22501113,502,2026,4,1,22501113,96a92fcf-2ed8-6169-c403-0f069ac9587b
22501113,509,2026,4,1,22501113,078426fb-aac4-bd2b-275d-6b15d72ac176
22501113,652,2026,4,1,22501113,de8a7057-f4e8-5728-1d19-6fa37552dba6
22501113,118,2026,4,1,22501113,c6447f4a-d7aa-9eba-f5f6-ef0bce8179d8
22501113,143,2026,4,1,22501113,7848e682-9c4d-5929-300b-dcba79157096
22501113,212,2026,4,1,22501113,137285f4-d214-4f48-5877-0cf4298d3db3
22501113,236,2026,4,1,22501113,13aa7ed2-4e34-fd66-50e6-3f1b1e6fcd58
22501113,383,2026,4,1,22501113,509cacc4-35be-7049-ccfb-b6048c624679
22501113,41,2026,4,1,22501113,217a4ee8-5cf0-c723-90f8-03838cad1125
22501113,474,2026,4,1,22501113,851af16f-d2c8-22b5-d109-c600599b359b
22501113,486,2026,4,1,22501113,b2b0ac62-7f51-8257-df14-e17f1d8a00d9
22501113,499,2026,4,1,22501113,69cab0ff-5776-46d4-bb4b-94c28fa2752d
22501113,536,2026,4,1,22501113,946ab465-1e9a-d82c-c6dc-3b567bfd591c
22501113,75,2026,4,1,22501113,4b65b41b-48ad-7f0d-dd31-259b48958df2
22501114,103,2026,4,2,22501114,c6b4a1e2-aaaa-b264-1159-c9b161b057ce
22501114,127,2026,4,2,22501114,eb4b2b60-5537-6e26-aa30-1f04e953e6ee
22501114,13,2026,4,2,22501114,fcd8eb0f-a3a3-f9b0-1a6e-29f4c3d3c975
22501114,19,2026,4,2,22501114,0f84c1a2-0466-5c6a-3e88-39bdc148aec8
22501114,197,2026,4,2,22501114,f5f2d430-3caa-4299-5e06-ed8eb47c7761
22501114,199,2026,4,2,22501114,e41757aa-848a-1b3c-1e69-498907d27ef7
22501114,201,2026,4,2,22501114,6c0e1502-2008-1ec7-df9f-1504b1f5279c
22501114,226,2026,4,2,22501114,8718a5e9-b5be-61b4-0286-74e00c6413cf
22501114,233,2026,4,2,22501114,e2a588fe-5818-a94b-3819-97cf33bc8461
22501114,235,2026,4,2,22501114,85bad87a-fc4b-3498-9bc6-18e94b27ae5e
22501114,24,2026,4,2,22501114,1c93f005-d258-5faf-720d-7a5772986b5a
22501114,254,2026,4,2,22501114,59ff9ab6-1aba-8376-77e3-5d027a0ff7e0
22501114,260,2026,4,2,22501114,5339d820-5460-0326-3147-5425aefb5f51
22501114,264,2026,4,2,22501114,846e8cc4-132c-53c6-e6f8-02ba393bebb6
22501114,29,2026,4,2,22501114,53c2d2f3-15cf-d426-6c5c-a02be6e55940
22501114,308,2026,4,2,22501114,ffe5f79e-7e45-b3bd-7f4d-92ae2a979e01
22501114,322,2026,4,2,22501114,12f8cc26-ba18-4688-7408-7e055d34f9fa
22501114,340,2026,4,2,22501114,88486287-29f3-c3f1-b42e-2e4644aec356
22501114,342,2026,4,2,22501114,5c93c134-6329-ddbb-2eaa-310be0455302
22501114,344,2026,4,2,22501114,f8b75f66-f1fa-9875-d7f2-9f83f3f539f0
22501114,346,2026,4,2,22501114,e35c59cb-591b-acc7-19e6-9b931f117bb4
22501114,350,2026,4,2,22501114,204c2798-d226-0563-716c-35ef1c35a823
22501114,360,2026,4,2,22501114,b2273d7c-9837-3edb-1e4a-75c07416d805
22501114,362,2026,4,2,22501114,20c616d0-e7bd-231c-f98c-1a06a76146a1
22501114,380,2026,4,2,22501114,2bbb290c-060e-c9da-d268-038d15bc7cad
22501114,395,2026,4,2,22501114,550c513b-9a08-0479-7488-89d604cd5fcf
22501114,398,2026,4,2,22501114,7656e92c-4fe7-be47-71fb-3fe3a3eb1370
22501114,401,2026,4,2,22501114,321db44f-3bc2-e824-5251-153f292ef37d
22501114,403,2026,4,2,22501114,e0e65664-ca7e-1551-fdca-62a1276f53d6
22501114,41,2026,4,2,22501114,346f4048-22ae-a1ff-7bb8-617134e1cc91
22501114,416,2026,4,2,22501114,8570c395-0196-1b07-1da7-351bcabec95d
22501114,433,2026,4,2,22501114,0c617f38-6320-a40e-39b7-67ec3cd5e30a
22501114,448,2026,4,2,22501114,14d84134-d055-3f04-0b8f-c0610231d0f3
22501114,48,2026,4,2,22501114,c4ad7dfc-60f1-da31-f1a5-c58eed01ee49
22501114,50,2026,4,2,22501114,a14b91e9-b733-0dd9-1f93-8fab3a6ac390
22501114,502,2026,4,2,22501114,b14771c8-6419-d7ff-545b-169f05807d1e
22501114,548,2026,4,2,22501114,5313314a-676c-91e2-ae8f-5b084747df6e
22501114,580,2026,4,2,22501114,c215b986-7b20-e83f-1bbb-8976c2980040
22501114,590,2026,4,2,22501114,c0554608-e081-4e3f-8b8a-31bbf4428fa2
22501114,608,2026,4,2,22501114,9b362cbc-6986-dd90-0eaa-77d761d89a94
22501114,623,2026,4,2,22501114,a01ad8a2-46ad-468b-a0d5-0a5e35f861e1
22501114,630,2026,4,2,22501114,26e2bab8-6cd8-0cae-6af4-0368ca3d1022
22501114,636,2026,4,2,22501114,6fb07c41-2ce6-6aa6-dcdb-93e781460122
22501114,699,2026,4,2,22501114,0829c0c4-a0cc-98e4-a23b-f639475d7b93
22501114,7,2026,4,2,22501114,438a5a70-0d14-1245-77a3-80ffab5a137c
22501114,70,2026,4,2,22501114,80805920-0a2d-fcfe-70eb-9ad50b86c12a
22501114,76,2026,4,2,22501114,68b47fce-c2e2-a67e-0c2f-1d5e18354279
22501114,78,2026,4,2,22501114,4efd9d75-e4ea-9da7-454e-e91bb3fa3b5c
22501114,99,2026,4,2,22501114,9f353276-3a1d-d005-5495-dced1113a6c2
22501114,189,2026,4,2,22501114,c2f55a3e-c0e2-cef7-e987-8aa625de109a
22501114,223,2026,4,2,22501114,25bdb853-5350-ce50-ad3d-947f10765448
22501114,422,2026,4,2,22501114,1537a507-e8dd-5a61-90a6-b94213421ca4
22501114,480,2026,4,2,22501114,022e0b21-d6dc-8c92-5871-517464d381a2
22501114,576,2026,4,2,22501114,44cd90dd-5bd8-01f5-2a8f-8265daadf94f
22501114,605,2026,4,2,22501114,646ff323-7a66-47dc-f602-d91194d2acea
22501114,627,2026,4,2,22501114,f483b87d-5642-7d87-feaa-ec79b2bf9ae6
22501114,638,2026,4,2,22501114,34e5d792-62d7-d4c9-e2f3-07d8aa496769
22501114,85,2026,4,2,22501114,5c2bb354-1ed9-0a6f-12df-ad71a88cc2ae
22501114,10,2026,4,2,22501114,1cad313c-f1ec-95f7-341f-5a7f8a52c452
22501114,11,2026,4,2,22501114,70eee753-55fa-a6f0-3b9a-4acc4d1a8269
22501114,110,2026,4,2,22501114,eabc71e7-9412-e667-991a-5538b8b8cd57
22501114,112,2026,4,2,22501114,fbaac2a5-0571-0353-6756-63cb31ba2c90
22501114,114,2026,4,2,22501114,450ca017-842a-e8ea-92f2-4dc043cbcd8a
22501114,117,2026,4,2,22501114,dbd4be58-3465-1da2-03e7-c7b88f9b5d94
22501114,135,2026,4,2,22501114,8c0fd507-b221-4a6a-cf54-16f78ff50e21
22501114,136,2026,4,2,22501114,de15acc3-f1cb-7c2e-9809-11f79a11b8c8
22501114,147,2026,4,2,22501114,e9b13799-9097-7922-ce54-c609ed9b5912
22501114,149,2026,4,2,22501114,91f6b491-5138-dd9e-8c79-acb31509af36
22501114,15,2026,4,2,22501114,465de873-e377-930c-b200-7fba6e349025
22501114,151,2026,4,2,22501114,04c2deca-6ae7-ee14-ac45-ec11416f443b
22501114,153,2026,4,2,22501114,5fa245e2-3aed-44de-48ed-eb1ca51ab6ac
22501114,155,2026,4,2,22501114,8b6e5938-86f0-2ad3-e234-c3c5f2363da3
22501114,169,2026,4,2,22501114,cb7cd515-0186-f2dd-eb72-35f2e4e71b85
22501114,17,2026,4,2,22501114,407df86c-8000-2555-12a7-ed0527ef8325
22501114,171,2026,4,2,22501114,6ba32196-e176-f730-e554-fb5eda69304d
22501114,178,2026,4,2,22501114,71096151-f761-2bcd-3b40-24cd752daccf
22501114,182,2026,4,2,22501114,7f1f4fc9-66a8-7270-0728-c6ae28f762be
22501114,186,2026,4,2,22501114,5abefb36-2b4e-7369-aee1-afaf6d0f0c83
22501114,192,2026,4,2,22501114,c7ef4c86-21da-293f-75f0-910e66999c13
22501114,194,2026,4,2,22501114,3831c565-f51a-8300-4b76-58ac281000a9
22501114,203,2026,4,2,22501114,1f7d2b01-4d7e-e0df-0fdd-7b4ff8f8c292
22501114,21,2026,4,2,22501114,d79da2e1-cf88-3ebd-128e-96f902000691
22501114,212,2026,4,2,22501114,33436e23-3afc-9121-8a96-f063606497b5
22501114,22,2026,4,2,22501114,c297d079-62e6-014b-99cb-5986f34ab421
22501114,237,2026,4,2,22501114,b0652360-c751-70fa-0a84-b6be541f8e63
22501114,239,2026,4,2,22501114,05f0fa3f-e5e0-d645-46cd-265f35aea504
22501114,248,2026,4,2,22501114,80708665-a0d7-2f38-fe07-1ad5d17eec19
22501114,250,2026,4,2,22501114,18edd030-0d53-b451-7955-89ad32fbc31a
22501114,256,2026,4,2,22501114,c8d9ae31-75bd-349c-dac1-79829d711db6
22501114,258,2026,4,2,22501114,49e63f94-b4f0-a9c8-c8a5-b5b7935873e7
22501114,26,2026,4,2,22501114,fe75ff54-ff87-3b54-c457-2721a53d350b
22501114,262,2026,4,2,22501114,012211f6-5e52-1763-e42f-dd88563e820b
22501114,266,2026,4,2,22501114,92035c56-b91f-862d-7c5f-1212a845a7a0
22501114,268,2026,4,2,22501114,c33e2481-c94f-63fe-5507-3024714a537c
22501114,27,2026,4,2,22501114,b0403b77-cc73-3f87-edab-12e9e8d63e52
22501114,270,2026,4,2,22501114,0ae0b8a9-7334-1814-9037-409bf4e83771
22501114,271,2026,4,2,22501114,54752886-f152-be35-c02c-1d17d3caec92
22501114,284,2026,4,2,22501114,47bfc903-0f33-481c-187e-e8801e05dbeb
22501114,285,2026,4,2,22501114,93406ac4-0b02-2fd7-8688-f0a5520c2931
22501114,293,2026,4,2,22501114,54d8a0b5-ff5c-3d0d-c4ce-2604cb0251ad
22501114,294,2026,4,2,22501114,284795b5-5f32-90c0-9932-0cc7b7b7be44
22501114,295,2026,4,2,22501114,e4d3ba60-770f-a7a4-7804-1a1ca0d66d1c
22501114,297,2026,4,2,22501114,6041ba40-b5ee-4a88-f71f-e9f0bad6a71b
22501114,299,2026,4,2,22501114,d27d17c6-8bd6-7fef-dc35-0c8df4aa49ee
22501114,300,2026,4,2,22501114,00c7d2a3-37c1-97e5-643c-cdc6ad49cd3e
22501114,302,2026,4,2,22501114,7a55bbc3-be24-a3e6-e113-36c59034e1d7
22501114,304,2026,4,2,22501114,92c35906-77a6-454f-a185-5f1575dd4fd9
22501114,306,2026,4,2,22501114,488fa7a0-dde8-0d40-9d9b-15a2f17ed427
22501114,317,2026,4,2,22501114,266e81f8-3f49-852d-b458-249ad475bca9
22501114,319,2026,4,2,22501114,589d96f0-72ff-5358-1140-ff298de80676
22501114,326,2026,4,2,22501114,996c5514-27e6-8b6c-6d2d-0a6af9083dd3
22501114,33,2026,4,2,22501114,8b4ca069-bb55-96e6-7759-8c4acb1c9384
22501114,347,2026,4,2,22501114,f9edb68d-3589-aafd-982f-fc95f75d1ad7
22501114,35,2026,4,2,22501114,d4693140-b211-cbcf-301e-4d4b50f30b2f
22501114,352,2026,4,2,22501114,83097efc-4d0f-f0b0-2e62-cd6be842d814
22501114,354,2026,4,2,22501114,0186ede9-a5a0-a48d-ad02-d01ab186d465
22501114,355,2026,4,2,22501114,3ba54882-f625-3f32-9260-e5ebeed8c94e
22501114,357,2026,4,2,22501114,887ce719-7f0b-c0d2-3fdf-5dc04ab45d20
22501114,36,2026,4,2,22501114,71a014f2-2e54-87e6-ae98-de098bd9e493
22501114,369,2026,4,2,22501114,327814eb-82a9-7d6d-a595-ca7d2aad51c9
22501114,37,2026,4,2,22501114,4d2720b2-32fb-40ad-7ce0-6bcace30e766
22501114,375,2026,4,2,22501114,677b8274-3fc0-c8ca-1c1f-f55188eeb59b
22501114,378,2026,4,2,22501114,cb473d71-f3b0-60b0-375e-84b276652ae8
22501114,390,2026,4,2,22501114,e9a64624-a333-5e02-af89-16e0b3e18c37
22501114,393,2026,4,2,22501114,21b5a798-ce44-7a04-628a-11464d733e27
22501114,400,2026,4,2,22501114,844502e6-5cd4-998c-dea3-55e01d7d35ab
22501114,418,2026,4,2,22501114,affbc69c-2fa0-1c22-adcb-5e9abf168ee4
22501114,420,2026,4,2,22501114,b4a409d4-1213-6279-83f0-dd1b77daac1d
22501114,425,2026,4,2,22501114,0ca7ff81-667d-8c1a-6c04-714d31f43edb
22501114,426,2026,4,2,22501114,72e486c3-fd2c-8e15-a534-738e95ccc98b
22501114,427,2026,4,2,22501114,14b88c9e-6df7-9d92-4025-0404173a6ed4
22501114,43,2026,4,2,22501114,4435f587-4af6-6448-0e87-791389bc91bb
22501114,45,2026,4,2,22501114,eb3e95b2-9bba-a2bb-db87-edc05a6786cd
22501114,462,2026,4,2,22501114,4599816c-b491-b077-0b76-26a3e2e381df
22501114,465,2026,4,2,22501114,b219f4ac-2a88-7585-6c1d-7d5af915d5b0
22501114,468,2026,4,2,22501114,7c24b556-5c87-1c6b-4124-84b08f90f253
22501114,47,2026,4,2,22501114,353dfe48-dc61-cd3d-b2da-d0c574504e1d
22501114,470,2026,4,2,22501114,77e555b7-05fc-f800-8759-d80135798d0c
22501114,472,2026,4,2,22501114,8e7f0719-004e-1490-06a8-f65e77a0e7da
22501114,474,2026,4,2,22501114,3c683be5-b750-4cc9-47d1-f298f301cb91
22501114,490,2026,4,2,22501114,32f30735-fabe-12ff-5a11-7ceda9e802d7
22501114,498,2026,4,2,22501114,cb796d4a-4975-f589-7285-42c31534afe9
22501114,500,2026,4,2,22501114,da9ca76d-eeaa-5a16-7979-9035da1229a9
22501114,506,2026,4,2,22501114,55ff8432-d11e-e88a-b209-4cf2ec352fef
22501114,516,2026,4,2,22501114,81cb4305-97c8-3e30-6454-03ec45c1c357
22501114,524,2026,4,2,22501114,b87dc538-4228-a913-d3e7-dbfb5d13931a
22501114,526,2026,4,2,22501114,f6121a12-9e9c-3fab-fdf2-b3189085199f
22501114,531,2026,4,2,22501114,ee833e17-8572-1d42-02e8-4ec9f18d8849
22501114,537,2026,4,2,22501114,55c56a09-4e6f-2789-65cd-8953e200d991
22501114,54,2026,4,2,22501114,8653fe23-7fcd-ed01-ec0b-ea7566008f13
22501114,542,2026,4,2,22501114,1f78d6fa-ec05-dbe8-f321-2d99241e9689
22501114,544,2026,4,2,22501114,8fc91a98-17bd-ec37-9cc3-8aaeed498508
22501114,554,2026,4,2,22501114,f463bfaa-317a-5814-5031-a9a659d8602a
22501114,557,2026,4,2,22501114,4088a9c8-8424-a1e0-48a3-401764dfd23d
22501114,558,2026,4,2,22501114,0e5658e3-ec17-fd63-d782-0a45fd4e903a
22501114,573,2026,4,2,22501114,92a93094-bb49-e664-a0bf-5dc001df7691
22501114,575,2026,4,2,22501114,8f6b43f7-2bce-0d8e-babc-b77fe7690107
22501114,579,2026,4,2,22501114,41762910-a118-a049-7f7b-871c989eb7cd
22501114,582,2026,4,2,22501114,f5ced28b-c30b-2426-5daf-272d863ebc25
22501114,583,2026,4,2,22501114,a8bc3f37-5e1a-0445-b15b-51262ef622c2
22501114,596,2026,4,2,22501114,5a13af0c-9aa6-a753-2d26-742e9399f9fb
22501114,610,2026,4,2,22501114,fc90b88c-ace4-588a-8ae8-0565e97a7069
22501114,612,2026,4,2,22501114,3dbfe8e7-57ed-06ea-4bba-7671629c245d
22501114,625,2026,4,2,22501114,4f781b36-a250-ad8a-7f51-f3025620d305
22501114,632,2026,4,2,22501114,8d9ee614-be5b-3c79-4339-fe01988cf33c
22501114,634,2026,4,2,22501114,73522636-5612-2254-b008-ccb20ea43399
22501114,650,2026,4,2,22501114,ab859cac-81b1-229d-5c1a-6fc75f76f3a1
22501114,652,2026,4,2,22501114,a2e7c757-a27a-d31c-04a4-2d0a60b45a35
22501114,654,2026,4,2,22501114,565cd621-8c9b-4da8-6997-0c1d0a31c1cb
22501114,66,2026,4,2,22501114,7d317ab1-a76c-ae77-fd98-568dc4f50ac3
22501114,674,2026,4,2,22501114,6cce6fc1-5d23-7d9a-85e9-f5e5ddadcd21
22501114,681,2026,4,2,22501114,de8ff900-03fa-0c8e-a537-89d69e0d3195
22501114,69,2026,4,2,22501114,bfaf85ee-70e1-f345-8766-170b3eb3eb47
22501114,690,2026,4,2,22501114,a995aa7f-9ada-8ab1-db86-8733b0e88ca3
22501114,702,2026,4,2,22501114,068dab3c-66f4-8b94-ff0e-7465899028be
22501114,707,2026,4,2,22501114,8aa2e898-9eba-c1f0-5c28-049643533d8a
22501114,72,2026,4,2,22501114,83694162-0179-5aaa-2758-6d2d456856a5
22501114,74,2026,4,2,22501114,bc11a83f-664f-d9aa-c127-1a54a1270747
22501114,79,2026,4,2,22501114,bcdd2aa5-7d95-5017-3f2f-c353ecd5a096
22501114,82,2026,4,2,22501114,8a6f7c3b-7255-29dc-eb48-65c94f9d54f1
22501114,83,2026,4,2,22501114,8ef53dc9-5943-fc87-c5a2-6b244da0b462
22501114,84,2026,4,2,22501114,1270d686-8b91-ebeb-0e52-79ffed70158b
22501114,88,2026,4,2,22501114,8487ae70-6cf3-9f06-d3cc-51b2acf3ab33
22501114,9,2026,4,2,22501114,12b38c4d-2f14-642f-6bc9-efd1d9a3744d
22501114,111,2026,4,2,22501114,040a5e79-017e-70ca-d165-ec6290dd7811
22501114,113,2026,4,2,22501114,aea7448b-3b61-ef84-bfb6-dced6bcd1ec0
22501114,12,2026,4,2,22501114,7b293d8c-5c5f-0e0a-edfe-62a2d2e84762
22501114,148,2026,4,2,22501114,876bf8ef-85d2-7a9d-2666-7a4fb839357e
22501114,150,2026,4,2,22501114,194ddb97-c009-b0d3-a796-bd59d185e4ca
22501114,152,2026,4,2,22501114,c0479801-f929-6a8e-1b81-6ffac3a2c238
22501114,154,2026,4,2,22501114,b8c36fb5-9305-3a50-7ee9-c24a146fb379
22501114,16,2026,4,2,22501114,176cdaf9-63d5-b1e7-7fce-0a41e8493e9f
22501114,170,2026,4,2,22501114,eca4da7a-ccfa-45f8-83d4-735c7e7b3258
22501114,172,2026,4,2,22501114,b8db265c-1245-c7eb-e530-9b74c8bd522e
22501114,18,2026,4,2,22501114,7ed346d6-749a-b4b0-1fc8-d9af47eadd23
22501114,191,2026,4,2,22501114,75f7b50f-dae9-2794-6e7d-1f6b668967ef
22501114,193,2026,4,2,22501114,93af0769-a7c2-ae2b-caaf-de1a2878e6b6
22501114,195,2026,4,2,22501114,696e61f6-3271-3b25-92b7-505de76dfdcc
22501114,204,2026,4,2,22501114,727f0215-3215-7599-ee8a-19c9499e6585
22501114,213,2026,4,2,22501114,d14690bc-4095-213a-dc91-db49d19b1fd8
22501114,225,2026,4,2,22501114,cb8117f2-1fd1-b71b-a53a-9e8dff5504cb
22501114,23,2026,4,2,22501114,38d60a96-4c19-956e-eff8-ce5952a9727d
22501114,238,2026,4,2,22501114,64921d20-bb11-8204-1d19-14ff4b59c70a
22501114,240,2026,4,2,22501114,9dbe3cc7-9769-2deb-83f7-3b0d148387f8
22501114,249,2026,4,2,22501114,44e4798f-063c-e5cb-573b-04f7db0d48f9
22501114,251,2026,4,2,22501114,a9909bf0-dcb0-fd6f-f9f0-bb4c3eaa855f
22501114,257,2026,4,2,22501114,83981d51-6e88-f10a-7583-cf10f1ce36de
22501114,259,2026,4,2,22501114,e5b55b7f-cff5-e80f-0bbd-1399a36932d8
22501114,263,2026,4,2,22501114,3837f6a2-6ce2-7685-5ca9-1f73b2a93cac
22501114,267,2026,4,2,22501114,a80b8f78-8d4d-7cb6-f540-be3f6567f8fd
22501114,269,2026,4,2,22501114,78c5bbe7-9103-6573-27a6-0f22a63520f8
22501114,272,2026,4,2,22501114,feec6cf0-1aee-0c45-4ea1-0e0c875a0e1f
22501114,28,2026,4,2,22501114,114fad01-2b3e-8eda-38ed-c35e2d32e546
22501114,298,2026,4,2,22501114,6f69da25-3830-ac3a-4dca-178a653633b2
22501114,301,2026,4,2,22501114,31090342-e6c4-0326-b98a-6f0034ac871f
22501114,303,2026,4,2,22501114,950d6cd9-cfbd-55e5-ad97-adcacc5dec47
22501114,305,2026,4,2,22501114,98da2890-b61c-800a-0d1a-e8a99ace03d3
22501114,307,2026,4,2,22501114,12da5fc0-c99d-1cf4-3b4c-6785c74cb54f
22501114,318,2026,4,2,22501114,994f9562-b20f-8084-930d-04e10ad8b9f8
22501114,34,2026,4,2,22501114,6679f780-e9bd-0205-a368-65ca21162c16
22501114,353,2026,4,2,22501114,f5556047-d0bf-2a1a-10ea-0c2885c6f59f
22501114,356,2026,4,2,22501114,98da63ba-25a5-35b8-33c4-9be1a0d934d0
22501114,376,2026,4,2,22501114,d7822b5e-1326-babb-c6c0-6d2d62ca182e
22501114,379,2026,4,2,22501114,ffe362ea-a333-3c35-58af-b4bbf57f7f5d
22501114,391,2026,4,2,22501114,86d0855a-0c48-246c-eccc-753fb5a4699c
22501114,394,2026,4,2,22501114,3e6536a9-3fa8-9880-0af1-67f80ef949a5
22501114,419,2026,4,2,22501114,051f87d6-e860-98a9-fe2b-7115cb35eef4
22501114,421,2026,4,2,22501114,68275a65-e881-366f-5fba-49b82c535d08
22501114,424,2026,4,2,22501114,4013e00a-bd49-c020-fbe6-5fdc07f4adaf
22501114,428,2026,4,2,22501114,23caab62-2483-b501-a091-4bea52656871
22501114,44,2026,4,2,22501114,eaea5354-78cf-34aa-8932-8e43efe8429f
22501114,46,2026,4,2,22501114,027f7f6c-1ac8-cf11-bd58-de9ec4f21377
22501114,469,2026,4,2,22501114,d94594a6-f8d7-33e6-b6d3-5f20c487398f
22501114,471,2026,4,2,22501114,bcebf918-e812-2330-ecbf-662694f050d3
22501114,473,2026,4,2,22501114,5a33b3f6-a0c5-c159-0841-8115f8985468
22501114,491,2026,4,2,22501114,9e390387-e2d9-eafa-0153-abd1d06affd3
22501114,499,2026,4,2,22501114,c89e739b-4c3e-defa-b002-64bc1e2a0feb
22501114,501,2026,4,2,22501114,51022851-9497-6b13-f002-acf4867a1fee
22501114,517,2026,4,2,22501114,cd13250e-35fa-bde3-d501-295232f3f491
22501114,525,2026,4,2,22501114,b51374d1-564b-ee1b-1518-e14fce83a2b8
22501114,527,2026,4,2,22501114,a86ad26d-9c67-a919-f817-81df5dac4285
22501114,543,2026,4,2,22501114,2c44413c-8910-6536-c73f-f52b07d85cf1
22501114,559,2026,4,2,22501114,25cdcbe7-715d-386a-8dd7-6bd292a01f21
22501114,574,2026,4,2,22501114,4fc799f0-400a-770a-861b-e6e622ee5fcb
22501114,578,2026,4,2,22501114,31a45b84-bfb4-f9f5-3a68-e0aaad823ba6
22501114,607,2026,4,2,22501114,b4a7b51c-5312-d059-1557-894202cdcba1
22501114,611,2026,4,2,22501114,867b008d-78c5-73eb-fee5-9020bd8a308a
22501114,626,2026,4,2,22501114,7347a060-1ee3-fe40-199b-5e30d7ce62dd
22501114,629,2026,4,2,22501114,a1f1bb7e-a713-6498-ee8d-e315289a4b70
22501114,633,2026,4,2,22501114,0d477b9a-2abf-c32f-093d-cb0bd27fdde5
22501114,635,2026,4,2,22501114,af66c726-97b7-2c2e-7119-f5889080914d
22501114,640,2026,4,2,22501114,82d7cb66-075b-6afd-7523-1a15561e9820
22501114,651,2026,4,2,22501114,dff0381b-a2a6-b73e-d900-04c135fef4dc
22501114,653,2026,4,2,22501114,a5f961d6-5ce8-dd44-921b-48a57491ef59
22501114,67,2026,4,2,22501114,e4905c42-d350-a0a8-1bfe-14685e0be304
22501114,689,2026,4,2,22501114,b892b56b-dd0b-7e58-be9e-57653348be9f
22501114,703,2026,4,2,22501114,b4b67fb0-d3fa-45e3-fbf3-b1f54dad77a7
22501114,708,2026,4,2,22501114,cdfa27dc-6909-0845-14fd-eb630cc0b4ea
22501114,73,2026,4,2,22501114,78988a57-12f2-7702-e9ff-f7fc0ba0eef7
22501114,75,2026,4,2,22501114,2890b9b6-b8de-4f82-f1ac-b78ad264daee
22501114,80,2026,4,2,22501114,7080b634-6517-c8f0-1d04-d9daf9482d82
22501114,87,2026,4,2,22501114,82d66587-8994-1e6d-401e-fded9858257d
22501114,101,2026,4,2,22501114,57d6c7d9-cf60-3d4a-b990-5fd69789dcbc
22501114,133,2026,4,2,22501114,74030228-2961-84d2-364b-bc368c550278
22501114,252,2026,4,2,22501114,f9fae128-41c7-3a8c-beb1-dc72808e4f07
22501114,324,2026,4,2,22501114,6d13e5ce-ddba-56c6-583f-af416a42d19b
22501114,429,2026,4,2,22501114,30bc341f-e448-138b-15b6-26bbb957f11b
22501114,431,2026,4,2,22501114,8393f0ff-837b-1e0f-682a-ae8630a33ff0
22501114,466,2026,4,2,22501114,f006e138-fd74-0955-6fb1-a1df96d8c5fc
22501114,52,2026,4,2,22501114,67663942-67da-45ff-ce5a-7fd11f96a3f9
22501114,535,2026,4,2,22501114,77094372-0dc0-636c-bcc9-f9cfdf794e4e
22501114,540,2026,4,2,22501114,33df5396-c498-0ce5-4554-602eeaf157e5
22501114,697,2026,4,2,22501114,5f4bc8e8-fd90-516f-6827-f6dadf15f224
22501114,137,2026,4,2,22501114,f7c5e2b0-9558-603f-3cf0-cae78174b804
22501114,196,2026,4,2,22501114,5218d0c7-ae8c-ed0d-f426-adde92226be7
22501114,207,2026,4,2,22501114,12adc8e3-cab1-4659-22e8-64083be8ed41
22501114,247,2026,4,2,22501114,24605f4a-9bfa-38a1-6cb1-250ab1683617
22501114,275,2026,4,2,22501114,bc8872c2-02e1-f979-902d-62be50b4e68f
22501114,374,2026,4,2,22501114,00f339c6-aa6e-38f4-93f7-1600b3a83c63
22501114,389,2026,4,2,22501114,f4071d17-9519-a644-a186-27ca5a13e345
22501114,437,2026,4,2,22501114,28d6515d-017e-b8a9-2f6b-95da8573fb69
22501114,513,2026,4,2,22501114,443b1430-8165-2b78-f3f8-fd4dc6f7a9c5
22501114,572,2026,4,2,22501114,82a906c5-fd8a-a5a5-54b4-170195c5f749
22501114,597,2026,4,2,22501114,112cfa26-259f-6bba-06f5-74ee6a1d6ed0
22501115,10,2026,4,2,22501115,e3375d95-a402-bbec-fab1-64fc0c8dc105
22501115,107,2026,4,2,22501115,575c0c21-cc67-a26d-38c9-a51b9e142f4d
22501115,122,2026,4,2,22501115,682d88aa-30f3-4b6d-dd03-4bf5709fdefa
22501115,124,2026,4,2,22501115,90420552-027e-560b-c813-a57bfb1776a0
22501115,161,2026,4,2,22501115,7add67f4-765a-771d-b5cc-0abaafb57ce8
22501115,164,2026,4,2,22501115,39197afb-5ee0-5558-0665-4a949e8438b0
22501115,166,2026,4,2,22501115,2f1086e7-185a-2163-9067-7a6e1a6aaf2b
22501115,18,2026,4,2,22501115,a032dbb0-c3a5-6e6d-b100-8f8c903e4ce5
22501115,182,2026,4,2,22501115,20d68749-49a9-7306-8faf-3535b5bb04e2
22501115,203,2026,4,2,22501115,83a86afe-291c-8881-ac1a-3afc0919d880
22501115,207,2026,4,2,22501115,8efec3b8-622b-2d61-6843-60e0a9556025
22501115,21,2026,4,2,22501115,646460a3-6277-6fcd-eba4-91604c50444a
22501115,226,2026,4,2,22501115,463d6816-d8d6-3040-8772-140ca0a9beb5
22501115,238,2026,4,2,22501115,a56531de-3fa6-dff9-a1a1-e3aac3e5df09
22501115,243,2026,4,2,22501115,541957ba-6a1e-abd2-27ec-8ce868a07952
22501115,263,2026,4,2,22501115,a00be3b6-9923-cab8-1159-39b78f5272d0
22501115,282,2026,4,2,22501115,f1622690-3a62-904b-0fef-afb4bc4aab19
22501115,301,2026,4,2,22501115,8fc9ca31-737e-0976-0d97-0d1404b1730e
22501115,334,2026,4,2,22501115,8e086df4-bf25-3735-d47d-f6713d743c56
22501115,355,2026,4,2,22501115,1ae5e747-3c8f-690d-c694-0f8be3964f2d
22501115,36,2026,4,2,22501115,bcc1065e-be09-9a69-5b49-64520ea5ba14
22501115,365,2026,4,2,22501115,fbb34e4f-453a-186a-5950-ec4a2e77a13a
22501115,372,2026,4,2,22501115,688732ea-59da-a5cb-60d3-2e91ca144dee
22501115,38,2026,4,2,22501115,1fc25819-24ec-e57f-99c7-224d72415d04
22501115,381,2026,4,2,22501115,2a775431-4dda-2171-04b0-6ce6b157b59a
22501115,400,2026,4,2,22501115,d56c7485-8749-bfcb-503a-db943e12d661
22501115,402,2026,4,2,22501115,381aadb8-a0f3-08fc-a970-4a5705195e19
22501115,405,2026,4,2,22501115,d0a93c2b-d97d-8a88-9748-8dee3b003641
22501115,417,2026,4,2,22501115,c9163514-6c36-630f-13d3-98dbfea1aab2
22501115,424,2026,4,2,22501115,9b419d31-b617-456a-00d5-48dc519d6005
22501115,455,2026,4,2,22501115,24d9348b-403d-dd19-d9d6-a348da5ba51c
22501115,469,2026,4,2,22501115,37a167cf-6254-89a7-ad70-5861e62084ae
22501115,47,2026,4,2,22501115,4a003e59-8dd2-c512-0a1f-6737eaa9c039
22501115,472,2026,4,2,22501115,05861eba-6221-dcc7-765a-ee5b1bd4cc2d
22501115,506,2026,4,2,22501115,7a8a9a80-1891-319f-994b-16171c3258aa
22501115,508,2026,4,2,22501115,80d643a8-d442-6336-8a55-1d15767b9ace
22501115,510,2026,4,2,22501115,00fb7b87-3aec-edac-0667-39297c60cf9a
22501115,547,2026,4,2,22501115,95ac3d00-4aa8-ae1f-433e-fcb8dec46cb1
22501115,549,2026,4,2,22501115,f6db3658-8e7d-2399-7960-514452577f96
22501115,560,2026,4,2,22501115,dbc2ed4d-007f-d879-a04e-4b93247e6df8
22501115,569,2026,4,2,22501115,beffbea4-5092-38c7-8335-7e672976fd31
22501115,58,2026,4,2,22501115,937aa3f1-f04d-4d06-93e4-1b7bd2c7d2f9
22501115,587,2026,4,2,22501115,13025a47-e4e6-2ec2-5c94-44deccd8a524
22501115,609,2026,4,2,22501115,45c62947-ef22-fac9-4f1e-865b12545109
22501115,632,2026,4,2,22501115,17b31c6c-0543-9097-4675-8420c75906fd
22501115,638,2026,4,2,22501115,f647d59c-1c9a-ed23-cc2d-c4d0421cc31a
22501115,646,2026,4,2,22501115,5b159f9b-6e86-1d16-8967-118a01e4b412
22501115,662,2026,4,2,22501115,f3d98e71-65cf-6db2-ad12-da5e8d380733
22501115,67,2026,4,2,22501115,65e9f6e4-3a67-6487-2dfe-d81bd8f043db
22501115,69,2026,4,2,22501115,d9ac084a-52a8-1918-2a93-e6965f9fe6ec
22501115,76,2026,4,2,22501115,7333507d-086e-e275-4174-582188ce8dcc
22501115,102,2026,4,2,22501115,74153aaf-304f-908f-fb1a-338478b44d66
22501115,175,2026,4,2,22501115,81c8eb8b-3f92-b6ff-8c4e-e0b47ecc4f33
22501115,228,2026,4,2,22501115,b50e440e-2855-9fbd-fcd5-8456a3ff9e3c
22501115,275,2026,4,2,22501115,ca3c797a-3a12-dd27-cddd-50ea63d600ba
22501115,286,2026,4,2,22501115,2815a1f7-49f3-334c-af8e-92b027a31483
22501115,289,2026,4,2,22501115,7317d8db-d49e-9f84-746a-45c5025e9129
22501115,314,2026,4,2,22501115,a20a8303-6903-4290-acbc-198a0a62e135
22501115,351,2026,4,2,22501115,560d8dc4-126d-0112-2c04-877a14024cce
22501115,442,2026,4,2,22501115,0a97ece3-710b-6c1e-7b06-7cc74e8cc8f2
22501115,457,2026,4,2,22501115,a5c37c3e-fb5e-82bd-8457-f58e02dbfde5
22501115,466,2026,4,2,22501115,f4dc0b73-cea6-24e3-4ed8-8f35a0590586
22501115,481,2026,4,2,22501115,589f04f2-5a3a-7a47-39f6-d01613c8db16
22501115,490,2026,4,2,22501115,c2dff4ff-ade6-fa52-cf95-d3ba919e3c2d
22501115,545,2026,4,2,22501115,222898ad-681d-979d-9a04-a84f6214ae7c
22501115,652,2026,4,2,22501115,e19e68ee-70e5-54d7-73c2-6493c59684e1
22501115,105,2026,4,2,22501115,d460ef89-bee4-b012-2cb9-ac5ab49cbd30
22501115,128,2026,4,2,22501115,890dcdc6-a4b2-2a8b-6994-263bba47cc99
22501115,129,2026,4,2,22501115,ed4adb0b-1e53-6bc8-8669-ee860349f212
22501115,130,2026,4,2,22501115,12b8fb94-3077-bbe7-f3b7-db724df0d320
22501115,132,2026,4,2,22501115,1bbd7353-c708-efbe-76e6-d0908ec9030d
22501115,134,2026,4,2,22501115,4ac56f70-d0b5-35e1-f984-e714fdc895ba
22501115,136,2026,4,2,22501115,002bb7ea-ea92-adce-c9f5-05b424ca16dd
22501115,140,2026,4,2,22501115,53be7902-288a-e6e0-8e49-799c976eb602
22501115,142,2026,4,2,22501115,14749411-8e34-d962-45bb-67899a317f5b
22501115,144,2026,4,2,22501115,b4746aa5-67d4-0578-b8d3-c5a3f94efc08
22501115,149,2026,4,2,22501115,f7ff7647-7b92-98d5-c4e3-4bc4c8913643
22501115,155,2026,4,2,22501115,93ef8f56-0821-3406-f461-cd1328604dcb
22501115,157,2026,4,2,22501115,a3c692e1-892d-126f-7004-f3ad2df13f34
22501115,160,2026,4,2,22501115,3ec27aed-3874-b791-5574-4b75462e09dc
22501115,162,2026,4,2,22501115,d7271845-0462-4a20-3a49-a01a9bdaa0f0
22501115,17,2026,4,2,22501115,0418f3e0-897f-fbe3-a099-ef4bd1995e4a
22501115,173,2026,4,2,22501115,1a46c425-c8e5-bc3b-5013-bbaba35ffb4e
22501115,180,2026,4,2,22501115,1a6f72c7-052d-f745-847c-6029cc9fd1f5
22501115,183,2026,4,2,22501115,90319c26-4b26-5966-de98-58e4dfbdf32f
22501115,185,2026,4,2,22501115,2a74ee95-d4a1-3bf2-14a4-5e87db04d914
22501115,209,2026,4,2,22501115,dd2411e4-0d5c-a129-7489-7c357840de70
22501115,211,2026,4,2,22501115,4e6ccbb1-a05b-85b7-b3a8-f9401b82b334
22501115,213,2026,4,2,22501115,e26c05a6-7a3d-7999-a46a-e8db46fe3e25
22501115,224,2026,4,2,22501115,f53309f5-6eec-11b4-f8f2-31fbad2471c3
22501115,231,2026,4,2,22501115,447409c3-a5c1-7737-2357-c0f3bed22b01
22501115,240,2026,4,2,22501115,dc1803a1-a337-22e5-3da2-dd788f189d72
22501115,246,2026,4,2,22501115,64235d36-1f73-aec6-2dbd-79ff8e584ab1
22501115,255,2026,4,2,22501115,3903f99c-76dc-0bd4-e839-9317b38b9bdb
22501115,258,2026,4,2,22501115,20d81d96-8375-95c1-b554-0faa14db284e
22501115,260,2026,4,2,22501115,f15f76aa-18c0-911a-dd21-11814ded2654
22501115,265,2026,4,2,22501115,2e0dd63b-e377-7baa-c1b1-9710504201fe
22501115,281,2026,4,2,22501115,018bfa24-2b63-1416-d853-b8be769e2526
22501115,284,2026,4,2,22501115,50a93c8c-0c40-f736-a045-699551fa9979
22501115,292,2026,4,2,22501115,19b3ac8c-c2a4-5263-0d30-f3d9d8691507
22501115,30,2026,4,2,22501115,be5a41e7-4a56-bb4a-d0b0-bf185c1a424c
22501115,303,2026,4,2,22501115,baee5170-b639-eb98-f224-0cfe852589eb
22501115,32,2026,4,2,22501115,2fe98469-11fa-395a-85c4-ff350c3ebd28
22501115,322,2026,4,2,22501115,280d1cc2-32e5-1ed7-25be-42716d948b43
22501115,339,2026,4,2,22501115,8443a33c-8487-982f-38b5-2922f30c6ca1
22501115,341,2026,4,2,22501115,ec3ecd89-0772-c2a1-5b33-839a8d3da06f
22501115,343,2026,4,2,22501115,d520f593-3cb3-4f31-4936-0443a68821ee
22501115,344,2026,4,2,22501115,61c7009c-fe35-349a-2059-dff49709a84d
22501115,349,2026,4,2,22501115,8bb0df1d-5cfb-4bad-b39f-07811e99ec92
22501115,353,2026,4,2,22501115,760e9df0-da3e-5a4f-09c1-d529d2d7be9d
22501115,356,2026,4,2,22501115,33555c84-293e-abe9-4f16-f8285e595178
22501115,362,2026,4,2,22501115,dfdec21c-d4ec-339e-39a0-9ddd180e42e2
22501115,371,2026,4,2,22501115,98e80083-ac48-4863-5772-c16252eeb7db
22501115,378,2026,4,2,22501115,3fb9408d-0352-84d5-0c4b-e57d190d71fc
22501115,380,2026,4,2,22501115,1fd3326f-07a5-c8a7-f1a0-60b124e9c356
22501115,383,2026,4,2,22501115,4402aa2f-3c24-9973-5c28-93105881d0cb
22501115,385,2026,4,2,22501115,4a261573-6de6-74f9-5d59-7a0dc4f95097
22501115,394,2026,4,2,22501115,03689a34-bf69-c2f6-9ea4-5f7d35bd37c6
22501115,395,2026,4,2,22501115,bc106d75-2c87-83fc-e8a8-3cca7a299935
22501115,397,2026,4,2,22501115,49008a85-96ac-ca44-7da3-9ed867b1fe7c
22501115,40,2026,4,2,22501115,02d472d8-0a57-a91b-a46d-4d447b172ff7
22501115,419,2026,4,2,22501115,c282cf14-8705-fba7-0d57-406cad24463a
22501115,44,2026,4,2,22501115,c5da1e4d-94ca-7030-ba03-9d60f96b0f94
22501115,440,2026,4,2,22501115,7a96e818-8eb0-d313-419a-0105d8fd646c
22501115,445,2026,4,2,22501115,6a7e5a19-101d-cd10-851e-12e2e5dda2c3
22501115,446,2026,4,2,22501115,c1341586-c911-1ab3-348d-730f36653d8d
22501115,46,2026,4,2,22501115,d695cd2a-3f16-4b31-5079-d271b20cafbc
22501115,486,2026,4,2,22501115,31e92063-fc8f-b784-c949-f4c95d0a3ffa
22501115,488,2026,4,2,22501115,342d9a5e-a325-372a-4fba-322399f32241
22501115,498,2026,4,2,22501115,fd44d676-828d-d6dc-a826-3756ee6abf26
22501115,516,2026,4,2,22501115,efc21603-b905-50d2-9a25-86aa08c4c1eb
22501115,518,2026,4,2,22501115,5c9ca163-f4b8-b70a-6f28-3c0eb9f040f1
22501115,520,2026,4,2,22501115,10c1bfee-95ae-583e-49f5-f958d2c64e9e
22501115,522,2026,4,2,22501115,a8e585cd-73b9-2c6d-c498-070222707f2f
22501115,527,2026,4,2,22501115,8a9bd6a7-799c-0ea3-3eef-5db4ce7b8061
22501115,53,2026,4,2,22501115,eaa7e3c2-bcd4-8438-a0c2-29b82848297c
22501115,530,2026,4,2,22501115,ca3bbf34-2ab9-738e-fddd-b1da19b45e3c
22501115,536,2026,4,2,22501115,8c7f4ba6-2af8-35da-7b75-3c518a3766c3
22501115,542,2026,4,2,22501115,b8ab7858-a4e7-60fb-5a06-b3f49f14aee8
22501115,543,2026,4,2,22501115,6c22a24f-8d79-e1cc-86dd-1952fb453424
22501115,55,2026,4,2,22501115,bca83032-b9ab-ac07-ef0b-2b71f959ab02
22501115,56,2026,4,2,22501115,8b2fdbe7-15ef-a328-4790-a7466899a1bb
22501115,562,2026,4,2,22501115,e4ebe9e1-066d-aeb3-a678-65d67b24f068
22501115,564,2026,4,2,22501115,e4ba316f-ddcb-3a4f-3616-05725d6c04ff
22501115,571,2026,4,2,22501115,69419fd0-e35d-58f7-0684-3846616d2b6d
22501115,579,2026,4,2,22501115,f2cdfe6a-5fe2-1abf-0b67-bda874d63863
22501115,585,2026,4,2,22501115,4cb8d5dc-56cf-9fab-13da-66e9528729fc
22501115,600,2026,4,2,22501115,0d955ee8-552d-b67f-d9b1-986bbb915b7f
22501115,602,2026,4,2,22501115,93ddc48c-8f83-581e-b89f-309c47fede62
22501115,604,2026,4,2,22501115,9d3db378-ab20-5ad9-543e-03b50c4a39c5
22501115,607,2026,4,2,22501115,6578bbf4-c076-f004-ef77-5ca531b9a676
22501115,616,2026,4,2,22501115,5dd2a5ed-2345-9dbc-9b7c-2865fa4fd0d7
22501115,623,2026,4,2,22501115,a685d0fb-a924-b71e-384a-f9d75e58ba64
22501115,630,2026,4,2,22501115,6bdb4f65-8548-4d2f-c029-5c7618f3740f
22501115,644,2026,4,2,22501115,c56958c7-86ba-d780-0ccc-8e651338670f
22501115,648,2026,4,2,22501115,9b691809-fe9e-9429-1394-c37e62f3bb8f
22501115,649,2026,4,2,22501115,d8dd0891-c460-368a-1a6f-5a016ec63db9
22501115,656,2026,4,2,22501115,113b50b2-bbb6-5c82-2ee3-f2f80b6c051b
22501115,660,2026,4,2,22501115,0227c82e-3032-25d5-94f2-787cec748bb1
22501115,672,2026,4,2,22501115,48eb555c-5989-5370-327f-ec2dbf847cb2
22501115,679,2026,4,2,22501115,b3d46d43-756f-b631-59bd-8593f6bcc0ca
22501115,692,2026,4,2,22501115,90c78ab4-2933-4419-6321-b1771f1eb85c
22501115,698,2026,4,2,22501115,63e48f77-1263-9364-4975-69b6d0719c24
22501115,7,2026,4,2,22501115,afc09a41-ed29-56ec-368e-df10dc0cb1ea
22501115,702,2026,4,2,22501115,fb4c1dbd-8fd6-e0ce-52e1-e350dd2ffaba
22501115,78,2026,4,2,22501115,ade0d25f-742a-06d8-2ed1-63295a8748d2
22501115,8,2026,4,2,22501115,810fb5f3-851c-a5e0-d919-067c55537b51
22501115,83,2026,4,2,22501115,679f946c-142b-4a4d-d73a-51fb82bbac82
22501115,92,2026,4,2,22501115,d2301e9c-a99c-7fe8-3d73-b2ddaf2f8866
22501115,96,2026,4,2,22501115,6bb8e15b-4e81-d613-ce7b-06230267d96d
22501115,98,2026,4,2,22501115,820935dc-63c0-0bbb-550d-12a90bcd29c9
22501115,99,2026,4,2,22501115,e58cbe98-7ff3-f28f-2c0d-6a7093207b3b
22501115,101,2026,4,2,22501115,2e33420a-d565-cf3c-416a-9e8d9d69239f
22501115,104,2026,4,2,22501115,e1fe7e52-bfc7-1d94-ee91-96466cb487f9
22501115,106,2026,4,2,22501115,fe37181c-5d76-3766-0f40-908dc6a3315c
22501115,131,2026,4,2,22501115,a5f477db-42b6-9eb7-5664-9d5828623e40
22501115,133,2026,4,2,22501115,725f5485-b31f-90e3-d307-103366ec7e88
22501115,137,2026,4,2,22501115,357d2dc6-1dc9-fce8-2e6e-8fe0bc94c144
22501115,141,2026,4,2,22501115,012f47c5-e5af-8c0a-2ffc-3482e93059e3
22501115,143,2026,4,2,22501115,038a8250-a80f-63a7-62be-6fc0ff2c58d6
22501115,150,2026,4,2,22501115,c2b63721-7e22-5ff7-dc5b-6d3afeb3be40
22501115,156,2026,4,2,22501115,d523c61b-5cbc-ea1a-913b-70fbe2d1650e
22501115,163,2026,4,2,22501115,a04b995f-d980-49a1-b95c-89ca487d45a7
22501115,174,2026,4,2,22501115,a2576151-accd-60cf-9b8b-3531d43e1f07
22501115,181,2026,4,2,22501115,d114623b-2a87-10c8-cfd8-bb6d0b76279c
22501115,184,2026,4,2,22501115,4fcc924a-fcfd-307b-a773-c4a91e24a2f9
22501115,210,2026,4,2,22501115,16af5ef7-769f-9432-0e1d-ad029a15599b
22501115,212,2026,4,2,22501115,6a510e5a-e566-1b12-ba2e-dc49fbb8876b
22501115,214,2026,4,2,22501115,614109c3-417d-448d-2c4b-1e0373dff743
22501115,225,2026,4,2,22501115,6ac88f0f-1b5a-4124-79e2-79237e1f6319
22501115,230,2026,4,2,22501115,d0ff5a22-52fc-38b0-4346-c79750879fb5
22501115,232,2026,4,2,22501115,12c571d1-24f8-5789-e198-cfe40c86af04
22501115,241,2026,4,2,22501115,7e4e3031-8bb8-daf6-9028-0f4b6026509b
22501115,247,2026,4,2,22501115,a19e1430-fb9b-6226-099e-1e360cb475f4
22501115,256,2026,4,2,22501115,fd850ddf-29e3-fd3e-5add-a9f9ac4eecf2
22501115,259,2026,4,2,22501115,abc29d26-1aee-9cdc-e142-6c5e3196ab57
22501115,261,2026,4,2,22501115,495dddfe-538a-470a-7b8d-e3b586169003
22501115,266,2026,4,2,22501115,872de567-617c-d4c9-4144-6a57f85b1908
22501115,285,2026,4,2,22501115,1fa227b1-6fe8-5367-5df4-cd4fe5a628a6
22501115,288,2026,4,2,22501115,a590a596-bd37-e6a5-16ac-93689a476a0a
22501115,291,2026,4,2,22501115,f2fa9c3a-6611-da82-d21a-9f1841069c89
22501115,304,2026,4,2,22501115,db9e9867-4323-a8a4-6753-9f8403d19d6c
22501115,31,2026,4,2,22501115,e2bb03a1-3805-62a0-41cd-076408e00919
22501115,323,2026,4,2,22501115,beb015f2-fc92-40a5-d702-aafacee1b821
22501115,33,2026,4,2,22501115,5f4dbdd4-e2e3-c871-2f13-97913795c2b9
22501115,340,2026,4,2,22501115,6fc1fa8b-8a8b-1571-180f-ea74ba37aadb
22501115,342,2026,4,2,22501115,2699a9c7-c773-ce01-07c0-749e028d1cea
22501115,348,2026,4,2,22501115,43e86152-73f5-d0cb-ba99-2b8df52dbeb9
22501115,350,2026,4,2,22501115,390e2571-0608-5915-1457-f46b16e54313
22501115,352,2026,4,2,22501115,14774260-b354-5b61-ffba-8317aaa8a3a1
22501115,354,2026,4,2,22501115,5ccacac2-c292-82db-37b9-45362902ac7a
22501115,357,2026,4,2,22501115,d26bd105-8817-aedf-b248-4e37b1842058
22501115,363,2026,4,2,22501115,443e7ea8-f906-d368-e9d5-1b62bd3cc81a
22501115,377,2026,4,2,22501115,9de475bc-ae69-95ef-c72d-bfaa0d442bb7
22501115,379,2026,4,2,22501115,c219607f-0b40-4782-1679-9939699ebf12
22501115,384,2026,4,2,22501115,ba68482e-bd26-c2eb-e762-794d47ac47f6
22501115,386,2026,4,2,22501115,60d5089e-e4a9-df74-6458-3812ee96585b
22501115,396,2026,4,2,22501115,435eea72-9cbc-6227-a1c2-e371d40e2835
22501115,398,2026,4,2,22501115,7e24b9bd-310d-07e1-71fd-5e7be8c07de4
22501115,41,2026,4,2,22501115,7aa1b218-8d09-004b-274f-29c92899f4bb
22501115,430,2026,4,2,22501115,4e007d1c-f78e-feae-ac3e-321298baa547
22501115,441,2026,4,2,22501115,56051d2f-26cc-0531-61f7-738716e54841
22501115,444,2026,4,2,22501115,74778363-e133-a32c-4357-d1cf77b0319e
22501115,45,2026,4,2,22501115,789ff18b-6b34-602b-a05a-76aaa45792cc
22501115,459,2026,4,2,22501115,e7c56ecc-aa0c-52fc-374a-ca6472637d48
22501115,465,2026,4,2,22501115,537297ed-17f8-159c-5904-849a7233bd7b
22501115,468,2026,4,2,22501115,fcc0aa20-958b-16da-58e7-01166215ca79
22501115,487,2026,4,2,22501115,d54489d9-6dad-3059-58c3-d8ac5925aefc
22501115,489,2026,4,2,22501115,9052682f-02d5-f04c-4b3e-d35360815ecc
22501115,517,2026,4,2,22501115,d2e9d7de-9232-c2d6-ae20-4ee599f76844
22501115,519,2026,4,2,22501115,8e0c3466-22aa-95a8-ba06-9d7a948e65cf
22501115,521,2026,4,2,22501115,ef96cd0e-b266-fd90-f8e9-999d2f577b4b
22501115,528,2026,4,2,22501115,9e358017-be38-c86a-b561-9200a02534dc
22501115,531,2026,4,2,22501115,e359b507-6bba-9f43-7ab1-dab62707b239
22501115,537,2026,4,2,22501115,b845731b-497a-b28d-c8a4-4eb539fcaa62
22501115,54,2026,4,2,22501115,15acd3e4-2f62-173c-cd1b-aa9260458a49
22501115,544,2026,4,2,22501115,b74b6140-1d30-fbfd-dbf0-da98ca76ac09
22501115,546,2026,4,2,22501115,db5f1c99-3511-c4cc-ae6b-299eddca90f8
22501115,563,2026,4,2,22501115,900d4666-fdd5-1ed8-14c5-b056a6eeb0f7
22501115,565,2026,4,2,22501115,f7b2f3de-8e55-f565-a722-4979f07fae8e
22501115,57,2026,4,2,22501115,d357ae02-9521-adb2-9796-22367a06c579
22501115,580,2026,4,2,22501115,bf8acb2c-9bae-1ed4-b26c-799f5136f678
22501115,586,2026,4,2,22501115,2b8ca672-d8a9-aa95-41fe-65431a861996
22501115,599,2026,4,2,22501115,dbf34aff-2ab0-69f3-8ca9-14aa9effd541
22501115,601,2026,4,2,22501115,8fa17540-9d9c-5d77-9f8f-7f912408c15b
22501115,606,2026,4,2,22501115,e6bb499b-1ac5-9b5c-6744-1dec557de2ca
22501115,608,2026,4,2,22501115,30d2c916-ef05-5c87-ddc2-f8c10fdb4a78
22501115,617,2026,4,2,22501115,43e716be-d43a-f542-a803-3f01a4af2448
22501115,624,2026,4,2,22501115,ac0b5fed-6d0a-ea48-7320-f951c94f970e
22501115,631,2026,4,2,22501115,695b0643-1b63-44ab-b16e-9ec90b7e80de
22501115,645,2026,4,2,22501115,e3eea38c-bfb4-323e-ef47-34b40e1e176e
22501115,657,2026,4,2,22501115,b054e1ca-9783-019b-ba67-1b17f46adf25
22501115,661,2026,4,2,22501115,0e6fcd0d-3efb-ace4-1141-b0e731ed0476
22501115,670,2026,4,2,22501115,69fa42b3-c6ed-b423-3f22-bc5b78de44fa
22501115,673,2026,4,2,22501115,2251407a-3b2e-4cd6-35b4-99d7fe1876a4
22501115,693,2026,4,2,22501115,cd30f61a-f0c0-24b4-0ac2-e8e02da8f3e1
22501115,84,2026,4,2,22501115,58c270fa-fb92-dbc2-caa1-80ebc224770a
22501115,9,2026,4,2,22501115,b40bb747-404a-4902-2ffa-41d561b85b3a
22501115,93,2026,4,2,22501115,fb460075-b21a-0e0b-08ec-df2678b1399f
22501115,97,2026,4,2,22501115,659a62d2-fae3-620e-5117-0bbca2e9fcf7
22501115,126,2026,4,2,22501115,5e69cdd7-c855-d744-7b4c-e4a112ea34d5
22501115,158,2026,4,2,22501115,6d9ffd5f-acd0-4bce-b5b5-8bbc7d249be3
22501115,205,2026,4,2,22501115,0f604cef-27e8-ccda-e6e3-71a196b1efb5
22501115,23,2026,4,2,22501115,098a940b-b504-b54c-88a8-86692a57c0e8
22501115,337,2026,4,2,22501115,3c609025-04a1-6d3c-5ebb-6068431b4720
22501115,34,2026,4,2,22501115,2a62483d-c62b-7090-6434-143370f1e55d
22501115,367,2026,4,2,22501115,22eed7f7-35b7-8863-dfee-7bf5281ecba7
22501115,403,2026,4,2,22501115,f766fbbc-352e-effe-87b8-2453da3198f1
22501115,474,2026,4,2,22501115,7f96dde7-5880-7196-81c2-169189697c84
22501115,532,2026,4,2,22501115,ebcfbf55-b750-4009-6db1-3421466b3b3b
22501115,558,2026,4,2,22501115,2d1944c2-86cb-17ef-70c9-0818c084fc01
22501115,611,2026,4,2,22501115,4bfd4c2c-d5e6-6967-0309-6c83e6a73b41
22501115,658,2026,4,2,22501115,6414cbe4-37e6-a31b-380d-585a701a2c12
22501115,700,2026,4,2,22501115,797981ef-aed6-fc2c-05b8-634e22124286
22501115,79,2026,4,2,22501115,969c36ea-4b7b-bb64-8b91-4482e5e30eaf
22501115,135,2026,4,2,22501115,1ed18c0c-b13b-5508-41b0-d8641be7820d
22501115,262,2026,4,2,22501115,4c1e8570-1c99-eff9-971b-d0170bbd325d
22501115,300,2026,4,2,22501115,1e0301f3-94d9-2f3a-5442-94e014b7857f
22501115,359,2026,4,2,22501115,76126a28-854c-c508-3cda-c442073cedd1
22501115,364,2026,4,2,22501115,ea5217ec-6c42-1f26-1620-0b5f6c42f279
22501115,529,2026,4,2,22501115,1b98e374-5290-b927-6548-0b9be6160956
22501115,566,2026,4,2,22501115,27bb143d-cbcd-a090-9edf-b59bc63bf8d4
22501115,603,2026,4,2,22501115,90b4127b-1eae-c8c4-b500-795512ceca31
22501115,613,2026,4,2,22501115,8c92952a-b017-b9ce-52c7-9e7ff6659500
22501115,85,2026,4,2,22501115,2c73e371-26db-eea5-54a3-0b5fa4dcecfe
22501115,95,2026,4,2,22501115,46d22d6b-3c7a-0300-6c70-d957f0699e19
22501116,102,2026,4,2,22501116,eba27bb0-c8e5-6664-6827-b4b3be4b6483
22501116,104,2026,4,2,22501116,83568e12-2053-d4d9-a9bc-1d4abc8aa553
22501116,106,2026,4,2,22501116,6ced5b29-c147-45b4-3786-8812477507c7
22501116,108,2026,4,2,22501116,7fed2f40-f503-f4db-0f76-c90493639be8
22501116,127,2026,4,2,22501116,b4c2f20b-c3a2-f4c0-9a65-17c743c708f5
22501116,129,2026,4,2,22501116,575fe6a6-bd3f-a4f9-4857-eb2b8af8ac9a
22501116,13,2026,4,2,22501116,aeed4a15-d3ac-a2f1-ead1-280aae5ced32
22501116,194,2026,4,2,22501116,7ceb8524-bfe1-aad8-7937-662f59b4edc7
22501116,212,2026,4,2,22501116,e60fc9ed-24f7-d3ec-0140-bdffc6cf9d72
22501116,22,2026,4,2,22501116,70ac4470-bc1a-0bbc-3674-31f7dbddff35
22501116,223,2026,4,2,22501116,3faad764-2341-5ca3-f201-9976ea2c783e
22501116,230,2026,4,2,22501116,692b8a07-de91-e959-d0a1-e29894b20a64
22501116,232,2026,4,2,22501116,8f2b6480-3149-b3c7-3cc0-d1943cbf9ff9
22501116,237,2026,4,2,22501116,1ab8181b-aa90-379e-19ac-fc9b9f7c519c
22501116,242,2026,4,2,22501116,5a0755d4-2170-8957-62d9-5c3cb6a104b7
22501116,244,2026,4,2,22501116,e197bc38-b583-f384-ac1c-e6239a583f7c
22501116,262,2026,4,2,22501116,b3025702-8fd4-43fb-1740-fa4e6a89874c
22501116,282,2026,4,2,22501116,29ed02fd-ab82-a745-d7e9-d575dd44df99
22501116,298,2026,4,2,22501116,19c75d09-399b-6e61-2537-4fa1b2ea3ee0
22501116,304,2026,4,2,22501116,c7a9e12f-dc18-9ba8-910c-1f6743906074
22501116,341,2026,4,2,22501116,93759336-cbd8-f8cf-8623-89100386f993
22501116,352,2026,4,2,22501116,64485aed-1596-fead-ab30-4e647b3dfd64
22501116,357,2026,4,2,22501116,4f3b7119-6db7-efca-b408-392cdf80715b
22501116,359,2026,4,2,22501116,5ff17254-b591-09da-50fe-2653c4aa1427
22501116,417,2026,4,2,22501116,b1949e0d-4cfe-b3ac-e4a0-6a761c40ef2a
22501116,426,2026,4,2,22501116,d80e6d2c-2a90-2775-2799-474ccb64a020
22501116,430,2026,4,2,22501116,90b5693e-cf54-4055-286c-008d4d3b7fbc
22501116,44,2026,4,2,22501116,8cdef72d-e8bd-a0b1-132c-19ed403710b4
22501116,460,2026,4,2,22501116,94d3f357-a923-84e7-925e-7b5138e4653d
22501116,478,2026,4,2,22501116,7323e25b-3034-502d-3004-6b8dc00a09b3
22501116,480,2026,4,2,22501116,05c75000-67f8-3a51-ff09-180ee956e696
22501116,482,2026,4,2,22501116,e5801348-784a-69da-c40c-145b9ee07765
22501116,510,2026,4,2,22501116,29af5d40-b956-5770-cd03-b70a5df8f3fb
22501116,512,2026,4,2,22501116,084bd527-b892-806c-1772-5c6193bd1c59
22501116,514,2026,4,2,22501116,3f7fba2b-c813-adcd-f779-0655b77dd16f
22501116,518,2026,4,2,22501116,270396c3-9d71-19d0-4e86-2d9e608fadf6
22501116,525,2026,4,2,22501116,8f8a8ebb-646c-9d6a-89e7-87b3a1fcb534
22501116,530,2026,4,2,22501116,cfa06ae7-d0a3-baec-5caa-da69792d5089
22501116,537,2026,4,2,22501116,92af3d0d-4c30-9a5d-06ec-bd64576cc89c
22501116,545,2026,4,2,22501116,d8d9714c-5fea-3195-0dda-345f730c0028
22501116,555,2026,4,2,22501116,606fe165-f9e7-af4e-59dd-319a8c45bfd7
22501116,570,2026,4,2,22501116,bebb2b32-c5e6-306c-7c33-5e842fddea66
22501116,581,2026,4,2,22501116,e24db572-2f46-78d9-9707-b17a6130fb58
22501116,589,2026,4,2,22501116,c2054a6b-a05b-ea32-1d5e-4a0effc71bcd
22501116,596,2026,4,2,22501116,d0355529-2bc8-c61e-74ea-6b049c68ed27
22501116,606,2026,4,2,22501116,029ed5fe-620a-fd25-46c7-47682493dfdc
22501116,612,2026,4,2,22501116,33729da6-ebb5-6c17-239e-03f81635200b
22501116,614,2026,4,2,22501116,34ff96c1-cbef-a573-25db-4a434701d6cf
22501116,630,2026,4,2,22501116,68c16ed5-97fc-7755-2269-ec08172fa59a
22501116,64,2026,4,2,22501116,73419c5d-8152-53ad-e2ee-f4c988ac1827
22501116,85,2026,4,2,22501116,03596700-6dd9-fb31-06bc-8268632aee01
22501116,89,2026,4,2,22501116,58e4ec62-3add-99a7-3c5e-9f98c01755a0
22501116,171,2026,4,2,22501116,4f105597-754f-b178-1c9f-d81755441c4e
22501116,388,2026,4,2,22501116,4b604f39-949b-d98d-108d-bd29491a9e00
22501116,403,2026,4,2,22501116,210807ed-80ae-a570-9d2c-af7c832a3112
22501116,423,2026,4,2,22501116,9b5154bf-3cdd-f037-ade0-031a00ad745a
22501116,447,2026,4,2,22501116,9e7fdb7a-53c8-f8be-daae-03d3a7d94a33
22501116,473,2026,4,2,22501116,304de08a-bd8e-510a-58dd-0624c30c1e4a
22501116,49,2026,4,2,22501116,cd908885-9b97-55e8-ecb4-9eaded057ec5
22501116,492,2026,4,2,22501116,faf7fcf0-a1f1-f6df-7eda-50d5964133fc
22501116,557,2026,4,2,22501116,c63abeb7-36fd-4b02-4103-26f37519a0ba
22501116,598,2026,4,2,22501116,ad4c4af3-d82a-fc5e-a884-a0465295dd10
22501116,11,2026,4,2,22501116,c1b6beb8-cb67-3d0a-bfb6-086868106f57
22501116,110,2026,4,2,22501116,657d1e8b-86fc-4d74-ab29-5ac619ab4405
22501116,114,2026,4,2,22501116,0f2a9e62-e981-1ec8-a562-6edd2d0adda1
22501116,115,2026,4,2,22501116,b13c5be1-7034-4dbc-38e2-b4ce992ce6de
22501116,125,2026,4,2,22501116,d693e31b-e51c-efb5-e6bf-26e59dc32f75
22501116,131,2026,4,2,22501116,a7866bcc-472b-6525-524b-bc6f2af5daf2
22501116,133,2026,4,2,22501116,8552e691-38d7-89eb-50bf-d0dbab49c496
22501116,134,2026,4,2,22501116,ca23f5ce-d2a8-a169-db49-09321caf1b21
22501116,136,2026,4,2,22501116,223c4a21-9f8a-cda8-bc3e-9ac897fc4a26
22501116,138,2026,4,2,22501116,fed8adb3-234e-7895-e26d-d7626d2fac4f
22501116,144,2026,4,2,22501116,32054dcd-1979-6b73-5594-a72ef18dd5d0
22501116,146,2026,4,2,22501116,240a972f-39a9-610b-7a00-5b603d3866b0
22501116,166,2026,4,2,22501116,1c864181-29a1-d912-9c53-4409080d184b
22501116,168,2026,4,2,22501116,202bcc61-b242-8d2f-8379-b4a836b59ab3
22501116,169,2026,4,2,22501116,cf30b4d0-1d81-e725-4ae9-5abdce916d9e
22501116,19,2026,4,2,22501116,6b8cd89d-83ee-cf01-01ce-c4dcc5eb75c5
22501116,192,2026,4,2,22501116,e86b26d7-a140-dea8-d91a-95b67b0401ee
22501116,196,2026,4,2,22501116,eb0b4377-3ea2-12c8-d431-bcf6daeb91f2
22501116,198,2026,4,2,22501116,00ded720-e4a4-52b0-6878-aebdb89f23d1
22501116,206,2026,4,2,22501116,9f11c0d8-75d3-ec10-992a-c36b924b4ac9
22501116,218,2026,4,2,22501116,ededbbab-55e5-3d76-7324-8890fe6719c7
22501116,221,2026,4,2,22501116,fa4562ab-3897-2009-73ab-fbd8a738c04b
22501116,226,2026,4,2,22501116,fabfe4b7-f040-d5c6-395f-446f53a8d1f4
22501116,235,2026,4,2,22501116,719f7a07-ad60-373c-8e7b-b4be89ab596d
22501116,246,2026,4,2,22501116,ffd1e8b6-a16f-6981-15c1-85c6cac43c01
22501116,248,2026,4,2,22501116,da58f3b9-0ea6-6ba7-497a-50dee69f6ed9
22501116,26,2026,4,2,22501116,87e79cdd-6920-9648-f23a-1112abdef01e
22501116,260,2026,4,2,22501116,a51422cf-2749-e597-c56a-11da653b9e38
22501116,264,2026,4,2,22501116,f040b258-de5c-a880-c3b5-84a5ef51d892
22501116,265,2026,4,2,22501116,4e5749ea-f1bd-3c5d-c500-9dfdf8d18b9d
22501116,266,2026,4,2,22501116,7bbc106a-30a1-e5c2-218f-21a19da2af63
22501116,267,2026,4,2,22501116,8c5ac2aa-6c07-3173-e226-53f7fd0b64f2
22501116,278,2026,4,2,22501116,4221c97c-17ad-33bf-119f-1f3bad59dfa5
22501116,28,2026,4,2,22501116,51d6a348-7fd5-9c72-5b5c-b4ed4f536e2f
22501116,280,2026,4,2,22501116,5458cd48-795d-8d6a-5db0-4b70b19de2be
22501116,281,2026,4,2,22501116,e512b505-f0db-217d-5468-e241de303dd8
22501116,285,2026,4,2,22501116,d60c3a59-1e6b-cc4e-7158-6573151bcaf7
22501116,293,2026,4,2,22501116,3cb890de-5493-2ec7-f79d-9c12631d5fb0
22501116,295,2026,4,2,22501116,bb561391-647b-cd1c-1d53-e6ae501f1ad2
22501116,296,2026,4,2,22501116,1feb3cf7-bd2f-cfc6-2877-d3f7e3fab991
22501116,30,2026,4,2,22501116,00ea7e31-81fd-7d52-e317-d50c415cabfe
22501116,300,2026,4,2,22501116,3bda1e30-4ed3-f07b-eb5f-cf1be3e9882e
22501116,302,2026,4,2,22501116,58fac39d-b6e4-4bb3-c544-93d77552960d
22501116,314,2026,4,2,22501116,7f6f98e0-84f2-9a32-ca32-7c2948ff6413
22501116,316,2026,4,2,22501116,fd04cfcd-e244-af5b-7e60-ad5f0a0afb14
22501116,318,2026,4,2,22501116,d7ad81d3-3368-da5c-71b6-0a802abe0e1f
22501116,32,2026,4,2,22501116,baca801a-975a-34f6-0f11-92e5c934e149
22501116,322,2026,4,2,22501116,32e623a3-76f4-35bc-c50a-be2900a77fcf
22501116,323,2026,4,2,22501116,0383ef4c-3360-a071-9035-df8aa4757ff4
22501116,325,2026,4,2,22501116,f7e767f5-ed6b-1a80-a8d9-d55fcc25cee6
22501116,34,2026,4,2,22501116,a9334615-277d-3a64-d807-e8ef8bc9f9da
22501116,343,2026,4,2,22501116,00cd4c70-dca4-bd94-4817-351b8e6b9009
22501116,345,2026,4,2,22501116,ed314bbb-e7a5-66cc-a843-63a59a68535f
22501116,347,2026,4,2,22501116,fa982315-34b2-c4cd-c193-290ce687a460
22501116,349,2026,4,2,22501116,20176108-0965-8bc2-2935-659126b4802d
22501116,355,2026,4,2,22501116,96153656-bc11-a7c2-208e-d940ba3f4d7e
22501116,361,2026,4,2,22501116,8d28c502-5e3f-4333-13fe-88622d0719af
22501116,362,2026,4,2,22501116,f794942b-cef4-5087-5917-5b593c3acbcc
22501116,364,2026,4,2,22501116,6afdbb01-1d41-e9e3-0429-49ca4c550e2a
22501116,367,2026,4,2,22501116,282fbfc8-d4a1-7ad2-eb0e-05aead422a89
22501116,375,2026,4,2,22501116,db8b914c-0602-3272-174b-ec49f51e1ca3
22501116,377,2026,4,2,22501116,c8c98086-880d-9dc4-baca-430f4910bd52
22501116,379,2026,4,2,22501116,ab5206ab-5f09-1f4f-560e-8464eb6b59b4
22501116,391,2026,4,2,22501116,017dccfd-e351-7db9-4962-e6c1f73f336c
22501116,395,2026,4,2,22501116,ad0c51b9-201b-4895-124b-9f15a9aebe36
22501116,397,2026,4,2,22501116,af41647f-0499-f88b-0caa-2c715b3e8569
22501116,399,2026,4,2,22501116,e35286f5-0f84-caec-527f-9b6cf56817e4
22501116,415,2026,4,2,22501116,014ed52d-6c76-beb8-cb5a-9fcea5611d33
22501116,419,2026,4,2,22501116,d52b44c0-d78d-1bef-5882-278be46ed7a2
22501116,421,2026,4,2,22501116,065e923c-758f-beaa-1fc2-ce142aecba12
22501116,428,2026,4,2,22501116,b76e7ecd-f27b-a84a-c5ef-4a28f02d4526
22501116,441,2026,4,2,22501116,7ccc6513-2b22-5ecf-3ff1-f0b514f74973
22501116,443,2026,4,2,22501116,332e2aa6-8afd-e670-01f2-18e42f703057
22501116,445,2026,4,2,22501116,303dc6b0-3122-01fe-04a4-67fd21402d5d
22501116,450,2026,4,2,22501116,f3ea9113-b5a9-c718-1b1c-216f91b41c05
22501116,463,2026,4,2,22501116,6df7944f-a7b5-64c3-0590-0d8a1c77b041
22501116,466,2026,4,2,22501116,570a2a8f-7d53-b9d9-a44b-4c4325c811f4
22501116,469,2026,4,2,22501116,09dbfdf7-ed39-f0c5-343a-19b655f241c2
22501116,471,2026,4,2,22501116,5e430c44-546b-da2c-70c2-bd189bfdf23e
22501116,472,2026,4,2,22501116,232051ac-2e9c-81a9-ce7d-12931723d017
22501116,476,2026,4,2,22501116,ed67a2a8-fa1a-c122-69b6-0d90ea0e3e16
22501116,48,2026,4,2,22501116,4b6fce8c-8f75-bf7f-b745-50806752369e
22501116,498,2026,4,2,22501116,ceb40035-60f9-e615-7b71-328c28000756
22501116,516,2026,4,2,22501116,5728f061-1ce6-b897-a151-274b55cb1ad2
22501116,520,2026,4,2,22501116,c7b42cba-99d1-cf00-b95a-84e909ee364f
22501116,527,2026,4,2,22501116,dc83c71e-67a8-cb62-ddde-1cdc363aa538
22501116,528,2026,4,2,22501116,b0afbd9e-3803-f772-aa4e-a212841f578a
22501116,532,2026,4,2,22501116,9936ef5c-d80e-6aaf-8e99-7093387be79f
22501116,533,2026,4,2,22501116,81147c97-1285-ae89-4fe5-f58fee4cf87a
22501116,535,2026,4,2,22501116,32b2740d-27bd-8c3f-74b6-901c0adee9fb
22501116,551,2026,4,2,22501116,65b2f6eb-c956-4b3b-050f-d13f33511ece
22501116,560,2026,4,2,22501116,623a93fd-8fc5-3199-91bb-54148bedfba1
22501116,561,2026,4,2,22501116,5acd7a83-7812-b9cd-2fbe-964dc9beb412
22501116,568,2026,4,2,22501116,2b94de5b-bb04-2aa6-5259-ffe6c6049e89
22501116,57,2026,4,2,22501116,c07aed70-dc14-d72f-0319-5db753a0eb76
22501116,575,2026,4,2,22501116,ddaaa5c7-f1dc-6cc0-f0e4-4edfc77a1cf5
22501116,577,2026,4,2,22501116,3e7ad5bf-cfe3-24cb-5246-3fd59fc26f9d
22501116,579,2026,4,2,22501116,3b4dedc1-0c1d-64f9-67df-fa60140fa73e
22501116,59,2026,4,2,22501116,18ec1531-286b-a40b-bb24-5a9db1175a2f
22501116,591,2026,4,2,22501116,94b56764-37d5-66f5-b40c-2194d78f9f26
22501116,601,2026,4,2,22501116,8e5a8ca9-4bb0-679b-71dc-d48422453fe5
22501116,605,2026,4,2,22501116,71464d46-8311-3371-ee8d-0844f4a89cb2
22501116,616,2026,4,2,22501116,2b364f04-1fb6-a40e-85c6-7a28b8998b25
22501116,618,2026,4,2,22501116,c456534d-cf73-a58f-69f0-6ad04f6e865d
22501116,628,2026,4,2,22501116,634f44ac-c2d1-48bd-ecf4-1019961a37a1
22501116,629,2026,4,2,22501116,9f3332b3-ff72-be7f-6e74-afa1d14ffd97
22501116,632,2026,4,2,22501116,bfbfe5ff-e899-b77d-19a6-e42dc2e3a5cd
22501116,634,2026,4,2,22501116,a3c8a0ee-707e-02a5-5a33-5872cfb3a815
22501116,636,2026,4,2,22501116,5f2a8845-08d2-686b-8e9c-533cc260bcac
22501116,638,2026,4,2,22501116,e8e32bf1-7a63-9eb3-be48-8d0ac7bac631
22501116,641,2026,4,2,22501116,7b3ad8bb-438b-77d1-13a1-d3d82de228fb
22501116,66,2026,4,2,22501116,3cef8b70-f04b-e38a-af76-536146f35a63
22501116,67,2026,4,2,22501116,0d54fae4-e236-41d6-d653-ccbad87cd35f
22501116,7,2026,4,2,22501116,f134085d-9ef9-5999-0c97-a8c3286cd903
22501116,75,2026,4,2,22501116,2d298e5f-a2f8-46b5-7973-2c2403f79b33
22501116,78,2026,4,2,22501116,79f333cb-9414-7f5c-5d10-84819cc02312
22501116,80,2026,4,2,22501116,eaeb98a3-0d9f-ffd5-e083-3bad0596ab7f
22501116,82,2026,4,2,22501116,fa5f1b80-9ecc-283b-afc1-aebef6eadb7a
22501116,83,2026,4,2,22501116,672a0f7c-320b-9d64-dae9-712bc29a5bcc
22501116,111,2026,4,2,22501116,f8e6c3e1-401e-7abb-ae56-173a24c16aaa
22501116,12,2026,4,2,22501116,ac78fcaa-3ff9-ddb9-7a0e-10d487b90eb1
22501116,124,2026,4,2,22501116,c6d1441e-b948-c385-55b0-b7d3c8fe9ea4
22501116,126,2026,4,2,22501116,9f55f04a-dc78-4b1e-eb56-0eb59e085c13
22501116,132,2026,4,2,22501116,e1d9b7cf-0e4d-9557-2e8d-69a6e3f972fa
22501116,135,2026,4,2,22501116,e3386ca3-4433-b2d5-f808-68f02f74c925
22501116,137,2026,4,2,22501116,8f8ec1a1-3263-2671-4316-e16d527e6efe
22501116,143,2026,4,2,22501116,81c537e2-2244-1be2-199d-acb3321362a4
22501116,145,2026,4,2,22501116,a81888bd-131c-4e77-9650-e860baffe530
22501116,147,2026,4,2,22501116,8a334b57-4625-37b4-6d26-ebf2e6fbe21e
22501116,167,2026,4,2,22501116,d6a8a761-5156-b6c4-e745-2b06c9fd10d9
22501116,170,2026,4,2,22501116,50075579-0d6a-d111-9b24-3627a7b6e2c0
22501116,193,2026,4,2,22501116,52ddb690-218a-7da3-0192-0cd4025aa2bd
22501116,197,2026,4,2,22501116,a652ad2f-65f3-66f4-f4f6-7fb88ad96584
22501116,207,2026,4,2,22501116,8adae24a-fb97-d14d-0f11-0babb8d7c9f4
22501116,219,2026,4,2,22501116,fa28a6ce-af4c-5a5f-070a-03e491d4e851
22501116,222,2026,4,2,22501116,d17203d8-2fda-983b-eb97-c08885ac394a
22501116,236,2026,4,2,22501116,001cda52-f3d6-451a-8a32-b92611436a5a
22501116,247,2026,4,2,22501116,c50ba064-5bec-f703-fbba-eacda0a093ea
22501116,261,2026,4,2,22501116,af65b094-f809-8557-05bf-07bf2e586b40
22501116,279,2026,4,2,22501116,5ca955df-b118-6e6d-47de-2108eed1eb61
22501116,29,2026,4,2,22501116,57fe32ac-8d14-9aa0-4da9-cc1197a0ab15
22501116,294,2026,4,2,22501116,1fba6fa0-6a9c-da97-7744-2ba688c4ec4a
22501116,297,2026,4,2,22501116,66b97f5a-8ff5-5fd4-8016-4ac5b36da646
22501116,301,2026,4,2,22501116,d505dd81-dc0b-44c0-7f3c-7b144bb32384
22501116,303,2026,4,2,22501116,39e793e2-d168-a82a-c259-829bfdb3aaf4
22501116,31,2026,4,2,22501116,9621f04c-3ffe-013f-5d5d-dac952d0d86f
22501116,315,2026,4,2,22501116,398aba1d-bcc2-bd73-0ddf-be97a4b3daaa
22501116,317,2026,4,2,22501116,b4331004-bc2d-c989-0724-9a3488068bca
22501116,324,2026,4,2,22501116,19c7cfc2-5ac4-d572-7053-1a8eced64237
22501116,33,2026,4,2,22501116,d6141d88-e828-d34b-8deb-cd738987471c
22501116,344,2026,4,2,22501116,9908e29d-f684-c26a-9dc6-4a151c8db481
22501116,346,2026,4,2,22501116,c8e1b0fa-c358-da50-fe4a-e2a4ebac89fe
22501116,348,2026,4,2,22501116,68475e9c-72dd-48a2-57fd-88ea7195f624
22501116,35,2026,4,2,22501116,d6b58892-6e6d-1297-e114-69c8b4204ad2
22501116,356,2026,4,2,22501116,97b62a73-68b8-a314-a23d-ae7d29ee123d
22501116,365,2026,4,2,22501116,6307b08b-01a7-d840-b78b-ae3880dc58be
22501116,368,2026,4,2,22501116,5641564f-f5e4-bfde-bee8-e045a2fd04d2
22501116,378,2026,4,2,22501116,b863ecb9-85cd-d925-3863-acb86635e055
22501116,380,2026,4,2,22501116,d4a86e7a-1b3d-cf34-d318-93b9c6d10569
22501116,390,2026,4,2,22501116,dd08805c-2762-78e5-b00e-602fbc4e318b
22501116,396,2026,4,2,22501116,4fb959a1-0018-09f0-2b63-dc92817c48d0
22501116,398,2026,4,2,22501116,fb5e8849-82f3-abd9-89da-bcd903c704d6
22501116,400,2026,4,2,22501116,e81c794e-2c96-0748-92be-904407d276e8
22501116,416,2026,4,2,22501116,176339f2-2d32-3f61-9d2f-9cc3a1b00517
22501116,420,2026,4,2,22501116,2103c132-70a7-185c-32ad-9c418c122f07
22501116,422,2026,4,2,22501116,68cbe8cd-f5f3-0c51-5dd3-e39b2b5fb2ef
22501116,425,2026,4,2,22501116,2698faf5-9b46-e5eb-2c3e-331d5dc335a9
22501116,429,2026,4,2,22501116,457b8b9f-625e-b0d6-3321-bb6441467084
22501116,442,2026,4,2,22501116,3fb4d7c9-89f9-ecb1-0d2f-335e47b4d6a2
22501116,444,2026,4,2,22501116,6ca0eabf-dfb4-2848-a468-0d44b643fe38
22501116,446,2026,4,2,22501116,2d763084-15f6-db9e-d72a-ce35e41f9e4e
22501116,449,2026,4,2,22501116,d534cd73-fe9f-b825-3dbc-49c30237be95
22501116,470,2026,4,2,22501116,fbd0077c-700b-68bc-bcd0-c593d787997c
22501116,475,2026,4,2,22501116,bcec3798-36d3-70b6-d0ac-f368c593f89d
22501116,477,2026,4,2,22501116,3c212427-256c-eb94-91e9-3cef684748a7
22501116,494,2026,4,2,22501116,21b39205-2355-e74e-ae88-4cfb4d946520
22501116,51,2026,4,2,22501116,5e662302-8f37-c1d9-4e02-e2699ee7eaa5
22501116,517,2026,4,2,22501116,c16cda10-7209-ef55-fc2b-fb92cf7a256a
22501116,521,2026,4,2,22501116,c1947b00-1bf5-5817-c000-77203d4e505e
22501116,529,2026,4,2,22501116,836111d5-0847-9f5b-519b-06502a01f823
22501116,534,2026,4,2,22501116,0cda5529-a99d-fb04-5142-ab30f6150007
22501116,536,2026,4,2,22501116,b53d38e0-450f-c011-737f-be83f65b7ba8
22501116,552,2026,4,2,22501116,549201fc-7931-fdaa-dd67-6a9a2e121984
22501116,559,2026,4,2,22501116,518cb631-75d2-93bd-9629-8bcada7052c7
22501116,562,2026,4,2,22501116,8e76943b-5c51-9856-4357-ae906cf0ae51
22501116,569,2026,4,2,22501116,7553e724-50dd-c132-42ea-1dec1880f252
22501116,576,2026,4,2,22501116,ae7ca819-6fb7-d474-ded5-a44d8d3fd44f
22501116,578,2026,4,2,22501116,297062d4-41b4-a353-e87d-c9550e2df84e
22501116,58,2026,4,2,22501116,55400954-1500-c25f-8ee0-c2ea0cdcb6fa
22501116,580,2026,4,2,22501116,a669b4d4-dd93-4d99-0e9d-72d7a9a569e5
22501116,588,2026,4,2,22501116,d7808a51-6835-4058-269a-cb824a57ba23
22501116,592,2026,4,2,22501116,b722ad27-d675-0955-4e3a-a11395a7f08e
22501116,600,2026,4,2,22501116,cd5d0bea-c5f6-e9d1-9eec-985f7d9d03bd
22501116,602,2026,4,2,22501116,efe61fc9-afc6-c36d-3540-980920a27006
22501116,617,2026,4,2,22501116,ea6a16cb-4115-6e09-115b-b9b24ace85ae
22501116,619,2026,4,2,22501116,9b87b269-0b78-3ada-a9fd-bf8327d1ba3f
22501116,633,2026,4,2,22501116,7d017e06-7ed3-9989-b0c8-540184e50b6b
22501116,635,2026,4,2,22501116,c6948a40-70c4-e708-5cc7-68ac44c79da4
22501116,637,2026,4,2,22501116,adc6c55c-0801-c7f5-7df0-a322cfc756d0
22501116,639,2026,4,2,22501116,bfd4388d-f167-cad2-e1b1-c6f7306c7283
22501116,642,2026,4,2,22501116,aa5a37c5-6950-7b6e-5d8f-3ad4b6b81d77
22501116,68,2026,4,2,22501116,1930d787-ada6-296f-b3e3-8c09e2176d75
22501116,76,2026,4,2,22501116,839463bb-5726-a6bf-5017-835005274017
22501116,79,2026,4,2,22501116,0d1d7ff8-0680-dd4a-a5c0-7ed32040f481
22501116,8,2026,4,2,22501116,7666c6b7-b6b2-b2c6-e5c4-592c73b14316
22501116,81,2026,4,2,22501116,174552b2-ebdb-1378-74c0-3fac9f572d34
22501116,84,2026,4,2,22501116,4fba8269-bc52-8994-7e15-15663eec040e
22501116,112,2026,4,2,22501116,05b738b5-f9ad-af16-c053-952d6c48b067
22501116,180,2026,4,2,22501116,37c2c029-9a7d-5593-d568-f5b6dd92a44e
22501116,182,2026,4,2,22501116,ff3c4835-1657-8814-8211-9c8631a9d182
22501116,20,2026,4,2,22501116,114ecaf0-227f-e928-ef89-590d24cc2cb3
22501116,24,2026,4,2,22501116,d43d7d0a-0a29-89d4-612b-f636870fec97
22501116,36,2026,4,2,22501116,5b54d017-8cdb-a84e-4299-393f5490145d
22501116,38,2026,4,2,22501116,fb7c4c66-b4c2-dfb6-4da6-17420d10d51c
22501116,381,2026,4,2,22501116,32f8c627-ae3e-4120-efeb-488fff26cbc1
22501116,46,2026,4,2,22501116,85143850-2106-5fa8-03f1-4c03012f489c
22501116,464,2026,4,2,22501116,52641cfd-f0df-a8cb-d3e3-e4ebb2de1389
22501116,467,2026,4,2,22501116,28781d5d-995b-9ba2-6c23-70b2738149ae
22501116,55,2026,4,2,22501116,2b3476d5-9ea0-fe63-bc81-17aca050c8e4
22501116,553,2026,4,2,22501116,ccbd506a-533c-add3-3aa1-b7baaa108515
22501116,572,2026,4,2,22501116,fdb01e63-3a2f-38c7-91da-06bd99f37a2a
22501116,593,2026,4,2,22501116,fbf4885c-4968-be2d-dbe3-55ee41fafe20
22501116,608,2026,4,2,22501116,f32012e8-d38b-aa36-982e-2c781063ed65
22501116,610,2026,4,2,22501116,420dbcd5-7738-a9fe-74ff-080c09708429
22501116,62,2026,4,2,22501116,492536b7-92de-a6b8-d8fc-4e4fda12c3fb
22501116,626,2026,4,2,22501116,eb29b05a-f06b-f653-1f5a-297b7d112053
22501116,87,2026,4,2,22501116,f88d5f85-9162-73f4-f773-cd838a66fa9e
22501116,165,2026,4,2,22501116,36d315d9-039c-a646-dde7-595727f449a4
22501116,234,2026,4,2,22501116,963a33e1-931e-595a-043f-29f3a076ccc4
22501116,284,2026,4,2,22501116,345e691d-7ffd-7096-3d0d-972d07de9526
22501116,363,2026,4,2,22501116,8a0bd98c-ee2d-9441-2a33-3726e0d8122a
22501116,366,2026,4,2,22501116,682804b1-2c54-37ed-b992-41bda5d999f6
22501116,383,2026,4,2,22501116,285fc5d8-5eb1-1d91-ce29-d3725df12e4c
22501116,595,2026,4,2,22501116,f7d18dd0-42d7-87a1-3ad1-356d4c440b20
22501116,77,2026,4,2,22501116,8d53b4b6-d263-bcab-4e0e-e8881577f82b
22501117,100,2026,4,2,22501117,91bc86a8-ba2d-1c2c-7ecd-2e8e4cfad074
22501117,102,2026,4,2,22501117,56d87c66-e5c5-95c2-d6e2-abd334f1b08b
22501117,107,2026,4,2,22501117,d1e32fbf-195c-463b-71f3-4c7596d03744
22501117,13,2026,4,2,22501117,b410d269-e62d-6860-a05c-aa8588dc51e9
22501117,143,2026,4,2,22501117,d842b273-19db-48bf-1c21-226c953eec42
22501117,15,2026,4,2,22501117,2f9dfe83-6b73-8936-ed1e-ddc3530f860b
22501117,167,2026,4,2,22501117,7d3d50af-21fd-9402-097f-9640712f128a
22501117,189,2026,4,2,22501117,f662e6ca-365c-88bf-395c-3e50b487286c
22501117,19,2026,4,2,22501117,bfc4b21a-d0aa-69cd-a4f0-e06de3f82c49
22501117,232,2026,4,2,22501117,6d9aa12a-dc70-61f8-3dd5-0f49468a325b
22501117,237,2026,4,2,22501117,d7e9ce67-a817-8700-d360-c4c47b2e71a5
22501117,239,2026,4,2,22501117,7c963319-836f-16d1-86db-91dbe26849c4
22501117,243,2026,4,2,22501117,49312bb3-2271-5739-d547-5efbe5ada247
22501117,25,2026,4,2,22501117,7c30f0cb-a7d5-a2ab-5d4c-251a893a25c5
22501117,260,2026,4,2,22501117,c5216f81-c1e7-f334-2dc8-88fa17f97f48
22501117,265,2026,4,2,22501117,0a5edd7a-e7f3-2cbe-b3e2-8af4704d274b
22501117,267,2026,4,2,22501117,fe7c0a2e-95e2-6533-fe7c-bf6f3f25dfaa
22501117,28,2026,4,2,22501117,111d2821-9240-56ed-f067-96df31c9aaba
22501117,285,2026,4,2,22501117,6584e14c-792c-11f9-5921-ed3409ecfd8d
22501117,293,2026,4,2,22501117,2db46dec-053d-ac7d-2470-3ce60733b710
22501117,305,2026,4,2,22501117,c2199d53-0519-b401-8f75-c7d70d3c13d4
22501117,320,2026,4,2,22501117,fed71e93-7efc-ffba-2643-181bfac562cf
22501117,36,2026,4,2,22501117,84cd1a18-5847-35d1-71f5-55bb57b0c4ee
22501117,362,2026,4,2,22501117,8534b39a-f168-8914-4ff0-220124fb0670
22501117,383,2026,4,2,22501117,d0c49315-3775-006d-3e07-1fb00d0656b2
22501117,386,2026,4,2,22501117,b5deb2cf-13a3-69ff-a868-d9b4154c099d
22501117,392,2026,4,2,22501117,8a2c9c57-3d5c-32a2-fbcc-9e89e0174f56
22501117,411,2026,4,2,22501117,3c7f5853-96d6-025e-468c-b8357148fe57
22501117,42,2026,4,2,22501117,c46682d4-4332-1099-770c-ab7312dd2a53
22501117,438,2026,4,2,22501117,63bc6912-8c03-25c6-04fb-dd73ab9812f0
22501117,442,2026,4,2,22501117,b0cafb16-e9a7-4c45-aa8a-be4626d3a9e7
22501117,454,2026,4,2,22501117,5234805b-30fd-012a-7bb3-f600f6d50802
22501117,468,2026,4,2,22501117,0cdf6870-4250-8304-7d81-b6562fe7def6
22501117,470,2026,4,2,22501117,b86ea184-2389-8f2c-0aac-f74adfca3335
22501117,489,2026,4,2,22501117,2bbebd0a-1186-faeb-881e-728c91937f7a
22501117,517,2026,4,2,22501117,fbfee16b-ce47-326a-81af-9e9091988968
22501117,522,2026,4,2,22501117,6f55a3f0-09dd-cb39-b7a1-82190ef6d652
22501117,540,2026,4,2,22501117,8ad01e5e-315d-97a0-2745-12daca14948a
22501117,55,2026,4,2,22501117,3eb80709-4115-973a-ba2e-2eb58bc2f8f4
22501117,553,2026,4,2,22501117,198dc2a6-6bf6-fd6a-79af-53b69c6d2463
22501117,557,2026,4,2,22501117,b050787d-725d-5b76-4810-af2392946c67
22501117,559,2026,4,2,22501117,b6288464-fa90-43a2-9320-396049f7b704
22501117,577,2026,4,2,22501117,1858f27a-3018-7f55-5a33-884b5cddb97d
22501117,585,2026,4,2,22501117,4d762af6-d5b5-453a-f4e5-dc477d2d43e9
22501117,601,2026,4,2,22501117,847a69bf-97fc-0994-0931-7278f6c62a59
22501117,623,2026,4,2,22501117,a6e741d8-6323-1577-57e4-81385133f185
22501117,641,2026,4,2,22501117,f28c7b7a-2a1f-a8f4-1a1c-eeca9209db61
22501117,672,2026,4,2,22501117,b016eb37-1926-ad26-a307-1e83c4d2f6a4
22501117,674,2026,4,2,22501117,9ac3c56b-dc60-7528-f74f-0b2805d60b23
22501117,680,2026,4,2,22501117,7da5b0d0-0de8-aa53-7398-6d9cb940eac4
22501117,682,2026,4,2,22501117,083da609-cd27-66f7-fb41-5d7e7518eeda
22501117,79,2026,4,2,22501117,3a492896-0ca5-7ff0-2268-07a82ab1389e
22501117,83,2026,4,2,22501117,77dc9c07-b53c-b837-c93a-c45ba57a4616
22501117,213,2026,4,2,22501117,aa9130ef-3f26-e995-4502-c6bf715221e0
22501117,314,2026,4,2,22501117,23ac6070-b0a3-e039-77d3-444f77fe07e0
22501117,351,2026,4,2,22501117,f5bcd45c-7238-f9a5-e2b0-a7f7e3a5243a
22501117,396,2026,4,2,22501117,88f47f1f-90cc-c534-39c1-99db946681c6
22501117,461,2026,4,2,22501117,9a500b68-387f-f33c-e7e0-c54b7a83cf84
22501117,87,2026,4,2,22501117,8937b6bf-efdd-f6d0-e30f-8b4dff281ab9
22501117,104,2026,4,2,22501117,8db428a9-b27e-d506-7361-f2922d07cf02
22501117,105,2026,4,2,22501117,cd2db17f-91e4-69a6-3a37-db7f0e43ae77
22501117,109,2026,4,2,22501117,46ecf3be-d0c5-ed29-971c-58de13653f87
22501117,111,2026,4,2,22501117,8c7fa0e2-62d0-a4a2-1c85-4fbc14a99046
22501117,113,2026,4,2,22501117,979c8197-6ca7-2de9-0ac5-ceb1ac6ef039
22501117,122,2026,4,2,22501117,67a817f2-9cf5-ed03-c6da-4325f74a7894
22501117,123,2026,4,2,22501117,c74886f1-a2af-54d7-2d47-94cb25b93685
22501117,125,2026,4,2,22501117,cd4b3626-ee36-1e23-1062-3bb3d54f516c
22501117,138,2026,4,2,22501117,d2a0cd44-ae26-57ed-8c83-c4ee0c71c0bc
22501117,139,2026,4,2,22501117,069fc5a2-d03c-3b03-27cb-aed9df6177b4
22501117,145,2026,4,2,22501117,86bb6738-985d-22b5-b11f-e9beb56e3ebb
22501117,151,2026,4,2,22501117,7a12ffb1-ab19-6bee-8c6b-52d235929b53
22501117,154,2026,4,2,22501117,c8e1f075-9ccf-47e0-b38b-ea3a462266a8
22501117,156,2026,4,2,22501117,d94eb893-d71e-a38d-2eba-c9968303edcd
22501117,158,2026,4,2,22501117,7743b81b-43df-4794-a7bf-fe3d55ef1537
22501117,160,2026,4,2,22501117,30a73fc1-955f-9722-491d-525d318a6928
22501117,169,2026,4,2,22501117,c6518d8d-e770-1863-a4b8-4ecdec97ad98
22501117,17,2026,4,2,22501117,fdf97cc0-d900-69b8-4ac0-e066b980956b
22501117,171,2026,4,2,22501117,27edc4af-3770-e85d-ea73-54f6f7a47b45
22501117,184,2026,4,2,22501117,af6e746a-2ddf-7171-bbfa-692ce1c8eda5
22501117,187,2026,4,2,22501117,6956d0f2-7118-7ed2-196e-2f507b6b6817
22501117,191,2026,4,2,22501117,26375ca4-bd41-316a-47fa-9f9d98958fa6
22501117,193,2026,4,2,22501117,d96764d4-1cfd-ee61-87af-3b4941f5430c
22501117,196,2026,4,2,22501117,1a93301f-1a11-e9f1-fcc8-19e43d128f0c
22501117,216,2026,4,2,22501117,086ab41a-3e84-fb09-d62a-6fc90de525d8
22501117,226,2026,4,2,22501117,e4840bd8-5a29-a965-ef32-e870e70fc306
22501117,228,2026,4,2,22501117,d1e65bf8-151a-0d58-1880-2357a7b6cfc2
22501117,23,2026,4,2,22501117,c8eb74fa-293f-f706-cdfe-72c7689bd1a5
22501117,230,2026,4,2,22501117,27bc8cdb-2d81-96b6-6a19-5938a5b164dd
22501117,234,2026,4,2,22501117,0c502e17-5397-3200-e390-d237bf0db436
22501117,235,2026,4,2,22501117,0ad3e215-a53e-ba73-6523-fe7821b11886
22501117,259,2026,4,2,22501117,e6fc5a5a-c70f-753c-66cf-b08ad5b4240c
22501117,262,2026,4,2,22501117,3dd41695-5ff1-4f9e-dd95-61b4d25f769b
22501117,263,2026,4,2,22501117,fd90e862-8ff8-451d-29e2-1a5f9e61f0bf
22501117,269,2026,4,2,22501117,4cf3ad34-93d0-f4f5-862d-50e9ce8eaed1
22501117,27,2026,4,2,22501117,a68a755e-4964-0ac0-b334-a3d53b2c7b66
22501117,280,2026,4,2,22501117,acfa4ebd-de5a-a36d-ecef-a885937dc277
22501117,30,2026,4,2,22501117,c0564665-67e3-84a9-f2c9-f05c71db9dff
22501117,302,2026,4,2,22501117,94583eb8-4b69-643e-e357-bbb625f893ae
22501117,311,2026,4,2,22501117,cefd6c28-0d66-75bc-a370-a869a1df5c5c
22501117,333,2026,4,2,22501117,1f166c9e-1992-f973-b752-dc16256c2113
22501117,335,2026,4,2,22501117,e96555d7-94c6-56a2-e512-2151ca9386f5
22501117,337,2026,4,2,22501117,bec4ca94-7bcf-1fe5-b939-09172629347c
22501117,342,2026,4,2,22501117,508522a5-c64b-d215-377d-6af9de349089
22501117,344,2026,4,2,22501117,8d6dbe0d-54f3-5409-893f-505ed39868ad
22501117,350,2026,4,2,22501117,f4660516-8749-01da-7c04-f485c4505936
22501117,357,2026,4,2,22501117,8654f970-764c-6ba7-1c4b-227873effca7
22501117,377,2026,4,2,22501117,5d93bf18-42b0-9327-3589-2f78839caf62
22501117,379,2026,4,2,22501117,4a5b5b13-e13b-4955-660d-635c30075324
22501117,38,2026,4,2,22501117,fdff714e-d476-0c61-953a-49c5f570aace
22501117,385,2026,4,2,22501117,0db3e784-e3e0-cd25-3688-ea838e4c9c26
22501117,390,2026,4,2,22501117,6c8129aa-0739-ad2d-ff4d-d04165d2598f
22501117,399,2026,4,2,22501117,b98fc61e-9292-e030-2080-38814fa1655e
22501117,409,2026,4,2,22501117,cbbb8ef1-728e-731b-4982-f64da4b609e0
22501117,416,2026,4,2,22501117,d45d44ae-283e-b263-7f8c-856ba627f9db
22501117,418,2026,4,2,22501117,c971e8a1-c0b4-1a97-3717-9b2608e841bf
22501117,430,2026,4,2,22501117,2c255b74-0718-daf9-a40a-9c1a14a4a556
22501117,433,2026,4,2,22501117,b07a5375-f567-6429-ee5d-d6bd765bf0cb
22501117,435,2026,4,2,22501117,8c8c6c50-a715-1761-cc93-d747e8f74a6d
22501117,436,2026,4,2,22501117,f65fa98a-f314-1cff-27b7-276ef04684c3
22501117,437,2026,4,2,22501117,f7f6fc8b-9819-0666-a99f-fec3055d3aea
22501117,44,2026,4,2,22501117,428817d0-366a-f354-8017-7535f7a49fc4
22501117,440,2026,4,2,22501117,35d4ec29-4557-5db4-79bd-381ad6e77631
22501117,451,2026,4,2,22501117,c2947ca7-3daf-67e4-fea2-d09c5ca04ae2
22501117,453,2026,4,2,22501117,5fa9ee27-2f4c-49d6-1bcb-61a11c0ebb20
22501117,46,2026,4,2,22501117,9f500b2c-7c66-9e08-175f-4212c6ec5004
22501117,460,2026,4,2,22501117,6e8887de-00d0-e2d5-5444-8456b7b4f77e
22501117,464,2026,4,2,22501117,61aca57a-b7a0-7960-6508-28316c90ff11
22501117,466,2026,4,2,22501117,5ac59243-39de-771f-7d6b-d1571773f201
22501117,47,2026,4,2,22501117,aa76d567-35ca-0077-3bc4-0b539585d1f1
22501117,491,2026,4,2,22501117,c0cb3bbc-8eda-c55c-dff0-51f7809ef0b9
22501117,493,2026,4,2,22501117,ee596d23-44f2-9c98-dcd1-cb60e44e8299
22501117,499,2026,4,2,22501117,be1bf977-c7fe-9cd3-a861-798e404223e2
22501117,501,2026,4,2,22501117,80bd1b76-24fa-ad2a-3ffd-d8fa6d661775
22501117,502,2026,4,2,22501117,759421b9-d374-f35a-ea0f-95bfd87c399f
22501117,504,2026,4,2,22501117,83fe5e32-7c01-e595-6707-4abfdef35d60
22501117,51,2026,4,2,22501117,d8ef904c-8256-7daf-b3a5-73333182b458
22501117,515,2026,4,2,22501117,af6cdf51-de90-c15d-2371-3cedc0128875
22501117,519,2026,4,2,22501117,99df42b5-528b-34bd-f97b-b4638b67273b
22501117,524,2026,4,2,22501117,07254544-0f99-9037-122b-18e3e35362d3
22501117,526,2026,4,2,22501117,a174d34a-3aea-ba1f-30c6-7e74fc0f802b
22501117,53,2026,4,2,22501117,ee410e97-53e8-bb16-ccee-2bb86dc17a11
22501117,546,2026,4,2,22501117,5cced472-ac83-2638-0788-72856d1667d7
22501117,555,2026,4,2,22501117,b621c612-ecb4-6255-9e57-379d87e4286e
22501117,561,2026,4,2,22501117,ca05d5bf-19e6-974d-e5c4-b41d253756c9
22501117,57,2026,4,2,22501117,69119e36-d613-dc95-5ece-2290d5839ff8
22501117,583,2026,4,2,22501117,187fe83f-6e62-9e1b-4f13-fce82e4d4174
22501117,59,2026,4,2,22501117,79fbc5c6-5b20-8eb7-8309-955703ab1461
22501117,591,2026,4,2,22501117,7644fa8a-2d39-5c38-8c37-dbf478a53f1f
22501117,597,2026,4,2,22501117,e83c7ba4-7bf3-9348-7521-c089969f88a6
22501117,599,2026,4,2,22501117,e9b128eb-234b-fc7e-af3f-eb2f6c3fea23
22501117,602,2026,4,2,22501117,39ac63f1-5de6-791f-06b7-38b9180f8f6c
22501117,604,2026,4,2,22501117,ecfe0c37-fb85-a27e-8e6c-155cfb8e308e
22501117,613,2026,4,2,22501117,8c6af93b-c2ed-1374-4a90-94b2571072cf
22501117,615,2026,4,2,22501117,2c583903-b4e6-e95f-ec19-83edc0df5540
22501117,617,2026,4,2,22501117,8ec8f66c-e0e2-f481-4a33-84f3921878e9
22501117,620,2026,4,2,22501117,92d7ba70-d348-e9e2-9087-56f7c731166a
22501117,629,2026,4,2,22501117,667325ce-c023-a537-5f2f-00c5cdfe8242
22501117,630,2026,4,2,22501117,7f5da6af-e3dd-3690-7f2c-217fc4c67e6f
22501117,634,2026,4,2,22501117,eff0e4f9-a07a-b40b-c1a6-09d8809b124f
22501117,640,2026,4,2,22501117,03f76b38-c09a-c558-db70-395ec17e5c62
22501117,643,2026,4,2,22501117,f40930be-8a0c-2a91-b9f0-469609f86c36
22501117,644,2026,4,2,22501117,7d91b325-4da9-7cfe-ea89-0760579d9225
22501117,657,2026,4,2,22501117,9e1e05ab-76ef-b7d8-a509-221827097875
22501117,665,2026,4,2,22501117,b334d07f-c090-e7ca-e304-d447a7bd80f1
22501117,671,2026,4,2,22501117,62d6f34f-6529-94aa-a000-934b983dfcd1
22501117,676,2026,4,2,22501117,5c408c41-75cf-d32d-6ae9-c9c03df9eec1
22501117,678,2026,4,2,22501117,514d7e93-a454-66ba-a3a4-3dea696edfe3
22501117,683,2026,4,2,22501117,363fa472-22d9-3905-a5c7-da22d7145b59
22501117,685,2026,4,2,22501117,04f40d98-00d9-e96e-5b90-02acc91bf0ad
22501117,692,2026,4,2,22501117,18e79d49-f4f5-f162-9543-47e3aae53344
22501117,7,2026,4,2,22501117,3293a0f7-17b0-2173-c92f-cd3e8833f32e
22501117,704,2026,4,2,22501117,eaf9c787-892f-023b-4c37-ef250f0fe46a
22501117,75,2026,4,2,22501117,38af23b8-342e-ad27-2fb4-f8c8ff6e725a
22501117,77,2026,4,2,22501117,429fe3ea-b625-b31e-6ae9-3378244025a9
22501117,81,2026,4,2,22501117,4629d867-1af0-6c8b-0275-343de0eb9f15
22501117,85,2026,4,2,22501117,1324572e-0456-2c2f-fcc8-684ec6117140
22501117,106,2026,4,2,22501117,7a828076-b5de-3663-e55c-50156004af12
22501117,110,2026,4,2,22501117,82a71b12-a5be-4740-64b7-08d572d1fce7
22501117,112,2026,4,2,22501117,111daa68-2a96-cc7f-5c3d-bd552b835fab
22501117,124,2026,4,2,22501117,3dfdc3c9-5b3f-fff2-0d48-fb5f2a80dc27
22501117,140,2026,4,2,22501117,a5c7cc91-0261-2826-ca48-bdb3169a3d5c
22501117,146,2026,4,2,22501117,ea6748bd-c355-3871-09a6-9bbd0e1258c6
22501117,152,2026,4,2,22501117,263fc097-c526-f2c7-8d67-61b358717e69
22501117,155,2026,4,2,22501117,86bb110c-8efc-ae2b-e222-342fccdb4604
22501117,157,2026,4,2,22501117,6d1e8674-36fc-aba4-ac47-3a8499f4667a
22501117,159,2026,4,2,22501117,486178a5-8b34-0bda-a070-ac4ee41e2655
22501117,161,2026,4,2,22501117,7bd0e54c-3f18-db8e-c122-3c740d22dd3f
22501117,170,2026,4,2,22501117,5177f363-e90f-3434-ea4e-90327c4c5130
22501117,18,2026,4,2,22501117,8896774d-e36b-24de-e618-d7023563e8ab
22501117,185,2026,4,2,22501117,2412fd8d-3ade-29cb-5125-1db31a7440ae
22501117,188,2026,4,2,22501117,58f14279-188c-53d5-2d78-cfe1e89345c0
22501117,192,2026,4,2,22501117,2cc0c009-d070-b92d-a294-12aadd1c387f
22501117,197,2026,4,2,22501117,9f82155e-27e8-2cc7-e4cc-47f991ca9c6f
22501117,207,2026,4,2,22501117,c067e13c-cae2-4976-82bd-5645bdb0cfc4
22501117,215,2026,4,2,22501117,ae5b39df-b773-ee95-4740-7e879483d9c2
22501117,217,2026,4,2,22501117,398565ba-d3b9-a504-65e0-89b140fe28fe
22501117,227,2026,4,2,22501117,e292e59b-e510-fa6d-2094-79c5e2324ae9
22501117,229,2026,4,2,22501117,90e43c7c-1bc3-eb6c-efe9-666e3d28c8a3
22501117,231,2026,4,2,22501117,7d0668b9-3ac5-5d1b-8430-dacd0d506aca
22501117,236,2026,4,2,22501117,e666aa83-62ba-1b0c-7991-4a85de8a88fc
22501117,24,2026,4,2,22501117,3591a2fa-99be-d6b2-a8d9-29d71c1b3d0b
22501117,264,2026,4,2,22501117,517fb2f3-563c-fc90-a94b-13e5c932d0e0
22501117,270,2026,4,2,22501117,7fa598d3-3bf2-346c-b6b2-d67294469f03
22501117,281,2026,4,2,22501117,85557375-aaa9-1c81-5a13-54c2b5d3ab96
22501117,303,2026,4,2,22501117,22155fbc-bb68-07e3-6afc-e3cdfbd6f920
22501117,31,2026,4,2,22501117,a93582b5-eead-44d3-ee01-36752e03d0b6
22501117,334,2026,4,2,22501117,18213259-f0a7-01ea-86f4-5705354cb690
22501117,336,2026,4,2,22501117,e44fbbec-7456-c40c-5e93-767e71a1a58c
22501117,338,2026,4,2,22501117,f89798d1-785b-6c76-d5e2-2fc3d6433562
22501117,343,2026,4,2,22501117,9fbb6515-e7ef-9210-9186-9ab263b1c23f
22501117,345,2026,4,2,22501117,39033c19-8d2d-a6d9-243c-7e1eb548ccc1
22501117,353,2026,4,2,22501117,eb12ba1e-252c-4810-0556-b5fa816dd096
22501117,378,2026,4,2,22501117,ca38a703-82e8-9b85-e12e-591dc293bee8
22501117,380,2026,4,2,22501117,1ba70d3d-a8c0-e25e-b281-7b68dedbe41a
22501117,39,2026,4,2,22501117,60c6a31b-8894-637f-3a17-ef306feca0ff
22501117,391,2026,4,2,22501117,7d73fdb9-77ea-2d14-50a3-3cb980d474c4
22501117,398,2026,4,2,22501117,74a14a23-4e51-b7f2-17f9-1393de867504
22501117,400,2026,4,2,22501117,14569cbc-64bd-9585-85e2-4f4f7ef9d90d
22501117,410,2026,4,2,22501117,8552533d-f476-1410-733d-e08c4f4db85b
22501117,417,2026,4,2,22501117,9c2f4b1e-3a62-1962-1e58-7461df1a0935
22501117,419,2026,4,2,22501117,92bc5350-561e-fc0f-9648-b77e2832cbd2
22501117,432,2026,4,2,22501117,14843791-0b81-971b-773b-8f8efe64e0f3
22501117,434,2026,4,2,22501117,bb485e1e-9fdb-e593-4dca-daafe13fa58a
22501117,441,2026,4,2,22501117,4eff0bd2-2a6b-3d04-5ae7-f4248f78f65e
22501117,45,2026,4,2,22501117,1fbf57f3-9d60-7ae8-fc6e-1dded523e68a
22501117,452,2026,4,2,22501117,25bd5b17-c3a1-b894-0a56-8338306cde02
22501117,463,2026,4,2,22501117,b90ff04d-5129-780e-9a04-8148be90209d
22501117,465,2026,4,2,22501117,5da534c8-12f6-d6de-cccb-f260ae57d16c
22501117,467,2026,4,2,22501117,28c446e9-5f31-8c41-0c76-3ac3e5ff656c
22501117,48,2026,4,2,22501117,92cc5284-3662-ad40-f1ab-f75f439792fe
22501117,492,2026,4,2,22501117,9d71b76f-e7c2-48ef-a076-3d5081279f5a
22501117,494,2026,4,2,22501117,e21d590b-c48c-f30c-00cf-46dbd5e05c2c
22501117,500,2026,4,2,22501117,28833c08-e0b9-7098-654b-42fa90a73e02
22501117,503,2026,4,2,22501117,ce773811-9b3d-e94e-e581-e4637ef0b1f9
22501117,516,2026,4,2,22501117,f2b450da-04cd-c015-2d67-81faa5df08d3
22501117,52,2026,4,2,22501117,dd26acf6-3047-4739-41ee-af2032515d29
22501117,525,2026,4,2,22501117,7c280a57-c296-b5a6-4925-74f5fb1034e4
22501117,527,2026,4,2,22501117,a254d93b-bfd7-29a5-0295-1f7813d5a21d
22501117,54,2026,4,2,22501117,057e7b53-33ff-8f79-56bd-e35ac195f357
22501117,547,2026,4,2,22501117,3d8df488-d8d6-498e-845b-781fed5e3ea7
22501117,552,2026,4,2,22501117,eed78e7d-1f4a-120f-ce85-13053be0f272
22501117,58,2026,4,2,22501117,ce755774-d391-e792-5539-b504206f5ef7
22501117,584,2026,4,2,22501117,d3c490cb-4af9-5cd0-c9f7-2176c3009be8
22501117,598,2026,4,2,22501117,7ea7be47-7a3a-a60a-a7f8-8a1e4311b08d
22501117,60,2026,4,2,22501117,b4d8005a-ceb9-73be-88f5-19834ef9dc4f
22501117,600,2026,4,2,22501117,04fc6578-29d5-8dd6-f963-b0f22cda55f2
22501117,603,2026,4,2,22501117,f2d76d1b-595c-5ee6-0e1d-5a18251daffe
22501117,605,2026,4,2,22501117,ed86488c-c08e-b9ef-6ce1-e16fc2ca80cd
22501117,614,2026,4,2,22501117,189dca1e-8157-3023-c6f1-66500d075f37
22501117,616,2026,4,2,22501117,aaa0d170-f754-e558-c224-33296c2d7e63
22501117,621,2026,4,2,22501117,f84b57e9-7d2f-7987-5527-577ffda04dbb
22501117,631,2026,4,2,22501117,6a9c3e01-9151-c698-98c1-62ba063fe3b9
22501117,645,2026,4,2,22501117,6a5fa72a-4f5c-1d1a-bf51-b3e23ce4530d
22501117,656,2026,4,2,22501117,0e194c5d-03ee-b3d6-8bc3-4faa0dcbd4d2
22501117,658,2026,4,2,22501117,f242ea30-ff13-6c41-8613-3ad009d9fc9d
22501117,664,2026,4,2,22501117,cd3bf2d8-429c-47f0-555b-9ce640caf7d0
22501117,666,2026,4,2,22501117,29dddc6e-570d-6236-db10-8518be7ce005
22501117,677,2026,4,2,22501117,b1a48b0b-a424-0ada-7761-80dcaad5a33a
22501117,679,2026,4,2,22501117,8cb526f7-3120-44a6-0b6a-3b5a8624b583
22501117,686,2026,4,2,22501117,d084c0ef-7d72-7983-e337-76f3ac0991c7
22501117,705,2026,4,2,22501117,265dcf3a-c517-8c86-5fbc-fb6b672092a4
22501117,76,2026,4,2,22501117,f9bd991b-9b1d-6e61-4634-ab3beb130803
22501117,78,2026,4,2,22501117,df853b76-ca1c-4f71-60e1-f5bb00ac254a
22501117,8,2026,4,2,22501117,1b2081ae-ad65-43f1-3706-aabb3bb3f075
22501117,82,2026,4,2,22501117,735bff0d-198e-e9a2-f226-f8204f1ea759
22501117,86,2026,4,2,22501117,e313428e-57cd-fc31-c1e0-ab152ae3059d
22501117,89,2026,4,2,22501117,80b3c47d-154f-1ecd-112b-af749bcbbd60
22501117,128,2026,4,2,22501117,b0db968e-f26f-fc10-adac-39f8d6769b2c
22501117,141,2026,4,2,22501117,b711796b-8ca7-2e20-e720-cf8e3547d8bf
22501117,21,2026,4,2,22501117,f4a5f611-8ec7-cc05-e25b-274cbdae6857
22501117,222,2026,4,2,22501117,e914aaf1-7720-68ee-0eae-b2a94a6cedee
22501117,224,2026,4,2,22501117,674df544-37b8-9a1a-e9e1-e33dd816bb54
22501117,241,2026,4,2,22501117,f96d9fb2-87e5-e22c-5e2d-fbf261025f50
22501117,291,2026,4,2,22501117,3b7f33aa-32b5-a865-f276-0a1aff63f7be
22501117,307,2026,4,2,22501117,0ba01e10-0874-ee98-8162-de8430ae9de8
22501117,309,2026,4,2,22501117,13534df3-5bad-91a6-e6e5-23730c4fe070
22501117,312,2026,4,2,22501117,d704e09b-7ad1-875c-a380-d879570d61c3
22501117,348,2026,4,2,22501117,f779ecd7-7a52-ef77-1480-6316c21e5795
22501117,381,2026,4,2,22501117,7cd9ad6e-38b4-8262-8973-40c791afad4a
22501117,394,2026,4,2,22501117,5cdecd1c-d108-ff43-8c02-6974110d1b00
22501117,40,2026,4,2,22501117,396dd273-aa0b-bc29-9ae9-3f8d4886f941
22501117,49,2026,4,2,22501117,10befaac-d1e4-cbc5-87be-c1ef87808d9a
22501117,520,2026,4,2,22501117,8e53696d-7a4c-4a1d-1912-1e709a7f1860
22501117,587,2026,4,2,22501117,5af81b0d-ea17-be21-ba78-453b835b7d06
22501117,632,2026,4,2,22501117,4805bf75-7458-ad9c-cd19-5d84306a5575
22501117,12,2026,4,2,22501117,50880cec-496e-ac8f-7550-96c1199c8bfc
22501117,186,2026,4,2,22501117,26db6a4f-410b-00fb-af3f-2d425d140950
22501117,212,2026,4,2,22501117,15b3bfc9-f4d6-1286-882b-788f74645bcd
22501117,341,2026,4,2,22501117,7c8ee05e-1094-8e5e-3e2e-3e890409eb94
22501117,366,2026,4,2,22501117,36b19f69-1626-842a-170e-13a6999ad999
22501117,388,2026,4,2,22501117,87142e2f-66b2-7d5f-93a5-7e7c53141361
22501117,581,2026,4,2,22501117,02076163-dad2-ea47-c7d0-ad658d17e0f9
22501117,606,2026,4,2,22501117,30cf5389-a6f4-fc31-954a-bdff56c7bd95
22501117,9,2026,4,2,22501117,4f9e50ff-13d5-85a9-48c9-6d24a3d7be4d
22501118,117,2026,4,2,22501118,c994f0d3-42d3-1281-16e9-682412534bf7
22501118,129,2026,4,2,22501118,0def003e-6489-af32-4da3-6a47b7cbc951
22501118,135,2026,4,2,22501118,bcf424e6-48af-a4b5-f3f4-90fe7e3e50db
22501118,14,2026,4,2,22501118,8d04e37e-1226-ef69-a33e-12b97c8040e7
22501118,152,2026,4,2,22501118,1e12bac6-a319-4362-9db0-6dc69eeb5ed9
22501118,164,2026,4,2,22501118,42d00511-a92b-a969-096f-79a31d5e5ad0
22501118,175,2026,4,2,22501118,d8857e50-d537-368c-8fb0-34aaee5a8900
22501118,179,2026,4,2,22501118,b49b67de-2a0c-138a-1919-be2be1960185
22501118,188,2026,4,2,22501118,1544d917-7746-3119-d984-e0b57f3b7a9d
22501118,198,2026,4,2,22501118,ede551ed-79bd-6eb0-65bc-fad1bb658fc1
22501118,20,2026,4,2,22501118,69ca4132-8a08-2c26-eb63-9a820f3416c7
22501118,204,2026,4,2,22501118,8f9c65d1-7b06-7d73-a96b-feb0483955a4
22501118,220,2026,4,2,22501118,3b8658a0-0a68-efc1-ed84-f9c8e1960c9a
22501118,236,2026,4,2,22501118,2c821222-991a-2f93-1317-6747b02ec700
22501118,244,2026,4,2,22501118,8518afe1-d0cf-9bca-993f-e0e5d3de3062
22501118,251,2026,4,2,22501118,78afffcc-2977-3e67-febd-84135a621658
22501118,256,2026,4,2,22501118,f1a6fcac-8306-940f-c2d0-c5acf9a0393a
22501118,268,2026,4,2,22501118,d975d812-ee0e-ef2c-7fe2-5884de38f4cf
22501118,278,2026,4,2,22501118,abea62e1-586b-aa15-0619-e8e9cf6be3fb
22501118,303,2026,4,2,22501118,f75b41d2-5a68-6572-256e-04b3c263481d
22501118,313,2026,4,2,22501118,ef1e954a-8adc-6f24-c963-2cd54176aff6
22501118,317,2026,4,2,22501118,d937d14d-6ede-ed83-6a9f-8d8199e87840
22501118,338,2026,4,2,22501118,75faca16-c1de-ea90-3d4f-12996ba6ce3e
22501118,342,2026,4,2,22501118,50ce007f-9c69-7b02-eaa9-fc3d0cb6b98a
22501118,369,2026,4,2,22501118,6016285e-19a8-b4d4-5eba-9d0f67baa920
22501118,377,2026,4,2,22501118,3885523a-c632-b2ea-ff3f-bb6c4d570017
22501118,382,2026,4,2,22501118,ef227471-a77f-2bf7-dd42-b8abb3d7b113
22501118,384,2026,4,2,22501118,cf6e796d-252c-0894-0592-7f2420d0d09c
22501118,392,2026,4,2,22501118,a24b8e9c-ac43-5e57-37a9-ee1f15d85520
22501118,433,2026,4,2,22501118,d3a27cf6-6a33-f724-c184-d2a5e9301b30
22501118,443,2026,4,2,22501118,3138dbf5-4861-ae6f-7d41-ab2bef13cd1a
22501118,452,2026,4,2,22501118,055bdc74-c190-705e-285d-9ea0106d35ce
22501118,468,2026,4,2,22501118,b75b6c0c-4dfb-46aa-34c6-4f6dfc88aec9
22501118,47,2026,4,2,22501118,7bfbafc4-34f1-1593-a7f4-da1d20310ec8
22501118,489,2026,4,2,22501118,b173140e-17cc-3101-85ba-47899861442f
22501118,491,2026,4,2,22501118,28656b27-cf97-d147-b740-a3ff26ab65cc
22501118,493,2026,4,2,22501118,36e8f7c4-9ea8-41cf-fdf6-c68058d476e5
22501118,532,2026,4,2,22501118,6e356bf2-fed6-db03-eb8d-3fa90f74e42b
22501118,534,2026,4,2,22501118,0204ce3a-4976-1fc7-f87d-f0210b3477c5
22501118,560,2026,4,2,22501118,ebd755a9-6252-9ad5-e75a-1e28687258eb
22501118,575,2026,4,2,22501118,62034075-c9c7-cc95-f3a7-8afa864fc3bf
22501118,584,2026,4,2,22501118,9ff30674-b5d7-a2a6-8fb5-8f7994ea1010
22501118,589,2026,4,2,22501118,7b47edd2-10c6-fae9-6af6-3bca77a4f57e
22501118,591,2026,4,2,22501118,2f24eaf1-ec65-575a-ed2a-7b43380e87f0
22501118,609,2026,4,2,22501118,6d89e768-8fd5-5d87-3898-db7741c798f9
22501118,616,2026,4,2,22501118,ee188a26-8214-6baa-7bf2-18b5f52c6d5b
22501118,618,2026,4,2,22501118,594f0d6f-73a1-91c6-3669-9692a2004ee2
22501118,665,2026,4,2,22501118,bf4596b8-64e7-7205-6a0d-264b01d7a36c
22501118,666,2026,4,2,22501118,75349ea6-9066-705e-dbdb-b6631118bc94
22501118,667,2026,4,2,22501118,3bd0decd-791a-b90b-2278-7961e0aba550
22501118,71,2026,4,2,22501118,5e61c0a2-853a-c3fa-b279-3aa2a74e1945
22501118,80,2026,4,2,22501118,390f7633-ddbe-ba7a-33a3-c3c0a91a361c
22501118,144,2026,4,2,22501118,005e40d8-6e3e-f468-2247-fec529f61782
22501118,161,2026,4,2,22501118,9ed96e13-6be2-85d2-18a4-0b1f17be124f
22501118,193,2026,4,2,22501118,5ff13574-5e9d-9e6c-f3ad-9c2a50aa665e
22501118,294,2026,4,2,22501118,7c6e7531-0658-5762-3959-48122706112e
22501118,348,2026,4,2,22501118,3fc012ea-6e62-5015-97a7-7c9e5541044d
22501118,394,2026,4,2,22501118,8c63fef2-1bea-18f7-c56a-c822f3455489
22501118,415,2026,4,2,22501118,e199eb03-8492-b4b0-a63d-bb8a96a640a5
22501118,497,2026,4,2,22501118,f8711a82-ab87-2242-189d-1288b9b6b945
22501118,511,2026,4,2,22501118,5815411e-ac74-b709-147a-7866c6005e7b
22501118,549,2026,4,2,22501118,09e5411a-009f-4032-13bb-f22866581f09
22501118,631,2026,4,2,22501118,18d78bc2-e75e-4eca-01fe-f25e6d4216e0
22501118,98,2026,4,2,22501118,99819aad-9c66-46a3-5d22-85a5c7816a47
22501118,102,2026,4,2,22501118,5a450b2a-ac36-eaf6-6a12-61d2b822d4e8
22501118,109,2026,4,2,22501118,dadf5910-dc10-acb2-cb7d-e0d24e3fc62f
22501118,111,2026,4,2,22501118,1d16cb19-0239-f9c1-05b4-b5253ea7494e
22501118,124,2026,4,2,22501118,5f4755c4-7bb2-6d57-85d6-1178a186c4bc
22501118,125,2026,4,2,22501118,a92318b9-388e-db0a-5867-26ac722496ae
22501118,13,2026,4,2,22501118,753ec960-6144-d356-7d74-af55e5c23c06
22501118,131,2026,4,2,22501118,0bb62427-c98b-de9a-ff46-144096c9775c
22501118,133,2026,4,2,22501118,d1d6fb54-1ee3-0dcd-58ca-2b54643c420c
22501118,150,2026,4,2,22501118,992409b5-965a-1c8a-f7ec-388fba442d8b
22501118,154,2026,4,2,22501118,5500c155-5f12-7c82-03fe-c13b6ece6d9b
22501118,155,2026,4,2,22501118,edfd2f04-39ce-e644-7668-aeba79ad5ae9
22501118,156,2026,4,2,22501118,2de85daf-c998-3fad-a975-d9e96c1ce22e
22501118,166,2026,4,2,22501118,57b39c38-fe6a-09b8-e328-60a8ee76684d
22501118,167,2026,4,2,22501118,4600b60a-797e-407f-9e78-cbdb465a8197
22501118,17,2026,4,2,22501118,556773a3-3cfe-cb45-3092-446307f7e382
22501118,177,2026,4,2,22501118,6ddf4578-7dc4-4606-3239-0463763c00cc
22501118,182,2026,4,2,22501118,64e2b031-adc1-0cf4-0d0b-a8ee34ab2b52
22501118,183,2026,4,2,22501118,fbd13284-0a34-4fd1-f9d4-5c856ddbcb90
22501118,189,2026,4,2,22501118,d19c05d6-b216-687c-53f8-54d2f255bc7e
22501118,19,2026,4,2,22501118,63c1b564-5b04-45e0-1f63-340edd84f43f
22501118,191,2026,4,2,22501118,f38fba74-a8ff-1bf9-8bd3-67e0f17541e9
22501118,196,2026,4,2,22501118,d969d2a7-aa6a-0320-8ad0-167d46c434ad
22501118,200,2026,4,2,22501118,8718d88b-debe-81c3-1207-2e3680541ede
22501118,202,2026,4,2,22501118,a5bdabe6-b8a0-d9f9-2311-933ca386accf
22501118,217,2026,4,2,22501118,ff62c7e8-be5c-fb9c-8907-7c4f7232f44c
22501118,218,2026,4,2,22501118,77dd77ed-0b66-5073-4bac-3959b6932674
22501118,227,2026,4,2,22501118,2b7877de-658d-9759-2296-a3586e14aa13
22501118,229,2026,4,2,22501118,9c08a180-74f1-f709-ad2b-46bd5f9b10f8
22501118,23,2026,4,2,22501118,0a7ebf46-d34c-26d8-0fe3-800e137b0ce0
22501118,238,2026,4,2,22501118,ea66b5b8-9828-20ee-dfed-fdae72dc0c56
22501118,240,2026,4,2,22501118,3030b1ff-f122-fd4b-6775-f64219b547f3
22501118,242,2026,4,2,22501118,db75ce49-8c5c-1551-5f85-554ecf415676
22501118,25,2026,4,2,22501118,08cd410d-79e8-6e36-601c-bd791a183a5f
22501118,26,2026,4,2,22501118,0e417a2f-e722-8ed1-2241-5257d1cfadd9
22501118,264,2026,4,2,22501118,142447e4-ce77-2ea6-0be1-663c8aaea785
22501118,266,2026,4,2,22501118,ca444474-8a6f-7c3d-42ea-0ffc6db499ec
22501118,271,2026,4,2,22501118,4e823f0c-9d91-702a-48ab-5a93fcda173a
22501118,277,2026,4,2,22501118,ab131a75-d8bd-0732-38d8-550c75eb64b4
22501118,28,2026,4,2,22501118,f47a3ab1-b908-d7f7-e162-7dc3028dd57c
22501118,287,2026,4,2,22501118,a6f8ca3c-0d08-4f16-25f1-6497a9897bb4
22501118,297,2026,4,2,22501118,3acac1ef-ed0c-f31d-5784-e45c3fdc32de
22501118,300,2026,4,2,22501118,12b89933-f486-adf6-2b7d-845227962dc9
22501118,311,2026,4,2,22501118,69e5f16c-19ea-3adb-0404-fa6603763d34
22501118,315,2026,4,2,22501118,52a087f1-c89f-2476-ec3d-fea2f3060e1b
22501118,33,2026,4,2,22501118,74cf97b4-8e12-96c4-d3bd-7d2a390792cb
22501118,331,2026,4,2,22501118,4d0db95d-c574-347b-831a-d103f2aebd50
22501118,335,2026,4,2,22501118,d49db2fa-e51c-4436-1c00-816cb43366f0
22501118,34,2026,4,2,22501118,8dc7a490-4be1-00b6-5db7-c7ac95f9f618
22501118,345,2026,4,2,22501118,e3f54ead-4f28-7df8-0037-480dd50ff997
22501118,351,2026,4,2,22501118,178d69c5-4dea-c127-5729-e3ff4ca29435
22501118,364,2026,4,2,22501118,9091a1a4-f647-4d52-109d-ed9a42410058
22501118,365,2026,4,2,22501118,49bb2a92-772d-9cbb-d2ad-91aa38cc84f6
22501118,373,2026,4,2,22501118,b99da0f7-4a54-6d13-dcf1-1ed9b708df51
22501118,375,2026,4,2,22501118,8100fb12-049d-554e-8355-26172a3320b2
22501118,380,2026,4,2,22501118,e5d5e671-cd02-cbe8-65b3-0cb7d0d4df6a
22501118,386,2026,4,2,22501118,2bfc10e2-30f4-3f35-115f-38021d012495
22501118,388,2026,4,2,22501118,f7b546d8-b519-04d9-f6b8-1e1540e48a81
22501118,390,2026,4,2,22501118,ee3e2fd2-1a87-d3e0-65ea-cfc5f7118984
22501118,397,2026,4,2,22501118,477fa47b-477c-013d-d787-a9cd10360786
22501118,399,2026,4,2,22501118,a7e81b67-1750-a614-1156-68c2b772eeb2
22501118,405,2026,4,2,22501118,ba172522-e1d6-4dff-af28-95386ed9b216
22501118,407,2026,4,2,22501118,95b44ff6-f56d-b855-43fd-de0b3965e054
22501118,414,2026,4,2,22501118,0768c46f-e1f8-d8c1-5563-22bea6842313
22501118,42,2026,4,2,22501118,3a0f4faf-ea0d-309e-3962-aa0b6fcae571
22501118,420,2026,4,2,22501118,34fe4df0-789f-2d5b-aba1-2a4f6244b5ea
22501118,421,2026,4,2,22501118,92c5ec38-5c57-120d-c307-81de6fc72f5a
22501118,429,2026,4,2,22501118,2e67f499-a071-5aa7-2fec-7caa31147c99
22501118,431,2026,4,2,22501118,931e1dd7-9d22-9225-d503-84a6cb0aeba4
22501118,434,2026,4,2,22501118,2c465bf1-8548-e301-2be1-bbc59b6091a2
22501118,437,2026,4,2,22501118,51cbb221-0a4b-5d09-9f1e-fa46b778ec3c
22501118,439,2026,4,2,22501118,6f5ac3e7-ead0-9ad0-22ee-8d7bc686f938
22501118,44,2026,4,2,22501118,88544d2e-f49e-80e5-519a-9fc77116437f
22501118,449,2026,4,2,22501118,971e8e84-4d81-631f-d374-19d57623ddfb
22501118,454,2026,4,2,22501118,b49fcba5-f17b-d8c1-3413-4b9af54e9374
22501118,46,2026,4,2,22501118,ae78564b-4a69-8cb6-fcaf-9474bcd680bf
22501118,484,2026,4,2,22501118,8a02e085-d9d2-e91e-1be8-efe39b064bff
22501118,486,2026,4,2,22501118,e341611f-d1d2-5dff-85b9-1d99f43a5ce0
22501118,487,2026,4,2,22501118,0275f685-8b4d-edf5-2533-aa5e65342913
22501118,49,2026,4,2,22501118,5c4ed23e-045a-07f2-81e1-22a21ab9538c
22501118,495,2026,4,2,22501118,ac09a91e-69a2-c9e7-44eb-3dbe2c5c604f
22501118,500,2026,4,2,22501118,3246c36d-2c40-260b-3c55-07a85ee28577
22501118,526,2026,4,2,22501118,c6e17b82-aa99-68e3-49a1-7e0c1d10c500
22501118,528,2026,4,2,22501118,2bed4672-f122-31de-d83e-4de94b009b67
22501118,540,2026,4,2,22501118,6af02ade-c4f6-4ea8-a3f9-a0e8e415973a
22501118,543,2026,4,2,22501118,974fc29e-1fef-5255-ca07-7b381853cd0f
22501118,56,2026,4,2,22501118,3bf704fe-0098-b62e-2ac7-2a4b7ad4162e
22501118,566,2026,4,2,22501118,c2c589d4-e257-eb26-e206-7256229574a2
22501118,569,2026,4,2,22501118,c2da4d3e-ffe0-aa48-d354-1c48e90af716
22501118,571,2026,4,2,22501118,3121b5e3-4462-4536-737c-46e964311eac
22501118,58,2026,4,2,22501118,f146500f-71da-bd66-c215-e8c8b71db7b5
22501118,595,2026,4,2,22501118,9a9f6100-94cd-ed9b-7b7c-ab61326ca5ed
22501118,600,2026,4,2,22501118,41c3cd42-9d0f-5a2f-c7ee-c1fc18a3f54b
22501118,602,2026,4,2,22501118,7ed1a0b4-6e18-2d5d-30b2-4fb2eb8c2e60
22501118,608,2026,4,2,22501118,f05b756a-5bf0-4c26-7636-45024f620657
22501118,611,2026,4,2,22501118,91bc5bb5-cde4-7ad2-4ca6-45c62634a8ba
22501118,620,2026,4,2,22501118,ceb3eea6-cdb4-2deb-5b04-b3c1273a4bc3
22501118,622,2026,4,2,22501118,250fbeee-2c99-9335-81bc-9f7ddad23261
22501118,625,2026,4,2,22501118,4fc9984e-2988-cca9-d53a-e79007572b68
22501118,636,2026,4,2,22501118,6e8efa51-3bce-5cf5-1282-993bf374143d
22501118,644,2026,4,2,22501118,2be4da1b-0ff9-ba87-adff-242eba81628d
22501118,65,2026,4,2,22501118,1183eae6-df39-b312-2d9f-ae4ac7e0cb7f
22501118,652,2026,4,2,22501118,1c88c984-716c-4fea-4a04-3a3270f735ca
22501118,669,2026,4,2,22501118,a52f5a92-59f3-0128-a66e-636976951c21
22501118,67,2026,4,2,22501118,12946d77-1a2a-b466-4d75-7d9bddf95832
22501118,679,2026,4,2,22501118,6e4bcce0-419a-e9e1-db33-731909b46807
22501118,681,2026,4,2,22501118,902d7d37-733b-7b73-93b0-a44b5a0dbd5b
22501118,693,2026,4,2,22501118,2653922d-616d-a9e3-a2ff-ddedcb784e31
22501118,73,2026,4,2,22501118,9d43ee81-42d5-5cc7-7b3b-6ca35949c521
22501118,75,2026,4,2,22501118,72a5ab30-2e2b-3089-2a76-dfe10ebae5f3
22501118,78,2026,4,2,22501118,d2aca873-dce0-434a-b026-0549490c5472
22501118,87,2026,4,2,22501118,926cde40-a5ea-9832-492d-37040362f914
22501118,91,2026,4,2,22501118,c88345d2-2848-924c-ac05-9b5c43a0537f
22501118,110,2026,4,2,22501118,ced888c7-12c2-5b98-a8ff-23f4ac943df7
22501118,112,2026,4,2,22501118,978ec0ce-82ca-6c31-b8f3-dc869c402094
22501118,126,2026,4,2,22501118,1ec893a6-bba6-6efb-6ef1-5f146f0b7cf0
22501118,132,2026,4,2,22501118,58d2bf40-f0c1-1f0b-ac85-8964cd349f64
22501118,134,2026,4,2,22501118,e394268e-60ed-d146-e6ff-6f14097ffef8
22501118,146,2026,4,2,22501118,6138e06b-30fd-7b25-e6ca-df65488fa183
22501118,151,2026,4,2,22501118,0693f56f-98aa-4ffb-220e-cf9483714b2a
22501118,157,2026,4,2,22501118,145096db-4c61-c594-ebef-4077d627719b
22501118,163,2026,4,2,22501118,39829ada-8d02-8c83-6e12-171a5e9d1206
22501118,168,2026,4,2,22501118,2d5eb4b3-b3e7-0da7-1580-a59c384032c6
22501118,178,2026,4,2,22501118,c6fe0c1e-5e45-65dd-60cf-f0999a1d122f
22501118,18,2026,4,2,22501118,d7a07a5f-5eeb-1bfc-db41-3d4b6aefd57b
22501118,184,2026,4,2,22501118,2d2bdbc6-c684-cc23-8e62-e5d7b279702a
22501118,190,2026,4,2,22501118,f28e406a-4320-c34e-323e-d51454395637
22501118,192,2026,4,2,22501118,8441d52f-f0f4-be4b-804e-816a4b5b8d30
22501118,195,2026,4,2,22501118,96418256-d57c-05e4-5733-065c2a8b200c
22501118,197,2026,4,2,22501118,2160b7b7-e58f-8c93-380d-5e3f9a5fcf08
22501118,201,2026,4,2,22501118,db4a4ec2-b4b7-e43d-d4f3-d007d1fd6762
22501118,203,2026,4,2,22501118,9268b2ac-0f6a-651f-6178-2d202ee50fe0
22501118,219,2026,4,2,22501118,ad1ec21b-cdb3-e99c-ba80-149fcd4d5fbb
22501118,228,2026,4,2,22501118,06808496-2e95-7256-ddb0-514d79c96a1f
22501118,230,2026,4,2,22501118,d372425b-b21a-999c-1e01-18086c928b45
22501118,239,2026,4,2,22501118,d2bae333-a5bc-8d52-4931-44e999aa0dda
22501118,24,2026,4,2,22501118,7e6cdbaf-1c5a-ecf3-65a1-ea5f5cc8d97e
22501118,241,2026,4,2,22501118,8faf0156-7fba-bf7c-9da3-2667d87def7c
22501118,243,2026,4,2,22501118,a44a2a95-06a3-65f3-3f49-1b839ee3e9be
22501118,265,2026,4,2,22501118,18fb1b42-0fe1-1ae0-9c94-4d5b7703ab3d
22501118,267,2026,4,2,22501118,69ffda0b-8db4-c963-a286-1c6d40b814df
22501118,27,2026,4,2,22501118,f8667086-f848-d69d-f5ce-6b2e7608c94b
22501118,288,2026,4,2,22501118,4460dfaa-3c84-da54-6bb7-0eeb303588b5
22501118,29,2026,4,2,22501118,34099003-b6b0-1967-6f69-0ced691d854f
22501118,296,2026,4,2,22501118,ca35232d-89d4-09d7-4876-9763a0ac2055
22501118,312,2026,4,2,22501118,331b092e-cd2d-a1ac-d396-6eba529cd513
22501118,316,2026,4,2,22501118,77efcc8c-fb9a-293f-9f96-ca0641c4aa9c
22501118,332,2026,4,2,22501118,3354b3c7-a137-8b35-208e-d8a667c3f25f
22501118,336,2026,4,2,22501118,1838ea00-3cfb-2155-570f-2701fc8612ac
22501118,346,2026,4,2,22501118,0a825e2f-a407-de72-c8ff-79dfcfc9a52e
22501118,350,2026,4,2,22501118,cbfca3fd-ab72-d7fa-5eb4-4ea818574f3d
22501118,352,2026,4,2,22501118,9b88e2d3-db1d-6019-27ef-0e70e3a755e8
22501118,366,2026,4,2,22501118,71f33399-1ea1-c27b-d241-2ca75c5d47f3
22501118,374,2026,4,2,22501118,cee8a842-c648-b545-e721-3b784afcae87
22501118,376,2026,4,2,22501118,50061e88-6e5e-d2e7-2bf1-8d97e9f5cd44
22501118,381,2026,4,2,22501118,6c12b1a6-5872-8f26-7412-47b8902e5bc5
22501118,387,2026,4,2,22501118,c1bbda18-5c11-9e01-032a-2bb74598b3e4
22501118,389,2026,4,2,22501118,d40cb10d-61dd-7f34-5a7a-98408446529e
22501118,391,2026,4,2,22501118,7541d601-9a94-3bbe-4504-6e1f5e78696c
22501118,396,2026,4,2,22501118,c82326cb-c3d4-6a87-435f-fac5c919254a
22501118,398,2026,4,2,22501118,7671f009-5a96-10f6-61aa-9a2156593a33
22501118,400,2026,4,2,22501118,aed2a597-b954-df96-7f66-85b3d0e64059
22501118,406,2026,4,2,22501118,f904eaa2-3784-2192-89d2-84654d6bb927
22501118,417,2026,4,2,22501118,a777711f-83c2-28e5-5953-30a9d2423679
22501118,422,2026,4,2,22501118,85858642-5943-759a-7b88-bdf84092032e
22501118,43,2026,4,2,22501118,92bbcb09-f356-6604-e08d-5e2f2a5c6ebf
22501118,430,2026,4,2,22501118,9997d021-e625-7dc3-5f6e-acd1f6e1c8ae
22501118,432,2026,4,2,22501118,1aba09f3-a0ce-388d-8727-6b13fd7329ff
22501118,435,2026,4,2,22501118,4a73d545-b67a-8344-c695-1b3c732e8168
22501118,438,2026,4,2,22501118,79dfd504-1ec6-c7ed-2ab4-22f4c73c4b4d
22501118,440,2026,4,2,22501118,bc2eb922-8912-ba8f-47ac-de6bfb46dde0
22501118,45,2026,4,2,22501118,add02edd-ce5a-7f2c-8682-eb589aa95802
22501118,455,2026,4,2,22501118,134162d0-a8ae-1f1c-bfd9-7b6780dc828e
22501118,479,2026,4,2,22501118,60561d3e-eb37-2fe1-75f7-a73c790c1b5f
22501118,485,2026,4,2,22501118,85991499-74a9-e81e-7367-f7b40da73287
22501118,488,2026,4,2,22501118,cd687ae2-9906-498b-025b-93270663d433
22501118,496,2026,4,2,22501118,a319b2df-bc7d-ca92-dc21-5d9b5f778513
22501118,499,2026,4,2,22501118,9597b695-b9c9-4c00-b600-295ffe106e6a
22501118,501,2026,4,2,22501118,36ff351a-740c-5247-c68d-b28dc877f551
22501118,513,2026,4,2,22501118,f65ae952-27ee-0c03-301e-c357aa6753e9
22501118,527,2026,4,2,22501118,70fde445-290b-29d6-7704-29403d663068
22501118,529,2026,4,2,22501118,249d1359-7441-152d-5fd6-e8bcb991dffb
22501118,544,2026,4,2,22501118,01cc69cd-a2c9-988f-7544-bbbe19336795
22501118,551,2026,4,2,22501118,b45107d4-8562-865e-b76b-2778547f661e
22501118,57,2026,4,2,22501118,1d79cf0d-c9eb-bfc5-8165-52ccf2cea177
22501118,570,2026,4,2,22501118,469ae2c4-9e87-d4b0-f9c3-d425de5c4ddf
22501118,572,2026,4,2,22501118,81e50e3d-f17a-00ff-c838-faec342d0223
22501118,59,2026,4,2,22501118,f8e451bc-b681-0d3c-1e31-3ef2b4e4028a
22501118,601,2026,4,2,22501118,15ae494a-acea-a147-19e5-7a81d6bffce4
22501118,621,2026,4,2,22501118,a5f58d81-1d72-0cb2-27a8-a0ff8063a9ce
22501118,633,2026,4,2,22501118,bb17d3fb-3e7a-f140-1286-36053001becd
22501118,637,2026,4,2,22501118,5ecff3a3-2c6e-9d22-68a6-4793bfb175ae
22501118,653,2026,4,2,22501118,1aaec415-e7e9-7e0a-9bcc-d006468df7f7
22501118,66,2026,4,2,22501118,00ce131a-9b93-f9cd-c52a-2410173c92cb
22501118,664,2026,4,2,22501118,ae566820-736b-4df4-17a7-efa699608f61
22501118,670,2026,4,2,22501118,8f0c9e63-a578-e884-7ced-68fe7df11e8a
22501118,680,2026,4,2,22501118,9472cf25-67f9-94d4-a673-1399c59fcc24
22501118,694,2026,4,2,22501118,99b3ac5d-3bdd-4ac2-5a41-c8b3ec821898
22501118,74,2026,4,2,22501118,4612bc9a-1be4-8457-597b-c3f48ce236a2
22501118,77,2026,4,2,22501118,d2042c0d-b673-f58d-b7db-c2890340ee74
22501118,79,2026,4,2,22501118,161daba8-66d9-5afa-14ab-5c5a24828b95
22501118,88,2026,4,2,22501118,915b1b49-23fc-47c2-ad35-260debf5d323
22501118,115,2026,4,2,22501118,49d04d77-0885-fc94-be48-5af9aa50301c
22501118,215,2026,4,2,22501118,409ac822-71ff-d293-3e29-03765d7d89d3
22501118,272,2026,4,2,22501118,719ee71d-d541-9baa-0c37-9aa066ac6af2
22501118,285,2026,4,2,22501118,48e08e58-88db-6a6f-09c5-41b9057bc9ed
22501118,367,2026,4,2,22501118,d94de99e-2639-4f79-7547-e9bf59be3dc5
22501118,441,2026,4,2,22501118,03fdf451-84cc-59c0-7a78-3cb722f69014
22501118,456,2026,4,2,22501118,3a7efec2-1f77-850c-72d9-9b680900335c
22501118,504,2026,4,2,22501118,373b36ae-08bb-1766-42f3-f9a4adfdc6af
22501118,530,2026,4,2,22501118,1f2578ff-c2dc-50bd-c494-19aba5bc887b
22501118,562,2026,4,2,22501118,94e44080-2e90-3972-c2a1-bd9de88bb35e
22501118,564,2026,4,2,22501118,043d5ca3-9a2e-933e-e9ca-350dc3eb46b5
22501118,573,2026,4,2,22501118,31ba26c0-9d7b-2701-bbad-eff025a3d4c4
22501118,593,2026,4,2,22501118,9a584142-6d59-f8b0-233a-b01df9193002
22501118,623,2026,4,2,22501118,d19f7fa3-1feb-36da-5ad2-3a1efd88baea
22501118,634,2026,4,2,22501118,6dce1b70-d23a-9976-3992-cbfb62186c99
22501118,650,2026,4,2,22501118,0043f8b7-082e-ba20-90d5-2fa89e549c04
22501118,671,2026,4,2,22501118,43ebdb05-f3d5-9a19-9c74-9b3284362e3f
22501118,696,2026,4,2,22501118,e21a056c-94a0-ab45-81c1-8dc2eff84d2b
22501118,83,2026,4,2,22501118,34da7fff-5172-cb6f-2c91-d6a3c4f12d05
22501118,85,2026,4,2,22501118,88195f8d-d417-034a-ac0a-a50e5380ef94
22501118,185,2026,4,2,22501118,09f3c000-f6ce-4c19-2ab3-4cc22c3d221d
22501118,22,2026,4,2,22501118,7ccf1e57-8664-378e-6203-33ad9e8ff72f
22501118,276,2026,4,2,22501118,6d03e393-9a2e-df41-695f-4c88c2cca8cc
22501118,30,2026,4,2,22501118,0c002d29-cb45-8fd9-bc15-8538365af97d
22501118,347,2026,4,2,22501118,8a0c0406-0426-a305-9099-41193f162723
22501118,371,2026,4,2,22501118,fb6b2cac-3087-d4c5-57b2-a6e67850dea3
22501118,379,2026,4,2,22501118,0a39de43-c106-14bf-1e88-6f282bfec590
22501118,418,2026,4,2,22501118,85974e16-3ef1-ba1c-9fd2-5a9703ef3d25
22501118,425,2026,4,2,22501118,5a101388-c356-c79e-e828-7896cfd54378
22501118,467,2026,4,2,22501118,e22a72fa-d7fc-0159-b6fd-6f9d044c221f
22501118,506,2026,4,2,22501118,69b54933-042f-7732-81e4-a931b1f4db71
22501118,649,2026,4,2,22501118,5e483f86-80a5-64a6-b0f7-55d093b7a519
22501119,102,2026,4,2,22501119,bd9734d0-6137-7d23-680e-5d907d7422e4
22501119,113,2026,4,2,22501119,c219b1b3-1c09-c287-b144-e32bd82d1509
22501119,115,2026,4,2,22501119,57a7f1ac-e9b8-8004-c4d7-f1e5c71810c3
22501119,119,2026,4,2,22501119,e93b8068-19a7-4957-f887-4df4708ff1a2
22501119,13,2026,4,2,22501119,00600104-df7c-8c92-c940-d9d20868fab6
22501119,136,2026,4,2,22501119,484f8681-1cfc-a01a-c85e-4b764d996df9
22501119,147,2026,4,2,22501119,4687fc9b-9e6b-6792-fb90-ac755d518ab9
22501119,149,2026,4,2,22501119,13ca1159-0663-d488-d7b7-09948bf10fd6
22501119,156,2026,4,2,22501119,b3f2053e-97b9-e549-8d49-a8375f4f63e7
22501119,177,2026,4,2,22501119,14f670ac-65bf-6a15-8d80-5b355c23f759
22501119,186,2026,4,2,22501119,f101273b-2739-0ea6-0641-a832e37cdf0d
22501119,203,2026,4,2,22501119,60d9c858-84c5-d4da-0f11-d7bff77ed6a2
22501119,208,2026,4,2,22501119,a48af5a9-79be-1cb1-60bc-e22f6653e401
22501119,237,2026,4,2,22501119,adc5416a-2ca0-a604-fb8c-cc276732264d
22501119,26,2026,4,2,22501119,3b963ee8-a47e-d383-6176-4fb71d552bbd
22501119,266,2026,4,2,22501119,e6e3ede7-930f-5a03-eae7-d7f7e8f9432f
22501119,302,2026,4,2,22501119,ffd308a5-44bd-85cb-7f12-db52c5db5b2f
22501119,31,2026,4,2,22501119,762859c3-83c0-035c-2d1d-d50b2d62a41b
22501119,310,2026,4,2,22501119,d1ba70df-8e92-c611-f69f-8f5e628ad666
22501119,320,2026,4,2,22501119,2c062eac-05a6-8f7d-44a4-c75e9b903987
22501119,33,2026,4,2,22501119,466a19a7-a55c-332f-2cb3-e1cf45573bb1
22501119,333,2026,4,2,22501119,5d7089f1-451b-aa1f-cd8c-04455a17c2ad
22501119,340,2026,4,2,22501119,37a81494-b651-3f3d-325a-912711fe44c2
22501119,346,2026,4,2,22501119,0034dade-4d94-9cab-7a41-e08c6a769566
22501119,361,2026,4,2,22501119,db1c0481-5937-2e6a-07ef-88cd6892e294
22501119,367,2026,4,2,22501119,823e2c15-a946-541b-a2a1-ddb4cdb1ab4d
22501119,377,2026,4,2,22501119,89ac1f39-1ae9-b255-58e7-7b88088cd316
22501119,390,2026,4,2,22501119,1d70d5c1-6007-2de7-f7e2-439a66aaae83
22501119,40,2026,4,2,22501119,2ea2d400-5eea-031c-2187-3d375baafd83
22501119,401,2026,4,2,22501119,735535d5-0ce3-e4c6-2313-669ee6c74fa3
22501119,413,2026,4,2,22501119,c7aab68d-0992-6782-8655-ac9dfee42b54
22501119,456,2026,4,2,22501119,1a23db51-4bed-b5d8-7333-38fe02591f7f
22501119,471,2026,4,2,22501119,8bc3f264-042d-2db5-3a5e-1c02f2e60839
22501119,510,2026,4,2,22501119,44f48419-f10b-9d44-e182-93ee62dbda3e
22501119,518,2026,4,2,22501119,960e087b-7acb-7163-92c0-10e22ce69533
22501119,531,2026,4,2,22501119,a567ea97-d2a8-4916-d0e6-53f0ab01a6e1
22501119,538,2026,4,2,22501119,fc9a0a6b-d4b5-0b0a-d16c-760d8fa64ebb
22501119,55,2026,4,2,22501119,0582bd90-abb8-d46f-f6bf-8891eb99e63d
22501119,556,2026,4,2,22501119,45887f36-88cf-c9b4-1bc7-fa22ed1de531
22501119,568,2026,4,2,22501119,f092cf3a-0b7e-c5ab-7724-2b55f4ae1899
22501119,577,2026,4,2,22501119,d38b089e-fbc2-c397-1bd4-338ac661521a
22501119,584,2026,4,2,22501119,2092b2a6-3bf0-0dc5-e7c5-302154eeabda
22501119,593,2026,4,2,22501119,550325e9-0304-303e-6fab-00dae57f3f4b
22501119,616,2026,4,2,22501119,a4f8ba41-10c2-0fae-40a5-199b6e560a01
22501119,619,2026,4,2,22501119,9a7548bf-d402-94df-6570-c2a52fe4ce99
22501119,654,2026,4,2,22501119,66ee2fbb-66ee-5057-b378-bedea6350d4c
22501119,66,2026,4,2,22501119,cfb5fa7d-baa3-13c1-cb81-c0a0d1f6fe01
22501119,7,2026,4,2,22501119,0dbae711-cb23-22ac-76c5-e582dfbd32f2
22501119,75,2026,4,2,22501119,0a042c4e-10f6-7d08-5c33-6d5d11f5fa20
22501119,87,2026,4,2,22501119,cdf38309-bf4c-dd88-8647-a285415c0594
22501119,145,2026,4,2,22501119,a3b0a325-c9b7-8cf5-6c08-4abdf416846d
22501119,415,2026,4,2,22501119,a0d64e6d-54f8-fd15-8f2d-7895a69f3f0a
22501119,528,2026,4,2,22501119,f9b7a287-e604-d443-55f4-cfafde96ace4
22501119,550,2026,4,2,22501119,e259d5e0-5cc3-8f17-af1e-3809267c1763
22501119,672,2026,4,2,22501119,bb288098-f117-501e-345c-b339a799f333
22501119,100,2026,4,2,22501119,841da38a-67cd-dd1c-9d85-7c43d7cdcac4
22501119,105,2026,4,2,22501119,1b0e015c-f600-39fd-164b-1dcd415e5f12
22501119,107,2026,4,2,22501119,bc285269-a77b-fd50-22fc-93d52d458e92
22501119,109,2026,4,2,22501119,b27fa910-d896-c2e0-60c1-cb9761c2af91
22501119,11,2026,4,2,22501119,6bb92e57-ac21-1364-d281-cff818dc0c92
22501119,117,2026,4,2,22501119,1e2ba2ac-136b-84d2-78f0-b13eebe1d20a
22501119,122,2026,4,2,22501119,6ddbe885-c292-9f88-d0b5-698d4f607707
22501119,124,2026,4,2,22501119,dfe9636c-c1da-b0d2-291e-2c9fda14bc5b
22501119,126,2026,4,2,22501119,7929dd2a-5d8b-5770-8f54-aa36ac3c2295
22501119,135,2026,4,2,22501119,288d4fb3-480e-5d5f-f3b0-77e3d05f44a6
22501119,153,2026,4,2,22501119,34cb8bc8-005e-5096-7f77-02188778ba4f
22501119,158,2026,4,2,22501119,84b18af5-1c17-b6df-e674-b7566913cbce
22501119,160,2026,4,2,22501119,e07cebd8-3a88-6931-fa6d-bbb2739268cb
22501119,164,2026,4,2,22501119,a0708532-31a7-9ad7-fd21-2692c10b5582
22501119,170,2026,4,2,22501119,693d8f1b-8d7b-5082-e550-dd4efe63c09b
22501119,172,2026,4,2,22501119,de54e5bd-87d0-bd0b-4394-6f2047632ce5
22501119,174,2026,4,2,22501119,aa86861d-1475-102b-8ecf-c8ef51b4616e
22501119,176,2026,4,2,22501119,6a6f8495-221f-f877-5ee5-f97f449ff263
22501119,179,2026,4,2,22501119,45d6f648-2a8d-6e6d-f31b-e7a29d668749
22501119,18,2026,4,2,22501119,d21ac080-ef50-2ff3-b5c1-cb62532cefc0
22501119,184,2026,4,2,22501119,3967b5be-64c4-59eb-66ba-f33c977320e5
22501119,188,2026,4,2,22501119,b3c120da-5ed3-edfb-774a-bce40feb28b8
22501119,20,2026,4,2,22501119,1e59d1c6-c4ec-d44a-3cf4-3586c4cb1588
22501119,205,2026,4,2,22501119,a6d81d98-de6f-2685-e312-6bffa5bdd201
22501119,209,2026,4,2,22501119,1c314dd8-2300-b1a3-7ff8-cfcb5ecea5e9
22501119,211,2026,4,2,22501119,dbc085c5-06f4-c504-435c-88ec23be1b3b
22501119,22,2026,4,2,22501119,323e5f0b-14df-ed60-363b-2cec83032f16
22501119,220,2026,4,2,22501119,a113fd65-a72b-4810-2b13-cb770e4b15b5
22501119,222,2026,4,2,22501119,3498126c-0096-941b-7a7e-065a21bbe86f
22501119,224,2026,4,2,22501119,ba7fd605-b27d-bd03-6961-2c2cbdb25423
22501119,233,2026,4,2,22501119,cee7edd2-2672-73bf-671b-575c5b749259
22501119,24,2026,4,2,22501119,43a99ebd-ece4-297e-993a-396b5ef6c229
22501119,240,2026,4,2,22501119,1da85345-9fac-fd79-a0e3-5f2c8ab69185
22501119,247,2026,4,2,22501119,b9fe6d0f-ebf1-955e-2c92-a8d7cf84f16b
22501119,25,2026,4,2,22501119,0090c557-6a1d-4e71-62b7-bc16df491582
22501119,254,2026,4,2,22501119,a0f75e64-3317-98e3-7e1b-28659ba38558
22501119,260,2026,4,2,22501119,0c0c4e76-964b-d749-a668-354397e5b50d
22501119,263,2026,4,2,22501119,db63c6c8-ac6a-339e-d73a-5ed474451403
22501119,268,2026,4,2,22501119,40e5dde0-f654-ac47-e465-97541b8a5613
22501119,270,2026,4,2,22501119,4c148ee3-b929-02ad-f895-f292685cfde5
22501119,273,2026,4,2,22501119,9549ba8d-29a4-5f1b-5e4f-f7b6eb0dce18
22501119,277,2026,4,2,22501119,df9b0668-a4e0-9123-7d4f-3904994a3b09
22501119,279,2026,4,2,22501119,635def61-fbdd-de4c-a7bf-4f398892897a
22501119,28,2026,4,2,22501119,84d47879-2b07-39e4-6ea3-febea9a0f73f
22501119,285,2026,4,2,22501119,7c510480-85ef-be47-bb10-9fec13f7edf5
22501119,287,2026,4,2,22501119,a7ce02e4-8f95-a1b7-dab8-c38c25cb16fe
22501119,297,2026,4,2,22501119,0a611e2a-ebca-a691-ca15-740aaae5d4a8
22501119,299,2026,4,2,22501119,f9b897c7-11a2-d498-a10c-efe39b47890f
22501119,304,2026,4,2,22501119,53ebd256-0b25-c4a7-6c0e-47b17c6167ba
22501119,318,2026,4,2,22501119,276969ac-8a34-1896-9024-926436657974
22501119,335,2026,4,2,22501119,8f8bd11d-9c3b-fe88-54a1-432896b7fd7c
22501119,342,2026,4,2,22501119,fc7b58e0-d9b8-f9a5-8e4f-33223e98681e
22501119,348,2026,4,2,22501119,2dc2aa83-32a8-cc52-8bcd-b4aa210c7f9d
22501119,35,2026,4,2,22501119,74f0cf96-0434-714b-b923-630e773ffcc9
22501119,355,2026,4,2,22501119,2a683ff8-a6f2-c79d-23a5-a0503011b330
22501119,357,2026,4,2,22501119,02d261d8-2912-8f17-3b8b-6fe8a3d5e6c4
22501119,359,2026,4,2,22501119,4de03c6e-97e5-2f34-9329-28dce30a125d
22501119,363,2026,4,2,22501119,7fb77942-da1c-72ac-f8d4-53c828948eaf
22501119,365,2026,4,2,22501119,716fa178-b309-8f05-29b5-ad217db429d9
22501119,37,2026,4,2,22501119,7af413c8-d6e9-7c29-30fd-a7c1a090d804
22501119,372,2026,4,2,22501119,a4a209d7-2187-396e-26b2-71e0b679153b
22501119,374,2026,4,2,22501119,189c95ed-38ff-e44c-4bb5-77b18340e859
22501119,376,2026,4,2,22501119,211d2281-823b-d771-1ad2-697710469603
22501119,379,2026,4,2,22501119,f797a6a4-cc89-2b13-9f2e-f052f8520177
22501119,386,2026,4,2,22501119,c5376f46-683f-8b93-ad1f-cf381c5610e8
22501119,388,2026,4,2,22501119,6e38c607-dde9-feb3-9248-4d18f808f039
22501119,39,2026,4,2,22501119,b5756187-ee53-578c-8739-4458ff4b17cc
22501119,392,2026,4,2,22501119,57a070ec-138b-72f7-d5ed-c4a4affaed1e
22501119,398,2026,4,2,22501119,644835c2-d899-9643-9fe2-38fe589c92f1
22501119,400,2026,4,2,22501119,a91fa0a7-2515-788e-5859-d5d7740b6e4d
22501119,403,2026,4,2,22501119,20c5b2bc-d520-d89f-7e13-3e15cca6bc8e
22501119,405,2026,4,2,22501119,0111b68e-7561-7d2f-3e77-47c598db5ef6
22501119,418,2026,4,2,22501119,a9cd9f77-472c-b540-55ef-3a3995b8ea44
22501119,42,2026,4,2,22501119,ded353e5-9e5c-81d7-3669-60aef29c9cdf
22501119,427,2026,4,2,22501119,e0b39bfb-867e-c487-b697-f27c64a0ba3f
22501119,43,2026,4,2,22501119,59d3dcfa-6808-627b-a2ec-06b33503bb8a
22501119,433,2026,4,2,22501119,bdc0c486-65e6-dc1b-cef4-f0751085f7ae
22501119,437,2026,4,2,22501119,ecdb3c3e-a45e-6e81-7f53-a96c6a01b07d
22501119,439,2026,4,2,22501119,67bcd028-9e56-e1a1-28e9-b9b4056dfdd6
22501119,45,2026,4,2,22501119,269cf2da-1f11-dd4b-e2ec-5bc0c0738987
22501119,452,2026,4,2,22501119,e20af85e-6d3e-1ec0-d60a-0fe7e0f746fd
22501119,454,2026,4,2,22501119,654beff3-cb94-ce18-47aa-b3598c756f59
22501119,459,2026,4,2,22501119,24533570-f41d-8bbe-da4b-2408ace23b0b
22501119,473,2026,4,2,22501119,ce300288-a399-8135-0ffc-02e5074d2789
22501119,475,2026,4,2,22501119,9fbc49e0-54dc-8b90-34fb-b132f23bb07c
22501119,481,2026,4,2,22501119,8a1bf1c1-edcb-a26e-76df-00f285f66577
22501119,483,2026,4,2,22501119,8b2a64c1-80af-7e31-7e14-bbf850c0aa0e
22501119,489,2026,4,2,22501119,f88a8e20-cad3-b54f-ff43-a987d5981b55
22501119,501,2026,4,2,22501119,081d3cf4-ab3d-364f-e3f6-0fd9e7ee09f5
22501119,502,2026,4,2,22501119,c40c592d-b38b-ee9f-771b-0afb182f4c0f
22501119,516,2026,4,2,22501119,46706ef6-197c-420f-ccb6-23ec67c943ad
22501119,520,2026,4,2,22501119,90261c55-7f77-e2d9-c88d-54e143388fe9
22501119,522,2026,4,2,22501119,31bca3f6-8b10-4176-71b2-9188f1eac9be
22501119,526,2026,4,2,22501119,788fd90e-fbf2-5e96-24bc-df51dda00407
22501119,537,2026,4,2,22501119,bffc02c5-98da-a7d1-db27-ed4ff8cb92d8
22501119,540,2026,4,2,22501119,8a93505a-7de6-12fe-15b1-1bd001a5342b
22501119,561,2026,4,2,22501119,e354837d-54a8-e963-9b1d-b761605c10cf
22501119,563,2026,4,2,22501119,a2f27f2c-d35e-e8f3-7356-c8ae08cfe026
22501119,565,2026,4,2,22501119,3dcd4205-fb87-b749-d01b-f1dca3c886e3
22501119,566,2026,4,2,22501119,000cb044-6f4e-0856-5853-4be90ba8a55b
22501119,575,2026,4,2,22501119,31554c43-1446-1ba3-b6c0-1fceff84de1f
22501119,579,2026,4,2,22501119,8d1f6ee7-38bc-05bd-34bb-5b6ab5abc73d
22501119,59,2026,4,2,22501119,1fc1254d-7da4-3101-1519-2fef9c478e0d
22501119,595,2026,4,2,22501119,44edf75d-48e6-e7d2-1523-8681cc182551
22501119,596,2026,4,2,22501119,4c127e15-c4ae-198a-a393-23efefff2cf6
22501119,599,2026,4,2,22501119,1a9582ea-1b9b-541c-3e82-87008ed70aba
22501119,61,2026,4,2,22501119,76f04f6f-92f5-d33e-69cc-50417c68ca9d
22501119,614,2026,4,2,22501119,76d9f9f5-9470-a1af-a92f-61b15efe3d6d
22501119,62,2026,4,2,22501119,422b789d-7a28-9d02-d4d0-7d88f4c3ec0f
22501119,623,2026,4,2,22501119,492f8f5d-cc49-7f81-9891-95191ea45dc8
22501119,625,2026,4,2,22501119,b6ec4ca5-4323-1941-8730-5666b55402d8
22501119,63,2026,4,2,22501119,baf09117-879a-6494-c985-a597cb36a7ef
22501119,630,2026,4,2,22501119,6f2d4bea-799d-e028-91db-c3c89b4cd960
22501119,631,2026,4,2,22501119,7cdd826e-2065-a3cf-c606-9bcda2f86574
22501119,644,2026,4,2,22501119,f6dde209-80f5-9723-9fe6-769dbefa230a
22501119,65,2026,4,2,22501119,66ab4ae1-1771-675b-58cc-c9f4ac5e973b
22501119,656,2026,4,2,22501119,e08b06a0-a877-90e2-969c-f12de46d84ca
22501119,658,2026,4,2,22501119,b2c103ef-1431-d2a1-73ea-4dfeef813a07
22501119,659,2026,4,2,22501119,51c3b696-76db-01c1-89e6-11817e4020d6
22501119,663,2026,4,2,22501119,4b2a4f6a-af31-f920-d5a1-b917067d2dfb
22501119,665,2026,4,2,22501119,827cc80c-4e28-2fea-b949-d87de08f73c5
22501119,670,2026,4,2,22501119,c7e024af-4e50-5bce-bfcc-ba89fdd7c326
22501119,68,2026,4,2,22501119,ff0fe6fa-b9fa-12b4-bb5c-9b67cd291def
22501119,9,2026,4,2,22501119,05ca3601-cdfd-b914-0447-3c92c46de2c1
22501119,93,2026,4,2,22501119,0ed654a0-7db7-6fbb-34bb-c125a1a7afbb
22501119,99,2026,4,2,22501119,934fed53-28d0-6f2e-31ea-a31bc9f17afe
22501119,10,2026,4,2,22501119,51d348fc-ff07-9cb3-926d-407913ca1f4a
22501119,101,2026,4,2,22501119,594ff856-064f-0add-27a7-682097b4307f
22501119,106,2026,4,2,22501119,f49fb738-13c6-edb2-3258-2e3f50974539
22501119,108,2026,4,2,22501119,bef84c7e-156a-73db-2ada-e62fc3688fca
22501119,110,2026,4,2,22501119,21a2a8e7-3773-7090-1eec-855bbdea72f7
22501119,118,2026,4,2,22501119,bd4636d8-12b3-65a4-9d14-df4c49bc76d5
22501119,12,2026,4,2,22501119,89f31151-2ebd-6720-5b6e-c0e0308e0cc5
22501119,123,2026,4,2,22501119,73e6c757-b623-3438-3aee-e25d6045d3ee
22501119,125,2026,4,2,22501119,e9c43e17-d197-dc34-8d90-e84f45db7261
22501119,127,2026,4,2,22501119,3c3c9727-ac91-2279-60ad-bce3ef8d0f88
22501119,132,2026,4,2,22501119,69b93c51-c0d8-34d7-4909-e3f30e58bfd9
22501119,146,2026,4,2,22501119,ecd77c31-60f6-9678-491d-306b11477ec9
22501119,159,2026,4,2,22501119,a75b3bf4-1a78-2fea-654f-5109f65e66e5
22501119,161,2026,4,2,22501119,9b3eb8da-3d90-82d7-c38d-72cdc63ef30f
22501119,171,2026,4,2,22501119,427533c2-5730-544e-5d75-73d627827f1f
22501119,175,2026,4,2,22501119,80a3d7b7-80b8-3069-bb2d-a3f6ed32725d
22501119,180,2026,4,2,22501119,aef0495f-905d-f5d0-5f10-506d5e7bb43a
22501119,185,2026,4,2,22501119,552b7966-e594-17a5-b902-ec7e20808ce5
22501119,189,2026,4,2,22501119,7d91cecf-573e-2203-d0bf-8151bdc39e10
22501119,19,2026,4,2,22501119,80354f4e-0aef-6fa2-5d67-8f6647b5e703
22501119,21,2026,4,2,22501119,ecfaa806-3da7-8930-d336-7613c16eb633
22501119,210,2026,4,2,22501119,b34d1252-0d8a-4077-74d6-837e0fe0c748
22501119,221,2026,4,2,22501119,ec9a205d-61df-ad7b-1a66-1232be2c8820
22501119,223,2026,4,2,22501119,e866123e-59e3-f93c-729f-57b6947f8b76
22501119,23,2026,4,2,22501119,fd1e3dd0-f8ef-fb0b-955f-81757ae29c98
22501119,234,2026,4,2,22501119,6a28dfb4-2857-0c35-f704-9ee1878de195
22501119,248,2026,4,2,22501119,60eee74d-5515-19bd-822b-f24fe2d78ea4
22501119,255,2026,4,2,22501119,69de3c17-0472-7088-6c55-7b363d2992ed
22501119,262,2026,4,2,22501119,2f711ea7-1615-f4a2-ae1a-ba2041fdeb90
22501119,264,2026,4,2,22501119,a5bcc4ec-0517-5ca8-5f76-7b9c4b8d79af
22501119,269,2026,4,2,22501119,79bde1ce-f336-1e80-fa79-90ee354c298b
22501119,278,2026,4,2,22501119,d3e71c4a-134c-e9bc-f13e-15a0397fc506
22501119,286,2026,4,2,22501119,3e80fc1b-24b5-b425-273e-1e6ba4132d2e
22501119,29,2026,4,2,22501119,d678c645-b7e9-c88e-681d-e3cb141647d0
22501119,294,2026,4,2,22501119,134b8568-0d3e-b7ba-743c-48e63989ef9a
22501119,298,2026,4,2,22501119,026476a8-c79d-6525-a826-e2f53bb00145
22501119,319,2026,4,2,22501119,b900671d-3bfd-7aac-4458-d7a9b540af34
22501119,336,2026,4,2,22501119,51b76ea1-f845-a2c2-44fe-02f86c0e7fe1
22501119,343,2026,4,2,22501119,b4132233-f126-69d5-d04f-8c329279e99a
22501119,349,2026,4,2,22501119,20aab7dd-6354-f3b0-1506-7cf345b95cff
22501119,354,2026,4,2,22501119,31079eaf-7bab-8a5f-06b4-f7a1dda14696
22501119,356,2026,4,2,22501119,e24bdf95-89b7-b6ac-31d6-d38b42c0bea3
22501119,358,2026,4,2,22501119,3a4a7103-31ff-a4fd-89e6-16ae90611681
22501119,36,2026,4,2,22501119,9a45df27-55de-c40d-694b-fbfd355dcdbb
22501119,360,2026,4,2,22501119,0ae0fee2-49a1-d9a0-0475-03b6172dc1b8
22501119,364,2026,4,2,22501119,869950fd-09e3-6363-f50a-59dadb1a8bbb
22501119,366,2026,4,2,22501119,e39cd8e6-d6c3-b4de-ae6b-21354fc32a77
22501119,373,2026,4,2,22501119,c698032c-98d9-38f9-a385-08d9c03ea7a9
22501119,38,2026,4,2,22501119,21835893-5a84-247f-48fe-336364a4d557
22501119,387,2026,4,2,22501119,f39ee3a7-5cbb-90af-7e4b-44951a4002c7
22501119,389,2026,4,2,22501119,86ce1168-bfb8-49eb-a176-2e44f70c6bd2
22501119,393,2026,4,2,22501119,c56f561a-b1d9-cb1c-c4c6-eb35ebe244a1
22501119,399,2026,4,2,22501119,1a2cce9e-0662-2c4b-38ae-6cc986907804
22501119,404,2026,4,2,22501119,83234522-4f17-409f-451b-8f1c8b872a42
22501119,406,2026,4,2,22501119,434f0321-cd96-b4d0-e085-42bdaca11458
22501119,417,2026,4,2,22501119,6df16a8c-6dab-28ae-ebb6-c9d8c0212c04
22501119,438,2026,4,2,22501119,d3b261e0-93fb-ca11-52ec-dbea14ee91df
22501119,44,2026,4,2,22501119,8c38b92e-42e4-b550-2120-f6627bd0e22b
22501119,440,2026,4,2,22501119,1683dddd-fffa-fa68-5579-791c0e80c0ef
22501119,455,2026,4,2,22501119,cf1efaba-9d23-e098-a079-b80a6058f9e0
22501119,46,2026,4,2,22501119,4af75685-5762-8892-ce4d-2a66e8625ccd
22501119,474,2026,4,2,22501119,343ae498-d8e4-645c-fe97-7e33d34552ac
22501119,482,2026,4,2,22501119,107ba07c-b20f-a853-7219-37ea3e8911df
22501119,484,2026,4,2,22501119,e6fb9b03-db06-9195-ed4a-1e9cf36d9b65
22501119,503,2026,4,2,22501119,d4c9076b-5723-0cc3-761b-2e73322124c7
22501119,517,2026,4,2,22501119,23bbe8bd-b4ce-9b8a-a65c-e9ce11ec0b33
22501119,521,2026,4,2,22501119,eced70fc-8ad0-0196-6187-cf8a9e2d22b5
22501119,527,2026,4,2,22501119,24bb8f3f-fee4-bd41-f3bf-5d4db5d00342
22501119,530,2026,4,2,22501119,c175b8d3-9336-f12d-0dce-ae02a10d9557
22501119,562,2026,4,2,22501119,a4f4de4d-4876-1166-05fc-fd39fa2c54b0
22501119,564,2026,4,2,22501119,90dccc04-1437-6955-b228-ef4e501b9212
22501119,567,2026,4,2,22501119,1d180fbc-315d-0ccc-b288-78181d340cd6
22501119,576,2026,4,2,22501119,5510f7e4-aec1-aaa3-97bb-25b508ac0d5d
22501119,597,2026,4,2,22501119,238402b2-4606-7d0c-9b6f-f7d248b38a58
22501119,60,2026,4,2,22501119,3e74c18e-fa45-41b1-8b19-66b1f51762d4
22501119,600,2026,4,2,22501119,c57066fc-eab7-cc5b-aa6f-807a43af9e8d
22501119,615,2026,4,2,22501119,45c1ec98-6e97-920a-0b7c-9bdc9a8e0c5b
22501119,624,2026,4,2,22501119,8001e2f7-93ea-fd2b-2536-25cd5a681054
22501119,632,2026,4,2,22501119,d60fd67e-0fa4-3266-4e40-ee2fbda544c2
22501119,64,2026,4,2,22501119,5b136f69-d9d2-d4d4-05f1-3a30992869ca
22501119,645,2026,4,2,22501119,2895e66e-0a05-26fc-a2da-f2976bfc366a
22501119,657,2026,4,2,22501119,53e86224-6b1f-0c40-33ff-9f75dc5171a5
22501119,660,2026,4,2,22501119,81f19d47-ed00-6b90-6f1f-a8149d5f727b
22501119,664,2026,4,2,22501119,b700380d-88bc-f041-ab19-be5bdc4ad2ee
22501119,671,2026,4,2,22501119,11627348-2c19-4d4f-d556-c0b74054b7ad
22501119,673,2026,4,2,22501119,8561f414-93f4-d0fb-a919-c38e39caffa2
22501119,111,2026,4,2,22501119,dcd0109e-24fb-9e42-e0f5-ba02af1ee7fc
22501119,151,2026,4,2,22501119,60189b8e-ca7b-cd79-0f55-a941b028aaad
22501119,154,2026,4,2,22501119,64951ef8-5a41-8140-82c9-1ccde34eee3e
22501119,162,2026,4,2,22501119,8e31748d-d56f-445e-3f8e-cdeb21f6a548
22501119,295,2026,4,2,22501119,ce17615e-6a42-0b8e-4293-8f7504056356
22501119,300,2026,4,2,22501119,f2f32316-349b-a259-8a2e-80e233f46f69
22501119,457,2026,4,2,22501119,5f88cb9b-6737-14c5-d3bf-7f9de6061ede
22501119,479,2026,4,2,22501119,5582a7c6-0c72-426b-435f-06e19d82051a
22501119,485,2026,4,2,22501119,d6aa471b-2483-bfb4-507e-0e0772f19d25
22501119,487,2026,4,2,22501119,3850c64e-1abc-c1c1-0324-87343f6cbb02
22501119,514,2026,4,2,22501119,2c2fe44e-0565-dcdf-3c32-07cf9653ab6c
22501119,524,2026,4,2,22501119,2f840ebf-c8c1-e670-f15d-012963c54f64
22501119,621,2026,4,2,22501119,c973a381-419b-841b-b777-d98663b1111e
22501119,646,2026,4,2,22501119,bdceab01-974c-c051-bb8c-a1593b6e7c7b
22501119,81,2026,4,2,22501119,d874d044-cb65-daad-005e-eb83512ac295
22501119,181,2026,4,2,22501119,e8b33031-ee9b-b9b7-29b6-591eab711d54
22501119,251,2026,4,2,22501119,88ee66fe-0f87-e240-8b0f-dbe315d1a813
22501119,30,2026,4,2,22501119,8927fa51-85e5-1b08-5d14-76d3b6be920e
22501119,337,2026,4,2,22501119,80f15950-f3c7-3570-9d48-e82962d35e3f
22501119,602,2026,4,2,22501119,20551ce7-5c58-cdeb-2951-d32f4c3e563b
22501119,635,2026,4,2,22501119,80be7f2b-e63d-e5d6-20ac-8ea9206baaa6
22501119,648,2026,4,2,22501119,7418913c-6e3a-ef1d-5915-9e1890092245
22501119,70,2026,4,2,22501119,ae07039f-574f-c3aa-6de9-2f1ba2414850
22501119,94,2026,4,2,22501119,bedec97e-9f39-c690-4f1a-d6ae61a279ef
22501120,105,2026,4,3,22501120,f669c7e8-9dff-2032-d855-674d4e804259
22501120,109,2026,4,3,22501120,33e197ec-fcb4-9072-52f0-72bfd9556501
22501120,11,2026,4,3,22501120,a4348e48-870b-c191-af43-7c616122a093
22501120,114,2026,4,3,22501120,51bf5ecf-1295-48b2-2431-6c96611ac2f1
22501120,13,2026,4,3,22501120,a09c4a63-0d6f-af0c-ce1d-2a771b090985
22501120,137,2026,4,3,22501120,45704aab-c2f5-ac34-58bc-d1017ca0a563
22501120,149,2026,4,3,22501120,ce6c9efa-9b11-9b00-8ddd-7c8324874e6c
22501120,155,2026,4,3,22501120,632c3890-604f-d2a2-0830-a37873d6ae78
22501120,168,2026,4,3,22501120,2fab390a-5bd4-6410-4bbc-dc062d3a100c
22501120,207,2026,4,3,22501120,b269ccfd-c259-40e8-235a-9d2fff4d2a8f
22501120,225,2026,4,3,22501120,4b0161f8-29c1-9a1f-a243-0572ae7fc1db
22501120,257,2026,4,3,22501120,fd7dcc23-f723-9158-c634-c52d1a1309b4
22501120,26,2026,4,3,22501120,743534c8-9938-6647-d3e6-c41a3efed158
22501120,275,2026,4,3,22501120,a19590e7-777d-1338-e660-4a1c15ea275c
22501120,28,2026,4,3,22501120,b03ef214-dc0a-1ef0-a3d0-7b448ab06224
22501120,291,2026,4,3,22501120,95bfd7aa-2738-dc08-40fe-67d5ee0e26da
22501120,30,2026,4,3,22501120,8acb5ce3-4410-68ec-7914-e879755caf98
22501120,306,2026,4,3,22501120,7773af58-ef1d-b544-a135-31c15d113ada
22501120,308,2026,4,3,22501120,ef205fae-2bc1-f3a4-6471-11003f0896b5
22501120,317,2026,4,3,22501120,13045a8c-1d58-db60-5088-ae49ffb859ac
22501120,319,2026,4,3,22501120,216ed37d-11e1-b8d9-d876-030005a81676
22501120,321,2026,4,3,22501120,f6498105-06ee-f085-88ef-9c728a400e4b
22501120,338,2026,4,3,22501120,57a11151-b7f1-5661-3581-740ce2a42d60
22501120,351,2026,4,3,22501120,f7dcaced-0f57-55ef-b6f7-342f56a359ce
22501120,356,2026,4,3,22501120,fef47e0d-0071-17ea-3429-68e143eb3d81
22501120,36,2026,4,3,22501120,8d2903b7-174f-82ae-73b9-10f781851b9f
22501120,376,2026,4,3,22501120,9d472fb2-5e56-93f5-75f1-71339855f741
22501120,38,2026,4,3,22501120,0e594773-a92f-519b-b7ca-484b4334efa9
22501120,393,2026,4,3,22501120,a28b307a-29f3-aef9-1cae-99075a80327f
22501120,406,2026,4,3,22501120,69e06b64-90c7-df0c-cc81-2d132ec5a34c
22501120,408,2026,4,3,22501120,239ae3b1-dba1-d245-4bb1-647587500d86
22501120,419,2026,4,3,22501120,f46a1e80-c4f8-04f9-c8d4-6af9c7a1d373
22501120,42,2026,4,3,22501120,2d5f9a92-80d5-8b32-96ff-e254e7c7f811
22501120,421,2026,4,3,22501120,e9132f5f-f46f-5988-8f29-370daef6c30a
22501120,432,2026,4,3,22501120,703656b9-fc1d-5441-b8cf-f8fc859e50d8
22501120,434,2026,4,3,22501120,004fce46-0a18-e1b6-682b-f27f7a8b4295
22501120,454,2026,4,3,22501120,9d4b6f34-f18b-5443-eaff-a8d1e1394524
22501120,473,2026,4,3,22501120,ae8c4a87-9019-c2bb-ce99-61dc09bdaf5c
22501120,486,2026,4,3,22501120,b80ba600-1673-0fe0-6e53-0a4286e087ce
22501120,494,2026,4,3,22501120,34972312-4ec8-206f-4c2c-da3bb64012a6
22501120,510,2026,4,3,22501120,0ea7debd-44cf-8f40-552e-e4e19e2524dd
22501120,519,2026,4,3,22501120,7f9c94a1-bd5a-616c-dea3-8740179721ea
22501120,521,2026,4,3,22501120,03865f42-dff9-08d2-9e7f-6156ed0f92b4
22501120,536,2026,4,3,22501120,dcf190a8-e082-d7d7-dfa1-a25d6248121d
22501120,548,2026,4,3,22501120,85bf32e8-0789-5a96-ddc5-ed21b2d644fa
22501120,559,2026,4,3,22501120,8f517206-7855-4ed7-14eb-053c763342d2
22501120,563,2026,4,3,22501120,518b40c2-8572-acc8-729f-996a60fa3b5f
22501120,585,2026,4,3,22501120,115a7008-efd1-fb71-5244-70f325fcc709
22501120,589,2026,4,3,22501120,d8c77222-d4ef-35ae-db7c-2700ce0be490
22501120,602,2026,4,3,22501120,11278192-cedc-3f1f-e161-a57e3c71ddd5
22501120,610,2026,4,3,22501120,e985f2a4-6125-4f55-f16d-05a9ea62a7a4
22501120,621,2026,4,3,22501120,f3c05973-4472-100a-d48c-4eee1746576b
22501120,628,2026,4,3,22501120,f51b394a-9cac-4434-8c55-a40992244f08
22501120,647,2026,4,3,22501120,726d7552-0d83-3236-0225-6422dc0819ca
22501120,654,2026,4,3,22501120,d01d4ecd-b534-aaaa-0a32-ef100f76b886
22501120,656,2026,4,3,22501120,6b489ce2-f48e-26f9-65ab-9bbe04173675
22501120,663,2026,4,3,22501120,feecc3ca-9dab-7173-673d-c2da5245a368
22501120,673,2026,4,3,22501120,fa26acef-ad92-ea7e-86a9-669ad9fed4ef
22501120,69,2026,4,3,22501120,0e61220b-adb6-43aa-0795-5ab40f22e0c8
22501120,7,2026,4,3,22501120,54c8f2e5-ee7e-669e-b28f-9b7538da7da0
22501120,163,2026,4,3,22501120,e9c15bea-0c63-d593-b16e-a590f522f193
22501120,21,2026,4,3,22501120,20e632e0-297b-e791-8521-24a4c5364168
22501120,239,2026,4,3,22501120,9086c33e-7739-f491-02c7-17838baec342
22501120,353,2026,4,3,22501120,1e4e90bd-9c39-0724-2af4-a07301d7204f
22501120,361,2026,4,3,22501120,ea932d63-2d4b-dab6-3663-d08df19474a7
22501120,401,2026,4,3,22501120,ba6b6616-bcc5-ead4-28cd-23519a086c5c
22501120,567,2026,4,3,22501120,9d8d620a-7f04-71f6-2c9b-82298f6967a4
22501120,660,2026,4,3,22501120,d034692b-5f9b-2d37-d5dd-0668cc664ed2
22501120,107,2026,4,3,22501120,cc0bc8d7-f346-a809-50b4-484ffe792042
22501120,119,2026,4,3,22501120,532d3d10-d415-6574-07bf-8234caf09c59
22501120,122,2026,4,3,22501120,8bfadd58-0caa-7aae-9947-024259e50f10
22501120,128,2026,4,3,22501120,50fadfaa-e23e-e818-591b-8cf078a3f933
22501120,129,2026,4,3,22501120,c545b577-6f2d-d1a4-676d-5fddc571e2f8
22501120,131,2026,4,3,22501120,8634305c-66f2-7e1d-6b8f-c3c2c582cd05
22501120,133,2026,4,3,22501120,98ee014c-9cb5-9a56-5bdc-6983a4b4a8aa
22501120,145,2026,4,3,22501120,e6d5677a-cd19-87ff-935f-4084325e2991
22501120,147,2026,4,3,22501120,1c1e81f1-fb1d-d266-77f9-5d13e7cf4665
22501120,153,2026,4,3,22501120,a172cce5-48c6-031a-033b-8100fce68e6b
22501120,17,2026,4,3,22501120,d314a623-52fa-9c4f-ff63-c9e87f128b09
22501120,179,2026,4,3,22501120,16e8b222-1f3e-fcfd-f450-eed20a823aaf
22501120,181,2026,4,3,22501120,ab0ba64b-a9fe-5744-9783-fc61e12b7f30
22501120,187,2026,4,3,22501120,75741721-58cb-cd86-4fed-214caff268c9
22501120,189,2026,4,3,22501120,b5e8e7cc-b3a5-c440-6eea-bfd91a6972d0
22501120,19,2026,4,3,22501120,28e46ff4-3c72-d0c9-d782-ece8bc2085fd
22501120,206,2026,4,3,22501120,eb343aff-3c29-a4f3-8ee5-8bc1f58f2a3e
22501120,209,2026,4,3,22501120,8313b71a-6280-e7f8-0534-9b84bc47e4dc
22501120,210,2026,4,3,22501120,6ab1efc2-6823-8518-ede5-e8ee127d87f6
22501120,212,2026,4,3,22501120,390f6076-4757-7fb1-2c00-5e26ea43bae7
22501120,221,2026,4,3,22501120,4b65b6a6-a53d-be5e-83e2-8b951de79bae
22501120,223,2026,4,3,22501120,16f96662-819e-0abd-57a0-dd485dce03ac
22501120,230,2026,4,3,22501120,77c2ea31-75f7-d44b-45f5-32527b6f938a
22501120,233,2026,4,3,22501120,89e68e0a-86ef-51ad-5226-8298a06fc59a
22501120,235,2026,4,3,22501120,b32b0470-02c9-514a-fb5b-1ece4ebc6db5
22501120,242,2026,4,3,22501120,ca14c460-8aaf-2007-c9db-df256d9836f5
22501120,259,2026,4,3,22501120,3ab81ad1-c636-ef39-52a4-fa7f3a21bd58
22501120,261,2026,4,3,22501120,997cd41f-499d-bd46-b367-79e6285ffa9f
22501120,263,2026,4,3,22501120,262f9abc-eb2d-d173-8e0a-e6371e9f85ec
22501120,272,2026,4,3,22501120,c4321a3b-e697-cd1f-517e-db8bce50ec43
22501120,274,2026,4,3,22501120,9fef231e-8a1c-eff7-ee23-4266e1c9f967
22501120,277,2026,4,3,22501120,829138d6-2408-6e37-8205-486c3448113a
22501120,293,2026,4,3,22501120,a74f8199-7725-e1ed-b2aa-17971fd89c10
22501120,295,2026,4,3,22501120,1298c164-71b5-3a46-e6b6-0c7456059290
22501120,297,2026,4,3,22501120,7ac37456-3d48-237e-f928-e5a1e80410e1
22501120,299,2026,4,3,22501120,0d629140-2024-3200-6102-398981a8b4e9
22501120,300,2026,4,3,22501120,673bd42a-ec52-651a-727b-a81336e8624a
22501120,304,2026,4,3,22501120,b9a59403-70ee-cb6d-fca8-c0da1c45d0d7
22501120,310,2026,4,3,22501120,0bbc8760-ab92-a05a-a761-fd82d384c8bb
22501120,312,2026,4,3,22501120,3d9ae186-8ca4-6d28-7207-6d8730410c18
22501120,314,2026,4,3,22501120,6810457c-ab27-4b7d-cf30-efb3530cd306
22501120,315,2026,4,3,22501120,974fd804-b447-efd7-586e-e7f0e7ddb595
22501120,32,2026,4,3,22501120,4a81b741-aefa-c110-63fe-73ba2f0e6107
22501120,323,2026,4,3,22501120,1fc45012-6fbc-c3ec-98aa-4cd3d2a5c585
22501120,325,2026,4,3,22501120,8b791a64-1d11-ae2c-823e-8ec5b8a625a7
22501120,34,2026,4,3,22501120,08a5f8e8-e201-817e-7718-06f007714ce3
22501120,340,2026,4,3,22501120,222c3b40-534e-832b-35c0-1e35546f7eb1
22501120,341,2026,4,3,22501120,5c0c6a50-bb9a-8fdd-bdce-10d210c337ec
22501120,343,2026,4,3,22501120,5f11f828-1f57-ae0b-57de-c525ec604a71
22501120,345,2026,4,3,22501120,3599bc50-768e-7692-3591-1b901cf1d31c
22501120,347,2026,4,3,22501120,53fbc1ad-99f8-527f-ee5d-299253b1c7df
22501120,349,2026,4,3,22501120,d90e6f20-d43b-6942-f15f-de422350e5be
22501120,350,2026,4,3,22501120,04ef769c-4a19-9413-fb10-5e8dbb7822f9
22501120,378,2026,4,3,22501120,d8bf8a3d-5fd4-67f2-a446-7d8a054ae6ce
22501120,379,2026,4,3,22501120,d66e3e68-b831-e9d4-262f-69feb7d1da2d
22501120,380,2026,4,3,22501120,feebe83c-bcbb-37fc-12d4-29c446fc3798
22501120,389,2026,4,3,22501120,8a8fee3f-8fd4-5347-8e45-2ca4761db927
22501120,395,2026,4,3,22501120,3edfc29c-c565-7761-386b-02f5dbd0f956
22501120,40,2026,4,3,22501120,e70b2c86-abc8-312c-ba16-8d499f5462b5
22501120,404,2026,4,3,22501120,336ad7d2-4e5b-32a4-6c73-d897e6eec411
22501120,407,2026,4,3,22501120,de1a2fe5-74ab-599a-062c-8c1b31890608
22501120,410,2026,4,3,22501120,2f6ce70e-5d38-8d1c-70ec-02723a2db1e9
22501120,413,2026,4,3,22501120,e1f85439-c1af-01a7-d2ee-79e5bee428a8
22501120,415,2026,4,3,22501120,80656a24-46c9-b914-c177-9a58d1bbe499
22501120,417,2026,4,3,22501120,cec6b729-19b9-f1a7-f459-d70000489562
22501120,438,2026,4,3,22501120,11a95193-f0f3-c716-6db8-97fbf795aada
22501120,44,2026,4,3,22501120,f7b79d68-fbbf-484a-eb58-56f22fbadde8
22501120,440,2026,4,3,22501120,866af3df-64b0-26e2-f08c-0d66bce0c89c
22501120,456,2026,4,3,22501120,d1604314-5734-42f2-9e07-f5ef6062939a
22501120,458,2026,4,3,22501120,8b76af57-0620-4293-1714-919cf893bdb6
22501120,46,2026,4,3,22501120,2a237cd9-d2bd-3390-9303-faf3ec13d892
22501120,467,2026,4,3,22501120,d0ab382e-ac05-da43-814d-39a938adbeea
22501120,472,2026,4,3,22501120,aef828a5-8e27-7a35-f3ed-d1a94112dec9
22501120,475,2026,4,3,22501120,3f2a28a6-994a-d2bd-b8f6-3243f89b2079
22501120,477,2026,4,3,22501120,9577e78d-3482-79d5-7917-6d738dd3b379
22501120,479,2026,4,3,22501120,c910349c-e4c9-cfb5-7c7d-4ddedbba3256
22501120,48,2026,4,3,22501120,fa0b2996-d330-bf97-a9bb-fd25fdfae62e
22501120,480,2026,4,3,22501120,5187f077-6d58-6b94-5e74-0004953ffbf3
22501120,488,2026,4,3,22501120,a5bdab61-5762-ea0d-ac3d-87ab56951ecd
22501120,490,2026,4,3,22501120,2a62b791-df46-22e9-bba9-beeb44f85510
22501120,492,2026,4,3,22501120,acf8b622-b4d8-7186-281b-3e34921f983e
22501120,496,2026,4,3,22501120,e753e6b2-f98e-64fc-5d6e-9ce3e8df8762
22501120,50,2026,4,3,22501120,1ab91c36-3161-9bb7-80a3-446dfd6d22d3
22501120,512,2026,4,3,22501120,7bf23331-28f4-a48b-50f4-811f96f27235
22501120,517,2026,4,3,22501120,2deaf592-7da8-c122-26e3-d607cfd818d1
22501120,52,2026,4,3,22501120,f45b8fc6-b268-ddad-c2b1-109710083353
22501120,523,2026,4,3,22501120,8ef6df37-deda-5f86-2f80-c3b5208f1c54
22501120,53,2026,4,3,22501120,25c8b41f-b3be-5ca1-f7e7-aee97a35a14a
22501120,538,2026,4,3,22501120,8f1f2233-b811-a061-19cc-6566be00992a
22501120,540,2026,4,3,22501120,8f321a9f-9b3e-66cd-ce18-5fc988afd118
22501120,542,2026,4,3,22501120,40b93523-3d39-b819-51ac-259e5494da7b
22501120,543,2026,4,3,22501120,686a3851-2499-4545-7259-b1b60879a2f1
22501120,544,2026,4,3,22501120,b4cec6b0-89b2-6928-5ca0-5b7ace98edca
22501120,546,2026,4,3,22501120,a8a5a14d-133f-d4f5-49ea-e01b55725de4
22501120,55,2026,4,3,22501120,fd1a6740-b456-d09f-bb63-c7d312e7344e
22501120,555,2026,4,3,22501120,c713d27f-c1f2-e2dc-db9d-465326a353be
22501120,565,2026,4,3,22501120,54a5eff6-d6de-4bb0-484e-a0952df4831f
22501120,566,2026,4,3,22501120,dce33c85-3666-6889-72ef-e961c819ba8d
22501120,570,2026,4,3,22501120,35acebaa-d767-2345-5c74-78ec788c3175
22501120,587,2026,4,3,22501120,ad108d51-b36b-31bb-e506-789e0562bf90
22501120,596,2026,4,3,22501120,22b1df1b-9d3b-a5e2-5432-ea2ed3bd22e8
22501120,604,2026,4,3,22501120,0b42a0d8-05c4-c987-c2ed-83f7ef3d6b0a
22501120,606,2026,4,3,22501120,99f328cd-ae5d-beff-cc00-c700618458b8
22501120,612,2026,4,3,22501120,db047701-cd3c-047b-19ad-4aab4eca0e0e
22501120,614,2026,4,3,22501120,14bdcb8b-c801-3d04-9c46-b700693b8e0a
22501120,620,2026,4,3,22501120,5a2e177d-d2de-d53d-9bf9-f6db92faa658
22501120,626,2026,4,3,22501120,4a7dffd4-edb5-250b-2975-15d73d709bd8
22501120,630,2026,4,3,22501120,fc86c6a0-c9a5-cec1-350e-e6cefb4311b5
22501120,631,2026,4,3,22501120,c879c944-ddee-f568-2e95-d49011da3685
22501120,643,2026,4,3,22501120,0705beac-42c8-1bc2-5070-05aabeaed5ee
22501120,645,2026,4,3,22501120,6e14440a-cdc4-6d62-263a-8ffb7f8a4324
22501120,658,2026,4,3,22501120,4cac1742-1efc-e04e-d274-d2c957106133
22501120,669,2026,4,3,22501120,12d174bb-425b-fbfe-5638-a7e0353e3c0a
22501120,671,2026,4,3,22501120,33d6f339-5c6f-0627-7dc1-ab15287a9ce4
22501120,675,2026,4,3,22501120,92e6c855-8cab-50d5-cbef-45258ed99fcf
22501120,71,2026,4,3,22501120,db4aac58-2de6-4569-a6a4-32d6e5c48dc9
22501120,79,2026,4,3,22501120,0c2d45e8-703e-4465-b859-d46a4a99b59a
22501120,81,2026,4,3,22501120,db8e6a91-1583-823b-916b-374992b13f24
22501120,93,2026,4,3,22501120,a029fa6e-ed94-6467-15db-6ead512a6b6f
22501120,95,2026,4,3,22501120,d390723b-b426-f879-6d2f-22e6bbb97d12
22501120,97,2026,4,3,22501120,a4f6222b-b101-a3ed-8378-12ce5caa14bb
22501120,108,2026,4,3,22501120,447e5ce4-4570-79a4-6c7c-45c9ebc40b1f
22501120,120,2026,4,3,22501120,4bdb56af-8371-94af-970d-5a15d6133608
22501120,123,2026,4,3,22501120,42e7291e-9436-6949-8167-6dd79eb9376f
22501120,130,2026,4,3,22501120,f883cf15-82ab-d3e2-f2eb-74d0b5e75c46
22501120,132,2026,4,3,22501120,d2c9e097-1137-1240-7c1b-007325ead40d
22501120,134,2026,4,3,22501120,c9ca08ef-1b9c-db85-7563-f555f9142b99
22501120,146,2026,4,3,22501120,8d3b43a1-ac2e-62e5-b822-c03aa74b468b
22501120,148,2026,4,3,22501120,4bc57f37-707e-5e50-27fa-de868c0db44b
22501120,154,2026,4,3,22501120,73214291-3a7b-6930-e01a-a3a574dea50e
22501120,18,2026,4,3,22501120,0981932e-3639-d495-edcb-7f18457d5aaa
22501120,180,2026,4,3,22501120,808efab7-2a10-ec67-6643-be0364c7a394
22501120,182,2026,4,3,22501120,182cf7f2-0cc8-d3fd-8130-f9361d51da5a
22501120,188,2026,4,3,22501120,3b3f94ba-67f5-8c08-372e-46df8183d538
22501120,20,2026,4,3,22501120,42a256e6-1e16-36e6-4ba2-51becce11476
22501120,213,2026,4,3,22501120,25bccb70-c85b-c504-ef2e-adc1aa5c19c7
22501120,222,2026,4,3,22501120,578755b3-df4a-d41b-b50e-239744ec16a1
22501120,224,2026,4,3,22501120,aacedb27-7c00-c458-a2b0-b84b29fc443c
22501120,23,2026,4,3,22501120,8fe191b2-d9b9-7ab5-740c-12ee4ad3dda2
22501120,234,2026,4,3,22501120,3f000508-4597-2781-784c-7135d359b5a1
22501120,236,2026,4,3,22501120,892403a7-c2dc-0130-8184-889da62807ed
22501120,241,2026,4,3,22501120,b5998757-9d12-6246-c216-dcc9861b4edc
22501120,248,2026,4,3,22501120,0eb34441-46d3-ec72-89a0-5581b13d5ffa
22501120,260,2026,4,3,22501120,0a3444f6-3a53-aba7-3c72-1f0466bcdda0
22501120,262,2026,4,3,22501120,05ae5dc0-2547-a977-7199-0724fa8c73c4
22501120,264,2026,4,3,22501120,7bd8e7de-5242-9b5c-f9d9-8bba8e010a21
22501120,273,2026,4,3,22501120,8f6ffe09-c744-3fca-cb64-6d488e813036
22501120,278,2026,4,3,22501120,72e2f7db-1224-9624-9478-83477d90fa65
22501120,290,2026,4,3,22501120,4edb6af2-e881-bfd5-f7d0-133768a5e8d8
22501120,294,2026,4,3,22501120,2215cd12-a676-3f77-3797-59f27113b161
22501120,296,2026,4,3,22501120,e06a8eda-b97c-f280-595a-969f56952299
22501120,298,2026,4,3,22501120,6e951d95-e8e8-addc-6b3c-f8058c28592c
22501120,301,2026,4,3,22501120,0c931dce-0c9a-a625-8fd0-34cf8e66cd21
22501120,305,2026,4,3,22501120,9bbc9619-d62e-8321-fbe5-5135ee2de317
22501120,311,2026,4,3,22501120,acf7d802-60c7-521d-aba1-dbb67a159b0b
22501120,313,2026,4,3,22501120,ef304c9d-f6c9-062e-e4fb-6a2872c5566c
22501120,316,2026,4,3,22501120,ef60c436-c61f-a433-9de5-55f79a63f23b
22501120,324,2026,4,3,22501120,1abdf112-4ad8-47b7-85ec-5ee3191f0996
22501120,326,2026,4,3,22501120,66a60e7c-c6d0-ea24-9abc-e0d58f0e4d4d
22501120,33,2026,4,3,22501120,f7d3ae92-e426-a610-6211-181e394087a6
22501120,342,2026,4,3,22501120,4824c5cb-9cfd-d463-c1e6-ae227536422d
22501120,344,2026,4,3,22501120,b0d82e59-30c8-8fbe-42d7-fa2a8572bd99
22501120,346,2026,4,3,22501120,f4bad0b2-0979-5ddc-a089-fb8746d00222
22501120,348,2026,4,3,22501120,57886500-3f26-12c9-da6d-25ee6d9dabd2
22501120,35,2026,4,3,22501120,495e28fc-aae6-0ef8-c265-eaba448bbfff
22501120,355,2026,4,3,22501120,a8b56a77-c2ed-2806-be61-7086515bada0
22501120,363,2026,4,3,22501120,d2e03692-5463-4f24-7dfd-23a40dd44103
22501120,388,2026,4,3,22501120,974bbb9c-97fa-07bb-eb2b-2bef136f381a
22501120,403,2026,4,3,22501120,c482b4e1-5a2e-c9e7-6d5e-f057816418cd
22501120,405,2026,4,3,22501120,03a1b752-63af-9169-2aed-8cfaceaed5f0
22501120,41,2026,4,3,22501120,249c5983-ac34-590a-1be9-d1d173859cc2
22501120,414,2026,4,3,22501120,2bb202ee-e493-dd85-b6f6-68a47a7132c5
22501120,416,2026,4,3,22501120,e6564296-385c-6423-d479-a4109a6cadee
22501120,418,2026,4,3,22501120,5e6db896-eaf8-0afa-1a9b-1484a2cff4bf
22501120,439,2026,4,3,22501120,4cba660a-162a-880a-1e09-b7fa019dd94f
22501120,45,2026,4,3,22501120,b35a1595-a459-18cc-04e4-91711b80e699
22501120,457,2026,4,3,22501120,0b3c8c34-1c8b-d607-2d2c-4f7ca2fefa8f
22501120,468,2026,4,3,22501120,2183deb2-cdd6-9d78-0708-ed731328331a
22501120,47,2026,4,3,22501120,ee67365e-1efa-be19-7ec3-cacc39baea38
22501120,478,2026,4,3,22501120,34cdd545-9c7b-26a2-19ca-35376f3470b5
22501120,481,2026,4,3,22501120,a6fea3ed-4bdf-8011-6b8a-23cd29b00a9b
22501120,489,2026,4,3,22501120,847ee604-e3ef-8451-92d9-9682ff4a8cc6
22501120,491,2026,4,3,22501120,491dcd6a-7d7c-9ab8-3441-24de1cb2919e
22501120,493,2026,4,3,22501120,18cf41aa-1748-867f-cdfc-618805e8e122
22501120,51,2026,4,3,22501120,be92ad33-cd01-838f-5663-047f19f1fa62
22501120,513,2026,4,3,22501120,bebc0aca-c9bc-d241-d132-8de6b864d1f3
22501120,518,2026,4,3,22501120,c317bf36-97e9-b16e-ac35-02fdc451b479
22501120,539,2026,4,3,22501120,0a290df1-1512-83b7-d66a-c063bb80b33c
22501120,54,2026,4,3,22501120,81a32f1d-93b1-0c0b-a8a4-62ede295a0b5
22501120,541,2026,4,3,22501120,9b29b29e-8d3c-e95b-651f-d99d3562c69e
22501120,545,2026,4,3,22501120,9f682b1e-019f-e5b7-0dd2-0e2c8103486f
22501120,547,2026,4,3,22501120,9628d67d-81a2-6ddc-42af-811fff0aabd0
22501120,556,2026,4,3,22501120,c89a7617-3f46-8b31-30f3-124bd5619876
22501120,56,2026,4,3,22501120,cf603e9b-718b-f317-0f03-2834ee313f4a
22501120,569,2026,4,3,22501120,0ac6eecb-53dd-216b-9aa0-7271641c251a
22501120,588,2026,4,3,22501120,69fa2bd1-cb4e-7739-32bd-a77a00a7c9d5
22501120,597,2026,4,3,22501120,5204900c-6069-75df-0b50-fdc1c96777b6
22501120,605,2026,4,3,22501120,f727d2e7-945a-6bb6-c39a-8ed7ca24db79
22501120,607,2026,4,3,22501120,4a08d6ab-c8b9-7179-2f7c-120bafc9310f
22501120,613,2026,4,3,22501120,8744533a-d20a-39c8-6fc4-292746c24d74
22501120,615,2026,4,3,22501120,1f2b9675-db28-87a1-e051-45df9ec9a6b5
22501120,627,2026,4,3,22501120,b424dcf8-a99c-7f34-3632-9f5522286149
22501120,632,2026,4,3,22501120,599728f9-8ed6-cbe1-63ad-4f967fa269e7
22501120,644,2026,4,3,22501120,e0cc72be-0b14-debb-225a-ffcdcd6f6a98
22501120,646,2026,4,3,22501120,2d4d2204-38b5-b785-c672-8af11ea47840
22501120,659,2026,4,3,22501120,56794865-83d2-1d0a-02e5-ab40ae86d945
22501120,662,2026,4,3,22501120,3cf61755-eac4-a736-c40d-884613f040d6
22501120,670,2026,4,3,22501120,6a3ffe9e-b3cb-feb0-2f88-a52f2e7d7e4d
22501120,672,2026,4,3,22501120,262af7e8-c4d0-5822-9bba-c76e32c3d25a
22501120,676,2026,4,3,22501120,3582cc11-6725-fdfa-d3db-e298150868f6
22501120,80,2026,4,3,22501120,61ef8b2a-0eae-2006-d69d-12c9ac260d6d
22501120,82,2026,4,3,22501120,0d0db869-bd3e-03bf-161c-aada0a6a51d2
22501120,94,2026,4,3,22501120,10ae2555-0380-1975-2ba5-87635d0226e7
22501120,96,2026,4,3,22501120,2f97060a-2f55-f6e3-3710-cb9553bb608d
22501120,103,2026,4,3,22501120,06890c33-fb42-d4ef-4087-03e85d374525
22501120,135,2026,4,3,22501120,f46ee8f8-f2e8-2b73-b5ad-34afb976de8f
22501120,166,2026,4,3,22501120,802ca527-8496-cd3c-d190-503a29d1bec7
22501120,177,2026,4,3,22501120,badcc578-4985-27d9-dac0-df1c13c37422
22501120,255,2026,4,3,22501120,1688c274-a5e5-2559-5374-6a52886db997
22501120,302,2026,4,3,22501120,ced02545-bf8c-cedf-10e4-582d1925f070
22501120,399,2026,4,3,22501120,d56687c8-e74f-dc31-fbab-d634e83065e3
22501120,436,2026,4,3,22501120,dd756a8c-7527-7b5a-8fa2-6cc482bbee5a
22501120,557,2026,4,3,22501120,dd900f12-61a1-013b-b062-7289593e19bd
22501120,579,2026,4,3,22501120,f4018856-7e17-f91c-960e-7b3744cc1847
22501120,608,2026,4,3,22501120,2d484f4f-4e4c-bc13-6778-e05056710e9b
22501120,9,2026,4,3,22501120,1fd001da-8320-0856-0ece-3df6ee1f1161
22501120,91,2026,4,3,22501120,e6d8d753-e4b9-4323-4411-02b48e69378e
22501120,121,2026,4,3,22501120,b9838024-8435-2aea-9279-107498c91788
22501120,220,2026,4,3,22501120,b89b064a-2611-9a63-4e4b-41451f8ec6a2
22501120,229,2026,4,3,22501120,49315b69-81fc-d8a2-27df-72c6640fce5d
22501120,431,2026,4,3,22501120,5923ac29-9a77-ddee-3f6c-37b80bd95c12
22501120,471,2026,4,3,22501120,b603369b-37f5-fbc6-95d3-bb38e6a5a1d7
22501120,514,2026,4,3,22501120,6aa43bab-1376-c9c5-a758-f076b27bf09d
22501120,616,2026,4,3,22501120,510efb6b-8f04-8566-2147-f6b10b929168
22501121,171,2026,4,3,22501121,aa490620-1578-02be-1d9a-21ebd6d3f530
22501121,181,2026,4,3,22501121,879a005d-836b-d2c7-a782-d955f4626b32
22501121,184,2026,4,3,22501121,98edc8be-84b8-e8b8-3f7d-835cfb5c224d
22501121,186,2026,4,3,22501121,fe24cceb-4aad-4ff4-cd90-83b62392a080
22501121,216,2026,4,3,22501121,421f3609-0ddb-a3a0-e327-77d0b388b4be
22501121,218,2026,4,3,22501121,a25fc9af-2bab-ae21-4c24-0bef607c636f
22501121,221,2026,4,3,22501121,06942db9-d028-9406-8beb-bf627220c75a
22501121,233,2026,4,3,22501121,bf7220aa-0805-c10a-fb2d-21d6590f7af1
22501121,242,2026,4,3,22501121,59bc7d4d-af36-c00f-9e78-212b4cebc469
22501121,244,2026,4,3,22501121,7ce88ec8-8494-def8-ed22-53c28a0dabab
22501121,256,2026,4,3,22501121,ab15443a-1b23-c791-f809-9260cbb1af02
22501121,26,2026,4,3,22501121,77d4972c-2f4e-8b1f-8155-0254f9282897
22501121,261,2026,4,3,22501121,228ecf4a-e889-9f56-2611-4d19384d8655
22501121,275,2026,4,3,22501121,e5367877-ed9c-6748-fd0c-dbdd623a7495
22501121,288,2026,4,3,22501121,48eb8794-24da-d3f4-eb20-a567000f2721
22501121,339,2026,4,3,22501121,f68f00d7-5cfe-01dc-6c53-8e2c588763d2
22501121,348,2026,4,3,22501121,b08a2cae-602b-d160-048c-2727120618e9
22501121,366,2026,4,3,22501121,fa41e9c2-da3b-4bd4-917a-8107da46ed25
22501121,368,2026,4,3,22501121,c6dcba12-06cc-4826-05e0-95e6ca50ce03
22501121,388,2026,4,3,22501121,482442e8-d79b-be96-2c4f-8bb1704d3d3a
22501121,392,2026,4,3,22501121,9e8e5059-e11d-ae44-86d5-1197bf6af473
22501121,395,2026,4,3,22501121,17b859f7-41eb-2c0a-83ed-589539a2554e
22501121,404,2026,4,3,22501121,311232af-7e6e-5fb2-c293-4b449c69c28f
22501121,416,2026,4,3,22501121,7f702eed-bac7-3b64-e28f-503624b2742d
22501121,426,2026,4,3,22501121,bf25737e-3f21-e6ea-cae9-5df4e9bd4695
22501121,442,2026,4,3,22501121,c0857f32-f2ba-478c-8e00-db267d34a237
22501121,460,2026,4,3,22501121,ba849b11-216f-c4a8-e224-fc4d5703edea
22501121,462,2026,4,3,22501121,f940140d-ed6e-d1c8-4fb7-dbe0d0ce389c
22501121,495,2026,4,3,22501121,a0ba67cb-26df-6e21-bce8-0ede132a1cfb
22501121,499,2026,4,3,22501121,97d9a72c-4c0d-bfc7-6f3e-9c362c567ea0
22501121,513,2026,4,3,22501121,409894be-12d6-76f2-0133-ceb662ff52f5
22501121,515,2026,4,3,22501121,b33269ab-3ee1-6ba5-3ca1-4e3be29b8f31
22501121,529,2026,4,3,22501121,8d4905af-2fdf-8751-4203-b3b9f4f28f71
22501121,552,2026,4,3,22501121,19b65e5d-94d8-3e43-f61f-6981709d8119
22501121,558,2026,4,3,22501121,0dbe5c55-5105-3d49-44fc-a9a5d25d5066
22501121,57,2026,4,3,22501121,73d15183-2e20-e704-b6d3-7e14399ee96c
22501121,582,2026,4,3,22501121,a8971cd1-c1fc-f3c5-fe3d-e69760d43152
22501121,590,2026,4,3,22501121,2f74b48d-7822-0707-c753-8335cd9bf3d4
22501121,60,2026,4,3,22501121,11894d00-ec8d-c7fc-96db-e44c7df87a43
22501121,604,2026,4,3,22501121,1db6fbc2-ffbc-880e-ee13-b9bb0cd36aad
22501121,610,2026,4,3,22501121,a648d5f6-ccbf-5f71-5a92-c2dda6845efc
22501121,614,2026,4,3,22501121,8959ed9c-a667-81de-cc42-f9c622c26ebf
22501121,635,2026,4,3,22501121,7b0530fe-7c8b-fe35-882c-30229b1126b4
22501121,668,2026,4,3,22501121,a3a224a8-8d83-51e1-cb5f-73b490178966
22501121,670,2026,4,3,22501121,8202d704-ac0e-e28c-b14e-14ecd575845d
22501121,674,2026,4,3,22501121,89999d3a-6d36-8b2d-2098-55f652f41bf9
22501121,79,2026,4,3,22501121,2f215d58-89a5-1c5e-bba3-370272c32038
22501121,81,2026,4,3,22501121,a2e1bc4a-93ef-45bc-a7d9-aecd711d9490
22501121,100,2026,4,3,22501121,b59afc28-238f-2a86-5304-58b2b803b2f7
22501121,109,2026,4,3,22501121,ff2f2979-66e0-e486-8646-a4dcd074d6bc
22501121,135,2026,4,3,22501121,6af4b717-3e67-fb31-2b36-8c882836d0f8
22501121,210,2026,4,3,22501121,5263aa02-b9a5-e383-5c6a-87c8477e17ee
22501121,237,2026,4,3,22501121,416777a2-1e4f-94e9-deb0-cffed7c4c960
22501121,265,2026,4,3,22501121,ded9dd3e-309d-fea2-8296-b6be29af0302
22501121,267,2026,4,3,22501121,7e6800fc-3009-0878-d388-166fd67e7179
22501121,304,2026,4,3,22501121,1c425c27-35a9-9dce-62f6-6aa830ceff3c
22501121,325,2026,4,3,22501121,adf0e225-494f-8852-fee7-3d2e8baa081c
22501121,345,2026,4,3,22501121,0ac6bfa9-67cb-6679-249d-f22dd29a2064
22501121,385,2026,4,3,22501121,ecd9417e-90e7-3594-e47a-238996eaa11f
22501121,519,2026,4,3,22501121,a45009d3-7003-c911-beb6-c91b2ed33b2c
22501121,556,2026,4,3,22501121,71c1ef7a-3d57-8a1c-466c-b196ceca646b
22501121,83,2026,4,3,22501121,fc05b972-f4c1-571c-7be1-3a0cce969c35
22501121,86,2026,4,3,22501121,b89f119f-e016-6d18-4cf7-12d27ac929de
22501121,95,2026,4,3,22501121,82b72b42-728b-bf68-e45e-b775c3f8fd61
22501121,103,2026,4,3,22501121,7d5cea31-2648-2def-4423-5c7737c1278b
22501121,107,2026,4,3,22501121,a23dff33-b27d-6200-7594-cfe065535bc4
22501121,115,2026,4,3,22501121,0150425e-9f3f-3a44-6266-5425b9586a39
22501121,117,2026,4,3,22501121,6828134b-07e8-e3a5-79ca-a01d78d70c92
22501121,12,2026,4,3,22501121,16d4eae2-a5f5-a0a0-cc15-d285c66a9101
22501121,120,2026,4,3,22501121,e4de9065-ce8b-bd7e-8c44-e45fe3d6d2c7
22501121,121,2026,4,3,22501121,3d6cdf0a-d509-dfc9-c841-567b177f9453
22501121,123,2026,4,3,22501121,68c08c9a-4b8f-153c-79d1-24eff97150a1
22501121,131,2026,4,3,22501121,28e757bc-32a3-9415-36a7-f981f1f4c6c5
22501121,133,2026,4,3,22501121,fc684d2e-d466-327a-1e13-3455e8bc581f
22501121,137,2026,4,3,22501121,7eedea14-cbc7-5740-64cb-9a2df852f6e5
22501121,139,2026,4,3,22501121,793d748c-684b-30fb-1d55-9f42fc1eb507
22501121,14,2026,4,3,22501121,716aa711-3102-2eca-6215-15d466934e79
22501121,141,2026,4,3,22501121,64332903-31c9-6f83-628f-bb89234ea1be
22501121,147,2026,4,3,22501121,e8e25ef1-4ef7-3f24-b4ab-fe0129634295
22501121,149,2026,4,3,22501121,0ff2cf26-6c39-0ea9-9ba9-2b6be9441e88
22501121,150,2026,4,3,22501121,8dc5be6b-4c3d-2971-cfb5-4b1881fc1d77
22501121,152,2026,4,3,22501121,646a72dd-f89f-9085-218a-08c73c469092
22501121,159,2026,4,3,22501121,cb127ee8-17ce-8763-b4e2-f5e1326ea9ea
22501121,16,2026,4,3,22501121,2a5c5991-da6c-4acb-11f2-8365b67edeb2
22501121,160,2026,4,3,22501121,5f5dec0b-58fc-9471-50b2-bfab39028b46
22501121,163,2026,4,3,22501121,0969e6db-71f8-5f50-c4cf-119d3548b745
22501121,179,2026,4,3,22501121,b1fe9cec-4c17-a098-05f3-e9630b2135d6
22501121,187,2026,4,3,22501121,77185816-1978-6aeb-f827-f49efd2b8d7d
22501121,199,2026,4,3,22501121,e8a065db-ccd2-bd80-c2a8-c71be1cef042
22501121,200,2026,4,3,22501121,77daf4e6-3343-7f2e-7f01-4b2dc3aecd71
22501121,202,2026,4,3,22501121,d8e9e9b2-677e-52bd-8b4c-e99dac77d7f3
22501121,207,2026,4,3,22501121,b77d33a6-6b3d-77b3-200b-e1ea55141f4a
22501121,219,2026,4,3,22501121,f88d2756-a053-d899-eef4-ab63ceb5800b
22501121,223,2026,4,3,22501121,5c32ca18-17bc-dac3-5773-d54abb678b5f
22501121,235,2026,4,3,22501121,3222bea6-de62-9d49-bacc-d8de8df02366
22501121,24,2026,4,3,22501121,6bd26a4a-387a-60bb-30be-4dbb71da3098
22501121,240,2026,4,3,22501121,c77e5d90-958d-4236-6f52-7239772a7713
22501121,254,2026,4,3,22501121,a2c651e4-47c9-1b68-bbe9-ff1d300112ee
22501121,258,2026,4,3,22501121,64103a68-888c-ca3c-6048-f075a8cf2b8f
22501121,260,2026,4,3,22501121,370fe769-8885-2534-24b5-1fa55350f1fe
22501121,263,2026,4,3,22501121,19ab567e-9e97-6680-5695-a6b026074211
22501121,286,2026,4,3,22501121,90cedb24-1f01-559a-1116-10a6e6300079
22501121,290,2026,4,3,22501121,c7d76150-9dbc-7d6a-d4ad-280d5a18911f
22501121,292,2026,4,3,22501121,065f8d2e-22a1-a321-b867-223e9d6441d9
22501121,297,2026,4,3,22501121,c3355601-c758-e503-b5be-594ef781dabb
22501121,298,2026,4,3,22501121,5f1b1c6d-852d-3b77-f0ea-8af444a48bc3
22501121,300,2026,4,3,22501121,038736e9-2721-0379-b3ff-0fb60d372fcf
22501121,302,2026,4,3,22501121,804a5c20-e2d0-77f3-a932-d71f3762771a
22501121,315,2026,4,3,22501121,2cc1859e-1013-2cf2-47cb-c7729300eb01
22501121,341,2026,4,3,22501121,0e7f8403-66a1-89b6-bcd2-658d5c14493b
22501121,350,2026,4,3,22501121,65ceb8f8-52f9-b760-6424-76b58989b2d2
22501121,351,2026,4,3,22501121,60b20d6e-74e3-84dc-4526-b8354ac71e8c
22501121,357,2026,4,3,22501121,fdc90271-6edd-75ba-48cc-3f7a7e9ca3c3
22501121,36,2026,4,3,22501121,2025a5ea-bfdf-b97c-42f8-4262e1f59e19
22501121,360,2026,4,3,22501121,eb1f7cff-76fc-c02a-c5a7-a8c4ea41d82a
22501121,363,2026,4,3,22501121,caa39c0e-3c72-8f41-b391-ecbc1a1f19bc
22501121,371,2026,4,3,22501121,923159cf-59d3-3483-b9b2-39aadada895b
22501121,373,2026,4,3,22501121,8830715a-356a-7f19-c4cc-ebbfc7ea0b79
22501121,379,2026,4,3,22501121,c17a593b-a1ce-a6c4-7591-1db74ea6a6ae
22501121,38,2026,4,3,22501121,42564a53-2d85-9bcb-3c5b-37935843d9b9
22501121,381,2026,4,3,22501121,9c9988a2-5e49-08c0-ed83-d33c72d9a4da
22501121,383,2026,4,3,22501121,69936e41-34fb-7f29-53ce-5b7ac0e29d98
22501121,390,2026,4,3,22501121,e557aa02-f4e2-33cc-09c4-bcaa1fea8b3d
22501121,40,2026,4,3,22501121,4e476fac-9636-9e8a-06c4-5985c0d70481
22501121,401,2026,4,3,22501121,01115e1b-2082-b4b9-6886-73940fd20493
22501121,414,2026,4,3,22501121,668f00fd-dc5d-1e55-915c-338870aaa92c
22501121,42,2026,4,3,22501121,d1d446c8-f5f3-909b-b4ec-762ba82540fc
22501121,422,2026,4,3,22501121,717326c5-ca5e-cd90-fc60-ab138be31cb8
22501121,43,2026,4,3,22501121,1008266b-dc84-ab90-8995-77fdfb717437
22501121,435,2026,4,3,22501121,f1843d38-2f42-c108-18b3-6b560c689566
22501121,44,2026,4,3,22501121,8851dcb5-66d9-a4f2-5f7b-d22a36e06172
22501121,443,2026,4,3,22501121,0cf45684-4813-d92e-5c33-92c364a77398
22501121,445,2026,4,3,22501121,53b7b123-999c-07ae-7301-3eb0dbe1a2d9
22501121,447,2026,4,3,22501121,44a01782-0b05-c19f-ffb2-61a12c74fbe7
22501121,453,2026,4,3,22501121,d8580514-f675-e27b-7b4d-f74f76009e8f
22501121,458,2026,4,3,22501121,754b13d4-2116-9be4-6468-cadd73250d55
22501121,464,2026,4,3,22501121,181667f7-0e6d-f4f1-41ae-edd13ac7c197
22501121,473,2026,4,3,22501121,c6d68004-50ac-46d4-e91f-6f6cc6d40e77
22501121,48,2026,4,3,22501121,db6e62b5-cf18-e64b-b792-88b571784534
22501121,490,2026,4,3,22501121,3ec707c5-ac54-5bb9-fc5e-37a069838884
22501121,492,2026,4,3,22501121,f623b265-a9fa-2b45-74b5-0c1d1abfb30a
22501121,493,2026,4,3,22501121,7e01cb22-199a-1a81-f366-f2c6d57aef4d
22501121,497,2026,4,3,22501121,b6d26760-6730-f488-7fd7-1414031adbc1
22501121,501,2026,4,3,22501121,261fc893-e9f5-cdec-bd74-b361d538e73a
22501121,517,2026,4,3,22501121,9a8cbd99-1da7-4878-6ba3-a3a631d1d1ce
22501121,523,2026,4,3,22501121,175d39fd-84a4-9ff8-cb14-f5bbe55d32a9
22501121,540,2026,4,3,22501121,3574a750-4842-0021-7d92-3c28f45ba87b
22501121,546,2026,4,3,22501121,67d632a4-154c-93a0-d68f-a137f5b12c14
22501121,55,2026,4,3,22501121,ab8cdbfc-1a5f-1048-7dfb-0a0fa1e9d88a
22501121,554,2026,4,3,22501121,f698b853-f931-1e90-1341-73f866a5f244
22501121,562,2026,4,3,22501121,a16920b2-3d91-2cc2-1891-da51906429b2
22501121,567,2026,4,3,22501121,933edacf-10ed-9b00-1f37-9cb477302269
22501121,569,2026,4,3,22501121,8356c88b-ecf7-54ce-ee55-fee60fc62e78
22501121,571,2026,4,3,22501121,71a670e6-25ef-d42a-1a75-2a473a5a6abd
22501121,573,2026,4,3,22501121,f67d1b60-bdfd-61cb-54e7-8fd6f5be84ec
22501121,589,2026,4,3,22501121,f5230b07-ee41-ed1e-9378-bab75fb027b2
22501121,596,2026,4,3,22501121,371fd98c-b309-60e5-b3cd-a1d68382be89
22501121,602,2026,4,3,22501121,673284e5-919b-7760-0c05-a732e486f67f
22501121,609,2026,4,3,22501121,3486562e-0506-fefe-b870-e319c1538ad2
22501121,616,2026,4,3,22501121,be1a8111-8ae7-f77c-77fd-af9398d728b3
22501121,618,2026,4,3,22501121,9cfec55d-2ba7-3a5c-0264-8c8efb8880b6
22501121,62,2026,4,3,22501121,1504f6c2-f027-3ee0-e849-80365f7b0ce7
22501121,626,2026,4,3,22501121,3b39530c-ec0a-f65b-8b88-65b97931db3a
22501121,628,2026,4,3,22501121,4f335164-c5ba-46f5-1a66-5bf0ae9cba55
22501121,637,2026,4,3,22501121,d773db82-724a-6e03-a380-dbc8eb0abfed
22501121,639,2026,4,3,22501121,7a39b027-a34b-40e8-0ce6-5dda6c1a4fa0
22501121,64,2026,4,3,22501121,944721f0-0d36-526c-fc00-5d42a9565b07
22501121,641,2026,4,3,22501121,21dc6839-16fc-ec7e-1702-575444a8fe6a
22501121,643,2026,4,3,22501121,8b11bb32-209c-28d7-9a5b-fcfd4ea99b84
22501121,644,2026,4,3,22501121,cc3b58ab-e7f9-2f07-3cfa-61050e0747f6
22501121,655,2026,4,3,22501121,744fd8eb-3ee0-6de7-d8c0-95a6a42de97c
22501121,656,2026,4,3,22501121,2866dffc-e152-f63b-cdd1-1d64640bed43
22501121,657,2026,4,3,22501121,2b27874a-a4f4-8084-aca3-31976b87959f
22501121,658,2026,4,3,22501121,ccf3ab7d-ca2d-1c79-f921-5607b6a0bf10
22501121,66,2026,4,3,22501121,55a93c98-f5f6-7e05-cd19-d742f71049b1
22501121,676,2026,4,3,22501121,b561b2d1-512b-cc0e-e836-023b3dd06eb5
22501121,68,2026,4,3,22501121,c5b3bc16-dcb2-9a33-2aad-8a02cc76e8b9
22501121,70,2026,4,3,22501121,c315ccc7-8274-97d2-3992-e0d161aeaadf
22501121,72,2026,4,3,22501121,57335143-97b6-082f-1196-1d4f2e400b32
22501121,8,2026,4,3,22501121,11e5b81b-1897-3f79-ecb7-36a27e2ab0bb
22501121,89,2026,4,3,22501121,7f383f9a-af8e-ec60-45be-dfb806121261
22501121,9,2026,4,3,22501121,37d65497-c5e6-faf2-bcec-79542cc3ad66
22501121,10,2026,4,3,22501121,58ff76f5-9067-5098-136c-447acb2cc6c5
22501121,104,2026,4,3,22501121,4b1b636b-063d-9f5a-4f5d-8c29830e9c9a
22501121,108,2026,4,3,22501121,d80581cc-c0eb-7da8-6c50-842b84c71f10
22501121,116,2026,4,3,22501121,25bc40f8-523f-103a-6e17-087ace7486a7
22501121,119,2026,4,3,22501121,3f53f830-f24c-4867-3da7-4d6af7d271cb
22501121,122,2026,4,3,22501121,68743db8-5b13-1bc6-6299-6e84e6405e57
22501121,13,2026,4,3,22501121,5fe56cc7-cd73-5ef0-ff7f-a62bedede330
22501121,132,2026,4,3,22501121,992320e7-831d-8364-1330-4c1d5eaf5331
22501121,134,2026,4,3,22501121,d3d4e540-7f07-e9b9-d098-950b425b7a78
22501121,136,2026,4,3,22501121,5cd579e2-e5ef-3970-6f14-8b72bb99310a
22501121,138,2026,4,3,22501121,9de47cfc-82d6-7505-5f52-9b4c967cb1ce
22501121,140,2026,4,3,22501121,09c81169-ea02-55db-74a1-ceec64f0a6ed
22501121,142,2026,4,3,22501121,148acdf4-3eb9-c4ee-d032-50cc4da9062d
22501121,148,2026,4,3,22501121,01596f2b-f82f-cf2f-799a-bf50329a1240
22501121,15,2026,4,3,22501121,3f5b61da-798a-ba12-8961-52e64e43d78b
22501121,151,2026,4,3,22501121,3d1e00c3-9e55-e198-70b1-2f9881b72ab6
22501121,153,2026,4,3,22501121,f9162049-8ca7-9c77-423f-1f383308863d
22501121,161,2026,4,3,22501121,b7a78cdf-bace-109f-6d12-4a56c5ea2ef3
22501121,17,2026,4,3,22501121,43ff3387-263f-dd94-14d9-8b47e84909cd
22501121,180,2026,4,3,22501121,fed08f90-90b7-f9d3-e316-da5c27592e78
22501121,201,2026,4,3,22501121,0e353d78-9efc-bdf8-35b1-06e46b31d2c7
22501121,209,2026,4,3,22501121,a8f6d23d-9cf9-d456-ebf4-29ddb9a4f285
22501121,220,2026,4,3,22501121,13ed4e27-13f8-aa1d-bd46-ba11676696b8
22501121,236,2026,4,3,22501121,a5108b85-add2-e71f-fe38-4d9c0ae932c9
22501121,239,2026,4,3,22501121,28a556aa-f03c-4503-29d9-492b51822b18
22501121,241,2026,4,3,22501121,47b36086-f5cb-6e12-c687-5387ef9a99b0
22501121,25,2026,4,3,22501121,fe4f1585-19cc-6fe4-4819-6b15bad63a28
22501121,255,2026,4,3,22501121,db0a1260-0f6b-3de2-a63c-565f104a921e
22501121,259,2026,4,3,22501121,a1b226d8-a829-32b8-fd1f-6a60c2053247
22501121,264,2026,4,3,22501121,69d59639-2cbb-6138-e845-e3ff6fee20b6
22501121,266,2026,4,3,22501121,c989a3b0-8b35-ec59-c96a-2e37338893ed
22501121,287,2026,4,3,22501121,429d35c6-ba20-db21-cfa9-8099105ed1cf
22501121,291,2026,4,3,22501121,8bdc90db-fd69-63be-663d-cfa4445c64ea
22501121,293,2026,4,3,22501121,6699086c-8352-15ae-a768-78ba8da39abb
22501121,299,2026,4,3,22501121,f1afe547-78b6-e189-33e2-ff084d34b23f
22501121,301,2026,4,3,22501121,bb193cd3-16f8-48fa-4be3-68176c28bc83
22501121,303,2026,4,3,22501121,ca24d140-20ea-058d-a316-a848ed9b11bd
22501121,306,2026,4,3,22501121,d2b5c3b9-0649-08ff-99f1-02f72c1e97bd
22501121,312,2026,4,3,22501121,e20d607f-20eb-1d01-2b5a-b9e0250cc717
22501121,316,2026,4,3,22501121,b2535361-58a4-1d4b-17af-82ba312080dc
22501121,347,2026,4,3,22501121,13dd6788-6fb4-4c62-0c7f-daff5b638593
22501121,352,2026,4,3,22501121,e7b5e5f7-4341-0cb4-2dfb-88a43bd85767
22501121,364,2026,4,3,22501121,edef1f14-63bb-469e-a3b2-9aa78dcc1617
22501121,37,2026,4,3,22501121,7fe222c8-d307-543e-be17-748e6fe80948
22501121,372,2026,4,3,22501121,45c9dd7b-5a18-80f4-05bd-1134996cbab8
22501121,374,2026,4,3,22501121,226030c3-c343-a071-11a1-ca6c4f9b34f9
22501121,380,2026,4,3,22501121,c96832ba-8ad8-7333-3200-616db2271461
22501121,382,2026,4,3,22501121,b2c72626-61ed-dab8-8053-e2ac76b6cf6a
22501121,384,2026,4,3,22501121,de95b0d4-eca5-0556-eed0-dc71d59f79f1
22501121,387,2026,4,3,22501121,10624578-5bd8-044c-d32e-6d829e4963f6
22501121,39,2026,4,3,22501121,de264bb5-c75c-2399-33bf-c5baf5f6e7f3
22501121,391,2026,4,3,22501121,ae346a09-3bc7-24bf-75bb-19192acd49e4
22501121,41,2026,4,3,22501121,48850160-a37c-188f-49bb-6fb142b5bf1f
22501121,415,2026,4,3,22501121,858899ad-95a5-1299-3708-f262363eeb81
22501121,423,2026,4,3,22501121,3bfdca7a-af7b-41fb-8848-903e939bb4f2
22501121,434,2026,4,3,22501121,3ad5b8d6-02c0-5bd0-4da8-0f971108ed75
22501121,446,2026,4,3,22501121,8a8a013a-7e3b-6f25-8419-54a628b7b007
22501121,454,2026,4,3,22501121,c8ff97ab-0998-7a35-eb40-a1d09abcf653
22501121,459,2026,4,3,22501121,ae2df032-ac86-a34f-72d9-f283f8350023
22501121,465,2026,4,3,22501121,4c713740-b34a-ffe5-0d38-898a9b8aa0bf
22501121,474,2026,4,3,22501121,b40a9b07-c40d-faed-03c4-11e0e3bf56e4
22501121,485,2026,4,3,22501121,7fc92214-4a0d-c73d-3697-23c3388ab892
22501121,49,2026,4,3,22501121,8e1a2cf3-2a6c-d4ae-02f4-fd31d871754c
22501121,491,2026,4,3,22501121,11926089-3ca8-3e13-636c-0780bc0f2a8e
22501121,494,2026,4,3,22501121,e01d92c2-b423-c09a-5f08-bc5961179070
22501121,498,2026,4,3,22501121,25b7807d-2674-b6f4-53b9-5fe7cf21168f
22501121,502,2026,4,3,22501121,b969ae33-484f-2f91-380e-219f3bdc158a
22501121,518,2026,4,3,22501121,dbf7157e-dcda-b303-0fdb-10c372e11584
22501121,534,2026,4,3,22501121,2ace5e99-b678-ce75-b09d-5753a5d86cb0
22501121,54,2026,4,3,22501121,898d0ce2-735e-0981-e3f0-7a1e25eb4035
22501121,541,2026,4,3,22501121,d51ceb39-2a6e-fbe2-9441-772eee73b9e1
22501121,555,2026,4,3,22501121,d6455478-47ba-d06b-ba6c-8ed420bc52aa
22501121,557,2026,4,3,22501121,b40b7035-8f81-8207-74a6-218cf615c670
22501121,56,2026,4,3,22501121,3deaba3b-ce13-4fad-d63a-06453121ac04
22501121,568,2026,4,3,22501121,fd3ea61b-db07-dcc0-5508-29e997f635bf
22501121,570,2026,4,3,22501121,0e740f2b-7d7e-8f90-f622-5c1d2c3e2cad
22501121,572,2026,4,3,22501121,5815aaf7-49fa-d64a-700d-7ca768702695
22501121,597,2026,4,3,22501121,bd639c29-d18f-f911-bce2-e7cae28fe039
22501121,603,2026,4,3,22501121,f8257ec7-c594-e70b-9679-5bdad186e930
22501121,617,2026,4,3,22501121,a7383c1d-590e-cc89-8284-99046c5f674c
22501121,627,2026,4,3,22501121,789279eb-c713-1cde-e0e1-743218e7a2ff
22501121,63,2026,4,3,22501121,f55c0d9e-b1dd-f095-8b41-fca7c170163c
22501121,638,2026,4,3,22501121,ab44e75c-a56f-8a01-1ba1-b4fe4db77917
22501121,640,2026,4,3,22501121,97cbf6c6-0995-1c25-2390-0acf296bc131
22501121,642,2026,4,3,22501121,762fe33c-327c-58b1-383b-25c496a29591
22501121,645,2026,4,3,22501121,7bc45227-1d84-1b22-7eeb-65a8a50e4c3f
22501121,65,2026,4,3,22501121,3b92cd81-7f60-17ae-3179-8dcbc07c8589
22501121,67,2026,4,3,22501121,b84a0db0-0fbf-bceb-03ba-e8fef1f06219
22501121,677,2026,4,3,22501121,9315a89f-85d8-75bf-e4cd-0ecebdd82be4
22501121,69,2026,4,3,22501121,99ef596a-d36f-5ff6-1a6d-c9428e2b9186
22501121,71,2026,4,3,22501121,ed011c14-b701-0620-e433-a4ef1e9d2022
22501121,73,2026,4,3,22501121,f2243014-71e7-3fb5-a05a-efe74a9560be
22501121,85,2026,4,3,22501121,0545abc0-8581-494f-1dbb-73b304914363
22501121,88,2026,4,3,22501121,fbd828ad-9490-6c83-054d-3eed21523697
22501121,97,2026,4,3,22501121,cd839873-3fd3-c583-029c-ce903796f441
22501121,34,2026,4,3,22501121,b0c186dc-48cf-a887-e9cb-0959d9597cc8
22501121,365,2026,4,3,22501121,93a3699e-ff2c-a468-e965-265f67e09a07
22501121,393,2026,4,3,22501121,b75448f3-bee0-d0c1-7241-05041898634e
22501121,424,2026,4,3,22501121,e3220d6e-d0fa-59e5-fb1b-4c0af3b4c321
22501121,538,2026,4,3,22501121,4472acb8-e803-7343-b025-28e7ebd777cb
22501121,542,2026,4,3,22501121,e1e99878-80f5-6898-a9e1-da4aa5f85a21
22501121,544,2026,4,3,22501121,a89380e8-1407-bf37-2629-7ee15e9e3d48
22501121,560,2026,4,3,22501121,077d145d-17da-ade6-51fb-2b40ab44664a
22501121,580,2026,4,3,22501121,d1f89d5e-3bf1-4a12-32bb-b3aa1570689a
22501121,598,2026,4,3,22501121,8cf50167-e67a-8ddb-be7e-150b48235a9e
22501121,600,2026,4,3,22501121,5ad4da82-3177-8f6d-dc23-d6d643b663f1
22501121,653,2026,4,3,22501121,b36fa264-535a-905c-8c50-22b437ae76a5
22501121,666,2026,4,3,22501121,017e6bb2-78e9-b854-f992-02ee48c91e96
22501121,672,2026,4,3,22501121,52bed435-5417-c299-97d2-0f18780b04d0
22501121,98,2026,4,3,22501121,2565cb48-e141-8594-1a49-b71fc7e64d48
22501121,11,2026,4,3,22501121,3e20f337-2ff0-c8a1-53dc-750e13d7605d
22501121,168,2026,4,3,22501121,88115ebf-5289-378a-fefe-709166735346
22501121,189,2026,4,3,22501121,e215df17-f5dd-18d9-73bb-de976299e774
22501121,192,2026,4,3,22501121,90b91e87-b5fe-439c-6c3b-3a6c1aa28879
22501121,193,2026,4,3,22501121,a9bf9f47-9488-7413-4858-4122a6fe64a6
22501121,313,2026,4,3,22501121,419c2d53-db9e-4ecb-47d7-fa9e4e9ea7e8
22501121,370,2026,4,3,22501121,72f2b5ab-7bc0-1a0e-e110-52fafba08542
22501121,410,2026,4,3,22501121,a7143579-6465-2557-b036-5d868f62dce1
22501121,421,2026,4,3,22501121,14ed21dd-ea8d-2392-5575-11324335e367
22501121,586,2026,4,3,22501121,babb5840-6688-8cb7-ded7-d54ed640e6b6
22501121,7,2026,4,3,22501121,49c4fd5b-6c3a-d0db-fdcd-8f43736b889d
22501121,90,2026,4,3,22501121,cbc33c2e-775a-7d47-633c-79264916ff7a
22501122,103,2026,4,3,22501122,0aa3fb4c-303b-5cc4-8680-0bf14814f38b
22501122,133,2026,4,3,22501122,2d3b9f88-c92a-4dd9-fa7a-d26526cfc476
22501122,137,2026,4,3,22501122,74fa2761-6939-edf3-cebc-66be8a2c7afa
22501122,14,2026,4,3,22501122,9c6a35ac-7ef2-23c7-aa61-2b13291d8a31
22501122,169,2026,4,3,22501122,9bdd9ef7-ebb4-e934-7a3a-a2cf811817f8
22501122,176,2026,4,3,22501122,f17fcd21-2f9a-0b1c-a682-fed0bcd242b3
22501122,194,2026,4,3,22501122,64c45580-2f1c-898c-33a9-85cfa7dbf4f5
22501122,196,2026,4,3,22501122,086e9a37-35be-5fd0-7e49-33c3deeb7352
22501122,200,2026,4,3,22501122,adfb4222-69fd-5033-2fbc-98a21be0d34a
22501122,205,2026,4,3,22501122,d4216eaf-6c76-d4a7-ad7b-fdbe1e7e22fe
22501122,21,2026,4,3,22501122,abdab3a6-a0a0-b6d2-dd3c-54691cd9a57d
22501122,218,2026,4,3,22501122,ebcec427-aedb-dda7-9bbc-38754d62e862
22501122,220,2026,4,3,22501122,49acbeea-12e0-a7f0-c07c-c7857d3b3632
22501122,247,2026,4,3,22501122,3359785d-3182-3228-d99c-2ef1512c7d80
22501122,260,2026,4,3,22501122,f1619a63-79df-7ad0-3c0d-b9e8a03634f4
22501122,264,2026,4,3,22501122,6805635e-4128-0d25-88c7-2cad97b1c45a
22501122,269,2026,4,3,22501122,38d889db-4628-eb50-59ae-629fa9783d70
22501122,286,2026,4,3,22501122,411d867b-568a-ea1c-40d0-c656b20bf92f
22501122,306,2026,4,3,22501122,74d6927a-7fef-2588-b55a-883b6282aeb8
22501122,308,2026,4,3,22501122,e5599eae-bb04-303c-7e5a-2626e4855c40
22501122,314,2026,4,3,22501122,655f5eb3-831d-089e-585b-07194ca1909f
22501122,318,2026,4,3,22501122,5225d845-451e-acbf-eacb-7dbd111b6af9
22501122,322,2026,4,3,22501122,55dfc77a-71e5-38b1-d61e-80f6bc9b9ce8
22501122,354,2026,4,3,22501122,18ca2a0c-7748-cab4-44b8-94e48121f2b8
22501122,360,2026,4,3,22501122,fb7e4023-f57a-e87f-0fac-638ca887b1ff
22501122,364,2026,4,3,22501122,e08ce55e-45b0-bef9-a564-64a10ecfaebd
22501122,366,2026,4,3,22501122,6a064f20-fde8-6983-3b0c-09bbcfbbe5f7
22501122,368,2026,4,3,22501122,df7ea7bd-d06b-e403-396a-13c7ca802ade
22501122,385,2026,4,3,22501122,7159c89a-37cb-4993-572e-bfe66b984e28
22501122,408,2026,4,3,22501122,5fd66bcc-267c-7cf3-385f-ed73356ca7be
22501122,410,2026,4,3,22501122,a301b5f5-8d9c-b694-c13f-c528cac61489
22501122,455,2026,4,3,22501122,da234b43-54bf-f96e-68ae-b735e3cb7d01
22501122,46,2026,4,3,22501122,64da7a71-1450-28c4-99f5-2afa7c1ccf34
22501122,471,2026,4,3,22501122,aa552ee4-0aa6-2d79-efcc-1566f0369a5d
22501122,489,2026,4,3,22501122,80de79dc-1987-4802-f472-de1e629ac65e
22501122,496,2026,4,3,22501122,3aa3c6f6-969e-0979-dbb5-8aeee32f36b2
22501122,499,2026,4,3,22501122,513c757e-e2df-6e6b-e645-ac439a71f814
22501122,517,2026,4,3,22501122,1e0b8f67-0dcb-2c59-c95d-6e4a3162baaf
22501122,52,2026,4,3,22501122,9e5e3059-fbab-7bc7-f379-eea0298898d2
22501122,525,2026,4,3,22501122,7f114949-a92d-b76c-dc58-112c083d4e86
22501122,537,2026,4,3,22501122,1798a7fa-1bfb-cfd4-b1c6-3aea6ebd57e5
22501122,54,2026,4,3,22501122,10ff780a-aefd-66aa-54d3-f1c7ca18ca46
22501122,541,2026,4,3,22501122,9434f75c-b01c-b4e4-5afd-0fc842ee3684
22501122,558,2026,4,3,22501122,d48ff500-c17e-637b-0697-a63c43aa473e
22501122,573,2026,4,3,22501122,5751c7f2-b122-75b2-6a2a-b38604b7cd36
22501122,583,2026,4,3,22501122,ebaf9ff5-b850-a532-1890-39b2d2b72039
22501122,608,2026,4,3,22501122,8be34787-10a9-3f33-bbb5-9adb8b0a4ecc
22501122,612,2026,4,3,22501122,a07ef482-666a-1f89-4773-2386f7750e7a
22501122,617,2026,4,3,22501122,0c3a14b7-069a-34f4-d287-b0c65b9855bc
22501122,629,2026,4,3,22501122,0182bf6f-cb29-ed76-360c-cd66c64bdb80
22501122,641,2026,4,3,22501122,47785262-6ef8-1d04-2471-9cf9ed28b1ae
22501122,646,2026,4,3,22501122,03eddb74-0f2b-448b-8bc5-955fa6346d8d
22501122,656,2026,4,3,22501122,2afd1117-33e1-2c2d-7c09-fcf59be21405
22501122,658,2026,4,3,22501122,bbdc1c21-5c82-5c53-c32a-1aea8e242588
22501122,665,2026,4,3,22501122,e15f644e-a468-b80c-7889-6ba368f94d1f
22501122,673,2026,4,3,22501122,5da1cc8e-0de8-f7f5-3ad3-48cbce942d0c
22501122,68,2026,4,3,22501122,23497de9-960e-0b9f-1b87-0456a4c36d67
22501122,71,2026,4,3,22501122,ffb7ca93-007d-2a4f-38d3-4d2ffc74900b
22501122,9,2026,4,3,22501122,358ae251-4e51-8633-16ad-98f00834ae4a
22501122,97,2026,4,3,22501122,7634c29b-327b-f6b6-606b-9d714e2380e9
22501122,121,2026,4,3,22501122,c9b0ca93-e74a-7db4-c2d8-68ce89e2124c
22501122,173,2026,4,3,22501122,42fafbd3-2547-97c1-883f-29b794bd50fc
22501122,202,2026,4,3,22501122,de41c698-91a7-dcb1-e786-d679bdc95eb0
22501122,208,2026,4,3,22501122,a52610c7-43cf-c97c-0309-d8c04386a6c7
22501122,30,2026,4,3,22501122,9cf09b2e-5a89-ffe9-c744-4751dcf69e39
22501122,374,2026,4,3,22501122,e277f62f-55c5-e0b9-12a7-c3bbf2c25051
22501122,380,2026,4,3,22501122,719aa9ee-e536-a186-a7e8-3ef0ecd7d886
22501122,462,2026,4,3,22501122,d60a01eb-2e8e-ef72-ae83-1ad12fd08ece
22501122,491,2026,4,3,22501122,37f378cf-8730-71d4-721d-81d8525acff2
22501122,514,2026,4,3,22501122,48d58a93-6b29-08b8-283b-8c4fab9b6965
22501122,591,2026,4,3,22501122,ea54262a-9188-667b-c8c4-9f36bdf6ffff
22501122,660,2026,4,3,22501122,8c9b2f31-b983-7467-7173-c82ab50938b1
22501122,73,2026,4,3,22501122,a1e944b7-8d9d-e4aa-10d9-5dfeda681a47
22501122,101,2026,4,3,22501122,bb4a03d5-4452-04c1-3b62-4f87f6bb6157
22501122,116,2026,4,3,22501122,76499e46-a15a-e4f5-d7d8-b85bbe829512
22501122,117,2026,4,3,22501122,1fd7e488-87b4-ec6c-2118-9b817c8cff66
22501122,130,2026,4,3,22501122,aedd7b16-3450-c1b2-a2ea-f0e242a041d1
22501122,139,2026,4,3,22501122,c8e5099b-f814-6c0c-1463-cd238ce2a4cc
22501122,141,2026,4,3,22501122,76f27206-2089-0d94-c4e8-49852c757ebd
22501122,142,2026,4,3,22501122,af5c0110-81ac-f5f3-cc35-ba44f71cab2f
22501122,146,2026,4,3,22501122,7d4c755f-c870-bac2-934c-d24203eb6a8a
22501122,148,2026,4,3,22501122,1f35401f-2fe3-0a09-2dbd-b1acd7a34a0c
22501122,151,2026,4,3,22501122,b079691c-c693-32e6-5d80-1df9cf67cfdf
22501122,155,2026,4,3,22501122,642997a7-074f-b15b-7ddb-64725a5fb2bc
22501122,159,2026,4,3,22501122,21de1236-d5ac-5ffd-8eba-3bf78f4eb17e
22501122,17,2026,4,3,22501122,c40dac97-9202-2086-916e-9e14fb8830db
22501122,171,2026,4,3,22501122,f48dcdd3-701b-e2f3-03b8-068e196b4774
22501122,178,2026,4,3,22501122,68caadec-49c4-5ca9-6040-09cb26b51951
22501122,190,2026,4,3,22501122,f76946b8-eeae-01d9-73a7-7d0518a90e93
22501122,222,2026,4,3,22501122,2cd9e76a-d499-e980-8ea4-b9eccfd4eefc
22501122,224,2026,4,3,22501122,62516295-9b90-ed90-ceff-dab4b5ce26ed
22501122,23,2026,4,3,22501122,842b7312-d779-5956-207f-33614c0df1d6
22501122,241,2026,4,3,22501122,3e93109c-9003-82ba-a3ae-f7f65a3b953f
22501122,243,2026,4,3,22501122,49fa663c-a246-8c6c-666b-b67f7db0175e
22501122,254,2026,4,3,22501122,8cf60789-255c-17cc-c449-74c55f43d040
22501122,259,2026,4,3,22501122,3ffec6d8-bca0-9a84-0e4b-8d2cfa70482d
22501122,265,2026,4,3,22501122,40a9b759-a67e-98a2-789b-6693f55ac6df
22501122,267,2026,4,3,22501122,a4da0146-d086-141a-e084-9dcc261686a0
22501122,280,2026,4,3,22501122,b2838154-776d-9f9b-1699-6faf4bbfabdf
22501122,281,2026,4,3,22501122,b25751f8-ae2e-38c6-58d8-9d5a2a50308d
22501122,283,2026,4,3,22501122,863107dd-07cd-0ccd-0e23-474d94e31f7b
22501122,29,2026,4,3,22501122,dda7609e-428d-4eb1-7493-9120572cebfe
22501122,296,2026,4,3,22501122,85c90dd1-48af-9b58-f962-a98934098ff6
22501122,298,2026,4,3,22501122,3382f4f5-31db-5955-fb52-b14f08c00549
22501122,300,2026,4,3,22501122,a2459457-ce3d-ff58-9ad0-4582a299c6ab
22501122,310,2026,4,3,22501122,972e1ffd-d96a-7641-abed-2126256e9b3a
22501122,312,2026,4,3,22501122,b5487fec-a7d1-4c81-ccb8-3602c7f8714c
22501122,316,2026,4,3,22501122,cde8b201-bf68-beae-2fa8-83c46773759d
22501122,324,2026,4,3,22501122,b410eee5-f140-2977-0ad5-e3554f84ceab
22501122,340,2026,4,3,22501122,8b58c7aa-4b92-ad51-d9d4-348216328bc9
22501122,352,2026,4,3,22501122,28e436d6-824f-e46b-905f-f961d1327388
22501122,356,2026,4,3,22501122,026a721d-5a44-a9ff-e8a6-963b8a80f27a
22501122,358,2026,4,3,22501122,32632890-4e48-0c11-5a44-7b5da58ae1c9
22501122,363,2026,4,3,22501122,7bcf2b81-11b7-399c-d984-fb05ec0e679a
22501122,372,2026,4,3,22501122,8be5df85-32eb-1f02-16c4-58982625069f
22501122,377,2026,4,3,22501122,a6bf70ca-5420-e683-606d-25230f2ab88e
22501122,378,2026,4,3,22501122,20d9ff5c-ab17-a678-cea1-844df9a87fdd
22501122,38,2026,4,3,22501122,83e9fbf1-75c5-6ef2-f22a-0bd68961dedb
22501122,389,2026,4,3,22501122,85e55d7f-1d06-0de0-a709-8fe50ed5a008
22501122,391,2026,4,3,22501122,9e0fc138-911b-5944-eb0d-ac06a4301374
22501122,392,2026,4,3,22501122,1381e245-cdf4-e996-991d-4b5179171d10
22501122,395,2026,4,3,22501122,c0ba3a80-a306-1784-29fd-21e83c3264f3
22501122,40,2026,4,3,22501122,777d23c1-be35-796d-781b-0d9ce29855e5
22501122,402,2026,4,3,22501122,e5026f9a-f79e-1ac5-9b09-228b7c501f97
22501122,404,2026,4,3,22501122,d998f567-6b9e-426e-0f82-49d47b43586d
22501122,406,2026,4,3,22501122,10d258a9-d6ac-85a6-bd9b-c565dec3fead
22501122,431,2026,4,3,22501122,70ff7b70-c584-9955-0121-bb67aa09b45a
22501122,433,2026,4,3,22501122,976a3da0-231e-9bfd-9a30-1f346e034bef
22501122,435,2026,4,3,22501122,f2081933-5f11-33e7-674e-1dca53f216d4
22501122,44,2026,4,3,22501122,b46acd2e-f732-a5d2-1dc7-25fbc2ca3be0
22501122,457,2026,4,3,22501122,2b41761d-0bcb-f8cd-193c-e143435e0f55
22501122,459,2026,4,3,22501122,052da26b-6b0c-04ed-402f-0505de0a0372
22501122,468,2026,4,3,22501122,d3df8130-0159-19c8-8027-a00d98719c97
22501122,469,2026,4,3,22501122,5a1ea207-f871-7c39-06cd-ca276b0972cb
22501122,477,2026,4,3,22501122,6c6e79ae-4844-2ace-4a69-0c33a1e2cf0d
22501122,481,2026,4,3,22501122,6f4936f7-f92d-9e4c-4b80-8f51409c2520
22501122,498,2026,4,3,22501122,c5acdccd-7471-45f3-5eab-45cc7e8b6324
22501122,501,2026,4,3,22501122,4d874e9a-4a17-806f-ac90-12f6c15248df
22501122,503,2026,4,3,22501122,96adb763-4fa2-93c0-4106-ccbb8f97d06a
22501122,512,2026,4,3,22501122,d7a5b5a8-68a8-bec5-bb57-002929774155
22501122,519,2026,4,3,22501122,2c92d8b8-6bb3-cca8-20c4-292068bc6db7
22501122,524,2026,4,3,22501122,554910a3-1588-6d86-17d8-7dfa3f49fc28
22501122,528,2026,4,3,22501122,39690238-82d3-ba65-3bfb-ea6bbcb56b57
22501122,530,2026,4,3,22501122,e79f65e8-ad05-d6d3-56aa-c859809dfa0e
22501122,533,2026,4,3,22501122,dd5e7e9f-034c-8d54-4356-5ce98fe7d77a
22501122,535,2026,4,3,22501122,ef5e1ef2-cc85-2443-1efd-b4467565b5e6
22501122,539,2026,4,3,22501122,9a0b7985-5203-dc70-211c-d6f41d69559a
22501122,560,2026,4,3,22501122,9992aea6-d53e-d33d-4b9b-8c6ac6061e9c
22501122,562,2026,4,3,22501122,38b513b9-abaa-b20a-893a-ea0b5379479a
22501122,575,2026,4,3,22501122,c1932eca-8048-ab9a-128a-d4e8b486bda1
22501122,585,2026,4,3,22501122,be3adc93-0cbc-28a4-23dd-527d3e8680bd
22501122,586,2026,4,3,22501122,7b8826a0-a3a3-c17f-f7d3-cc37a688669b
22501122,603,2026,4,3,22501122,5d6a172f-20b2-a621-2b3a-255ba6ff84d7
22501122,613,2026,4,3,22501122,b31bbed8-2271-d560-6f66-d28a6b6025d4
22501122,615,2026,4,3,22501122,aebe3902-e25a-d2ed-9df4-e614016f27aa
22501122,631,2026,4,3,22501122,89c26694-c766-980a-2cfd-8566f9781f2e
22501122,633,2026,4,3,22501122,0b1926a3-3963-ca75-f468-574caaa872fa
22501122,635,2026,4,3,22501122,49b32000-aaae-df25-09fb-ff48075eabde
22501122,639,2026,4,3,22501122,cc3e45bb-9dac-ce97-064a-bdf12d76cee4
22501122,64,2026,4,3,22501122,cd04b213-9461-74e8-8bad-3afb51ca2ee7
22501122,663,2026,4,3,22501122,15820fe4-5552-c977-a92a-c1c06cf86d41
22501122,666,2026,4,3,22501122,f7d594e4-6da3-a019-61cc-189ca0666450
22501122,669,2026,4,3,22501122,6cf2ea89-bfb1-22c3-f7d5-f606a595e432
22501122,671,2026,4,3,22501122,f797b43f-61f7-60e5-a2a8-9bee693c7f1f
22501122,7,2026,4,3,22501122,9bf925e1-5aaa-6f78-af67-b12f2a99e44d
22501122,70,2026,4,3,22501122,6820cb65-35e3-eec3-8b1b-ccf873c72574
22501122,93,2026,4,3,22501122,a01f2b2d-a5f2-0d4a-d187-abef5edbbff1
22501122,95,2026,4,3,22501122,441e48e5-a6da-e0b6-8916-38fda105e727
22501122,99,2026,4,3,22501122,8aef9794-93d3-45d1-bfbe-0f9a9ffe4434
22501122,100,2026,4,3,22501122,f247c548-3bad-80cc-3f11-10b04a40be50
22501122,102,2026,4,3,22501122,7cd1174f-cb03-43f1-32f2-7c37b400a8e2
22501122,118,2026,4,3,22501122,9f7d21d4-146f-9d06-3fe7-7862770bbd15
22501122,140,2026,4,3,22501122,8229c26e-a0f5-7b97-5e28-7f01a95d01a7
22501122,147,2026,4,3,22501122,92369ba9-296d-0a6c-7d9a-baa2960e2eac
22501122,156,2026,4,3,22501122,1d376ef0-9ad7-9047-8735-a624df75fc09
22501122,172,2026,4,3,22501122,2fed46d6-ed2f-3101-81e1-0a2427a7847e
22501122,175,2026,4,3,22501122,a355595d-c67d-402d-c85f-552bd6d6bf1e
22501122,179,2026,4,3,22501122,dba46efd-7161-7388-54af-bd5edfd9a5f7
22501122,18,2026,4,3,22501122,a4f8e96b-8174-af82-6abf-79e3221cb0e8
22501122,188,2026,4,3,22501122,e7c397b7-75bd-585d-835c-37b14c17849a
22501122,191,2026,4,3,22501122,955af8a5-635a-4704-fef0-093152dab1f0
22501122,204,2026,4,3,22501122,9764a17f-6333-19e4-1d1b-5561bee0165b
22501122,210,2026,4,3,22501122,06d4eddd-ae30-6e16-39d4-42fae6a47e16
22501122,223,2026,4,3,22501122,29b96301-dd34-496f-d8d9-7012cf5c0fca
22501122,225,2026,4,3,22501122,bce1b1b1-62cf-8823-01fd-db50341eb1b8
22501122,24,2026,4,3,22501122,0debe277-ef52-f6e6-e02c-9abd47643d06
22501122,242,2026,4,3,22501122,83f34622-6e47-f545-ecd6-20b7f548d792
22501122,244,2026,4,3,22501122,8fecda05-162b-42d7-591e-ce08a5920e3d
22501122,266,2026,4,3,22501122,ec4888d2-a867-d215-4eaa-e84ee26128e6
22501122,268,2026,4,3,22501122,11168e41-7015-a001-600b-9badd08d3c27
22501122,282,2026,4,3,22501122,3d8f3430-5711-276d-adfb-21c7921126c0
22501122,285,2026,4,3,22501122,e7640529-2526-fd79-abc4-e98af4d366de
22501122,299,2026,4,3,22501122,9c13c8ca-e37c-54c2-3a32-049f4cd33031
22501122,301,2026,4,3,22501122,d9a2be7b-0323-9516-5ed3-5b0bab966840
22501122,311,2026,4,3,22501122,15135172-7aef-5d1f-ab17-ede93f73fc59
22501122,317,2026,4,3,22501122,527673d5-4e29-7cd0-8ce7-e6b26de99903
22501122,32,2026,4,3,22501122,0a06e85b-d03d-d0e7-4d93-d77926078edb
22501122,353,2026,4,3,22501122,502cb6c2-e399-7ec7-e0b1-627e76be27db
22501122,357,2026,4,3,22501122,c8bdec35-19d4-8d27-06fa-1c240cb1f46e
22501122,359,2026,4,3,22501122,8f082d68-adc9-a2e8-af76-276bf1c876ea
22501122,373,2026,4,3,22501122,964ca951-2312-1d90-f157-694994427293
22501122,376,2026,4,3,22501122,0c84fa0a-fff1-2615-2b84-50e2ae790389
22501122,379,2026,4,3,22501122,5bfa691c-2c2f-cbed-bec9-e9f6eda5dd40
22501122,382,2026,4,3,22501122,f7691379-d3e2-c5bb-cb45-e6e3637e7764
22501122,39,2026,4,3,22501122,de2bd0ff-15c7-fcc6-7333-d2b6c015e49f
22501122,390,2026,4,3,22501122,65528abc-9101-56b0-e2ff-b26e566aa196
22501122,396,2026,4,3,22501122,b1ddcc9d-183d-0448-7e83-f50b043ecb68
22501122,403,2026,4,3,22501122,ce28f49a-ba94-3d16-7f8d-2b594a0a49cc
22501122,405,2026,4,3,22501122,f2bcc23f-9c94-f304-0d02-96cad08cd9d9
22501122,407,2026,4,3,22501122,a85cf5e3-ae6c-9877-b1f8-acdb65dda058
22501122,41,2026,4,3,22501122,d75cd860-87e6-2e5f-2be3-9cb20b95e775
22501122,432,2026,4,3,22501122,dd552e4d-6903-caab-f91b-a241ada878bc
22501122,434,2026,4,3,22501122,1cac581f-e0a7-0a34-f3fc-12d3434cbb78
22501122,45,2026,4,3,22501122,dd8762d5-f485-942c-78f4-bd25a16438e9
22501122,458,2026,4,3,22501122,1c2cc61f-1047-a959-a6f6-b5d97a094573
22501122,461,2026,4,3,22501122,8926400b-2303-bb4c-7099-18e87d282adf
22501122,470,2026,4,3,22501122,bca9672c-3ea7-d0f3-8d66-a5148d4114de
22501122,478,2026,4,3,22501122,e6209373-1f12-9bfa-a2fd-841ae31f1daf
22501122,493,2026,4,3,22501122,58bdf1e0-cb35-9048-d3bd-60baa2523f83
22501122,502,2026,4,3,22501122,f23f49e3-4ba4-1b4c-342f-989aa1742d0f
22501122,513,2026,4,3,22501122,d8e6e463-933e-15ef-532a-43bab61f3723
22501122,516,2026,4,3,22501122,9884b14f-ef20-b685-8195-b911509d1bb7
22501122,529,2026,4,3,22501122,b4ecaf9c-cc36-296e-4a56-5d9185b9bbee
22501122,534,2026,4,3,22501122,274c2b5b-c118-c311-1e26-fde3aa8712a7
22501122,536,2026,4,3,22501122,7d4104a9-2d07-d4fe-3193-8942befdd3cb
22501122,540,2026,4,3,22501122,7350e756-1ff7-7446-8263-8878c8be9161
22501122,561,2026,4,3,22501122,bb3d8d74-0bd5-b9af-962c-33032b783853
22501122,576,2026,4,3,22501122,9173ea47-3c8f-80d7-a9f2-93e1df6dd456
22501122,588,2026,4,3,22501122,46ee5e0b-866a-3588-86c0-414ce10df0bc
22501122,604,2026,4,3,22501122,b098c874-a20e-4ce3-9cca-5278a98beb75
22501122,614,2026,4,3,22501122,7b287b7f-1e8d-8f0c-1262-a431624830fa
22501122,616,2026,4,3,22501122,eae3fb27-bbcc-e1ca-d2ce-372fde29c6e1
22501122,634,2026,4,3,22501122,56ddcea9-4722-58ac-3115-2b74d2b09a15
22501122,640,2026,4,3,22501122,11e19261-8fe3-365a-2d1c-19165eb3b2b1
22501122,65,2026,4,3,22501122,cd6f85ac-252a-768b-866e-f3c069dc4c04
22501122,662,2026,4,3,22501122,a8eb12ae-7f49-14b4-350e-ce07360756fb
22501122,668,2026,4,3,22501122,eafca9e5-c961-4880-467e-9f69d4d989a1
22501122,670,2026,4,3,22501122,d80c1a77-d0db-c0c6-7001-45ed348ad4dc
22501122,672,2026,4,3,22501122,c632abf5-86da-49e4-726e-b616e127ad63
22501122,75,2026,4,3,22501122,811e29b9-5093-af6e-91ad-b02d3879d068
22501122,8,2026,4,3,22501122,cc3c5ae4-cbc7-da38-6536-e5440a713e49
22501122,94,2026,4,3,22501122,4eeea392-0247-5a14-d66b-60a9898c5acb
22501122,96,2026,4,3,22501122,40e6985e-7fd6-3c76-b67c-24c511d307c9
22501122,119,2026,4,3,22501122,322f8512-923a-e894-7cf6-8c129c263ddb
22501122,135,2026,4,3,22501122,e9bde885-062f-7fa9-675f-5e96c464d1ca
22501122,149,2026,4,3,22501122,7212ce55-43d0-5a18-e128-902f71f73cd6
22501122,160,2026,4,3,22501122,afe0196d-d7ba-565d-1eae-3adb5b44dfbe
22501122,182,2026,4,3,22501122,1e57697f-3ba6-7244-881d-6d6e40559440
22501122,245,2026,4,3,22501122,d5ef90b6-ccc2-aa45-bb78-7e5f63516bf2
22501122,262,2026,4,3,22501122,24f2f089-f0e1-64c6-b0cd-cb7cac161716
22501122,294,2026,4,3,22501122,549345a3-bbe3-b337-2086-bd2ed87f9578
22501122,320,2026,4,3,22501122,9ae6eaf7-3e5d-3db0-5752-97b1aa4cc100
22501122,325,2026,4,3,22501122,93bc1786-d841-fc17-7a87-a79224c78426
22501122,33,2026,4,3,22501122,5bc2aeb5-f572-cdd5-c6de-a012b7469dd4
22501122,383,2026,4,3,22501122,9325da93-2759-3e02-53ef-e0c43c20e22f
22501122,393,2026,4,3,22501122,54a781fb-8bec-c068-53b2-fcda99f140d0
22501122,42,2026,4,3,22501122,8043bdce-1677-28ab-da72-3e51f7943a25
22501122,421,2026,4,3,22501122,9a0aed72-05ab-7e96-99ae-fb5f10b29036
22501122,429,2026,4,3,22501122,62d93e1c-2d82-51b0-e5d4-a86311457b9f
22501122,494,2026,4,3,22501122,5e997a2e-b2e4-088c-7cd8-1a9ad7aac366
22501122,589,2026,4,3,22501122,651c45d6-2b30-5ca8-6639-2230c44d3801
22501122,66,2026,4,3,22501122,8289a7c6-e9b3-8769-7a3c-d003ee785066
22501122,676,2026,4,3,22501122,d8592839-3d34-6250-48e0-4b153502cade
22501122,83,2026,4,3,22501122,0806860b-bd1a-1800-1dce-24caea617e3a
22501122,11,2026,4,3,22501122,8638a29b-39a2-4412-b954-c5816796e6ce
22501122,143,2026,4,3,22501122,cf3ee6f2-4820-f74e-61f4-5db279c0f58b
22501122,19,2026,4,3,22501122,8c56a7a5-5e9b-c3d9-4f7f-240f39c9b0d2
22501122,20,2026,4,3,22501122,ecaa8800-e949-97e2-a7ea-87d14e941166
22501122,217,2026,4,3,22501122,34ebe20d-fbaf-f0f4-622d-46c184e67d90
22501122,399,2026,4,3,22501122,f79bfbe5-b5ca-7360-b94c-bad83d655ab2
22501122,448,2026,4,3,22501122,d22d9305-52e1-e4de-01a5-08633fc6766f
22501122,475,2026,4,3,22501122,540f13cf-e73d-ad55-ff11-292980140e49
22501122,587,2026,4,3,22501122,df96f716-ec64-1fe6-a81d-795a69af6716
22501122,664,2026,4,3,22501122,b42bf6da-d9ab-0e5d-7db1-6aa36237951c
22501123,100,2026,4,3,22501123,9f355af4-aa84-519d-06f5-8c5be3927a6d
22501123,117,2026,4,3,22501123,fb38783b-295f-dd68-5d7b-bd2fbc5c7cd5
22501123,124,2026,4,3,22501123,bb031fa5-abb9-e445-5963-e0faa88f03c5
22501123,150,2026,4,3,22501123,9f23dac4-76c6-f8e0-0d14-d5e54fd99730
22501123,154,2026,4,3,22501123,225de308-4331-0b14-d07c-54a7d64b98cc
22501123,161,2026,4,3,22501123,7e4a9dc4-8d83-b039-15e0-f7143fc475e0
22501123,165,2026,4,3,22501123,edd619be-1d85-5e03-e948-99a193e68f30
22501123,175,2026,4,3,22501123,d05d8801-34fa-c5ee-8671-e14ad0e1b565
22501123,189,2026,4,3,22501123,c25a6de0-06ba-414e-7153-23c8e37b74f1
22501123,221,2026,4,3,22501123,c0e05971-3641-e128-40b8-c557c5ef7e5d
22501123,228,2026,4,3,22501123,97b6da0d-04a4-80e8-2f51-329054180760
22501123,238,2026,4,3,22501123,c85f77a0-51d4-95a0-dd9d-7c12c7a9f51e
22501123,254,2026,4,3,22501123,627f0cf4-f4dd-2bdc-9921-6118a65c86da
22501123,257,2026,4,3,22501123,cf507a4e-b6b9-977f-9510-97c88fd74ef5
22501123,264,2026,4,3,22501123,89900089-9504-4048-2427-abdd655d6e92
22501123,266,2026,4,3,22501123,ccb88d97-4d26-51f7-2c57-6b166734c900
22501123,272,2026,4,3,22501123,6f9e65f0-c3df-79dc-abeb-8384a9f5a663
22501123,276,2026,4,3,22501123,4930a8ad-0d3f-9d0d-8725-3a09109fd7d7
22501123,289,2026,4,3,22501123,241bf4b8-1d00-13ff-c247-cbad53a4a487
22501123,320,2026,4,3,22501123,63e123f2-3be3-3eec-6e8f-56ee8d862f92
22501123,322,2026,4,3,22501123,705e10bd-15ff-6b84-ab3a-393fb276c54b
22501123,326,2026,4,3,22501123,bc4ea3fc-4087-a8de-2794-978f7f56df93
22501123,328,2026,4,3,22501123,53284708-0720-4f95-bf78-b22aba0e30dc
22501123,34,2026,4,3,22501123,6ff7c449-1855-3c96-e8d8-e45f91359dac
22501123,343,2026,4,3,22501123,96dcc9dc-38af-540b-92ad-e9ffadf4256c
22501123,349,2026,4,3,22501123,4ca911bf-2f34-4a37-d9d6-91cb01c335b2
22501123,366,2026,4,3,22501123,3ce255fc-f741-5cd6-7965-c58fd73f1ea0
22501123,382,2026,4,3,22501123,7e12ef7d-6321-f377-e0c2-dc8e7e75b5a1
22501123,389,2026,4,3,22501123,69205745-d2bc-bcd6-1d35-d0a8bd913629
22501123,424,2026,4,3,22501123,3d7c5e86-09d9-d0fb-449c-93bcfea5c95b
22501123,438,2026,4,3,22501123,6501efa2-977f-4380-811c-eb19af620a53
22501123,44,2026,4,3,22501123,09dd3dee-f6f8-e9fd-7a21-5f83529b65bf
22501123,440,2026,4,3,22501123,47ec40bb-859d-7625-0c8c-9561fdad6b88
22501123,456,2026,4,3,22501123,46346d93-b599-9223-b9cb-85641d97b911
22501123,460,2026,4,3,22501123,c709e9e2-a188-ad2d-c6da-ae4a5946801c
22501123,468,2026,4,3,22501123,c425e57d-6cba-3162-90e3-ae4511cd3d36
22501123,51,2026,4,3,22501123,568a4d35-fa2a-2ba1-4ab6-aa62796b0a7a
22501123,517,2026,4,3,22501123,d2a04c81-42f6-8799-6643-4c71dad5c0a9
22501123,55,2026,4,3,22501123,1a3ea60b-00c0-7346-ef15-190ac52ed280
22501123,551,2026,4,3,22501123,c5115c04-5e7b-b479-0260-32c51fc9c4b7
22501123,562,2026,4,3,22501123,1bd05c17-bceb-2738-8818-25310f37c858
22501123,588,2026,4,3,22501123,a19c6df3-c548-edcd-3d18-1da484caa7dd
22501123,599,2026,4,3,22501123,d47c6dd0-fa6f-b63d-7db4-fb14bae0d7b9
22501123,615,2026,4,3,22501123,724083fe-485a-0e81-9a19-d8a2a8cd3425
22501123,637,2026,4,3,22501123,92bc7166-5483-cc46-ac83-2d34a1c61dd8
22501123,643,2026,4,3,22501123,4be3a72c-a74c-864e-cb14-20c9e81787ad
22501123,645,2026,4,3,22501123,0f895333-f6cb-3401-d286-267597238eb2
22501123,647,2026,4,3,22501123,3cdff76b-d389-92e9-85cd-33073c30edf5
22501123,663,2026,4,3,22501123,6728f690-d4c7-c3fc-4736-8455dcb331b1
22501123,667,2026,4,3,22501123,83aec677-7734-9076-3764-0bc2442c5fe1
22501123,671,2026,4,3,22501123,e640abc7-830a-794d-f66c-368221e4f47f
22501123,90,2026,4,3,22501123,b8b7586d-6a44-b8ed-2697-9f1691ad94d6
22501123,92,2026,4,3,22501123,54c516c2-4022-ae4f-34a7-36088e7556d9
22501123,98,2026,4,3,22501123,0b9ce14b-80ce-55ab-8cb7-ba6b50e9c97b
22501123,259,2026,4,3,22501123,64085c71-bb4f-02d3-974c-fb53b92b0c99
22501123,361,2026,4,3,22501123,0bc5a508-7e46-711a-5d8d-f96aecbea6c8
22501123,372,2026,4,3,22501123,975cabbe-a4f7-9cb9-2692-b795808d01e9
22501123,531,2026,4,3,22501123,1a36b7c3-07de-daf1-d1ca-78b5f9adc5a5
22501123,72,2026,4,3,22501123,5ffd4067-608e-0a14-bb55-0efd75884664
22501123,11,2026,4,3,22501123,282f8381-b05a-9dc5-75fc-a74ba19184d4
22501123,113,2026,4,3,22501123,0ae05b40-8acb-e918-e0d0-9cd01931d91a
22501123,115,2026,4,3,22501123,ee2515dd-de6c-0509-c8d1-3d0df0ed2e32
22501123,126,2026,4,3,22501123,a6efba0f-f632-8acb-cc08-7f24ee0ada9b
22501123,128,2026,4,3,22501123,09ed43ff-2361-c2ad-14e1-f60fdbe08a8d
22501123,13,2026,4,3,22501123,aa436a16-9002-8f08-aaf6-46c72ced82e0
22501123,144,2026,4,3,22501123,43d89d69-1b11-b780-a1c3-771cb9b78ea3
22501123,146,2026,4,3,22501123,5671bf9f-94fb-2279-f8a7-fa1550b95469
22501123,148,2026,4,3,22501123,671ac391-90f0-81aa-f573-d488414dd368
22501123,158,2026,4,3,22501123,86132b29-4360-d0e3-c432-90d901ea8fdb
22501123,160,2026,4,3,22501123,06ed9c78-0d95-0110-0716-582508b0882e
22501123,177,2026,4,3,22501123,b8fd8e9a-c771-53ac-8625-212c0009e278
22501123,179,2026,4,3,22501123,bf707464-75c8-b98d-f7f4-cffe6e1b17a6
22501123,180,2026,4,3,22501123,31210f0d-5a62-2f18-4b1c-230531513e0f
22501123,181,2026,4,3,22501123,927439df-3088-c6fb-613d-0c685271d601
22501123,183,2026,4,3,22501123,07032eee-0cc5-ef9c-3b30-3763b3f527a8
22501123,185,2026,4,3,22501123,088b981f-b632-9742-3d17-502ba3831781
22501123,186,2026,4,3,22501123,f7c7b20e-7e9a-f95d-0e8e-c0944219b272
22501123,188,2026,4,3,22501123,8bf8a2a4-f733-efa6-d970-e9912981a2fa
22501123,191,2026,4,3,22501123,deb891a0-4333-d2d8-9673-d4c558d71c3f
22501123,192,2026,4,3,22501123,ff384ceb-d759-569d-412d-9d487a9d0e87
22501123,20,2026,4,3,22501123,291805c7-b437-2131-63d0-93f6e70db6a5
22501123,208,2026,4,3,22501123,97dab8f9-b46e-e9dd-67bf-33bacb78c2c3
22501123,210,2026,4,3,22501123,9090cfce-2ff1-11cd-b467-5e943daf166b
22501123,212,2026,4,3,22501123,69ddb28a-34a3-bd92-92fa-06e64ea8ddab
22501123,215,2026,4,3,22501123,6086d29e-8f1c-c7b5-e582-576fec297639
22501123,217,2026,4,3,22501123,5ffec12a-73bf-648b-1481-66b9fb11ed09
22501123,23,2026,4,3,22501123,d31b74be-5256-7bc8-2c6c-50618f04aa72
22501123,230,2026,4,3,22501123,03fa35d2-c179-4632-c287-92f80cad0059
22501123,232,2026,4,3,22501123,d9a25021-85a7-b3f6-31da-47cecc322270
22501123,234,2026,4,3,22501123,aabd9486-9a59-f7e9-1439-79d6d24f3872
22501123,240,2026,4,3,22501123,b4971294-972a-195a-ecd3-4c68afbc3177
22501123,25,2026,4,3,22501123,570357d4-44fc-ab73-f299-702bc4ca4ccd
22501123,252,2026,4,3,22501123,82ab2d26-545f-b58e-3eac-895568827fc7
22501123,256,2026,4,3,22501123,5fccd854-411d-aeb9-97a1-b9ab1f79c16f
22501123,268,2026,4,3,22501123,8839ce17-73af-0f6f-f969-37047efce531
22501123,270,2026,4,3,22501123,e1bfca56-793d-0383-38bc-cf3929f7c8c6
22501123,274,2026,4,3,22501123,2efcb92b-bd58-18db-6265-31de4c1d273c
22501123,28,2026,4,3,22501123,d08d627e-18c0-388e-baa8-50eccd9a493b
22501123,291,2026,4,3,22501123,1fa87a1e-a91c-b623-df69-6fdcebea24c5
22501123,292,2026,4,3,22501123,3fc051b8-adfc-b162-b5ca-ffbbe7c3a74a
22501123,294,2026,4,3,22501123,e863ff64-099f-f687-7b8f-5bc5f9be7570
22501123,30,2026,4,3,22501123,7ec060fa-529f-6668-f235-59fab2a4ecb8
22501123,305,2026,4,3,22501123,8bdd12b4-ab0a-6e10-fe93-82fa2417b6f2
22501123,32,2026,4,3,22501123,42b61542-9e84-85b4-8cba-a9275de5dc8e
22501123,324,2026,4,3,22501123,0ad5fe6e-6300-1a26-ae27-27a36735a6ff
22501123,330,2026,4,3,22501123,8f7e2bf5-893e-4b9b-217f-756fc4d0c6ff
22501123,336,2026,4,3,22501123,0160f4c1-6210-6acc-2276-fca7c4ab48cd
22501123,351,2026,4,3,22501123,71f4b835-9c5a-1416-b75f-fc6eb236342b
22501123,353,2026,4,3,22501123,ded1b0d6-ed42-6a31-0558-4443140518ad
22501123,354,2026,4,3,22501123,9a65f0c5-140e-5839-ac25-40da13a163fb
22501123,360,2026,4,3,22501123,9d578c93-5540-fab0-e4d1-ac4f0950e2d2
22501123,368,2026,4,3,22501123,1c071969-a429-d17f-4453-062a8eb3be3f
22501123,370,2026,4,3,22501123,ef42cfc2-56c6-f6aa-1d84-f911d10869e8
22501123,376,2026,4,3,22501123,e61c4755-18ae-e6cc-14ec-c9081724e071
22501123,38,2026,4,3,22501123,e5edc1e6-d20f-eea7-6758-1fae2cf4ea0a
22501123,384,2026,4,3,22501123,0ee19dfe-5bc3-0d5e-2c2a-d16fa22bfc12
22501123,386,2026,4,3,22501123,a8d1a59d-95a5-cced-3dd6-e0153e04de0e
22501123,40,2026,4,3,22501123,dcc24abb-e6ed-f927-8e85-261a571f0c2c
22501123,401,2026,4,3,22501123,d16f9e7c-ee5f-a4bc-9e9c-60c011ddbb90
22501123,403,2026,4,3,22501123,6b062fe8-c889-2cdb-c8b8-bafd060d3e8f
22501123,409,2026,4,3,22501123,f8f3d691-b8a2-9bc4-296a-e323424b2a51
22501123,411,2026,4,3,22501123,c07bb959-4910-af3a-074f-f2a164faab5a
22501123,42,2026,4,3,22501123,414a4a59-1532-4bfd-db26-776dbad03093
22501123,421,2026,4,3,22501123,1415dbc7-7af3-1d11-4a3f-717c28852a94
22501123,423,2026,4,3,22501123,b0f951d0-2440-6523-bc73-7fbd8ffa58c1
22501123,432,2026,4,3,22501123,a81fcc82-284a-1fbb-afe8-f55f5bf6274c
22501123,434,2026,4,3,22501123,b4b8b141-97e0-0664-b0e7-fc9fbead1abc
22501123,436,2026,4,3,22501123,2fbd0741-49be-5fd9-56e2-e871e5129454
22501123,458,2026,4,3,22501123,610061d2-4c2a-6856-91df-d180c3012c8d
22501123,466,2026,4,3,22501123,89d9139d-490c-fb0b-7ed5-d0287acdac8e
22501123,473,2026,4,3,22501123,13dbb5e2-8664-2caf-6266-ae06919c8860
22501123,487,2026,4,3,22501123,738dca3d-80d9-037d-8741-a39e0281f21a
22501123,489,2026,4,3,22501123,57db9237-7447-1d3a-420a-6386f9eb3fd9
22501123,492,2026,4,3,22501123,b9589b4c-0381-4040-36d8-3040861c3771
22501123,500,2026,4,3,22501123,99c606f1-2856-6e4f-459f-85ef932aeb5b
22501123,501,2026,4,3,22501123,ead10fa6-d9e8-ebab-7f73-d09a80217679
22501123,519,2026,4,3,22501123,a12bdd47-b33e-0e27-b6f5-d1c9b408d53a
22501123,535,2026,4,3,22501123,3797e5b0-4878-b745-ca30-9b7d5fa2bbbf
22501123,545,2026,4,3,22501123,cf4c75cb-91a0-9f60-4ec4-3353c3e8b450
22501123,547,2026,4,3,22501123,3b0aad07-d904-1435-d56f-34023c83dc69
22501123,549,2026,4,3,22501123,4e10b063-3f20-fa67-6838-bf1ab9d5312f
22501123,564,2026,4,3,22501123,8aa94125-edef-da0d-b4ba-4756c52ef256
22501123,566,2026,4,3,22501123,19ee98f3-0d0c-9f0e-18a2-b5490a445dc7
22501123,568,2026,4,3,22501123,208ca760-7a62-a5d5-2c0b-578e19cc3617
22501123,57,2026,4,3,22501123,38ec13a9-f7ad-3eb2-8dce-1d75ac5a3e82
22501123,570,2026,4,3,22501123,d2b1debf-e1d5-31c5-9782-d013e844aaf9
22501123,571,2026,4,3,22501123,bfae0b61-ebc3-7717-9ae9-bfdcc8ca5f5b
22501123,584,2026,4,3,22501123,b3339d06-e35a-1f8a-4d26-70ece7ffd062
22501123,586,2026,4,3,22501123,cefcec88-6809-f2f2-a4cd-c37d81de1b46
22501123,597,2026,4,3,22501123,376d8a6e-8b82-1c45-2028-77a3058047d9
22501123,601,2026,4,3,22501123,3412961f-3138-ad69-4e1d-1882e55b37ba
22501123,608,2026,4,3,22501123,98036de0-7b54-5af2-25ab-98059c765bde
22501123,610,2026,4,3,22501123,29c43c8d-4905-df3d-565b-67870b126e73
22501123,611,2026,4,3,22501123,5593a965-3198-d1c8-2dac-5fb26acc8ce9
22501123,613,2026,4,3,22501123,463836d9-5db3-235d-cfdf-08ea53408503
22501123,617,2026,4,3,22501123,403e5714-22ef-b028-eeca-aa31bb82c08d
22501123,619,2026,4,3,22501123,4b0e875e-10c8-fde5-9434-d97e0a80c36e
22501123,621,2026,4,3,22501123,4934c371-8f56-648a-d928-2745a7566eb7
22501123,629,2026,4,3,22501123,f51aade9-af17-fd0f-2288-a2be71568fd3
22501123,640,2026,4,3,22501123,f8d598a4-a70f-6abe-a278-8911fd146144
22501123,649,2026,4,3,22501123,be377303-f024-20d2-09b0-8871400ccb72
22501123,657,2026,4,3,22501123,855efc35-87ba-3cca-1b2e-378f7a3e91be
22501123,665,2026,4,3,22501123,5a461a31-de46-21f1-1e0d-e86f66443bfb
22501123,669,2026,4,3,22501123,c23efd29-dac0-dfa2-59c9-b55a4d1e71cc
22501123,68,2026,4,3,22501123,e2387161-79c9-4cfc-8fb4-037b89b3b9a4
22501123,7,2026,4,3,22501123,bbeb9e06-fcac-7761-1394-5d1d7cd57bf5
22501123,78,2026,4,3,22501123,aeb9b8da-1c00-eb87-98bb-4e392572bc5e
22501123,86,2026,4,3,22501123,2c034d6a-2f45-4f49-3a26-0fef0aa8ffdc
22501123,88,2026,4,3,22501123,6b4730df-1930-3b64-56b9-3d76d4918978
22501123,9,2026,4,3,22501123,9ec3018c-bbd5-9de2-496c-d426a5a623da
22501123,94,2026,4,3,22501123,aa745400-e6c3-6200-58a4-ede4e90bba47
22501123,96,2026,4,3,22501123,b3f8fcb0-6b84-c8e0-47ad-6347e5849416
22501123,10,2026,4,3,22501123,680643a8-e138-028b-ea80-765039cb7543
22501123,112,2026,4,3,22501123,d23a27af-7e0e-a557-c565-880ee7caa8b2
22501123,114,2026,4,3,22501123,6c989c03-44d8-fced-f6ec-ab4ec2b9c25c
22501123,116,2026,4,3,22501123,96c27adb-16e0-b46a-9d7b-ec33dd06d676
22501123,12,2026,4,3,22501123,1ca0bc25-f6b6-211e-99d1-228c0aa76566
22501123,127,2026,4,3,22501123,99dd16e0-1be5-8e93-9968-d3b2ad08c26c
22501123,143,2026,4,3,22501123,0ddfe221-2215-bf1b-8b71-6031a115cc9a
22501123,147,2026,4,3,22501123,23f70f57-6673-c223-3a6a-0652ae61bdc7
22501123,149,2026,4,3,22501123,48796f68-fe74-0058-7d16-4a7b629861ed
22501123,159,2026,4,3,22501123,b5cc06fc-6e48-b1b9-923b-a737650933d2
22501123,178,2026,4,3,22501123,5afa6584-1e13-8b42-a71e-8b3df15dd0b7
22501123,182,2026,4,3,22501123,a8f930b2-fb50-85b2-fe4d-e58998168957
22501123,184,2026,4,3,22501123,711fc3c5-b3ca-aea8-e177-672c7b43a699
22501123,187,2026,4,3,22501123,31127cae-178b-8902-a8ca-e55c106451c8
22501123,193,2026,4,3,22501123,1a12fcd0-48fc-a405-79fb-e097e5c6f722
22501123,211,2026,4,3,22501123,8774217d-c544-3214-6758-32a61a4b2f2f
22501123,213,2026,4,3,22501123,7fcd3d44-54a9-b7e9-d5e6-a51c2adee73b
22501123,216,2026,4,3,22501123,9845bcc4-4748-72df-d4c9-af767b2a5db9
22501123,218,2026,4,3,22501123,d351d10e-3a29-a6a1-2721-e693dc3bc88a
22501123,231,2026,4,3,22501123,439e5984-182b-ae35-8166-dd8fec2fa509
22501123,233,2026,4,3,22501123,0ca7629c-d428-a335-9edd-2db64dba5ce0
22501123,235,2026,4,3,22501123,28cb9caa-479c-c50c-a212-9c1087dde18b
22501123,24,2026,4,3,22501123,9afcaab5-8677-0e4e-dfdd-718d075fdbbc
22501123,241,2026,4,3,22501123,61375093-d4e8-d589-7a53-03c37e28f240
22501123,253,2026,4,3,22501123,9d29abe9-da6f-c70c-23d8-a86286453522
22501123,26,2026,4,3,22501123,69adf5ba-6b5b-eb15-cfe7-07a1ac7c0fb0
22501123,269,2026,4,3,22501123,f6474e0b-fc7a-e28f-1d34-8a920fe3a2c7
22501123,271,2026,4,3,22501123,af1e2eb7-3d97-b7bb-4ef0-d7d0fbb9b10c
22501123,275,2026,4,3,22501123,1349a774-9bdf-ba3f-6165-8adedeebdd1a
22501123,29,2026,4,3,22501123,5dd047cd-c858-1d65-5d20-4b7476c3d6a3
22501123,293,2026,4,3,22501123,08ff4a6c-8e94-06c8-c92c-19237e8cfde6
22501123,295,2026,4,3,22501123,101594a7-ba5e-8043-6e38-91867076f6ac
22501123,304,2026,4,3,22501123,230c24c8-c945-fe90-6d0b-4cf301ddbd26
22501123,31,2026,4,3,22501123,f17359da-3407-35a8-77c5-6cfc44e58b48
22501123,314,2026,4,3,22501123,d09ac81f-0770-073a-bec0-3c4f487b5b67
22501123,319,2026,4,3,22501123,53efc7e0-c618-d02c-f430-6ddafb36eff8
22501123,325,2026,4,3,22501123,284979cf-8626-49cb-5862-064044f625bd
22501123,331,2026,4,3,22501123,419eb9d1-f193-23b4-2abb-a40819692a13
22501123,352,2026,4,3,22501123,c5c8b249-e9bc-c02a-7361-437bcfe2df0e
22501123,363,2026,4,3,22501123,3e7069ac-be70-0d01-ab87-d338e338fef2
22501123,369,2026,4,3,22501123,03f84eae-0898-15bc-fb7f-e32aa89fed68
22501123,371,2026,4,3,22501123,a120a8db-286b-9625-fbf5-a791456f68fb
22501123,385,2026,4,3,22501123,1cd888ac-ef6c-fb27-5826-7ceb6c9404e9
22501123,39,2026,4,3,22501123,41d76a4d-e1d1-6a56-2fb8-b9725d60df7f
22501123,402,2026,4,3,22501123,bfd2ae21-4b4d-d359-d0df-db4073033cdb
22501123,41,2026,4,3,22501123,5dcc48f6-d7d7-eeef-741c-4b983c96c7d6
22501123,410,2026,4,3,22501123,f1e9cb25-7987-b21c-42cf-e829ba686f3b
22501123,412,2026,4,3,22501123,c60aa929-e26d-7e4b-4674-2916bb91838f
22501123,420,2026,4,3,22501123,2cfe0eeb-1135-c15d-e819-bf14fcf44b2e
22501123,422,2026,4,3,22501123,c6426991-fc31-e3cb-cf6f-3fbfef5b487d
22501123,43,2026,4,3,22501123,c141c518-fafe-7957-b4e9-751804b12760
22501123,433,2026,4,3,22501123,e11f899c-89ba-1eb2-5e1f-1eaeb7057a35
22501123,435,2026,4,3,22501123,019b496a-0c52-4152-a54d-db41be279df6
22501123,437,2026,4,3,22501123,d270db0d-663a-f589-84e4-352589a25f1e
22501123,459,2026,4,3,22501123,0d2c7f0d-a92c-38aa-482c-553a576ac7f0
22501123,465,2026,4,3,22501123,0a79243d-c63c-28d3-73fd-bdace886d0e1
22501123,467,2026,4,3,22501123,92ec93a4-9f61-9dda-bcf8-e241ce5f1eb9
22501123,478,2026,4,3,22501123,7f1ee49f-829d-9c11-3f50-cc7581135f1c
22501123,488,2026,4,3,22501123,e79163b3-385a-71a8-e615-e339d3bdf85e
22501123,491,2026,4,3,22501123,877442f4-0f60-387b-97bc-59d36a8703b2
22501123,493,2026,4,3,22501123,da0c2cfd-39b1-2245-142c-d8c099d584e0
22501123,520,2026,4,3,22501123,e8883c6a-e93e-e43e-f2db-b4bc1139fd1e
22501123,533,2026,4,3,22501123,b206a617-2543-c21a-ea9b-49ae50ff55ef
22501123,546,2026,4,3,22501123,20d694bd-56c8-6cec-88e6-6808f9bb404e
22501123,548,2026,4,3,22501123,f10ef22e-0fdf-6b31-8ed5-2bd5be410c1f
22501123,550,2026,4,3,22501123,33f12aa3-9a56-1364-da82-8e96e85bbaa2
22501123,565,2026,4,3,22501123,b43aff44-8617-a4a0-b195-1f39fce4c4d6
22501123,567,2026,4,3,22501123,dbac3ed8-eb48-3ed0-7ea0-a99cfb63f99a
22501123,569,2026,4,3,22501123,1437d41e-491c-25ca-37f9-718d7fb90cac
22501123,585,2026,4,3,22501123,4280280b-a314-5244-4a5c-132eb860dac0
22501123,587,2026,4,3,22501123,d50191d3-3aeb-90d6-8854-86c2ace98ec2
22501123,59,2026,4,3,22501123,0f3db2bb-57d6-7bc0-cc2e-a13ed0294726
22501123,598,2026,4,3,22501123,78a7b2cb-1874-af16-2c91-9d400094f5e2
22501123,609,2026,4,3,22501123,8b4387b1-1062-2b06-a5cd-a283c28f314b
22501123,612,2026,4,3,22501123,99b79d20-2cbd-73bb-5339-92baa6c47450
22501123,614,2026,4,3,22501123,7a56e56f-3976-274a-371c-c07f35dc27f9
22501123,618,2026,4,3,22501123,a339efa9-cb52-e8f8-aa76-23c616813af8
22501123,620,2026,4,3,22501123,1956830f-be36-b4e7-80ed-1dd396f5a095
22501123,622,2026,4,3,22501123,dc96a9e5-5046-057c-5f1b-09174c923e48
22501123,630,2026,4,3,22501123,551e12fa-451c-c28f-12b7-36c23241b484
22501123,650,2026,4,3,22501123,5d887ee5-2f73-454e-1f33-c592882e49e8
22501123,658,2026,4,3,22501123,e9e02c54-ea8c-40b4-3c39-38aac851ed99
22501123,666,2026,4,3,22501123,76c99e9d-7e98-b494-6a82-e040fc24d238
22501123,69,2026,4,3,22501123,70ef4d78-0ea0-f16b-0e24-8afc2e441ccf
22501123,79,2026,4,3,22501123,63180f59-8578-3fe2-a697-15047dbdd6b7
22501123,8,2026,4,3,22501123,ed811143-66d0-ea7b-fcc5-8e1d6d6cfb11
22501123,87,2026,4,3,22501123,59a2d7f1-02e0-d15e-d659-4507cf73e791
22501123,89,2026,4,3,22501123,0e29aff1-1072-629e-be29-dfed0f0b0210
22501123,95,2026,4,3,22501123,1ea8301e-7809-9a83-e93c-461ce02d64a8
22501123,97,2026,4,3,22501123,6deefba4-b33f-712c-9197-45766265849b
22501123,102,2026,4,3,22501123,3e4a091c-0fa7-4ffd-ab06-a67354b270de
22501123,156,2026,4,3,22501123,20e4a15c-e3e8-b8c6-d5df-d4e18055e392
22501123,21,2026,4,3,22501123,de8d81f2-ceba-f103-9356-765b360c31fc
22501123,219,2026,4,3,22501123,facece4a-2029-243c-da36-dfc7784ab9c2
22501123,226,2026,4,3,22501123,88d03fb1-9d26-1b04-7587-e521e23d192f
22501123,236,2026,4,3,22501123,402b3b2d-0118-7f26-9a31-a2986762fdd0
22501123,339,2026,4,3,22501123,29b4e340-d864-7d5b-b06d-09451c9dc66b
22501123,364,2026,4,3,22501123,446b8955-3feb-8aca-731f-2c464db0711e
22501123,404,2026,4,3,22501123,d9c27d54-1a75-de02-ee58-da589a146f1a
22501123,522,2026,4,3,22501123,7746e72d-8d9b-f169-a791-df26d7248b6d
22501123,53,2026,4,3,22501123,49ed1352-0107-8bba-fdc3-7b970b9aeb1e
22501123,530,2026,4,3,22501123,2e2b1d86-3368-9b8c-c981-409c54b95a4f
22501123,579,2026,4,3,22501123,3aef1f8c-89c5-ee96-206a-a8425dc3cacd
22501123,641,2026,4,3,22501123,a501450e-62bd-94b7-b425-c144d89f2bd9
22501123,70,2026,4,3,22501123,cff08394-a024-df89-854e-6032fa9701c0
22501123,263,2026,4,3,22501123,b4598eec-ec84-7f8e-4324-fcc659c61ac5
22501123,27,2026,4,3,22501123,0012a4e2-51cb-03b9-30f4-00d032ac203a
22501123,33,2026,4,3,22501123,121a1235-2de0-08e5-b2aa-470a599328d6
22501123,37,2026,4,3,22501123,0b233dd3-94bf-7750-694d-f2bc27182a51
22501123,48,2026,4,3,22501123,dcd7cbb2-24af-d64b-f27d-4cd178869cc4
22501123,521,2026,4,3,22501123,561d033f-ee2f-e67b-1fe3-bb485c122445
22501123,583,2026,4,3,22501123,1471891f-5c97-97da-b4ad-7e8ff1ea8d8e
22501123,636,2026,4,3,22501123,ea2233cf-1068-1ce7-cd7b-f9934ab7225f
22501123,670,2026,4,3,22501123,68470a64-2622-0a82-7dfe-a2ad04ed64d1
22501124,104,2026,4,3,22501124,7fab1c26-d75f-b30a-d45d-a8982b9c90fe
22501124,106,2026,4,3,22501124,ecf07c77-73e1-714a-92c9-8afdefd3919f
22501124,116,2026,4,3,22501124,e01db6bd-5611-9a17-69da-b380159e7aca
22501124,138,2026,4,3,22501124,484be497-c29d-5539-189b-7615263cb86c
22501124,141,2026,4,3,22501124,58707bf1-b37e-8b18-8e07-7a4253164c81
22501124,172,2026,4,3,22501124,dfcdf9c1-25e5-93f8-3d54-9b6af4c55713
22501124,177,2026,4,3,22501124,f5567d7d-1b47-3acd-911d-254e380b5e38
22501124,196,2026,4,3,22501124,17336213-b9bf-6ae8-adef-5efbdb5fc9ce
22501124,198,2026,4,3,22501124,30b4060d-826b-dd30-cbf5-f6b1fce86813
22501124,22,2026,4,3,22501124,52f162aa-7e45-8fbf-e2da-190a07911278
22501124,229,2026,4,3,22501124,d4804d81-e563-7f98-2b74-f785a492dda5
22501124,235,2026,4,3,22501124,a425ef81-4335-28b1-7053-e5318f21ab88
22501124,237,2026,4,3,22501124,820be033-75b5-67bf-a386-68c62968392d
22501124,251,2026,4,3,22501124,10bae045-2da8-93d1-ba33-321ccdb3a511
22501124,272,2026,4,3,22501124,5ade6e28-7c1c-951d-270f-5a1bf1f8f793
22501124,283,2026,4,3,22501124,7ab6602a-c31f-06ae-7e2d-ca00602e987f
22501124,291,2026,4,3,22501124,2fbbc037-ba72-d290-30a7-6a697d78c023
22501124,299,2026,4,3,22501124,4291334a-eb6a-e8e4-c9ed-50652a66b5e3
22501124,310,2026,4,3,22501124,91887bd6-7c54-943d-dcaf-6ef804fbe732
22501124,323,2026,4,3,22501124,a97a40ea-646b-b7ab-0300-b5833b419761
22501124,346,2026,4,3,22501124,2414a1ec-b15e-3aa7-3a2f-1bf04d17c10d
22501124,348,2026,4,3,22501124,bb6dc9a3-34c7-207c-e69d-66079ca4dee1
22501124,368,2026,4,3,22501124,02c978b4-813d-40f5-3d27-1ae5e9d37d5f
22501124,370,2026,4,3,22501124,b6d25378-144a-defe-389e-7f8d51388755
22501124,383,2026,4,3,22501124,5e5f214c-7654-d3b2-dc40-974ac3447d67
22501124,386,2026,4,3,22501124,f4093c59-6631-9062-6f91-815b755c6f4d
22501124,397,2026,4,3,22501124,78aaaf1f-7ef5-ce50-37ed-7ae8fcd33079
22501124,430,2026,4,3,22501124,8479a5ab-6ee3-34e6-ba8e-9dd6b8b503f7
22501124,433,2026,4,3,22501124,15e543c7-207f-d71f-6c58-a197ac6b97c1
22501124,445,2026,4,3,22501124,21f7e2bc-af00-227f-5d91-f7bee70276ec
22501124,455,2026,4,3,22501124,ef9831c1-65f1-20a3-b0c3-d2e8e9007fb0
22501124,46,2026,4,3,22501124,e519b004-34c2-23a4-3721-7de3a686f05a
22501124,473,2026,4,3,22501124,74894646-2150-9d15-8700-b1c094538c38
22501124,490,2026,4,3,22501124,a5851750-089c-9983-219b-0ee5bc5fb290
22501124,494,2026,4,3,22501124,162d2272-064f-116e-4ab3-4d181291527b
22501124,539,2026,4,3,22501124,58634a8e-ec19-43e0-fd92-0c0d063a1d8d
22501124,560,2026,4,3,22501124,60a7cc9f-dbd1-1f9f-75c5-64124e2d8d43
22501124,564,2026,4,3,22501124,646ede56-52c0-2d46-6f1d-f7def4e1f286
22501124,573,2026,4,3,22501124,b72e4e74-04e3-35b4-4a4f-b5129b3981a4
22501124,603,2026,4,3,22501124,1a01bc59-7064-a3ed-e31e-fc8690a7c859
22501124,607,2026,4,3,22501124,253181bd-a6c9-54c2-e325-8e1d7fc945cd
22501124,609,2026,4,3,22501124,7b302252-bc74-8f5d-6ca5-5b150e9aca61
22501124,613,2026,4,3,22501124,75306383-e41e-5b85-2842-7701e683b7a3
22501124,62,2026,4,3,22501124,66ab27b8-e93c-d1ce-4426-69f4136df210
22501124,632,2026,4,3,22501124,80017d7f-5b8c-b6c7-4988-746794a78220
22501124,647,2026,4,3,22501124,4108b630-dd1e-64ac-0a90-7eb191c29a4a
22501124,674,2026,4,3,22501124,f9ce7033-c8b6-5a3e-4563-d91c2c2e7935
22501124,678,2026,4,3,22501124,c8604e9e-cf12-98bb-cc58-b335dc6d61b6
22501124,77,2026,4,3,22501124,b8269635-c6be-649b-66f7-06e734582e4d
22501124,85,2026,4,3,22501124,e339a7d6-0c0d-492c-374b-dd34a98524d7
22501124,91,2026,4,3,22501124,1a1c5354-5948-081f-cd2f-4fbc872c207a
22501124,97,2026,4,3,22501124,80d3e69e-0108-3b42-a82f-a7f1bf0dd35a
22501124,158,2026,4,3,22501124,2bc3385a-1fbf-82d6-7e60-57e6a8b4d34b
22501124,209,2026,4,3,22501124,b63712fb-d40c-04e3-488a-2be2fdc3afb0
22501124,274,2026,4,3,22501124,8ff91cec-458a-f16d-848d-01c37dbdf5d2
22501124,362,2026,4,3,22501124,c97f131d-b218-a3e0-ba90-80baed1c82d9
22501124,42,2026,4,3,22501124,4aea1b33-a72e-e7e9-8037-1b03bb1679d5
22501124,436,2026,4,3,22501124,9b844bb8-19c0-b572-7b0b-9f06e87b7ca8
22501124,440,2026,4,3,22501124,4f2f7b7b-ece4-79a7-f647-5445353fcdc2
22501124,481,2026,4,3,22501124,e7020c2d-4d21-f764-4dbd-24b382b63374
22501124,589,2026,4,3,22501124,b5a80c6f-cdc7-e8c6-3629-7399f6e0febb
22501124,108,2026,4,3,22501124,0312bac0-8118-b05e-9530-8f19d49b744b
22501124,11,2026,4,3,22501124,20751402-c6d2-6704-a743-1aa2074df6b5
22501124,110,2026,4,3,22501124,711800b0-83d5-382b-fe82-1bf651f4f3e1
22501124,112,2026,4,3,22501124,d324b990-b5bf-d6bb-921b-edb3110a59d1
22501124,118,2026,4,3,22501124,105e5d8e-d63b-6e61-2608-f8c594c25b2c
22501124,120,2026,4,3,22501124,9a803fc3-fabd-64cf-4b24-6d80dc672f1a
22501124,122,2026,4,3,22501124,1f66501b-b355-58d9-9738-55f55f3f8520
22501124,13,2026,4,3,22501124,b0351f73-e18d-d609-5543-380ee6d604a9
22501124,134,2026,4,3,22501124,f9191970-a344-099d-aad7-520ce5c7d3f5
22501124,140,2026,4,3,22501124,5e401137-4b64-a057-4473-d03a05b1e92a
22501124,143,2026,4,3,22501124,850c2b55-8e69-8326-e78d-84e8c5ee77a3
22501124,151,2026,4,3,22501124,76aafcd8-c45a-91b5-5e92-f492d8336980
22501124,153,2026,4,3,22501124,812255ed-086f-98ec-a4a7-c5b647fbe8c5
22501124,174,2026,4,3,22501124,d13c6f6e-0471-5a19-63b5-3c46e1df073a
22501124,184,2026,4,3,22501124,4000f60a-488b-c8b6-874a-f233423ea3d5
22501124,186,2026,4,3,22501124,5bb5fec6-2f53-87c6-b7e3-27c1d60c9096
22501124,188,2026,4,3,22501124,d4c49729-ef82-a265-68e7-6f5045869ae8
22501124,194,2026,4,3,22501124,b4211842-bfef-e6c8-e000-9834f9881175
22501124,20,2026,4,3,22501124,3291d783-0a0b-8ed9-4f3b-e5c672dff876
22501124,206,2026,4,3,22501124,676091c1-80be-3df1-64dc-932dff919bea
22501124,207,2026,4,3,22501124,4453fc41-120d-0639-a377-f43587107794
22501124,213,2026,4,3,22501124,c6886446-a6a2-56e9-3151-e20817831b88
22501124,215,2026,4,3,22501124,cabe9cdf-a655-6a4c-5fa6-80cdcbc1823c
22501124,223,2026,4,3,22501124,54967e20-5c3c-71c3-ffc3-e3902546255e
22501124,225,2026,4,3,22501124,dab6a3dd-bed6-c9e6-2d93-95d6e66ce822
22501124,227,2026,4,3,22501124,84353cdd-d31a-418b-9ba7-171376cf092b
22501124,231,2026,4,3,22501124,cc33ad60-6f8a-32c4-f2c9-1fa8656d9e9d
22501124,233,2026,4,3,22501124,61462205-e708-f9e4-cb33-cc2a267d66b1
22501124,26,2026,4,3,22501124,0106f9d1-0add-41e4-af96-a46b1fd0efe6
22501124,260,2026,4,3,22501124,053405fb-3075-5c31-862b-8450fed712ac
22501124,261,2026,4,3,22501124,8b6f10c1-c320-0f30-44c7-29a06b8a3859
22501124,264,2026,4,3,22501124,89b5f86d-a6fd-161f-5bb8-3d717692c643
22501124,266,2026,4,3,22501124,47e76a02-a7c3-7b8c-7c03-4078d332e6e5
22501124,268,2026,4,3,22501124,7f5b9166-a01f-6d53-8ae8-e123ae8dac46
22501124,270,2026,4,3,22501124,a6c69569-805a-3471-2c43-28ab2968d400
22501124,28,2026,4,3,22501124,78da7d62-506b-1614-33cb-440b5d392504
22501124,282,2026,4,3,22501124,3c1c6b1a-2078-06b0-34a1-db675a0814cf
22501124,290,2026,4,3,22501124,3548a793-2a2b-f7fc-7b7c-327121545ced
22501124,292,2026,4,3,22501124,9a664983-e643-bcc9-82cc-9dd48ecba5c4
22501124,298,2026,4,3,22501124,339a9704-f3cf-2104-c753-0b8ea4e7eaa2
22501124,309,2026,4,3,22501124,f5d685df-717a-2d44-c5d9-4fac8f394540
22501124,312,2026,4,3,22501124,c6608e77-5dcc-5f86-b34c-bf1027b9e76c
22501124,32,2026,4,3,22501124,b2e13469-ffbb-c41e-7c63-ebcfa6e42680
22501124,322,2026,4,3,22501124,c4d329f1-e30c-0e50-8622-a00799783fe2
22501124,325,2026,4,3,22501124,d5b9526b-d495-47b8-0b68-e179a42c6b48
22501124,33,2026,4,3,22501124,9c939557-f5be-f9c6-9b34-ad65c468de81
22501124,331,2026,4,3,22501124,c3720c42-272d-8aa9-f702-4345442da532
22501124,338,2026,4,3,22501124,2db57180-745a-698d-6009-a52f8e4c1c86
22501124,340,2026,4,3,22501124,28bff65c-eccb-e5a2-e472-deb181d6af28
22501124,342,2026,4,3,22501124,cd16b2cb-a415-5596-ef3d-8842f328d338
22501124,344,2026,4,3,22501124,1dfbc6dd-6395-1789-5762-e31fee0e0eb9
22501124,35,2026,4,3,22501124,0822ce60-6032-efca-8608-986bab0284a3
22501124,365,2026,4,3,22501124,d583f37f-3710-a0da-056c-173dc5fa083b
22501124,366,2026,4,3,22501124,234a1b9f-47f6-9446-e6b2-acda133aa187
22501124,372,2026,4,3,22501124,a61339c6-a01f-9f9d-caf2-f22a8d9209d4
22501124,378,2026,4,3,22501124,935227fb-d5c5-569e-6b47-4e1b24c3c035
22501124,38,2026,4,3,22501124,dd0126f5-d845-9203-0b1a-a6bb8cb4de12
22501124,380,2026,4,3,22501124,fe589459-2cd2-a58c-3574-73a192b8a6fa
22501124,381,2026,4,3,22501124,7ab2fb5f-dae9-c8eb-0f06-243b501b45f7
22501124,387,2026,4,3,22501124,84c2a1af-acea-9215-0637-22015ab692d8
22501124,400,2026,4,3,22501124,6637e6b8-7875-ea48-f064-d254f6cafa85
22501124,402,2026,4,3,22501124,daadb95f-8e3f-7a53-db6e-29dce1a9faf7
22501124,405,2026,4,3,22501124,4a82c624-3908-b362-2fe8-9319890bedc2
22501124,407,2026,4,3,22501124,eae02db7-0d0f-1955-263b-706948e7bfee
22501124,416,2026,4,3,22501124,9f11662a-f8eb-238f-5f95-f4b8ea4d6424
22501124,420,2026,4,3,22501124,f1adecd7-4068-1898-7673-e7e75485fc3f
22501124,426,2026,4,3,22501124,6ba55e32-6bb0-a7c4-d833-fc22cf8136ce
22501124,428,2026,4,3,22501124,c9b0bcbe-a0a5-a436-7881-9533966089bd
22501124,432,2026,4,3,22501124,f051d0d7-2d61-aa3d-0c41-0b24bbe3a815
22501124,443,2026,4,3,22501124,9f1766a2-20d8-2f84-85f8-2445f530fd10
22501124,452,2026,4,3,22501124,52585ac8-2f5b-de75-37f7-019d759595a3
22501124,453,2026,4,3,22501124,ebabf292-340c-97de-ba2a-6b0cadd3d737
22501124,457,2026,4,3,22501124,9ff165fc-b777-fe63-1e0a-951ba9fc0628
22501124,459,2026,4,3,22501124,b31a6f72-a0c4-9460-7ad1-f79192718e42
22501124,470,2026,4,3,22501124,bf2711c9-bd87-59ab-6a14-7778b57fcfe4
22501124,472,2026,4,3,22501124,7a6a1ef1-04d0-2f5a-b49b-24517991a018
22501124,475,2026,4,3,22501124,da46a133-1900-4641-bac2-10817fb22468
22501124,476,2026,4,3,22501124,4619f48d-2488-4366-0df1-e0d175dcb755
22501124,478,2026,4,3,22501124,015e5134-7721-123e-7cc0-036f29c3d39d
22501124,48,2026,4,3,22501124,a832c309-5903-8d11-6f26-c33e6d619a78
22501124,480,2026,4,3,22501124,2b768a87-2f17-efb2-6e8a-fd7d4439dfc9
22501124,486,2026,4,3,22501124,46febe65-83a3-9120-8ed8-4c111fa084a3
22501124,49,2026,4,3,22501124,00662ae6-da91-1afd-84a4-4a9e49440471
22501124,492,2026,4,3,22501124,e40cb523-4c22-1541-ae7f-7c31abf00c0b
22501124,51,2026,4,3,22501124,263b5981-53cd-7758-f2ce-94ec81a8ab2a
22501124,518,2026,4,3,22501124,5bc73ffc-52ae-d244-e494-31201b4b2336
22501124,519,2026,4,3,22501124,15ecef4c-5743-3e24-ab2b-62c7d1e336b2
22501124,530,2026,4,3,22501124,93d32854-5174-64e0-0d20-f66f3bbf0cef
22501124,537,2026,4,3,22501124,b636a451-8c2b-cdb6-66a7-1b179033e4c6
22501124,541,2026,4,3,22501124,be2e4982-fc77-bc35-b207-4546369780ae
22501124,543,2026,4,3,22501124,713ed8df-1100-6783-1168-3ad1ef62855f
22501124,545,2026,4,3,22501124,7ece2f73-7de1-3efa-300e-fa6c4407dbe6
22501124,552,2026,4,3,22501124,9a5d7b3c-229f-5c21-146a-a4b1d8c37ef2
22501124,557,2026,4,3,22501124,98849f84-89ea-de65-e827-2d3cbafbac8c
22501124,558,2026,4,3,22501124,b398689e-9549-8811-71a3-5d593d2781f4
22501124,562,2026,4,3,22501124,204ad91a-2bb0-3397-18a7-2cde1d189473
22501124,572,2026,4,3,22501124,ff8c1fb3-9414-103a-5937-b0f08bf002df
22501124,577,2026,4,3,22501124,d28e2f3a-2b90-88b3-3da9-6768083c6709
22501124,578,2026,4,3,22501124,f03b740d-9d7e-ce4d-3ccd-79feb9302567
22501124,586,2026,4,3,22501124,03f2b05c-4556-dd9f-31bd-21cc4e983ee1
22501124,587,2026,4,3,22501124,a0438549-70ce-4069-154a-0b50e57bcb6c
22501124,598,2026,4,3,22501124,5c7d9c1d-76d7-9d64-1aad-c13a44d28ca3
22501124,600,2026,4,3,22501124,5bbad250-6416-734c-b7b6-1521474d4cc4
22501124,602,2026,4,3,22501124,e1eb0244-9ebe-6947-a324-1583583e7ae2
22501124,605,2026,4,3,22501124,d0768e4f-1fdc-1a51-38e3-b828b3210cbc
22501124,611,2026,4,3,22501124,58e49f1b-dbf0-f0aa-b643-f8b33aadba4a
22501124,636,2026,4,3,22501124,f487f991-b6c7-862c-c562-4685fc277fc5
22501124,638,2026,4,3,22501124,98cea574-26ce-e878-1b50-4808ac05a085
22501124,639,2026,4,3,22501124,343891f2-4fdc-2112-fa10-246e17324307
22501124,643,2026,4,3,22501124,839291ce-33cc-cefa-dd6f-ace4f216e90b
22501124,656,2026,4,3,22501124,cecec90e-64c9-2943-5393-4c766e2af00e
22501124,664,2026,4,3,22501124,09ac2f76-1496-0a67-bee7-c63385a74039
22501124,666,2026,4,3,22501124,c9cc1528-9c3a-c46e-8ebb-1bebd391eae6
22501124,667,2026,4,3,22501124,f9515b64-768e-b107-284e-f86026797398
22501124,669,2026,4,3,22501124,6d4dd9b4-cb8f-4ff4-d6a9-82ae36877c54
22501124,676,2026,4,3,22501124,ed1fcacd-c48c-7971-3e7d-401ef72de00f
22501124,680,2026,4,3,22501124,e38e3f0b-4a2d-8c79-dd0b-21fbbad10d93
22501124,681,2026,4,3,22501124,e6fa1a9d-752b-da81-bcd8-f81b33997087
22501124,71,2026,4,3,22501124,73fb8b23-8027-fb49-ef70-f4b71081b50b
22501124,74,2026,4,3,22501124,0400a8ee-c15f-d488-691c-81100601f3cf
22501124,75,2026,4,3,22501124,e4b023ea-8f13-5268-143a-4a8bfa44e661
22501124,79,2026,4,3,22501124,86ba009e-7068-0477-d9a2-b3346a0ad222
22501124,81,2026,4,3,22501124,71da907a-16d3-3ee4-b73f-0d6e068a979f
22501124,87,2026,4,3,22501124,73f0d366-7efe-bcde-6db7-3a1c54bde707
22501124,89,2026,4,3,22501124,f345df35-a3fc-55ed-df47-bf26505db35c
22501124,93,2026,4,3,22501124,a1f7eaee-848b-0b2c-57d3-4a20d718c548
22501124,95,2026,4,3,22501124,d0032d3c-80aa-49bd-1bca-3d2630b0c8a6
22501124,109,2026,4,3,22501124,8b975126-e5a3-da27-1c04-d73fed0ea73c
22501124,111,2026,4,3,22501124,178303df-6575-0774-ca0f-6ab7b8cfa0fb
22501124,113,2026,4,3,22501124,7d393fb6-0f3e-52d2-8cca-6aaad1a8c5e4
22501124,119,2026,4,3,22501124,e6528ef4-ed72-e0df-b17d-770fa73a8cf9
22501124,12,2026,4,3,22501124,64f13eb8-e5cc-fa6f-1a45-53bf259555bb
22501124,121,2026,4,3,22501124,06bd301c-1a77-8ed0-49c5-fb575ecc9303
22501124,133,2026,4,3,22501124,1549a7b9-a254-d3eb-f231-7347480eb33f
22501124,135,2026,4,3,22501124,8516ce70-f4da-ffb0-b4b8-0898e315ab1c
22501124,14,2026,4,3,22501124,14222353-d8dc-3971-53dc-6fe2f080fcac
22501124,152,2026,4,3,22501124,c0945eee-cd51-177f-5a35-ec2fd56b2204
22501124,185,2026,4,3,22501124,b7204da9-93ea-c80d-b9cd-2b20dcce6491
22501124,187,2026,4,3,22501124,0048af75-c2f8-d236-f508-f86e36c5350a
22501124,195,2026,4,3,22501124,12521479-b882-bf5d-518c-4f80fa408257
22501124,208,2026,4,3,22501124,ed38006f-a286-02c8-5be5-b922845f2837
22501124,214,2026,4,3,22501124,88c8e81e-f53d-3234-80f3-b249bf9fc356
22501124,216,2026,4,3,22501124,af20b16a-0f13-c70f-c417-0bec6acba47a
22501124,226,2026,4,3,22501124,f2d326c6-cceb-d8c5-1fa3-99cc6b9adb4f
22501124,228,2026,4,3,22501124,75fb3897-b458-a0c4-f736-78693f70d7d9
22501124,232,2026,4,3,22501124,0a37b344-1276-05e7-b08c-3b6e029513f7
22501124,234,2026,4,3,22501124,7889d45c-3d13-7c99-e313-e07faab433e0
22501124,265,2026,4,3,22501124,3809b09f-29e7-5faf-4786-5b3967752d70
22501124,267,2026,4,3,22501124,0a2ebb41-bf04-0ba3-a9bb-04f9d43e1ab8
22501124,269,2026,4,3,22501124,aa7a8801-aed1-9152-74a2-d6f127d09c8f
22501124,27,2026,4,3,22501124,5226ba42-e51c-f05f-32bc-fdcab27d880e
22501124,271,2026,4,3,22501124,416ed766-af09-6ae9-fc78-c890a8100894
22501124,276,2026,4,3,22501124,4fb25fbb-0cb3-1e16-1601-3ee8175856dc
22501124,293,2026,4,3,22501124,15792a30-1391-b60b-72dc-b4bb6fa9400c
22501124,326,2026,4,3,22501124,543c4f59-33e1-b90e-a9d0-0e7e0d404966
22501124,332,2026,4,3,22501124,1a071780-77a9-5649-c485-681dc1752b0e
22501124,339,2026,4,3,22501124,1d825bc7-0859-02e6-b290-1ea172c9b111
22501124,34,2026,4,3,22501124,3ddb8cb0-8a22-a6a3-7c38-e0fbaa075a71
22501124,341,2026,4,3,22501124,347d484a-3757-023e-2cf8-dd09fd1b23c8
22501124,343,2026,4,3,22501124,daca0fef-402c-c12d-1013-af97e5d0a3a0
22501124,345,2026,4,3,22501124,e9b9eb8f-c664-1374-59bf-a0129d7ef39d
22501124,364,2026,4,3,22501124,73ce8c6b-2014-7951-e539-e32f1709ea03
22501124,367,2026,4,3,22501124,045d0a40-a743-e59e-c4b3-094a8e6ef780
22501124,373,2026,4,3,22501124,f45d4baf-d7e6-4706-be21-626445c66b1b
22501124,379,2026,4,3,22501124,d330f0be-5aab-3067-d4af-f8afafc853b1
22501124,382,2026,4,3,22501124,35144561-802b-1a50-066f-4dada0582f80
22501124,388,2026,4,3,22501124,fd6a7f9f-b388-5c26-90e8-af1b6b4e7bf8
22501124,39,2026,4,3,22501124,6c07ef66-56b1-4443-a74e-221246f2d45c
22501124,396,2026,4,3,22501124,f2578bbf-acd9-1e99-02b6-675367537df7
22501124,401,2026,4,3,22501124,cf66be46-1c33-2d27-7050-a65ed6b76395
22501124,406,2026,4,3,22501124,642085c7-10b6-c5d0-571a-3dea293e8639
22501124,408,2026,4,3,22501124,589dff2e-cc87-7ccf-ce25-5818d27d63f0
22501124,417,2026,4,3,22501124,4b864028-13e3-e355-4ed5-4e0e13de31df
22501124,429,2026,4,3,22501124,ec25bb11-4b66-1159-ed36-eeb48ba38a3c
22501124,438,2026,4,3,22501124,e12f3610-4c06-c391-7e8c-f3784eb66d25
22501124,442,2026,4,3,22501124,b56cdc40-258a-9197-c6fc-53a429466878
22501124,444,2026,4,3,22501124,044a0a55-7c77-4288-6916-423c4e15859d
22501124,454,2026,4,3,22501124,769ecd38-dc95-3632-9efe-b822fa81c93f
22501124,458,2026,4,3,22501124,a747468c-f7d6-2d11-5292-9b1fa3acbe34
22501124,471,2026,4,3,22501124,3e7ca643-d8dc-e25f-a665-1a899186b283
22501124,477,2026,4,3,22501124,514951d3-b718-c2fe-233b-aee9d48bd6c3
22501124,479,2026,4,3,22501124,53402ba1-7769-7738-bcde-d4a5ac49d386
22501124,483,2026,4,3,22501124,f35527d6-5427-0013-fad8-83fae70ed884
22501124,487,2026,4,3,22501124,8c13b85e-2e75-0dc0-3ee0-3ae1b742b3cb
22501124,493,2026,4,3,22501124,a2c55441-ec35-b512-d795-691c72128e34
22501124,50,2026,4,3,22501124,42cb07b4-00f3-27e9-e6c1-11f0687595b4
22501124,52,2026,4,3,22501124,4ac33a58-1003-a326-8735-322c82566cbd
22501124,520,2026,4,3,22501124,5a4a63be-0d1e-5b92-c44e-d4bb1d1d61d6
22501124,521,2026,4,3,22501124,8f22676b-9658-7931-a22f-dd275cc87414
22501124,529,2026,4,3,22501124,f937e5d9-6653-a092-0c71-a703b979a7cf
22501124,531,2026,4,3,22501124,73a8b314-176d-72c0-aae1-769ae4fe7927
22501124,538,2026,4,3,22501124,7ed45c47-05ae-64ee-004c-f59e3c521ef0
22501124,542,2026,4,3,22501124,215f0153-f998-8d83-f2ec-cbd871101584
22501124,544,2026,4,3,22501124,b07ffb1e-42c2-c537-83f9-d778add1b953
22501124,546,2026,4,3,22501124,fad46be6-6ee0-3647-a2af-18aeb1a7e4fb
22501124,559,2026,4,3,22501124,2ad8d539-f7e0-ce6c-217e-72a9e7c88f28
22501124,563,2026,4,3,22501124,c4fd3406-e0c0-24ae-7ae1-8e2efc435e85
22501124,571,2026,4,3,22501124,78bfa75d-ab1f-e205-c41e-bfd58e410c94
22501124,588,2026,4,3,22501124,2384a32b-97f4-8eb4-308f-4fff17e05cdb
22501124,599,2026,4,3,22501124,4878e39c-6862-d5f7-bbf6-5d9fb55242cc
22501124,601,2026,4,3,22501124,0ef4c6c6-2a56-6fcf-f6e0-2aaf2a775e97
22501124,606,2026,4,3,22501124,b99279c6-b941-28a4-0f47-7246bae6d244
22501124,612,2026,4,3,22501124,c58ea07e-fed0-67b6-2bd7-4717cf521210
22501124,637,2026,4,3,22501124,1af746fd-5a68-3e7d-3abe-5c054bc1eb5c
22501124,640,2026,4,3,22501124,8853ecc3-e118-2a0c-7090-d5a9fa67ec23
22501124,665,2026,4,3,22501124,bf5cb409-78c2-3cba-56e6-53d9bb29435c
22501124,668,2026,4,3,22501124,5fe21094-2515-564f-418a-8210a47b6f48
22501124,673,2026,4,3,22501124,8510fe07-66e6-f386-0bef-fbed3f157527
22501124,677,2026,4,3,22501124,6cb9caa7-c005-6c62-fb24-5197aac83461
22501124,682,2026,4,3,22501124,5f2fbf85-0a4a-69aa-cd30-09b2c81e6110
22501124,687,2026,4,3,22501124,f29a780f-c848-6616-b957-2a7298a77fc1
22501124,76,2026,4,3,22501124,b7c97a69-1a19-8a52-f2a0-88c8874be081
22501124,80,2026,4,3,22501124,719f3757-65be-f52f-df44-ef9db743bee8
22501124,82,2026,4,3,22501124,ac9e35aa-78a5-9b17-bc34-15d8e83439c5
22501124,88,2026,4,3,22501124,a52bcdbd-d65a-26ac-e30d-3ed409154ff9
22501124,90,2026,4,3,22501124,387f05f8-6cc8-3fbf-bfaa-b2168b112a82
22501124,94,2026,4,3,22501124,27ba9bc0-981c-9411-d12a-7e37d2567447
22501124,96,2026,4,3,22501124,7c6738ff-8060-2e2a-c723-0e46eff4e7bc
22501124,136,2026,4,3,22501124,d1bd78da-3195-b6d0-b1a9-d8c0b68e3c17
22501124,161,2026,4,3,22501124,be39685f-c07a-6830-49fa-d7ce8a8e4fb9
22501124,170,2026,4,3,22501124,b89b77ed-1d14-ff7d-f781-f7bb383b0043
22501124,18,2026,4,3,22501124,77e342dc-ca2f-3a9c-8f4a-b58693f4c2e1
22501124,192,2026,4,3,22501124,8e1b71b5-e4b8-ffd0-524d-aca9cfb7d2ee
22501124,258,2026,4,3,22501124,7bb19199-85d3-a1f1-b13e-ec7de1159ff7
22501124,294,2026,4,3,22501124,a26df1a7-f6cd-ef9c-440b-361b157db0a1
22501124,403,2026,4,3,22501124,f54bf206-48f0-be6b-d1cc-7ad68e686288
22501124,418,2026,4,3,22501124,903b785e-b828-3d6b-8dc0-575970d8aa00
22501124,484,2026,4,3,22501124,252ae025-d35e-6479-e2d1-14f259c24e6f
22501124,488,2026,4,3,22501124,b0ed9e87-81a4-34f5-d8da-40aa8bc6dac3
22501124,496,2026,4,3,22501124,26304a4d-8120-6657-aff9-d7a3d69a2219
22501124,575,2026,4,3,22501124,944d61ba-790e-2c8a-09d0-f573a4c5cf40
22501124,634,2026,4,3,22501124,ccb525a1-4507-1fe5-ddbc-d38c0ea1fb32
22501124,83,2026,4,3,22501124,e49289a0-f0f3-aa68-9c28-3d1f4ef740a9
22501124,10,2026,4,3,22501124,9d457cc9-64b4-47ca-a367-46e265e4104e
22501124,21,2026,4,3,22501124,e3e0a1ac-d73d-6863-f7e7-f75ca8a95a01
22501124,255,2026,4,3,22501124,dba39374-cfb2-3f1f-5eac-5872e13d88e0
22501124,277,2026,4,3,22501124,f66022d0-6932-7d01-7214-c3115f56fa72
22501124,287,2026,4,3,22501124,acd1e758-7b1a-efe8-d748-e1b10037da45
22501124,31,2026,4,3,22501124,c394ee13-6c53-b333-69b0-cf4d0d2b048b
22501124,655,2026,4,3,22501124,ee727b48-d90e-caf1-aba9-784f9d463d6d
22501124,7,2026,4,3,22501124,2b1d5fa2-a15f-713e-77ae-322ee21f62ac
22501125,14,2026,4,3,22501125,d4cfa50a-9bc2-f130-5db4-d74f6be50248
22501125,18,2026,4,3,22501125,e549c58e-f803-c7c9-dd2a-4b68a3aa1ad4
22501125,185,2026,4,3,22501125,2680cee2-13ae-1d9c-7f5f-6fdc22bae6e2
22501125,187,2026,4,3,22501125,1fbf6368-f755-c827-10ba-b0859b4cdfaf
22501125,20,2026,4,3,22501125,445b4de8-05c8-7c77-1076-62eea97ed3d9
22501125,212,2026,4,3,22501125,21555c8a-8b16-f27f-5832-c7096ec61d46
22501125,248,2026,4,3,22501125,0c369b7f-6200-5952-1948-5c34d1aa992e
22501125,254,2026,4,3,22501125,d2efc7ed-0bb2-6629-ef6b-a2754dc896d2
22501125,29,2026,4,3,22501125,e27868b7-9da2-fcc0-2023-45d0cb7a8fbf
22501125,313,2026,4,3,22501125,88839a8f-670f-2336-8d7e-f4020dedbecc
22501125,320,2026,4,3,22501125,fc6ed8e5-c552-92e7-a59f-643df8b46c7d
22501125,321,2026,4,3,22501125,a1539937-8eca-2512-4faa-f5e2ee15c767
22501125,325,2026,4,3,22501125,c1ddf217-6554-e534-1f49-85c2994aa5c7
22501125,365,2026,4,3,22501125,9907cd2b-a4cd-5f5d-7314-d8f8af180503
22501125,382,2026,4,3,22501125,76b72bc8-b6d0-6328-d49f-be98d23da393
22501125,384,2026,4,3,22501125,ba37459a-1f97-a82e-87db-e29eef9134b2
22501125,411,2026,4,3,22501125,a7177a88-3c93-f4c9-3e0e-1fcd13979670
22501125,414,2026,4,3,22501125,95db6939-39f0-17e7-9214-204f5dc8c1be
22501125,430,2026,4,3,22501125,65031275-1795-be22-d4f2-d8bfed01ed74
22501125,449,2026,4,3,22501125,9e408816-d4b3-ed0c-4040-2ef1fadac320
22501125,453,2026,4,3,22501125,274a824c-6ac1-b88a-06db-2eeadcf1c559
22501125,484,2026,4,3,22501125,55eea871-907d-7b13-6488-9dfbfb8b5bff
22501125,486,2026,4,3,22501125,cbcfea4b-ca2d-300a-1043-57122b0c5d47
22501125,514,2026,4,3,22501125,7d3884a3-30cf-74b8-ccd3-7784eebf0eff
22501125,516,2026,4,3,22501125,fef26168-4c40-08b8-8af2-a71348c29fb0
22501125,548,2026,4,3,22501125,5c145108-bb7e-6b85-a7b7-4e8b2164d844
22501125,557,2026,4,3,22501125,f19a3a47-b66e-cc09-a8f4-f615ea697d57
22501125,576,2026,4,3,22501125,d3b851d3-75c3-ba74-6d9c-4bfefaa24df5
22501125,578,2026,4,3,22501125,883f6d9f-9d76-ff0b-5873-297a6de672f2
22501125,605,2026,4,3,22501125,49f7b5b2-ea9f-e95c-8a64-5dc1b334b505
22501125,609,2026,4,3,22501125,410f193d-3a48-89db-8743-d174047af65b
22501125,615,2026,4,3,22501125,086d1cca-1fbe-d26d-cbd4-20718e500891
22501125,628,2026,4,3,22501125,8010851f-851e-4bf7-272e-9cd5538977c0
22501125,631,2026,4,3,22501125,15fccc09-7c61-f342-8c0f-bcf07692d570
22501125,634,2026,4,3,22501125,6342081b-1428-5a04-f6bc-17d5596eb15e
22501125,636,2026,4,3,22501125,81eee94b-d8ca-6cda-b019-73accc803647
22501125,657,2026,4,3,22501125,4997987d-495e-8cb3-d825-97dd6737a062
22501125,689,2026,4,3,22501125,7e92dafe-787a-eacf-9dec-e3e354e50a44
22501125,7,2026,4,3,22501125,0015f771-2ee3-77ea-8a42-2c8d421d13ad
22501125,718,2026,4,3,22501125,1a8b0945-e551-d86b-7055-fcc46ed0b3a2
22501125,726,2026,4,3,22501125,10731eec-b00c-56b2-9a8c-ee52fa8ff954
22501125,732,2026,4,3,22501125,70075c1c-3c30-6a5f-29ba-f4563c8243b3
22501125,94,2026,4,3,22501125,f00e33ed-b37d-893d-8df5-86d0738b2a91
22501125,96,2026,4,3,22501125,8b45593d-f444-c604-00e5-a9773f4ba91f
22501125,98,2026,4,3,22501125,c0693639-f2de-0517-d569-8262a234455e
22501125,204,2026,4,3,22501125,c8057e06-ae75-42f3-e67c-5b32a61b81d5
22501125,292,2026,4,3,22501125,03aff268-f5c9-4964-c58e-93524b307c05
22501125,559,2026,4,3,22501125,b6f66647-510a-34e5-cb63-ca8db5d94b4d
22501125,590,2026,4,3,22501125,6e2aaa43-e554-21ec-7bea-e8f768b56032
22501125,644,2026,4,3,22501125,e2d5864b-b29a-0eac-cd8c-a4573416fdb0
22501125,646,2026,4,3,22501125,bd0f1697-e504-fcc5-79f1-ca3e0e1c6cd7
22501125,682,2026,4,3,22501125,bd81a9f9-d3f5-0869-9a8b-56ebea2c549c
22501125,693,2026,4,3,22501125,016729ed-0962-b097-aeb1-bbe2ffabe78c
22501125,720,2026,4,3,22501125,9483cf99-7418-6e3b-bbf4-e96c935f5e13
22501125,113,2026,4,3,22501125,071d9912-1fe6-85e8-8343-eccce2550332
22501125,117,2026,4,3,22501125,172a2397-7ca3-c208-1b93-fccb2a4a2ae5
22501125,12,2026,4,3,22501125,ceacde9e-2c53-facc-ab78-7682344f90ca
22501125,127,2026,4,3,22501125,b2b4b7c4-94a8-1eb0-3f31-7f9c5bf27220
22501125,131,2026,4,3,22501125,ca2d258d-1f7d-cbed-13d6-d5eb683d52e8
22501125,149,2026,4,3,22501125,13e6bbcc-769f-5ee5-2b75-fb7e6ebc294f
22501125,155,2026,4,3,22501125,8f1a86f2-6cb6-b813-a1a4-5c8f977ac018
22501125,16,2026,4,3,22501125,6d0d8f02-231c-e21c-78af-6e8dc3cee001
22501125,161,2026,4,3,22501125,e0466951-d3bf-8351-772a-b6ea821801c0
22501125,162,2026,4,3,22501125,e94390b1-19d1-763f-0034-06241376ea18
22501125,164,2026,4,3,22501125,1e0a92c5-83b6-cccd-9215-b8fbd96e8dd9
22501125,192,2026,4,3,22501125,c318cbd8-b575-3804-2b1c-384f6c2dd8cb
22501125,193,2026,4,3,22501125,b04c7e8a-df7b-3238-f24d-bf4b548da4b8
22501125,214,2026,4,3,22501125,82d1153f-99be-e06a-aa7e-d984b6ea9805
22501125,216,2026,4,3,22501125,15589836-cdc1-780b-81a1-858bff48ee4e
22501125,224,2026,4,3,22501125,7f9c8f10-374c-ac8d-5053-d826ed7fcaa6
22501125,23,2026,4,3,22501125,d3094dff-debc-0dc9-e41d-4ea90f2387ff
22501125,232,2026,4,3,22501125,1e8ec504-e8ad-01de-8500-e0cf984bd743
22501125,233,2026,4,3,22501125,b88aec8b-2907-314b-333b-298a1dcbd977
22501125,234,2026,4,3,22501125,265eb5ec-8e95-e8b2-4bfa-b29a15783e71
22501125,25,2026,4,3,22501125,d8297fd2-6dd8-d178-54e1-415c3598632e
22501125,252,2026,4,3,22501125,433520fe-dc48-aea0-12f0-708f0180fa42
22501125,258,2026,4,3,22501125,029869d0-c209-940b-3e26-07b6ab283865
22501125,26,2026,4,3,22501125,2ebc355f-b886-ff5f-3016-dfd56c727f86
22501125,268,2026,4,3,22501125,545bfd8b-9dfc-d4ed-6d06-bfa791e68595
22501125,27,2026,4,3,22501125,fbea72ba-ce5a-48e7-e9e8-9100ba3f4157
22501125,270,2026,4,3,22501125,73bbb748-6b24-c8eb-af04-df7ad8e23349
22501125,284,2026,4,3,22501125,2e5548a5-f08b-d22b-d106-1c60d4ecc505
22501125,286,2026,4,3,22501125,73f2d80f-dd88-03bc-ed6a-487451e7e60e
22501125,290,2026,4,3,22501125,913f5833-1728-4a3c-6d2c-c6309c256b5b
22501125,295,2026,4,3,22501125,8e6c40e6-bec9-c71b-b780-a549b21d57a7
22501125,296,2026,4,3,22501125,fb17b0f3-a2da-2846-229e-e217257979ef
22501125,298,2026,4,3,22501125,3b87bc1d-0332-58a9-da09-1742e492b83c
22501125,302,2026,4,3,22501125,6590ec5e-96a4-7fb4-d152-dd908d2098d7
22501125,31,2026,4,3,22501125,9ad6b320-7afd-9027-c39e-2039417cc9cc
22501125,312,2026,4,3,22501125,b5d265bc-ddb3-618b-dec6-6ae5bdcf3f27
22501125,318,2026,4,3,22501125,846fca15-a9da-3770-47d0-23bbac1c82b5
22501125,323,2026,4,3,22501125,eff93234-4539-be08-7417-90c0bbe2b164
22501125,33,2026,4,3,22501125,055b8e93-a77c-d7b6-c66a-2a3e636a6550
22501125,332,2026,4,3,22501125,33823752-c3b7-aad3-3dcb-8f3e9b9e3fb7
22501125,351,2026,4,3,22501125,1d320880-03da-199d-f20e-3da4a76cccd9
22501125,353,2026,4,3,22501125,9aa68ee0-9668-1850-d0c8-2709551feba2
22501125,355,2026,4,3,22501125,7ba69668-1e1a-d445-789b-06a287ec5daf
22501125,357,2026,4,3,22501125,223cbd2f-82dc-00a5-bc72-7d89452b8c1a
22501125,359,2026,4,3,22501125,7bf741dc-c082-4019-0f6e-86854af8bdb2
22501125,36,2026,4,3,22501125,1a8ade7d-a038-4d98-083f-e4123807300a
22501125,360,2026,4,3,22501125,44b27680-ebd9-7734-45ee-e341196ee876
22501125,362,2026,4,3,22501125,d638be31-b683-dddf-afce-7953eae996d4
22501125,367,2026,4,3,22501125,d8631473-a9dc-1b7f-6c57-b860878eb36b
22501125,386,2026,4,3,22501125,613bdc6e-e67d-a703-2769-c82a755de790
22501125,388,2026,4,3,22501125,d48c4bad-b4db-4645-a177-6a4889b48f6c
22501125,398,2026,4,3,22501125,20683b59-8632-02ff-5c5d-053176c6d152
22501125,400,2026,4,3,22501125,63070938-580f-418e-6dfd-1cdef837175b
22501125,405,2026,4,3,22501125,c8346d9c-123d-d2d5-78f7-8ddeddda4f24
22501125,413,2026,4,3,22501125,ef5c3378-ff1b-d774-d86c-933bf6079ff9
22501125,416,2026,4,3,22501125,caa4a842-a1ed-8ae8-db2a-9a526bf8104c
22501125,423,2026,4,3,22501125,919175e1-0ffd-f7da-b606-5d1573d92ca4
22501125,428,2026,4,3,22501125,bb337f0c-2d5e-8a72-fa1f-000828d44ec8
22501125,441,2026,4,3,22501125,03388371-1027-37fc-7ea3-7ce6795c7caf
22501125,443,2026,4,3,22501125,8e4dd729-4ecb-18da-5a2d-4e7acf0b0259
22501125,451,2026,4,3,22501125,c5dd5620-9a88-c883-6024-0dde999c8d83
22501125,455,2026,4,3,22501125,d9b79a03-8297-fa78-3a17-85ef013e260d
22501125,457,2026,4,3,22501125,fbb2f56d-ad62-039d-490d-9fc8d648174e
22501125,459,2026,4,3,22501125,2f771c71-f5a8-5480-2c5f-46114d3b95ea
22501125,461,2026,4,3,22501125,2f145c60-7572-129f-17d5-90caf18e044e
22501125,463,2026,4,3,22501125,e0c6fd6d-4174-8b95-0ec8-9b3dc088575e
22501125,465,2026,4,3,22501125,0a784af6-ab08-d05c-1549-8187f08224a0
22501125,467,2026,4,3,22501125,18bc9982-a1a3-7f53-8a08-9eb0e30305c9
22501125,469,2026,4,3,22501125,f1070ee5-df49-3564-c160-0a3e196e8b5b
22501125,488,2026,4,3,22501125,67719453-48bb-c4e8-fc24-1b5caf74fe9a
22501125,51,2026,4,3,22501125,b4417e38-ac53-3afe-ba39-720cec36ee77
22501125,510,2026,4,3,22501125,eedddc7d-4448-8270-cd8e-6721fab35dd9
22501125,512,2026,4,3,22501125,ffff501c-80fe-1713-5036-a0c97604befa
22501125,52,2026,4,3,22501125,6110b0b5-46a9-94ed-c3a8-ba7f12416fc5
22501125,528,2026,4,3,22501125,031137ad-0559-b0a3-bd99-7d712e215687
22501125,530,2026,4,3,22501125,feda95dd-a380-1ee1-12fd-7d28fc417054
22501125,54,2026,4,3,22501125,cff395df-5ee5-0045-b047-e1f2158419b4
22501125,542,2026,4,3,22501125,ebbe2d78-9466-5e7b-8566-962441c2ddb5
22501125,543,2026,4,3,22501125,4d2f9a8f-c8f0-5caf-4bd9-74daad3b3738
22501125,550,2026,4,3,22501125,4831aa7a-6367-29f7-7a21-54bbb8299478
22501125,553,2026,4,3,22501125,d706341a-2d7f-93bc-97b6-4877c453d984
22501125,555,2026,4,3,22501125,476da379-c361-5e59-0ac9-145342c70480
22501125,562,2026,4,3,22501125,5a60a8f0-eb51-0bd2-3be3-6ccb740767db
22501125,580,2026,4,3,22501125,54620827-88fa-8d68-7000-d1fb47dc816d
22501125,582,2026,4,3,22501125,27f598f1-e2b1-3fc4-2994-7ed72d5879f7
22501125,584,2026,4,3,22501125,4457f1d3-7a53-1701-569b-32886d06b7d7
22501125,588,2026,4,3,22501125,fbc41277-1787-d644-d2ac-cfb6bbc3a05b
22501125,593,2026,4,3,22501125,cea5bc68-277b-165d-16a6-b41958a860a7
22501125,595,2026,4,3,22501125,34be1540-89f6-97f3-84d2-60bd1f89b452
22501125,597,2026,4,3,22501125,cf27a064-848e-533e-64e2-ec9f4df26124
22501125,611,2026,4,3,22501125,f1c61bbc-0300-49fd-ebda-fbbeee44a404
22501125,62,2026,4,3,22501125,e09f5758-b241-42fd-650b-a733850d5236
22501125,633,2026,4,3,22501125,84ada86d-2f53-8535-c5c5-c3e4f339b8ed
22501125,651,2026,4,3,22501125,2cbb7cd4-fc50-4144-b8ce-e8050f3ecb61
22501125,659,2026,4,3,22501125,2c6a8b33-3acc-bf6b-3c3f-de385a80638f
22501125,666,2026,4,3,22501125,d380b461-35bb-a743-0954-5c4b65c63352
22501125,673,2026,4,3,22501125,3c0cce05-fd76-511d-0727-73df3155621e
22501125,685,2026,4,3,22501125,7bd62f83-4b09-fe97-db0a-4404b2c1140d
22501125,686,2026,4,3,22501125,17d3c0cc-c96f-12a7-c4ce-a8b0989ff2a7
22501125,691,2026,4,3,22501125,71088527-8ca5-9aea-866d-69b6f770cc6d
22501125,696,2026,4,3,22501125,b178313e-4007-3eda-ad4d-bf21a82a7297
22501125,697,2026,4,3,22501125,972de626-eeb0-1cc7-9ff4-da5081faa253
22501125,699,2026,4,3,22501125,76d011e3-853e-9f4f-de44-ac3c051171b1
22501125,723,2026,4,3,22501125,eac0e31a-a44c-ca80-f7f6-969ac121be2d
22501125,725,2026,4,3,22501125,30e98666-1618-9be6-0db9-8ef47d729ae5
22501125,728,2026,4,3,22501125,e5e1d682-af53-4479-aabe-95992463719d
22501125,730,2026,4,3,22501125,fcade8d7-7c5d-6ebc-2500-1e2b46f362d1
22501125,734,2026,4,3,22501125,734430d0-165d-83d9-2a73-6842ae625096
22501125,741,2026,4,3,22501125,9db6b7fd-8acb-0ab0-c7a9-1518f6553cc8
22501125,742,2026,4,3,22501125,458dba3b-c51f-c44d-16a3-8b2fa38ad1a7
22501125,744,2026,4,3,22501125,88913593-e50d-ea0f-d55e-863c814a92cf
22501125,77,2026,4,3,22501125,55d3b2f7-3c43-573f-89ad-e96741d8019f
22501125,80,2026,4,3,22501125,916e9888-dd84-7da8-3b37-aee530ce7d0b
22501125,82,2026,4,3,22501125,5512a8b1-6fa4-ab7b-4096-8dd3979f2d37
22501125,84,2026,4,3,22501125,661f8d11-7d31-9c43-b018-1acd985a8d33
22501125,112,2026,4,3,22501125,e158c863-ada4-e163-9fc1-445cee1c06ba
22501125,114,2026,4,3,22501125,2fa8e128-4a00-c798-4d0a-78cb2082de1a
22501125,118,2026,4,3,22501125,38d10e61-e75d-fe9e-b7c9-a0cc07219f17
22501125,126,2026,4,3,22501125,4f0ece36-f08d-466e-95a6-6f8aef46f8b3
22501125,128,2026,4,3,22501125,7e96be13-5494-d0e8-7e1c-cfe8b022f8c1
22501125,13,2026,4,3,22501125,d7d45f44-9908-d9d4-5834-c0f6e68ec0bf
22501125,132,2026,4,3,22501125,ec2420ef-8310-0251-20ac-0bb1d8bc56f4
22501125,163,2026,4,3,22501125,23928566-341d-6d46-300c-9e01d0f776f5
22501125,17,2026,4,3,22501125,d5d60896-76f9-dc62-38ec-4ddac86c589c
22501125,194,2026,4,3,22501125,26208bed-a6de-b312-8a3f-69d24cc6eafd
22501125,215,2026,4,3,22501125,3eec824e-744d-6acd-b56c-7a7396370dfb
22501125,217,2026,4,3,22501125,5be5ee03-ef09-488e-91cd-9e70d43bfd4b
22501125,225,2026,4,3,22501125,fda3b23c-5917-85aa-1766-e0a6ece0b57e
22501125,24,2026,4,3,22501125,4161ccec-62b0-fb11-e334-6f6ac01cbd69
22501125,253,2026,4,3,22501125,92739469-0b7b-f347-3a43-36beea7a91a4
22501125,259,2026,4,3,22501125,b88234f1-8517-d588-bbc7-2cfa8d477b57
22501125,269,2026,4,3,22501125,d38bf79b-1b5f-23bc-3441-e5995eec58d5
22501125,271,2026,4,3,22501125,2f1f61f7-19fb-5ccf-92e4-5723e92955a3
22501125,28,2026,4,3,22501125,eb8c4dd9-5c57-cc92-6970-df93f5a79025
22501125,285,2026,4,3,22501125,41c34526-a49c-52b5-32ab-075292b66e25
22501125,287,2026,4,3,22501125,0288ff90-c1fe-b1d6-f659-502983cb46c0
22501125,291,2026,4,3,22501125,28ed9477-25b6-ba8c-d91f-af6a042e184c
22501125,294,2026,4,3,22501125,697766b9-4f93-b4a2-c117-16741277d920
22501125,297,2026,4,3,22501125,3b84b6f4-3c31-0885-07bf-5990c990f65d
22501125,299,2026,4,3,22501125,edbba0ce-cc44-d635-9216-7f2543802e54
22501125,303,2026,4,3,22501125,cef1a90f-f6d4-ccba-cb23-b1dae9c7abe4
22501125,319,2026,4,3,22501125,89c87b94-b422-535d-8fcd-1f54108ca3a4
22501125,32,2026,4,3,22501125,f31ffea7-dc55-6961-aa94-ad5254831397
22501125,324,2026,4,3,22501125,79e2f713-ae58-28b0-d508-73e895cd8da9
22501125,349,2026,4,3,22501125,552c7cc1-4b92-c592-5c61-d404e822ab30
22501125,352,2026,4,3,22501125,bd8916f4-012f-da28-6e90-26af9d410023
22501125,354,2026,4,3,22501125,d265a498-e0ad-99fc-96eb-c3688f89c24d
22501125,356,2026,4,3,22501125,6e266972-7ee7-c005-53f1-4254f8c701db
22501125,358,2026,4,3,22501125,a8fae846-0e6b-4ef2-9394-379064a90402
22501125,361,2026,4,3,22501125,e25b3ad3-91c2-d84e-3787-286b124e1c48
22501125,363,2026,4,3,22501125,669ac893-d525-090f-2940-ad4d916b1de7
22501125,37,2026,4,3,22501125,c5b5339d-4ebc-c18f-c049-c02779cbe865
22501125,387,2026,4,3,22501125,777ae0e7-d2cd-678d-df13-06bc7ae3764a
22501125,389,2026,4,3,22501125,1cb4763d-98df-37a8-047d-1d74df517530
22501125,399,2026,4,3,22501125,41a1e654-bfac-7ea8-1f38-aedc8446bd52
22501125,406,2026,4,3,22501125,1e6015d3-8f65-f9ef-4373-e14adbc7b77c
22501125,422,2026,4,3,22501125,47f2c84d-efa4-804d-0181-a3cc1a1f0876
22501125,429,2026,4,3,22501125,04cf02ed-0253-0a11-fcb5-e28299f0dde1
22501125,444,2026,4,3,22501125,90a06915-6ac3-e52d-0d0c-c1078f90d783
22501125,452,2026,4,3,22501125,87fbc1bd-866e-c4e6-24be-87df75c5f091
22501125,456,2026,4,3,22501125,10462219-f173-2b68-f835-d2d71bcfc622
22501125,458,2026,4,3,22501125,9d907ee6-fe94-5143-4e8d-9c0d1e7f2cb7
22501125,460,2026,4,3,22501125,7287258c-a806-85c1-339f-da680eeff161
22501125,462,2026,4,3,22501125,0da0c56d-b9e9-9c28-a44b-6cd26dbf40a6
22501125,464,2026,4,3,22501125,40b3eca6-b8c6-3945-268c-30eced5a1735
22501125,466,2026,4,3,22501125,8a8d068b-8aa0-06e4-d2c9-8cab3d63c0bb
22501125,468,2026,4,3,22501125,9b4b9d3b-e2f9-c5db-5fa9-5c2d80fd5af2
22501125,511,2026,4,3,22501125,98601173-1f6f-c4e0-5749-22604939cbb6
22501125,513,2026,4,3,22501125,671f3397-df15-c1fa-99be-7e5e1559107b
22501125,529,2026,4,3,22501125,f5b41c2d-9d9b-385a-7ad0-c61094ccebb5
22501125,53,2026,4,3,22501125,e90855bb-ccde-fb93-9ffc-7667490027b8
22501125,541,2026,4,3,22501125,b14bf10f-e0d3-a19e-6241-558e6aad5bbb
22501125,544,2026,4,3,22501125,51e3bb0f-f097-0a7d-9e49-1cc15e3f9c78
22501125,55,2026,4,3,22501125,4044eae3-4e55-8ee9-0ed3-e37999870305
22501125,554,2026,4,3,22501125,fc232b6e-c888-057f-b1c8-8af2b013540a
22501125,556,2026,4,3,22501125,1161e1f2-c3c5-cbfe-82c3-622180e88ad3
22501125,561,2026,4,3,22501125,2c3ef509-3cf2-9936-2a5d-12e4c0e60f98
22501125,581,2026,4,3,22501125,e5b84748-1b15-5a5c-8e42-9fa137b0f02e
22501125,583,2026,4,3,22501125,cabae46b-617c-13fb-2fda-1772a38a8bd1
22501125,589,2026,4,3,22501125,538a6ce1-33d0-ef67-5142-78d27c19d30c
22501125,592,2026,4,3,22501125,c6bdd84a-5203-48df-d38b-bccbdb6b33e1
22501125,594,2026,4,3,22501125,a74adc72-3c05-a24c-f835-d871b9c310aa
22501125,596,2026,4,3,22501125,69c6e073-85b4-6f20-d3de-1df69535d1e1
22501125,612,2026,4,3,22501125,429415ca-efb5-38cf-cfb5-6d2f42e9a0a2
22501125,652,2026,4,3,22501125,a34e7fe5-8d77-5788-a727-62c255d3153e
22501125,672,2026,4,3,22501125,10e541ce-6af9-d9e0-c00a-412456dad03e
22501125,674,2026,4,3,22501125,56b0ea76-3b1f-4669-1145-c3ab5a663b29
22501125,681,2026,4,3,22501125,a8995232-d21a-cdd4-e514-c5afb4286cca
22501125,684,2026,4,3,22501125,8e90e6d1-7725-0244-b173-b9a702738512
22501125,687,2026,4,3,22501125,4ba370c5-b0c1-5899-5126-f9780bdd8c88
22501125,692,2026,4,3,22501125,3f1fe5a0-3dfb-7d5d-689b-facb2894504e
22501125,695,2026,4,3,22501125,bd36831e-436b-6684-3030-f274bdf908a1
22501125,698,2026,4,3,22501125,b88bcae6-7a92-6ab1-d973-e3d230a546f3
22501125,722,2026,4,3,22501125,1a6f45d1-b615-dc26-5a4a-aeaaa561b6a8
22501125,724,2026,4,3,22501125,b4cc3cc5-a632-f679-001a-e3fef24405b5
22501125,729,2026,4,3,22501125,5d7ffc32-b6be-1ee0-57b7-2b861c98e6f8
22501125,731,2026,4,3,22501125,275562a9-0c78-f965-0942-fb1344dd3c56
22501125,735,2026,4,3,22501125,4b623a17-23b1-974e-b98b-f4e4a3c90844
22501125,740,2026,4,3,22501125,2ac2dcde-962c-307e-f3a8-9ca38e28a4da
22501125,743,2026,4,3,22501125,392fbfd2-c361-f0a1-0861-224a18f9eaf2
22501125,78,2026,4,3,22501125,910e5b71-1ab6-758b-7bba-3eefae8257ab
22501125,81,2026,4,3,22501125,f4e4e3a4-9b87-4d50-dad4-a6cce506d99c
22501125,83,2026,4,3,22501125,6bcd5f9a-716d-7b31-6dd7-43ec07466e46
22501125,85,2026,4,3,22501125,86fdac90-96ae-dcce-5e9e-6953f5df4427
22501125,129,2026,4,3,22501125,2d71786e-27bb-8561-7887-3abdd9cc4ca8
22501125,137,2026,4,3,22501125,d68ca9da-88de-81cb-f8f3-411b50059e0c
22501125,288,2026,4,3,22501125,ffe7422b-4edb-4062-e546-5a332f88b5f6
22501125,300,2026,4,3,22501125,c23509cf-0415-cdf0-b51b-f9d349b6d2ec
22501125,341,2026,4,3,22501125,c7cb4803-e9a2-241f-ec5f-f0e16ede5469
22501125,505,2026,4,3,22501125,fb4dff9d-6938-53f8-8c4b-4511852e806a
22501125,507,2026,4,3,22501125,d1762c6b-8358-b178-8814-68cb5bf6ec17
22501125,531,2026,4,3,22501125,3bcc11f5-9286-283e-b4be-c8a9feab9315
22501125,533,2026,4,3,22501125,c16d8cd5-7fdd-eb92-1003-f5f533b7cd5a
22501125,546,2026,4,3,22501125,61837027-317e-cb74-2043-88846dc660f5
22501125,551,2026,4,3,22501125,25dc051e-26f4-860a-a7b0-63502d8847f0
22501125,602,2026,4,3,22501125,9382cdef-4d4c-2aa6-cfe0-31a58e95fe87
22501125,607,2026,4,3,22501125,7ef689b7-6e4b-f064-777c-775ddd21fd0c
22501125,613,2026,4,3,22501125,57ccb1de-44b9-def6-5310-766cb8fad48a
22501125,86,2026,4,3,22501125,abd210fd-8379-6c84-f0eb-91bcd193f6e8
22501125,9,2026,4,3,22501125,8713436e-a66e-72ea-4882-2174506488cf
22501125,102,2026,4,3,22501125,9a0b31bf-7f49-085e-b131-39fa4d1ada92
22501125,11,2026,4,3,22501125,6da85972-5407-af15-3ec7-2600fe0a8935
22501125,133,2026,4,3,22501125,cb18f568-9dab-00d5-1c1c-704623a0d7cd
22501125,136,2026,4,3,22501125,bc8753d8-da4b-0ac4-edf6-5a69623a8f53
22501125,19,2026,4,3,22501125,3867bf99-b5c8-03a3-ab28-3247aa14ef7d
22501125,191,2026,4,3,22501125,92e5e5a6-9c24-f657-1d30-4c49e4f1b6d9
22501125,203,2026,4,3,22501125,a3840022-63d7-b1b1-b464-20659ac971fa
22501125,210,2026,4,3,22501125,e7f358ca-2b85-9d09-6907-9b97da3ed4aa
22501125,266,2026,4,3,22501125,c25e6746-82c7-8b03-2fa8-aa6a3860a8f6
22501125,304,2026,4,3,22501125,e5331ec7-3217-5421-fc2c-585982dbd8cf
22501125,329,2026,4,3,22501125,a53d9e33-d08a-a0bb-e5fa-4aced7708f7e
22501125,390,2026,4,3,22501125,ca8bd48b-8bf2-ce96-076d-8d02e1200a77
22501125,436,2026,4,3,22501125,8b4a8ace-0af6-ddd2-83be-578e12ab1661
22501125,479,2026,4,3,22501125,ace6673b-71e4-b632-5a54-4e3392251988
22501125,509,2026,4,3,22501125,dc2dc897-69f0-c2ac-18c9-04ad7eb81968
22501125,604,2026,4,3,22501125,ef3bebe9-60d5-9029-7d3c-217828e4d1b9
22501125,712,2026,4,3,22501125,a0676a02-3051-f70d-383e-31d027df672b
22501125,745,2026,4,3,22501125,2e5b5c1c-c50e-1d50-5a89-d43baa693f23
22501126,105,2026,4,3,22501126,10a452f7-815a-2dec-e2e0-1534116c152c
22501126,11,2026,4,3,22501126,23f92ea4-76f6-f87b-e024-5b462cac8340
22501126,110,2026,4,3,22501126,75e48c23-2c92-e4d8-70e4-11cf94adfd2b
22501126,136,2026,4,3,22501126,5bce25fc-0d51-c196-9617-db1116d2f6f5
22501126,138,2026,4,3,22501126,befaad33-0471-4036-4793-cb9ff20635f6
22501126,140,2026,4,3,22501126,a61f5a0d-062b-ab84-4378-76494b06acb7
22501126,154,2026,4,3,22501126,1765dccb-11ee-4779-e941-bb8e31cee333
22501126,163,2026,4,3,22501126,c5ce9cc4-892a-d603-2f38-9ba30f1d33fa
22501126,185,2026,4,3,22501126,a3caad17-fcea-1b70-b11f-368418cc732d
22501126,186,2026,4,3,22501126,38579fcf-3b96-e1b7-cf71-813cb40edb31
22501126,192,2026,4,3,22501126,fcdea2eb-70af-7fd9-20c7-ab90a4f0fca0
22501126,194,2026,4,3,22501126,4063be41-474f-d027-b686-cfa63af311dd
22501126,199,2026,4,3,22501126,a9c7dd04-0f48-c58a-36ad-d041a16e5b5f
22501126,21,2026,4,3,22501126,7b73bbe4-e49e-c580-2d2c-46f07329dbd4
22501126,215,2026,4,3,22501126,2b41add6-a072-bfc6-9458-d5579fa9ea7c
22501126,220,2026,4,3,22501126,bb1dad24-5cda-a1ee-43a7-0a49af9db65a
22501126,225,2026,4,3,22501126,58e249fb-9769-9bb9-fba7-f981e9da0039
22501126,23,2026,4,3,22501126,2dae9f8e-e759-ae02-8094-3fa4482eef3b
22501126,242,2026,4,3,22501126,12aa17aa-4b7a-7606-592b-d182d4b2ff28
22501126,273,2026,4,3,22501126,b65a8abb-9932-84bb-6a2f-02a81b644d17
22501126,279,2026,4,3,22501126,d65f6091-e22e-b7b6-852f-b085a969400c
22501126,286,2026,4,3,22501126,a83de41b-db04-b205-da85-a02a72b47ecc
22501126,291,2026,4,3,22501126,b26758cf-1c8d-4dd3-4f50-ea2d3a6fd3ac
22501126,310,2026,4,3,22501126,830d7b10-e33d-410b-5fc7-cb1317664e54
22501126,324,2026,4,3,22501126,72c019dc-1696-9805-6eba-28a0d85e43be
22501126,344,2026,4,3,22501126,0696f53d-612f-b281-d7fb-9f9c6f3d2737
22501126,348,2026,4,3,22501126,4ce38447-d7cd-85f0-b99a-7d2031d5fed6
22501126,353,2026,4,3,22501126,bc90ac63-00f2-ba6d-d23a-c37081ad1b87
22501126,36,2026,4,3,22501126,f8414df3-74f5-759c-3402-295b213bd345
22501126,363,2026,4,3,22501126,09456ead-4aa8-168e-f6ea-e3a532239448
22501126,41,2026,4,3,22501126,530ba3b2-796f-a301-86ce-7a6af66468ab
22501126,419,2026,4,3,22501126,c00d41bb-2566-4e31-f8dc-11384a1a6109
22501126,424,2026,4,3,22501126,ba524697-9bcc-63a1-d47d-d3072a530918
22501126,432,2026,4,3,22501126,bc4f80b7-59eb-3106-aff5-3967ee18984f
22501126,442,2026,4,3,22501126,073ce790-1f15-dba9-5bbc-73f6d472f34e
22501126,449,2026,4,3,22501126,de6bb4ae-4470-87f8-2238-958918b3cacd
22501126,451,2026,4,3,22501126,19280970-c139-2a1e-739d-dd1872421adc
22501126,478,2026,4,3,22501126,3c4588cf-fe0c-71f3-622f-de83ac4cbcf0
22501126,482,2026,4,3,22501126,f3515bd7-edc3-9652-3369-afcd62c96693
22501126,486,2026,4,3,22501126,5373c5d1-b886-1edd-ab5f-fafff61b622e
22501126,493,2026,4,3,22501126,9df8ca86-9d1d-217f-e582-0cc4cb328fbf
22501126,495,2026,4,3,22501126,ef84385b-9bc5-a0e0-b70c-02b32e13c7b3
22501126,497,2026,4,3,22501126,f2e47e2e-a1fe-e3aa-e625-bed44225adb2
22501126,514,2026,4,3,22501126,31823bf3-ebba-15c6-4e1b-c7956d87cb88
22501126,517,2026,4,3,22501126,896782ac-be20-4cf0-4b91-30ebbc442d06
22501126,520,2026,4,3,22501126,8917449e-92f7-f5d4-a001-bd4b0f81dc96
22501126,53,2026,4,3,22501126,8d69000e-9dd9-36d2-a56c-ade53363d362
22501126,533,2026,4,3,22501126,c6480f42-2c3d-3a69-a645-31a4c5a0a90b
22501126,535,2026,4,3,22501126,28d8268d-84cc-aa9b-c535-69bebdc02e2d
22501126,548,2026,4,3,22501126,2627ca54-2a28-0aa6-7b85-e2addeb3b8aa
22501126,563,2026,4,3,22501126,ded1c9df-8346-a824-ae78-6cb6e28b3057
22501126,572,2026,4,3,22501126,d2528fa4-5356-a3b5-8060-95e6475cf3b5
22501126,587,2026,4,3,22501126,3c9005d8-bc95-2637-cc01-047d3c2ce5a7
22501126,62,2026,4,3,22501126,d8195c80-90cf-6ed6-54c9-4dbb7e93254e
22501126,7,2026,4,3,22501126,d6a3e460-a161-7bcc-247e-f68329ee1c0f
22501126,70,2026,4,3,22501126,8a25a243-8fb3-f862-cbae-b3268f28e4c4
22501126,73,2026,4,3,22501126,accc5d33-eba8-a590-7332-360bf742017d
22501126,18,2026,4,3,22501126,4a390c68-4a6d-8473-447e-a1755cf37c02
22501126,217,2026,4,3,22501126,56d74a88-6159-1358-09a3-fd344767674c
22501126,230,2026,4,3,22501126,c95ed262-ffe0-dda1-1a68-57fd8dfe9716
22501126,275,2026,4,3,22501126,f83608da-0d3f-0f59-e351-e2d49d98b542
22501126,293,2026,4,3,22501126,c1f4ebc8-cea9-00fe-a02d-82c9af1dba49
22501126,30,2026,4,3,22501126,03194a37-92e9-5ba3-5c42-f36fcef97080
22501126,387,2026,4,3,22501126,87973342-b3ad-dec5-2c84-5a41639e070a
22501126,55,2026,4,3,22501126,10bade8a-d58f-efaf-b875-3bc39bc52600
22501126,107,2026,4,3,22501126,44d6896a-69c0-b5b5-202d-cc08907dddc8
22501126,108,2026,4,3,22501126,8c849f33-59db-eafe-655b-6427c6c90ace
22501126,113,2026,4,3,22501126,99758e89-3455-5518-a86b-77030f9299d5
22501126,120,2026,4,3,22501126,4813a464-9105-f0d7-78ea-6105e0c039e1
22501126,122,2026,4,3,22501126,bae6aa50-2387-c5a1-4ab4-e2d87cac72bb
22501126,125,2026,4,3,22501126,f5e1aa59-2f8e-7afe-8e01-e00328cfd20d
22501126,127,2026,4,3,22501126,147d06bc-29c8-2d6d-1c6f-34fdd90c59cf
22501126,13,2026,4,3,22501126,75cecb01-e057-4470-bb62-ecb2c8d78e9b
22501126,15,2026,4,3,22501126,df2c0a93-06c4-5053-50c7-3918b61813fc
22501126,156,2026,4,3,22501126,38b20ca7-ea8a-ce25-dbe9-f08f720e81cb
22501126,162,2026,4,3,22501126,f1bfcdd8-a611-cc0b-cf84-8b98cf4e5730
22501126,165,2026,4,3,22501126,c24b12ef-bc13-a5a0-f23a-79c722868a1a
22501126,167,2026,4,3,22501126,90c690cc-0356-170e-68ae-ec4b2d9ecbe2
22501126,172,2026,4,3,22501126,fb6f8c63-6e7c-bb98-8d68-2f95cbf7f341
22501126,173,2026,4,3,22501126,b6942b22-5669-eb42-640c-58337d76f443
22501126,183,2026,4,3,22501126,31cefce7-b4d7-0789-e50c-3fe6cd0f632e
22501126,191,2026,4,3,22501126,0001a22d-fc93-9114-de1e-11c1c86f5f25
22501126,196,2026,4,3,22501126,1f592bcb-4570-936c-16f1-0987ffaa4c4f
22501126,198,2026,4,3,22501126,cc3e444a-cf6d-e8b7-2076-bb780620e84e
22501126,201,2026,4,3,22501126,f60e01d8-2cef-85d6-4a0d-9374a793f902
22501126,211,2026,4,3,22501126,ea09a4e7-a972-a290-16a8-afcc98b9d187
22501126,213,2026,4,3,22501126,ad54666e-9b46-bbe8-83a1-e67b842cc9b1
22501126,234,2026,4,3,22501126,30125b44-e638-b945-e86b-f84bc985458a
22501126,237,2026,4,3,22501126,5941db67-cd8e-afbd-30e7-3198b4a18f6c
22501126,244,2026,4,3,22501126,68e25e1c-87f2-1592-cc30-5da3acbcd8d2
22501126,246,2026,4,3,22501126,6c293220-5ea0-9dbd-f0ee-bb319e68baf1
22501126,248,2026,4,3,22501126,1a751e6c-1fab-fb9d-c58b-fa8e69b2f60a
22501126,250,2026,4,3,22501126,e4ed2337-8b61-2e50-96bc-929aed838472
22501126,252,2026,4,3,22501126,da6bdaa1-b7ee-09bb-0c00-5a61f3fb0508
22501126,269,2026,4,3,22501126,63965c4a-6284-36e0-296b-877454e4ce98
22501126,270,2026,4,3,22501126,ad5123e6-d60f-9659-c84f-800221ab8a51
22501126,281,2026,4,3,22501126,d63531cf-daf0-f95a-961e-645623551854
22501126,283,2026,4,3,22501126,6df33329-933e-b609-7f3f-499c15423ab9
22501126,284,2026,4,3,22501126,ed325c8e-1aaa-78f3-5095-4de97fb37ecc
22501126,288,2026,4,3,22501126,a304ba25-d9ad-f18a-3ea2-79ab0adab3c3
22501126,297,2026,4,3,22501126,cd860edf-9744-fe5b-ef6b-0f23e26e5580
22501126,299,2026,4,3,22501126,2f7adae4-0d7a-9286-280e-8b93df150bb9
22501126,300,2026,4,3,22501126,84dd87fe-12ee-9ea6-214f-724568bafd06
22501126,306,2026,4,3,22501126,057a2cc5-6dff-0031-a1a3-51b3924dd7e3
22501126,308,2026,4,3,22501126,0030b769-d97a-7ed6-965e-87a1f9384e02
22501126,323,2026,4,3,22501126,51ea3937-9660-dde8-73ba-4ac891024b55
22501126,326,2026,4,3,22501126,da8e0ca0-78d6-96c4-db9f-dcd9813c8eeb
22501126,338,2026,4,3,22501126,7de5d27c-1cda-f27d-8ab4-fb80ff5dec43
22501126,342,2026,4,3,22501126,7c49ae86-4062-b3c8-d44e-b53b575d4b04
22501126,346,2026,4,3,22501126,16899c5c-c7bd-d229-9278-380b384dedfb
22501126,351,2026,4,3,22501126,18f089b8-e73e-a7ed-ccd7-abfe16236960
22501126,355,2026,4,3,22501126,e7f42a16-541c-0402-882c-948970e3e5d1
22501126,359,2026,4,3,22501126,19a0a605-0b32-fb7c-a105-baad534807b0
22501126,361,2026,4,3,22501126,f8b83d0e-a467-7d74-f044-4fb21c908faf
22501126,371,2026,4,3,22501126,9c235396-4d53-69ec-d108-aa3af3895210
22501126,373,2026,4,3,22501126,e7fc0045-dc99-cbab-f4d4-55db570cf446
22501126,385,2026,4,3,22501126,4050f501-5a96-13b8-ed97-2178e08e702b
22501126,386,2026,4,3,22501126,6a9c3e6d-cc73-65dc-3137-abd3ba84e895
22501126,39,2026,4,3,22501126,6f5c80a2-9b7e-bf05-af63-99b48ac476ca
22501126,393,2026,4,3,22501126,d13c1da7-7d37-5ef2-22ad-4e4c89bfa824
22501126,395,2026,4,3,22501126,e89450ea-73d2-5df9-b2b1-3d9e227816c8
22501126,403,2026,4,3,22501126,4e363a67-c908-17bb-98b8-01777c1d46d5
22501126,405,2026,4,3,22501126,8e5be62a-8663-eedf-5956-040afbf6487d
22501126,407,2026,4,3,22501126,228033a7-2a36-c61a-fd68-495090c3296a
22501126,408,2026,4,3,22501126,88149f76-671b-3335-9326-b7d67638120f
22501126,423,2026,4,3,22501126,067482e1-b642-79c3-1e9b-d83e444e398f
22501126,426,2026,4,3,22501126,8be9c82f-0555-8306-4034-0f9029e85dbe
22501126,428,2026,4,3,22501126,f3e706e8-b650-a9af-fad7-279d4685d3d6
22501126,43,2026,4,3,22501126,58805ead-5579-a6e6-bce7-d3bf9b5d1dac
22501126,430,2026,4,3,22501126,b030972a-6f1d-e7d3-5c83-9e74c3a5f8ba
22501126,434,2026,4,3,22501126,2ce40205-ee5e-d5d5-8291-284551e7d0b7
22501126,438,2026,4,3,22501126,628dba8b-8698-c765-fcbf-e6cf0e99ea62
22501126,44,2026,4,3,22501126,0629dae9-176c-713b-9a88-bd736501bc01
22501126,445,2026,4,3,22501126,2cf028fe-baea-575b-ff91-7beee365c4ee
22501126,447,2026,4,3,22501126,09419efd-1c8e-eec8-7e1a-c63a780e68d5
22501126,457,2026,4,3,22501126,faeec1ca-b896-20da-8d9d-d345a33f65b1
22501126,459,2026,4,3,22501126,8f09cd5f-f280-7393-f882-5cefdca56331
22501126,461,2026,4,3,22501126,5e8ebf30-3857-efad-1a0b-593a97d9b23f
22501126,463,2026,4,3,22501126,610c35f7-385b-3833-873a-cd512d8b5e1f
22501126,475,2026,4,3,22501126,8309fcf1-3c10-eb14-5cd7-3d4bf38c0580
22501126,480,2026,4,3,22501126,f46c69f1-b93b-9f52-52e8-a7c73db336d2
22501126,484,2026,4,3,22501126,7314e839-367d-24f6-d2b6-ada3f6cd5e33
22501126,488,2026,4,3,22501126,09c81bef-eaf9-59d1-3ed9-2d06071d971f
22501126,499,2026,4,3,22501126,d26ed49a-3621-cccf-14c1-66b55dfbd689
22501126,50,2026,4,3,22501126,b96b9f61-6b62-025b-e92b-3ca5e1fa789a
22501126,509,2026,4,3,22501126,9702140e-e6a0-9638-f585-441be9edb8ec
22501126,513,2026,4,3,22501126,e7645f55-fb95-2a22-8e62-ac5416d8ddf8
22501126,516,2026,4,3,22501126,e1074109-cda6-de13-7f42-3f3c41188008
22501126,522,2026,4,3,22501126,38126fa8-21ba-e5b7-7452-7c57ed9c56f6
22501126,532,2026,4,3,22501126,ee9efdd9-bc28-9067-abc6-62f93520c471
22501126,554,2026,4,3,22501126,50fbe8f4-ddcb-0d39-6586-f61888f3fad5
22501126,556,2026,4,3,22501126,3e03d114-1d2b-e56b-ee49-d94ab410a573
22501126,558,2026,4,3,22501126,e2f8e79b-2abf-89d5-b8d8-488023404992
22501126,559,2026,4,3,22501126,d595d360-3b10-60bf-4671-921e6266f790
22501126,561,2026,4,3,22501126,d25ba22e-6967-0d0f-3b1a-6f2914121e52
22501126,567,2026,4,3,22501126,baf8ebcd-d61c-ec11-b292-103e38c92bb0
22501126,568,2026,4,3,22501126,e548f536-9510-a310-e4e7-f33aa063a487
22501126,570,2026,4,3,22501126,a395babb-afff-4a0a-5458-60e35e002004
22501126,574,2026,4,3,22501126,d4f2bbec-3cb8-4d11-2ed8-e89330ce7da0
22501126,58,2026,4,3,22501126,e76eac75-a2ea-6546-95ec-4d288fc2eba8
22501126,582,2026,4,3,22501126,31ec74a3-d688-06f2-98b3-2749244433b4
22501126,584,2026,4,3,22501126,fe7759f7-02b8-857b-fea7-9598a8229aaa
22501126,589,2026,4,3,22501126,e44d6c26-0ca8-3226-1345-5f07edc0ce24
22501126,596,2026,4,3,22501126,661540d4-3933-2c8b-839b-f93b57905e52
22501126,60,2026,4,3,22501126,9fc72cbb-e3e2-a4e4-353f-310a64d57511
22501126,67,2026,4,3,22501126,8103448c-7d2a-c67d-74e6-a4953e61bf0c
22501126,72,2026,4,3,22501126,1fe3a702-0402-b2d7-3308-f6fcda892261
22501126,75,2026,4,3,22501126,68cfa4b2-fd7b-32d5-4d49-1a4d213d4b10
22501126,77,2026,4,3,22501126,9ac93023-88a5-8a7b-5738-622805cae3bc
22501126,79,2026,4,3,22501126,f20d6e98-3998-98f9-8477-31d159c02f6e
22501126,81,2026,4,3,22501126,8a7c2845-ab1f-1fcf-d8b6-0d87c25f76b7
22501126,98,2026,4,3,22501126,4c791b67-0f34-f905-591c-891bff2026d5
22501126,109,2026,4,3,22501126,8a86f54f-0bd8-5b7b-f63c-6847d9c18f2f
22501126,114,2026,4,3,22501126,a1c325c0-68ad-307b-1c22-48714c9cd839
22501126,121,2026,4,3,22501126,6f84d4f9-9896-20f1-518a-18c97947fc79
22501126,126,2026,4,3,22501126,95753d31-0504-1886-614c-66e48571c66a
22501126,128,2026,4,3,22501126,91740d50-c2fd-c189-0a47-62d5278eb0c5
22501126,14,2026,4,3,22501126,4c3c6f59-66b8-99fe-3e6e-5be814b761b9
22501126,166,2026,4,3,22501126,8d871d7d-b8a3-2363-e82c-b27584a0293d
22501126,17,2026,4,3,22501126,5a84625b-8c90-1abc-5996-2174fbc33cb1
22501126,184,2026,4,3,22501126,c7a2dccb-341e-e81f-5079-00345007ad04
22501126,197,2026,4,3,22501126,2fd8a341-e786-56ca-2d50-39c075207f20
22501126,20,2026,4,3,22501126,3da3190f-09dc-3070-4162-86b0a78d2d73
22501126,212,2026,4,3,22501126,c51d69bc-b0c4-d8f7-7081-3d95767fb85c
22501126,218,2026,4,3,22501126,f52c3607-7736-aadb-6aeb-0a9d3cfeb307
22501126,235,2026,4,3,22501126,e90c32aa-3140-e0e3-1d6d-fee8786f7624
22501126,247,2026,4,3,22501126,e8798a24-3fea-13f3-8fa0-5c189bbcd65e
22501126,249,2026,4,3,22501126,46a17b80-c61b-fcf5-e118-f4d452b86adc
22501126,251,2026,4,3,22501126,16612c02-6b30-8e17-35ec-15f8bb44cf89
22501126,253,2026,4,3,22501126,17d2bc68-12de-72ab-390d-98786a6bfc76
22501126,271,2026,4,3,22501126,2c0f910d-9c5c-26ea-3a86-d3a45447ef78
22501126,282,2026,4,3,22501126,95ae89fe-20f5-aa1e-a06a-e0cc1418be6e
22501126,285,2026,4,3,22501126,bdc29aa3-df1d-31a5-886e-294739df2c4f
22501126,29,2026,4,3,22501126,5177948d-60e3-7afc-d15a-b2c68abd7059
22501126,298,2026,4,3,22501126,4e8d0925-efb6-7ed1-5752-1adc09f6a135
22501126,301,2026,4,3,22501126,e1898bc6-d041-7903-7638-7a880e793323
22501126,307,2026,4,3,22501126,309104d6-51a0-ea22-0113-af743f0ff19e
22501126,309,2026,4,3,22501126,4e2f312b-d97d-6793-8ac2-95e6938a849c
22501126,32,2026,4,3,22501126,77a84770-fc78-7b90-4db1-287820bced92
22501126,327,2026,4,3,22501126,b4846156-f85b-0a70-0743-732a904c7727
22501126,337,2026,4,3,22501126,663397f8-edf3-b330-cf17-ea84627213a2
22501126,343,2026,4,3,22501126,0e2d2ad1-e83e-5ebb-e0ff-a7d118b8ab3d
22501126,347,2026,4,3,22501126,c2ca9f64-d621-3099-bbee-d8981cc59d08
22501126,352,2026,4,3,22501126,25dd1dc7-d362-4919-a33c-7865c6ee46d2
22501126,360,2026,4,3,22501126,88242527-5523-7b42-2408-a1e99e3ac8e8
22501126,362,2026,4,3,22501126,42ce74f5-6e97-6f03-5c13-b480137a768d
22501126,372,2026,4,3,22501126,f3309d38-9871-7638-cba6-04aae4b4d724
22501126,389,2026,4,3,22501126,fc285747-33aa-5509-d5da-566953fec53e
22501126,394,2026,4,3,22501126,5d8182a5-35ac-2ad0-8432-9ea23dccf401
22501126,396,2026,4,3,22501126,a2c7d441-0cde-5dc4-1d9b-290d2198b88f
22501126,40,2026,4,3,22501126,1771aed3-229d-82cf-39db-3858fce49d70
22501126,404,2026,4,3,22501126,f49cfda0-8653-e5c1-fd2d-b78a634525c0
22501126,406,2026,4,3,22501126,bd86f7e2-ce44-588a-64df-e741bc1fbde7
22501126,409,2026,4,3,22501126,8c3dd1a0-69da-ab19-7b8d-c696c5d6e139
22501126,427,2026,4,3,22501126,bd419cc3-403b-36ba-3969-bf9836deeee5
22501126,429,2026,4,3,22501126,d4e01603-4db8-4958-313f-1fee9cd26322
22501126,431,2026,4,3,22501126,c080eff7-344f-fae0-6429-c72f95f95623
22501126,439,2026,4,3,22501126,e07e1ce2-eae0-cfb3-efb7-52ccaa375eea
22501126,446,2026,4,3,22501126,980784e0-490d-261d-1391-027c4c231df0
22501126,448,2026,4,3,22501126,289bf58f-66ea-6c32-29ee-28874ddf2b87
22501126,45,2026,4,3,22501126,51a2b781-7408-ff84-1aee-50ffc9a7ab68
22501126,458,2026,4,3,22501126,1d3285ae-635d-a28d-119a-72532a7177c1
22501126,460,2026,4,3,22501126,06760307-df4e-fb04-0d10-e4c5a3aab643
22501126,462,2026,4,3,22501126,a50ff6b5-06fb-2811-042e-befe9e634a05
22501126,476,2026,4,3,22501126,a29042c4-e718-6020-46bf-1ec7be200ae9
22501126,481,2026,4,3,22501126,c990be86-ccbb-e083-4263-7d85b2eecb0c
22501126,485,2026,4,3,22501126,8bdce3fb-813c-6f67-cf02-50a270550078
22501126,489,2026,4,3,22501126,12c0a640-c92f-2cd9-2106-7796c7870c03
22501126,500,2026,4,3,22501126,dc3dfb5f-858c-0e27-9df4-d5f42de58cc2
22501126,510,2026,4,3,22501126,ba8ad1c8-70f5-f433-50dd-241d0bfdba43
22501126,52,2026,4,3,22501126,a6608678-555d-dc4e-0630-44d88ee3b557
22501126,523,2026,4,3,22501126,341d39f2-16bb-1cfe-04d7-41e82c3292d5
22501126,555,2026,4,3,22501126,e692a206-604b-78fa-48a6-76c79d15714d
22501126,557,2026,4,3,22501126,2c21d798-de6b-244a-256e-ffbd89082318
22501126,560,2026,4,3,22501126,d58e6f2c-42f2-d91f-30dd-5243aa89ae9f
22501126,562,2026,4,3,22501126,7df6c3d3-aa58-7566-4701-f267f9ccee5e
22501126,569,2026,4,3,22501126,3937c108-557a-85d2-3c87-dc87ab700052
22501126,57,2026,4,3,22501126,6de7ea93-0419-5e84-7fe0-0b23289a1dfe
22501126,571,2026,4,3,22501126,8b91d338-7517-b01a-1c34-4efee524d65a
22501126,575,2026,4,3,22501126,1a121d98-09e7-6a51-2db3-7907942320e8
22501126,581,2026,4,3,22501126,ae73e1d7-2aa8-d85a-ffd3-44be1565ad5a
22501126,583,2026,4,3,22501126,2cca3706-be7a-ab79-efc1-b205c920983b
22501126,585,2026,4,3,22501126,0db1e7ba-c881-76dd-eccd-81ef2daa50ce
22501126,59,2026,4,3,22501126,0c55d1a5-5be9-dbae-c26e-72954778d08c
22501126,590,2026,4,3,22501126,f846d143-3f32-ddc6-286f-8662c5620019
22501126,61,2026,4,3,22501126,d1a13d94-12bb-71d6-5b94-469a74ef369e
22501126,68,2026,4,3,22501126,7d585488-01be-8064-db0c-2f66cc16a946
22501126,76,2026,4,3,22501126,ad781036-ad74-b133-12ac-ac6ea381505e
22501126,78,2026,4,3,22501126,f3d07602-05c9-cc0e-5782-c7f4e02cbcd2
22501126,80,2026,4,3,22501126,25cb1705-c0c1-4717-d4a3-10438be0ea01
22501126,123,2026,4,3,22501126,e82e033e-4d61-5044-3c13-0dc6ac837588
22501126,181,2026,4,3,22501126,048fa869-5c0d-31be-7da5-95d461586dbd
22501126,189,2026,4,3,22501126,1c0c642f-d172-258b-8b18-d52afc87614e
22501126,313,2026,4,3,22501126,489fd05f-1993-53b8-bc15-d007ec0532c6
22501126,374,2026,4,3,22501126,e52aadc0-0f31-20d8-a503-319804f2f45e
22501126,440,2026,4,3,22501126,04e8a9ed-4281-e75c-4eb9-bab92d6b800b
22501126,511,2026,4,3,22501126,44b5be59-f330-1e7a-a9d1-8dea2a54ae87
22501126,518,2026,4,3,22501126,25e47bb7-d8e7-2f76-bdac-14996fcef96f
22501126,565,2026,4,3,22501126,81b1504f-99ba-bcd1-6df5-98bdf0e40b4f
22501126,591,2026,4,3,22501126,8d89bdd0-f0bb-7eff-3002-ad465da9b4cf
22501126,593,2026,4,3,22501126,a7956e66-08f4-05e7-516b-c54c44de280d
22501126,9,2026,4,3,22501126,0cabd361-bb61-9956-69b6-bdb6166f9b82
22501126,135,2026,4,3,22501126,9fedcbef-2160-49b3-427e-814565b8a148
22501126,229,2026,4,3,22501126,1a408f55-83bd-6eb4-8507-b90341e536c5
22501126,236,2026,4,3,22501126,5993741e-400c-146a-2b3f-09142e88d954
22501126,266,2026,4,3,22501126,1e814b55-2eed-8dfa-5b3c-f925c8f07ce4
22501126,272,2026,4,3,22501126,f242f086-45ba-9f20-71ba-7e73aae1f2cd
22501126,312,2026,4,3,22501126,1fea9082-9ada-0c00-0d95-96ed85838055
22501126,390,2026,4,3,22501126,bd8a4691-38cd-84e2-eac3-21ec60c4870a
22501126,477,2026,4,3,22501126,920b3b89-7238-601e-3718-d4ec8cea5504
22501126,490,2026,4,3,22501126,615a09fa-f1a6-aaa5-ad2f-94815cc99e7f
22501127,109,2026,4,3,22501127,f2248c64-030c-a8eb-e18f-6cf39dff768c
22501127,123,2026,4,3,22501127,2f1c7498-24f8-51b7-9b6b-c2ce900c05a0
22501127,125,2026,4,3,22501127,069a97cb-0bc6-86e7-6d7a-502cb7f74309
22501127,127,2026,4,3,22501127,e5642363-1e8b-1153-352a-2df1014f7685
22501127,13,2026,4,3,22501127,93610d6a-26a8-1821-6d4c-9deeefdc77e3
22501127,143,2026,4,3,22501127,d2f5be79-3319-82aa-f2e6-b82df0a0b12a
22501127,15,2026,4,3,22501127,f88c8580-9cd7-f45f-ca53-e02a8b3f7c50
22501127,159,2026,4,3,22501127,4ade399a-c882-03d9-85d2-6c6a4b0afb7d
22501127,180,2026,4,3,22501127,ee8d11f1-9eae-0b42-5ebc-158fedd52012
22501127,182,2026,4,3,22501127,0365a0fc-76f4-1a14-f9d4-b0bfda0d3dc6
22501127,19,2026,4,3,22501127,2a980d77-b72c-dab4-5d0e-63ce661ee365
22501127,190,2026,4,3,22501127,474d1b17-1464-b6e5-7648-20c062a3fab0
22501127,200,2026,4,3,22501127,2acba769-1f52-e9e1-1483-ba31a2ca0460
22501127,211,2026,4,3,22501127,6d48d474-8dac-079e-aac9-800e2bc40346
22501127,214,2026,4,3,22501127,da6a63a6-cd27-d366-3093-c945f04cb921
22501127,216,2026,4,3,22501127,00a922c8-fa7c-d428-41b0-4c4a47daa0fd
22501127,220,2026,4,3,22501127,3bd6c102-6984-19fe-5703-8d87e59a19cd
22501127,23,2026,4,3,22501127,b5f4831f-1aa8-5447-0223-be64c3719948
22501127,238,2026,4,3,22501127,8e4f8a79-a483-f5b3-9e39-39673e7c7945
22501127,25,2026,4,3,22501127,b472411a-4eda-e4f3-89e8-a6f6035d80c1
22501127,261,2026,4,3,22501127,dc7d2191-e8a9-7f5a-15fc-a402b53e3612
22501127,263,2026,4,3,22501127,5e8e7879-96e9-749b-1b0d-7081836a6b6b
22501127,284,2026,4,3,22501127,8e8c39ca-38ed-8786-af10-d6b087f30f28
22501127,29,2026,4,3,22501127,e927f098-3223-9f56-613e-ff99d0d178ef
22501127,31,2026,4,3,22501127,c10f5602-e09a-fae5-0ddc-0ef3e0a53edc
22501127,316,2026,4,3,22501127,6392c17d-9a0c-7d9f-0bd0-6df4aceec59f
22501127,354,2026,4,3,22501127,5405335d-8f1d-53dd-d8f2-e163047cce82
22501127,385,2026,4,3,22501127,ed0a58b5-98a0-a4cf-3988-2bd4fd1b28a4
22501127,405,2026,4,3,22501127,f7a6be95-f64c-6ccb-9544-d39a0e3e8e9d
22501127,410,2026,4,3,22501127,088ebbda-cdbf-8337-ef0f-a568c9880270
22501127,412,2026,4,3,22501127,9075bd00-c4ec-0fb8-e5c2-4a79c8fe88f3
22501127,431,2026,4,3,22501127,341db61f-3875-766c-58fb-b24c5c380850
22501127,442,2026,4,3,22501127,c26d11f0-ebb7-f762-0059-1c36dbdc1063
22501127,448,2026,4,3,22501127,89e749e2-e702-64b0-723c-ddf7328a36ad
22501127,464,2026,4,3,22501127,0d7d6f41-0afa-71cb-8c22-ecf623aaedee
22501127,469,2026,4,3,22501127,08083b43-f2c3-d9a2-800a-0292c7ed7163
22501127,489,2026,4,3,22501127,8af8d54e-cb12-d21b-cb32-8bae1d2c5ebc
22501127,518,2026,4,3,22501127,13ae2a70-ee35-c161-4a34-59778fbb987a
22501127,523,2026,4,3,22501127,0d2a7e40-fada-f423-9952-241de4616096
22501127,529,2026,4,3,22501127,c289e57d-a01c-163c-d56c-90c2892cc2a0
22501127,533,2026,4,3,22501127,50e95391-588f-a1cd-7f5f-7d4d01dbbee4
22501127,560,2026,4,3,22501127,7fc9c021-e1bf-88cf-ae44-3d96ff148b6b
22501127,578,2026,4,3,22501127,d0c89c0d-0f10-090c-4a0d-3f6acbbfe72b
22501127,586,2026,4,3,22501127,30d53c8c-d452-160c-7951-b26d56008e41
22501127,590,2026,4,3,22501127,d45f535a-ab29-0b07-65fb-8d1b1dfba254
22501127,592,2026,4,3,22501127,eb371a06-15b5-e8ed-723b-0271e8d33353
22501127,606,2026,4,3,22501127,e7996240-1c92-9b14-1fed-1510c4ef803f
22501127,610,2026,4,3,22501127,e63fbf7c-5cbf-f323-f3c0-a387e96a5606
22501127,614,2026,4,3,22501127,5acb1eb3-b15a-f61f-24cc-c05549741450
22501127,628,2026,4,3,22501127,2712abb8-256c-6dc1-91e8-f200b8716e62
22501127,635,2026,4,3,22501127,38a84bd7-71a6-99e3-c55a-550f8f4360c7
22501127,646,2026,4,3,22501127,2b25a446-b70a-f481-e7ce-598b3a935407
22501127,664,2026,4,3,22501127,e68a3ccf-d7d6-eed8-3f4f-cb8dd12d8e55
22501127,68,2026,4,3,22501127,6361d8a7-8f27-efcd-2f93-f69ce5cbeeb5
22501127,683,2026,4,3,22501127,d74a857d-2c8a-eee4-6254-59c6c3ceca0e
22501127,7,2026,4,3,22501127,adeeedb0-be71-3c77-2c64-2ea8b48ee387
22501127,71,2026,4,3,22501127,242b9a5e-d2d1-2961-cf97-945f7d8baa74
22501127,715,2026,4,3,22501127,92eb84aa-aff9-2c26-7ce3-140fa2fc33d6
22501127,756,2026,4,3,22501127,03fff0e5-ed91-61b1-f09b-98ff610d0c1c
22501127,99,2026,4,3,22501127,3466a06a-193e-0274-e4bb-38b2932f4d38
22501127,224,2026,4,3,22501127,76498cb1-3985-dfde-f485-8eb35ba68650
22501127,320,2026,4,3,22501127,45e393f6-dad3-57ef-74ce-24b16bf164b4
22501127,380,2026,4,3,22501127,7356e9b7-8662-c72f-65ea-9b8baf7898e9
22501127,474,2026,4,3,22501127,30254bf6-c74c-3b5a-36a5-5d33e0ae2575
22501127,63,2026,4,3,22501127,763da3d7-b640-c890-c6eb-cc5fa6ec9a5c
22501127,678,2026,4,3,22501127,b49a3f94-d7b6-4e44-41a6-38a096faa9b9
22501127,101,2026,4,3,22501127,4ddd694e-819f-136d-99cd-fd7617ae1c64
22501127,103,2026,4,3,22501127,1e6cacdf-c918-2682-7811-85523a657c90
22501127,105,2026,4,3,22501127,ad0d240c-d1d6-1954-9b35-8dab9c35d449
22501127,11,2026,4,3,22501127,f96bf60a-e28f-8fe5-5581-29e736a244b4
22501127,111,2026,4,3,22501127,f25046d7-213e-6ec3-1fd0-0eddfc552d03
22501127,129,2026,4,3,22501127,d0d84ba4-e54d-dc30-d219-d18a91596aac
22501127,131,2026,4,3,22501127,cc46a90c-2b11-db76-2aab-1e5a348b08eb
22501127,154,2026,4,3,22501127,317caf96-e882-10a3-27df-976923bb4349
22501127,158,2026,4,3,22501127,789b9f09-2df3-2e9d-9037-066d19e91c9d
22501127,161,2026,4,3,22501127,e1c39aa1-1d5f-955f-a6ff-6d68d89597c4
22501127,163,2026,4,3,22501127,9eadfcb3-41dc-bab3-fb32-6ecf7499d6bb
22501127,17,2026,4,3,22501127,925a2806-eff2-676e-bc41-123c9d3163f2
22501127,171,2026,4,3,22501127,14f533ff-8bd2-2f52-43fc-684f2051b690
22501127,188,2026,4,3,22501127,e02e8527-7c26-94a3-371c-7ddb6a45775a
22501127,192,2026,4,3,22501127,f36fb1a7-b992-1caf-be6a-2b88119cbc72
22501127,196,2026,4,3,22501127,f2e082fa-e590-3cd0-6fa0-314b3629584d
22501127,198,2026,4,3,22501127,99e6de69-de92-a228-bca1-06460e641552
22501127,202,2026,4,3,22501127,bb8cd82d-981f-4054-ff0d-3a1025f02c1e
22501127,21,2026,4,3,22501127,0f5bee3d-6137-6dc8-9445-a4e1b7b1f644
22501127,213,2026,4,3,22501127,f910ff66-3db3-4d0b-99b1-8e1d927ea717
22501127,218,2026,4,3,22501127,8f8b4c96-5dd0-4016-7b56-d609e7e29c15
22501127,222,2026,4,3,22501127,48ea3314-21ac-14c8-7cfc-61128eb7980b
22501127,234,2026,4,3,22501127,fd5fe2e6-3da0-18ca-7d05-c3f0f89ee146
22501127,240,2026,4,3,22501127,d3daa8c0-4cfb-7799-63b2-4daf8de6f575
22501127,242,2026,4,3,22501127,e306d79f-863e-1656-2086-c7f78305f353
22501127,244,2026,4,3,22501127,d6e82568-65d5-a946-1f53-29c79c4ee3e5
22501127,255,2026,4,3,22501127,3c371f33-f43d-15ec-c63c-80ea66a2e299
22501127,257,2026,4,3,22501127,4d4e55a2-5600-0223-42e2-5f5ae7f36faa
22501127,259,2026,4,3,22501127,f6087af3-a81a-f73f-7ee1-78b40ec76b5e
22501127,27,2026,4,3,22501127,29858f4c-7b6c-02f0-dfd6-8e4e6691bb1e
22501127,277,2026,4,3,22501127,6f0ed7fc-2106-0673-a9f8-302dbe724bd1
22501127,286,2026,4,3,22501127,0ebdff26-a042-8822-adda-de4ec0989d67
22501127,297,2026,4,3,22501127,92bcbaf0-b78a-2c20-7128-314fc5d3db26
22501127,299,2026,4,3,22501127,3ed447e3-2001-8a11-2e3d-412a305c1093
22501127,301,2026,4,3,22501127,667cf263-024b-f54b-1fe0-391c9db2591d
22501127,304,2026,4,3,22501127,07f42375-9b25-15b0-f8eb-1d03e15be7f0
22501127,311,2026,4,3,22501127,31727dd5-9c2c-ffcd-a493-77fdf3ed760f
22501127,313,2026,4,3,22501127,57c0b30a-0adc-c06f-d745-15994528fb47
22501127,341,2026,4,3,22501127,972f77dc-726f-0bd0-7f4a-509f489bdf87
22501127,350,2026,4,3,22501127,b39c3f01-d3c3-a4fe-8044-57cd46bfac68
22501127,351,2026,4,3,22501127,26d9682b-480b-f3c1-7e04-b5bf7274c247
22501127,352,2026,4,3,22501127,be4b0023-4dba-72ab-6c6e-ae3309dc7160
22501127,356,2026,4,3,22501127,b868eee0-209c-ad38-bf8d-e3e99cc9df49
22501127,37,2026,4,3,22501127,f360f01a-724f-16f3-d1e5-d489b378708d
22501127,383,2026,4,3,22501127,59e97114-c859-36d9-c5c0-4129da8da208
22501127,389,2026,4,3,22501127,fb4f20eb-0595-bd0e-0686-c25060d2ad3d
22501127,390,2026,4,3,22501127,08f13493-2951-e963-ef8d-d9f3b93dbba6
22501127,396,2026,4,3,22501127,b663a8df-5da1-95c1-ebdb-29bd7ad36144
22501127,404,2026,4,3,22501127,6dbfe142-c169-4a8f-8a7b-5f4d2bf9d89f
22501127,407,2026,4,3,22501127,bee9d2fe-493e-b475-0539-92a80039642e
22501127,408,2026,4,3,22501127,0ab15f9b-fd2f-08bb-8456-deaa68f2a901
22501127,425,2026,4,3,22501127,2c09ca8e-ce94-04cd-1458-70fe1d3810e4
22501127,427,2026,4,3,22501127,06413d73-51dc-23b8-c525-c0375ae76aad
22501127,435,2026,4,3,22501127,d2308369-93da-0236-94eb-410a74f6be74
22501127,44,2026,4,3,22501127,c9f9ecc5-6c85-6f02-03b8-df270909951b
22501127,440,2026,4,3,22501127,98cc757c-3d33-f249-f7e6-8547a56bce4b
22501127,446,2026,4,3,22501127,c454f8cc-f42f-2b34-eb7b-b9fcca055c2e
22501127,451,2026,4,3,22501127,7c43badd-cd46-11d2-6f97-3baa90d1fe19
22501127,452,2026,4,3,22501127,667005aa-c710-7282-b957-fd7aa837b5e4
22501127,462,2026,4,3,22501127,5bd54c1d-418e-44bf-7269-4f92cd12500a
22501127,466,2026,4,3,22501127,95b4c90f-09f1-e229-e08b-0b80d2018c96
22501127,468,2026,4,3,22501127,bcfcaffa-ccea-7142-6b31-b130f468b8a3
22501127,473,2026,4,3,22501127,f5a66f14-e257-15df-228f-bd59f7a2d143
22501127,499,2026,4,3,22501127,b47665c6-d906-c2a8-e258-529645f9b483
22501127,50,2026,4,3,22501127,4a224619-9d03-f388-7aed-6e807ae9161d
22501127,500,2026,4,3,22501127,867b9181-c2b1-2acd-eace-21db5d6b0a15
22501127,502,2026,4,3,22501127,9bfcba20-48fe-1719-6005-34a1ce79d17b
22501127,504,2026,4,3,22501127,2ddea0c0-7de3-341d-8b86-b2f10b4eda04
22501127,514,2026,4,3,22501127,c29a8dcf-8829-5e83-18e2-df503c032c39
22501127,516,2026,4,3,22501127,279373a8-5fb9-6252-2c1d-edf116cfd21a
22501127,531,2026,4,3,22501127,1505f38e-210c-a84e-fad1-44cec817aff4
22501127,535,2026,4,3,22501127,66ae6004-aadb-1079-8e6d-1f727fa9a985
22501127,540,2026,4,3,22501127,cf611e57-43b9-275c-a478-a18e420e63d5
22501127,542,2026,4,3,22501127,9d1564ad-7ecb-17d8-1a4f-cdf872a323b2
22501127,546,2026,4,3,22501127,6f45be71-aaf6-6e0d-5613-cefdb1859ddd
22501127,558,2026,4,3,22501127,a1e2d5d5-a08a-e49e-6d6a-9ead77c8832b
22501127,562,2026,4,3,22501127,0db2a02f-aa50-4cc8-69f7-009a67a84ee2
22501127,564,2026,4,3,22501127,3b667a55-35d3-c0d6-20a8-c43fd9b529ab
22501127,569,2026,4,3,22501127,0585a449-ff90-b43a-c4ff-35eba2cd677d
22501127,57,2026,4,3,22501127,a665578b-8c96-afac-f6ea-c4477cb92d47
22501127,588,2026,4,3,22501127,5a965880-213e-6909-7ff0-a2836fd92d1a
22501127,608,2026,4,3,22501127,e82893eb-1f27-3958-f8aa-8b8940c22732
22501127,612,2026,4,3,22501127,721e6f0a-8903-a861-428a-ceb8eec11f2a
22501127,632,2026,4,3,22501127,f1855a2d-cba1-4af7-877e-ecd2bbf9749b
22501127,645,2026,4,3,22501127,de7529b9-2874-49ea-4013-8d4aa12f8207
22501127,655,2026,4,3,22501127,a744b709-5213-8cf2-b0ed-b52c61e67bb8
22501127,666,2026,4,3,22501127,519b37e1-fc28-5a03-e02a-8cc9e3b48ac8
22501127,667,2026,4,3,22501127,fab16c5d-14b9-281c-a4b6-932e5e1e5387
22501127,669,2026,4,3,22501127,b7b100da-0500-8dc9-e2c1-9c726c8204ad
22501127,681,2026,4,3,22501127,c3831490-8109-817f-1cc1-2774120fe20c
22501127,682,2026,4,3,22501127,aa9d3574-9b21-75b2-c591-ebb4e274f866
22501127,685,2026,4,3,22501127,413b9586-d57d-22e1-aa5e-d0c4acf078d1
22501127,687,2026,4,3,22501127,d548011e-d229-fd51-c841-f1a5319d570d
22501127,70,2026,4,3,22501127,1aa60738-f900-212d-9130-c150e5415d70
22501127,706,2026,4,3,22501127,f23c3e81-d988-39c2-ef31-56087711651a
22501127,708,2026,4,3,22501127,1f2464a2-e220-e824-c230-15483c567a2e
22501127,710,2026,4,3,22501127,48652b95-13b8-3c40-291b-74f480a82055
22501127,712,2026,4,3,22501127,3ceb3cb0-4a2a-5602-7098-f496a7a4a444
22501127,714,2026,4,3,22501127,37e3bf37-fed8-9d6f-ff9f-47bd10eb38e3
22501127,717,2026,4,3,22501127,1e790487-bad3-beea-0c32-b1d2387ba7f5
22501127,73,2026,4,3,22501127,16bf99d9-35c1-4e90-7aa5-0c3448247ddb
22501127,739,2026,4,3,22501127,f516137a-8f0e-0970-efae-5ed20b949f65
22501127,741,2026,4,3,22501127,33e4740e-8379-fe36-8c7a-90e6bb7f8a48
22501127,743,2026,4,3,22501127,58594b6e-641a-9091-5068-5714c2cc2f4e
22501127,745,2026,4,3,22501127,e0bd6af7-de37-787e-bc6d-6c4163e3837f
22501127,75,2026,4,3,22501127,f5049af5-e2ec-1bef-1dc2-0049ac34fa76
22501127,752,2026,4,3,22501127,360d0dfd-4139-a7f5-bfe9-1902e2b85eac
22501127,754,2026,4,3,22501127,6187d116-ca66-9167-5cb6-12c9c5c2ea2e
22501127,758,2026,4,3,22501127,447dd3f5-578d-383c-c6c7-174689daa3e6
22501127,760,2026,4,3,22501127,ad7b2ac1-6ae4-ce67-a9ec-143ba6abee6e
22501127,87,2026,4,3,22501127,57c7a3ad-c409-72f0-4113-c533c1c3f3a9
22501127,89,2026,4,3,22501127,12a3d847-657b-4dc8-a8c5-008e2f305162
22501127,9,2026,4,3,22501127,0adb9b45-bbd3-65fb-8f51-6a1466114122
22501127,10,2026,4,3,22501127,b4e2fc03-5750-b16b-321c-c13568935527
22501127,102,2026,4,3,22501127,339924c0-2289-f934-af5c-18962dd7e310
22501127,104,2026,4,3,22501127,7efaf1ee-ade1-f280-2dbe-dd656a7ed720
22501127,106,2026,4,3,22501127,2fdfe50f-48e8-a4aa-8f18-9d3a9b2f2ccf
22501127,112,2026,4,3,22501127,65d5317f-e48e-50d7-4624-98aced95d960
22501127,12,2026,4,3,22501127,fc4132fc-f715-0ebe-bfcd-f0da1097469c
22501127,130,2026,4,3,22501127,6e577d97-7806-1f25-7258-da8fea708ae0
22501127,155,2026,4,3,22501127,f19b9ee0-eb48-291c-a4ca-551508079a55
22501127,162,2026,4,3,22501127,804ec9ee-b750-f26b-e54a-813a36215697
22501127,164,2026,4,3,22501127,3b908238-320c-9ffa-c36b-2f56652ca708
22501127,173,2026,4,3,22501127,c8526d38-fbea-f668-88dd-a50df2d68968
22501127,18,2026,4,3,22501127,608c1f57-8319-e034-a646-c9016489abce
22501127,189,2026,4,3,22501127,e6b70f84-38dd-135a-4e4e-4aca1522c664
22501127,197,2026,4,3,22501127,ddc345db-37eb-0eaa-9c3a-dd4b33b9e57a
22501127,199,2026,4,3,22501127,b8a734e8-7a90-b851-6a6b-9ab0dbce1393
22501127,219,2026,4,3,22501127,c4053d26-027d-b204-2bf0-839f1192da4a
22501127,22,2026,4,3,22501127,096fd3ed-6b3d-cd25-4ade-cc39750f778f
22501127,223,2026,4,3,22501127,66eef1c7-f199-0edb-e2d9-3c8ae005b0e0
22501127,235,2026,4,3,22501127,8b3e326b-0907-8b2b-980b-22d3b9e471bc
22501127,241,2026,4,3,22501127,ee0e71da-7e91-6284-23c5-4b8b0a0e2bdd
22501127,245,2026,4,3,22501127,df10af76-9bfd-1f59-34c0-9cf414e9364e
22501127,256,2026,4,3,22501127,58ffb644-48c6-1bb2-4ea3-2bbf4614ba3f
22501127,258,2026,4,3,22501127,ad3053ac-705c-f0f1-7839-00dcf4f69296
22501127,260,2026,4,3,22501127,1b0c415c-3ad6-554d-5e6a-8376aa9841bd
22501127,272,2026,4,3,22501127,4d625901-fb4e-c796-d1e2-7454d4fe7145
22501127,278,2026,4,3,22501127,2faefede-2cfb-84ee-8c9d-955b7aab9a70
22501127,28,2026,4,3,22501127,965ab07f-47e9-c3fa-0d0b-0a7fc9cac9fd
22501127,287,2026,4,3,22501127,f8648eb5-417f-21e8-33c0-679b6d4828c5
22501127,298,2026,4,3,22501127,248303d0-af4e-ade1-e0a6-fe58f2605b65
22501127,300,2026,4,3,22501127,904507a9-9b68-ed54-d31a-630ecc8bfb0c
22501127,302,2026,4,3,22501127,370a74cf-c8a0-6380-ac1a-290bb5fc0882
22501127,305,2026,4,3,22501127,532768f4-a682-6666-a8cc-5f2bfc451a45
22501127,312,2026,4,3,22501127,33de1d0b-6137-3347-e831-ce15f9d2ea72
22501127,322,2026,4,3,22501127,ad3fbd44-67c3-e5fd-b765-e585bd365428
22501127,330,2026,4,3,22501127,ce2ea780-4486-9484-b70e-831ce1321324
22501127,342,2026,4,3,22501127,32babc99-09c7-11e2-225d-6320999dfd62
22501127,353,2026,4,3,22501127,6b987b00-bdcb-6cea-42bf-bb845fb2ccc5
22501127,38,2026,4,3,22501127,0265544f-0115-7322-3d17-5cd7f283b2f4
22501127,382,2026,4,3,22501127,83340340-4d9f-cf9a-8db7-12a6e0dbf297
22501127,384,2026,4,3,22501127,d26a0c48-a813-856e-5b0e-3bb635714511
22501127,397,2026,4,3,22501127,bd735ad7-d550-9439-b3e5-d269e169b79c
22501127,409,2026,4,3,22501127,9ad8c46a-dca3-9fbb-682d-1391040bab8f
22501127,426,2026,4,3,22501127,f705a83f-da60-0852-75b5-0171c0c81cb1
22501127,428,2026,4,3,22501127,c40b3644-64e3-aef3-5a74-657579467807
22501127,441,2026,4,3,22501127,cf16f803-e1c4-724e-7a5c-c1a505d9b498
22501127,447,2026,4,3,22501127,718b054f-d165-5e4b-8068-ba23a65ae4fd
22501127,453,2026,4,3,22501127,74b4255e-1ef4-9ea1-0723-50cec19a4d2a
22501127,463,2026,4,3,22501127,1c51d60e-cde7-8874-4de8-baf3b4a0377d
22501127,498,2026,4,3,22501127,08c6e3f7-88e1-59eb-1d7d-7b7957d7e012
22501127,501,2026,4,3,22501127,a98669ff-cf2c-2af2-3abd-3f6979e7a0f8
22501127,503,2026,4,3,22501127,238224b4-b708-6a0a-d837-99db36b20d65
22501127,51,2026,4,3,22501127,41524d00-2a60-ea74-0fc3-728617e5030a
22501127,515,2026,4,3,22501127,d18ccb98-1c4a-6422-014c-555e8a7068d4
22501127,517,2026,4,3,22501127,493e2173-3863-1546-1481-836bad921248
22501127,532,2026,4,3,22501127,7919e36d-bba0-e503-0c83-c05b92a4b0bd
22501127,541,2026,4,3,22501127,b11d36b3-415c-c196-734b-9073fb762045
22501127,559,2026,4,3,22501127,72a37dde-33fa-37d0-1028-702cd14276a9
22501127,563,2026,4,3,22501127,8be84124-6b5e-2848-2cf0-cf92f9c266f0
22501127,565,2026,4,3,22501127,a88e8bc9-81b3-d21b-b1a5-41fe837b63f2
22501127,58,2026,4,3,22501127,2206fd0e-0bde-d1fa-4d0c-239602f6273c
22501127,589,2026,4,3,22501127,bfc83d4c-d420-3e76-e798-e401d552f7d5
22501127,609,2026,4,3,22501127,c4983841-6114-42b0-fea5-6b6b5c513d2f
22501127,613,2026,4,3,22501127,94ac26d5-b03b-ba98-9f91-bb7f2b8dc42e
22501127,644,2026,4,3,22501127,cca61df1-ec9f-f632-cc8f-eca9ee1e55c0
22501127,65,2026,4,3,22501127,ff128912-dc48-d007-bb21-69615ecef25c
22501127,656,2026,4,3,22501127,673cc6ed-7413-833c-f2cf-31bd0aa289db
22501127,668,2026,4,3,22501127,09e98f62-7305-4b96-6c98-c402795a6e19
22501127,670,2026,4,3,22501127,18657eef-6006-fe85-88de-8692363f66cb
22501127,680,2026,4,3,22501127,ca02ab61-7352-4bfb-6759-030805dcfbae
22501127,686,2026,4,3,22501127,9911c852-28e3-71c0-2f4e-da3d3c0e509d
22501127,688,2026,4,3,22501127,f890b56b-62e9-9ee3-00bc-30c162e4aea3
22501127,707,2026,4,3,22501127,27e77869-a003-72fc-c71f-afb637b1296c
22501127,709,2026,4,3,22501127,4e2af5cd-b9e9-f750-d5aa-081c5bb20ea6
22501127,711,2026,4,3,22501127,f34c8785-c943-21c6-5819-19273e86d4d6
22501127,713,2026,4,3,22501127,29181fe5-1766-fe78-d4ff-2ce5a0831d07
22501127,74,2026,4,3,22501127,747e5a2a-e6cd-af56-a203-e5eae76cd7e2
22501127,740,2026,4,3,22501127,5a24f43c-328b-492d-cf34-263f80a9d384
22501127,742,2026,4,3,22501127,6d61a8c4-50bd-dbaa-8a7d-6328b705bb34
22501127,744,2026,4,3,22501127,7e62809f-1f74-e267-9255-922157c58d69
22501127,753,2026,4,3,22501127,0fae003d-e0cf-05db-fec8-75b3bb6fb00c
22501127,755,2026,4,3,22501127,b4e1d3f9-eeec-f379-3095-e23778cdeed6
22501127,759,2026,4,3,22501127,460a09ee-6d27-fc68-3e60-6f608098e065
22501127,86,2026,4,3,22501127,5baff985-7929-4514-d0c7-0f948c909bec
22501127,88,2026,4,3,22501127,c3f01a1d-b2c4-de67-a23d-0d0e1077327f
22501127,107,2026,4,3,22501127,43beed23-eab2-fb2d-c881-29376df51901
22501127,156,2026,4,3,22501127,974f75f4-a31a-c551-cb21-ed0af16ca0c5
22501127,165,2026,4,3,22501127,5e118bea-fdfa-aad1-a14e-cef50c7d4c52
22501127,236,2026,4,3,22501127,522f067a-482c-ebac-f714-5c6ade8ba78f
22501127,280,2026,4,3,22501127,be7135b0-1a23-4c70-3106-8738a93cfcb7
22501127,282,2026,4,3,22501127,6fcebacd-529b-5ab1-6488-ab164192595c
22501127,288,2026,4,3,22501127,c9084bad-f3a6-18e4-07db-00e385746f1f
22501127,318,2026,4,3,22501127,91fad6c3-6b67-6c8f-073a-96130e087203
22501127,323,2026,4,3,22501127,d318152f-af3e-3eb1-c6a7-ed14038df8aa
22501127,367,2026,4,3,22501127,3cae5a32-0b23-5420-9414-46f16e64d70d
22501127,378,2026,4,3,22501127,51e1a3c7-4960-3863-448b-bd83bc681b27
22501127,387,2026,4,3,22501127,833cdf1d-2948-98c8-c496-d9c3f8863aba
22501127,471,2026,4,3,22501127,78232190-8e1c-53ad-11ab-c244d55f4934
22501127,556,2026,4,3,22501127,6551ee07-599b-b739-c655-abbf8d12a694
22501127,584,2026,4,3,22501127,736297ef-4fb3-764b-28a8-811dcfa56c7f
22501127,617,2026,4,3,22501127,7f8f493e-0188-af60-6184-813bc026396e
22501127,630,2026,4,3,22501127,de510d6e-b56c-9cc0-d084-430fade20b8e
22501127,66,2026,4,3,22501127,b21c3d1e-60cb-f3c8-7347-517fbda53fdc
22501127,697,2026,4,3,22501127,8c3d28d5-ee67-4c8b-57d4-26d1a2342af0
22501127,153,2026,4,3,22501127,b6e9d5f2-a3a8-d4ce-6848-12562aff6ac4
22501127,361,2026,4,3,22501127,fa846928-8038-e8e2-3e38-570c86755762
22501127,366,2026,4,3,22501127,9b6319e6-a961-3d71-ce20-201734d07bed
22501127,43,2026,4,3,22501127,936ade11-8d34-0f5e-d90c-612d9bf0db95
22501127,454,2026,4,3,22501127,516cd070-76f0-78ef-3f6c-d07f50703892
22501127,488,2026,4,3,22501127,9f1f496e-c2c2-2941-6513-3283361ab63d
22501127,52,2026,4,3,22501127,4d587038-0f86-1f50-d309-38ce1958a185
22501127,625,2026,4,3,22501127,755a32b5-5d06-ba12-ae47-550f31752bac
22501127,663,2026,4,3,22501127,69658532-3627-cf37-046b-c52627891407
22501127,90,2026,4,3,22501127,33860ff0-7b1c-d5d5-f40f-b6418299fc25
22501128,115,2026,4,3,22501128,c39bab5d-53a1-7e03-2ab5-e061668eb01d
22501128,129,2026,4,3,22501128,b297cc59-7c43-65de-25ff-0a51f0b92139
22501128,13,2026,4,3,22501128,67516e39-ea05-7a74-f96a-1e8882475b1f
22501128,135,2026,4,3,22501128,f98e3646-daa6-1835-68dd-01a8e50eeaa0
22501128,141,2026,4,3,22501128,d2389e20-5543-5c12-6e94-e66b3c05ba9f
22501128,151,2026,4,3,22501128,57e5f267-1ada-0a72-b3f8-4812982c6154
22501128,176,2026,4,3,22501128,db79602f-a221-3f23-71ec-5dc2e20a0243
22501128,18,2026,4,3,22501128,5eb7dfb3-efd7-681f-ec3e-4bb5ec49e1ef
22501128,194,2026,4,3,22501128,c3f49642-9969-b55e-729c-b0550f6eeaed
22501128,202,2026,4,3,22501128,1d6ea1ad-2794-34a1-cd45-6ef2f9c8654c
22501128,205,2026,4,3,22501128,cc216727-0daa-2b47-ec59-f1c969ba9ecb
22501128,219,2026,4,3,22501128,8e6b2e36-04d4-fe4a-022e-4a190be41564
22501128,223,2026,4,3,22501128,7132e329-3a70-e757-8ddd-dba472c18b06
22501128,231,2026,4,3,22501128,86971d0e-9d8c-0853-2eab-04154adafcb1
22501128,243,2026,4,3,22501128,4fee4b34-248f-a6e5-4f7a-e1bd8d6fa497
22501128,245,2026,4,3,22501128,e6903afb-906a-a07e-ecad-6d93745733d7
22501128,256,2026,4,3,22501128,17716bd6-f886-0c45-bac6-68fbc39b5993
22501128,260,2026,4,3,22501128,53b71d0f-7c2a-6c01-46a5-cf69999f98e8
22501128,286,2026,4,3,22501128,dc2025e0-364d-4ce2-6ca4-af71026bb2f3
22501128,299,2026,4,3,22501128,162e5e77-b271-7c98-fcc3-6ca2b326f262
22501128,30,2026,4,3,22501128,a8e1d128-9d66-10df-7b72-88ebeffbd745
22501128,305,2026,4,3,22501128,b63dc5ce-c0b0-d7ac-b03e-5c4424914653
22501128,307,2026,4,3,22501128,6bff5927-df6d-2fc8-d211-0e3382b777c6
22501128,309,2026,4,3,22501128,0269a1a3-3df7-f11b-5c69-2b54afe08e5e
22501128,315,2026,4,3,22501128,12b75314-bdd6-52ba-d0ae-d19f0b52d7ab
22501128,322,2026,4,3,22501128,b131e70c-cd00-c429-6065-bf9d2b62902e
22501128,338,2026,4,3,22501128,42cfa3b1-3c80-7b7a-3254-b308e5e3b336
22501128,342,2026,4,3,22501128,f3a6613e-f842-0f30-abfb-4c6fe124a72b
22501128,346,2026,4,3,22501128,c676a36c-25a4-1023-4eba-5931c10695a0
22501128,354,2026,4,3,22501128,11a159b9-bb01-7231-d798-a1179ce5e1e8
22501128,367,2026,4,3,22501128,86495f5e-8115-f2ac-6aae-08db835cad07
22501128,381,2026,4,3,22501128,eeba6c6f-4132-14ec-0eba-2cdce899a17b
22501128,383,2026,4,3,22501128,299bd37e-287c-8021-9894-bb314a408919
22501128,393,2026,4,3,22501128,6619d70f-9dbc-a498-6587-1551bbbd6519
22501128,40,2026,4,3,22501128,65d7a9cd-a4fa-00f5-28fb-ef2c5cb0f749
22501128,428,2026,4,3,22501128,fe8f5dee-5d37-9bd0-0743-ab894b734bfb
22501128,442,2026,4,3,22501128,acde7d96-2efa-4cd1-d4f5-ec5383be1059
22501128,454,2026,4,3,22501128,fb3e38a8-dc8c-0c34-bcec-ccca2af3769c
22501128,466,2026,4,3,22501128,682f1a96-e1c1-3185-2556-863539a4cc77
22501128,473,2026,4,3,22501128,20e6bfda-dd4e-3594-7c97-bda3226aa453
22501128,48,2026,4,3,22501128,9257ad26-917d-bbd4-9793-b4f989a121fb
22501128,494,2026,4,3,22501128,936ecf3b-3555-cb33-99f0-3e74cecebd1e
22501128,496,2026,4,3,22501128,baa78997-6dee-2329-3321-d5e5436483dc
22501128,506,2026,4,3,22501128,e8c0ecf5-273c-fcf8-6c02-dbadd2cedcbe
22501128,513,2026,4,3,22501128,97ebfd49-ce1a-5221-aab7-1eb55c1a064a
22501128,529,2026,4,3,22501128,e4bd3b62-f06a-b46a-8a9b-d38bba698fda
22501128,541,2026,4,3,22501128,d465ea03-ac14-6b5b-31cb-83a7f1bbeb01
22501128,545,2026,4,3,22501128,14375b3f-ed30-23a9-0498-a21b91dbaa56
22501128,55,2026,4,3,22501128,86e746c6-1abe-97de-1b09-85c3bd6e11ef
22501128,580,2026,4,3,22501128,19478d65-66e9-0abc-11e0-41f0485a3b60
22501128,603,2026,4,3,22501128,d3ec1246-6a52-ef39-0592-d4f0540daa8f
22501128,620,2026,4,3,22501128,e6add1ff-3782-6d1e-e773-344c03a7c384
22501128,87,2026,4,3,22501128,7cb76c8e-70a7-980b-fd09-e04233c8f441
22501128,463,2026,4,3,22501128,94f23aa8-fdaf-5657-7b03-800ac9f8280f
22501128,510,2026,4,3,22501128,9b166232-1b10-11dd-191c-867f24da572f
22501128,526,2026,4,3,22501128,e804de74-b168-35eb-fbf4-87924233c183
22501128,586,2026,4,3,22501128,8c58613c-1f8d-8250-b017-1771eca05259
22501128,599,2026,4,3,22501128,8c343ef5-087b-b1c7-ba20-e094b1911cf5
22501128,609,2026,4,3,22501128,a1b6684e-1ab9-1dbc-430f-09b54567af0e
22501128,622,2026,4,3,22501128,b09f5307-6120-b5cd-502a-9c7d02165bba
22501128,635,2026,4,3,22501128,86865acd-e264-a154-c72e-f46c9b4eea47
22501128,648,2026,4,3,22501128,b30aab77-2129-c8ea-a98f-b7691dadd138
22501128,107,2026,4,3,22501128,e7ff05e3-454d-7cfd-1407-09cf8652805d
22501128,109,2026,4,3,22501128,ba7b976a-6d84-3143-c021-ea648577b1d6
22501128,11,2026,4,3,22501128,7628131a-0148-cd2c-954f-ed47ad5472bf
22501128,110,2026,4,3,22501128,3ba3e5d8-f236-2535-9dee-ad947d66701d
22501128,117,2026,4,3,22501128,bc2b4bf4-9358-79b7-3c86-bb4a15707920
22501128,119,2026,4,3,22501128,7db5c3b1-2352-d4fb-3946-6418c1a6f49a
22501128,124,2026,4,3,22501128,d7d6485a-78e8-dd0e-d072-cc7d069858e2
22501128,128,2026,4,3,22501128,c9621a3a-fa08-f2ea-f04e-2b2692a7142d
22501128,131,2026,4,3,22501128,327534cf-2769-af5c-2fd9-e09933694152
22501128,139,2026,4,3,22501128,47a37d8e-0af6-c383-9283-1dde69d59845
22501128,143,2026,4,3,22501128,96ba54a9-de8d-b96d-863a-16b3d6dd159a
22501128,153,2026,4,3,22501128,d69c1172-445c-abea-1ac3-72dbf069aaa8
22501128,155,2026,4,3,22501128,8c3e2061-9145-e9df-0246-f1a80c2e8880
22501128,16,2026,4,3,22501128,fb1b4ca3-2c79-04ef-7415-82cacff8a713
22501128,174,2026,4,3,22501128,e40428a6-8d22-c9f1-090e-793a44aada9c
22501128,180,2026,4,3,22501128,b5fd782f-dbf4-878a-d2c5-72d47df73b1a
22501128,182,2026,4,3,22501128,17b38945-0ddd-8d8b-88f2-eeb229614a6b
22501128,186,2026,4,3,22501128,aacc0891-9c74-ccfa-51fc-0f22df0f1374
22501128,188,2026,4,3,22501128,c812328c-fb6d-d58e-0851-35fbba67d26c
22501128,189,2026,4,3,22501128,bc547cf1-5927-b22f-1414-d8efa5d192b9
22501128,191,2026,4,3,22501128,f1458d7c-5688-def6-7707-73e1200cf9b5
22501128,192,2026,4,3,22501128,5bc75f0e-9ffa-f96e-ec80-7cfa62a6b908
22501128,196,2026,4,3,22501128,f0518aed-16b9-a7be-a17f-5f266e4df030
22501128,198,2026,4,3,22501128,c9b45051-dec6-90a6-e63c-778a83143f02
22501128,20,2026,4,3,22501128,a0281890-3e7f-b3f0-bbc5-b435e01ecc49
22501128,207,2026,4,3,22501128,97e08193-752b-7bc0-55c1-63f97d5b0fe3
22501128,209,2026,4,3,22501128,5a8cb8c2-63ac-d03c-6b90-11532d9839a6
22501128,211,2026,4,3,22501128,4241cd0d-9756-dd11-173c-58dbc3c26e7a
22501128,213,2026,4,3,22501128,9ac384b4-ca23-e0c2-cf3e-4bb5d46d7d72
22501128,218,2026,4,3,22501128,0bfb0305-b934-54b7-5267-2ce152aa617d
22501128,22,2026,4,3,22501128,e96800a9-0019-4dc9-188b-eb34c6e647f0
22501128,221,2026,4,3,22501128,bd328345-fac3-ff8e-7ed5-ec213ac8ea9e
22501128,24,2026,4,3,22501128,0874dfcb-37a3-6223-6cc6-6a1bdb28319d
22501128,247,2026,4,3,22501128,2eff330e-cd3e-8d87-644e-281ff4d2dc96
22501128,253,2026,4,3,22501128,9dcb861d-cdb3-2761-8d3c-335823d92060
22501128,255,2026,4,3,22501128,7c90ac08-e0db-5154-e263-dc4a3f404f52
22501128,258,2026,4,3,22501128,1ddbd291-e490-b2e9-30ce-e66dc395f1f3
22501128,262,2026,4,3,22501128,1b63f950-df19-b567-4fa9-19de0b19079e
22501128,264,2026,4,3,22501128,a99d4f4c-3c9e-3936-0ef6-fb3baa57497e
22501128,268,2026,4,3,22501128,d7040a0a-20b8-aa40-0a7a-14dcc9b37a61
22501128,270,2026,4,3,22501128,d0d8420b-233e-455d-b4a4-dafd06f69720
22501128,28,2026,4,3,22501128,13f7564a-ed25-a97e-b94d-e54a58c50155
22501128,290,2026,4,3,22501128,a039b799-d303-7613-1eec-758958418929
22501128,297,2026,4,3,22501128,0894c034-bac1-3904-cfaa-9490b70dd852
22501128,301,2026,4,3,22501128,7635ab52-0da9-1283-0409-87d35116eb89
22501128,317,2026,4,3,22501128,7e172185-e4f0-ab2c-377f-539c7fd93217
22501128,319,2026,4,3,22501128,5b29b29e-edf3-cf8d-da6d-dfcf6fc25957
22501128,336,2026,4,3,22501128,e7c26115-4bf3-b0af-4c57-217ba27806c3
22501128,344,2026,4,3,22501128,eefc4a93-c2be-42e8-d8f3-fdbaa933aa3a
22501128,356,2026,4,3,22501128,2030127c-f9d9-abec-561f-899d89c45a50
22501128,36,2026,4,3,22501128,1b19d5d4-6bd5-3bf6-644f-08bd6aa71ba6
22501128,362,2026,4,3,22501128,18ebf680-d35b-c24d-f541-0185936cbee4
22501128,369,2026,4,3,22501128,68f6a3a3-fa63-679b-37b0-70bd03b97100
22501128,372,2026,4,3,22501128,fda5f8bb-c99c-4dcf-1fa3-e140ec3453ab
22501128,379,2026,4,3,22501128,859be994-c7fa-74d7-57f1-af6e5fcbe216
22501128,38,2026,4,3,22501128,b0c313f8-f473-c527-607c-3f8f1668cbfd
22501128,391,2026,4,3,22501128,b4791dab-dfdb-7b6b-e235-60dd07161ee1
22501128,403,2026,4,3,22501128,14ed3492-e5e3-1c29-b3a4-1b800e3edef6
22501128,404,2026,4,3,22501128,4e7aa4dc-9755-9c71-91af-bc252285aeba
22501128,406,2026,4,3,22501128,610a1650-5bc7-50ff-06b4-ee9bd894cf41
22501128,408,2026,4,3,22501128,ff3a3269-1165-286b-f1cf-6aeb6a7f679d
22501128,410,2026,4,3,22501128,fc421205-4c81-55dd-cf47-77fb4d5c369b
22501128,412,2026,4,3,22501128,1b2a48cf-83ee-6d6a-b9b0-ef0efaaa25fd
22501128,413,2026,4,3,22501128,70ff04c1-efff-15a7-399d-212aeba24ff3
22501128,422,2026,4,3,22501128,99d31744-87ee-b487-319d-45320ee65843
22501128,424,2026,4,3,22501128,243ea651-1722-de54-43b2-d6e0aae09180
22501128,426,2026,4,3,22501128,5c187441-4b85-4160-f821-983d89f0cb62
22501128,438,2026,4,3,22501128,fdacb43b-52a3-9396-9149-4cccbcdf9f06
22501128,440,2026,4,3,22501128,26cec44d-4c10-8a23-ffaa-3751a3c9332b
22501128,447,2026,4,3,22501128,732b1279-c64d-77bf-d978-acc2f360c38d
22501128,456,2026,4,3,22501128,caa574df-c1f9-8bc0-67cd-09d995dadc3b
22501128,459,2026,4,3,22501128,ecbb0048-3eb0-8c6a-f96e-5ac2dd844635
22501128,46,2026,4,3,22501128,2fb47438-65c3-ace5-c3ee-782da7ff4eb2
22501128,461,2026,4,3,22501128,e5b988ec-f10d-b94b-f02e-342d85516e9b
22501128,468,2026,4,3,22501128,7761b4f2-4574-92b0-89ad-62e8a08a7474
22501128,470,2026,4,3,22501128,550ae3fa-a3cf-1dc2-0906-f208f2ff12ba
22501128,476,2026,4,3,22501128,d5427fd3-7595-eab9-44ed-f67bc5aa5a4a
22501128,479,2026,4,3,22501128,5c79a9ca-f1da-13ef-e813-0126ea4cbbfb
22501128,489,2026,4,3,22501128,faa163f3-835f-aa12-5853-4a914b6ca211
22501128,491,2026,4,3,22501128,cc8dbfb3-36cf-d821-7963-b7a370423a32
22501128,498,2026,4,3,22501128,5a02dad8-2b32-a768-736d-fdc3fd6ba4e3
22501128,50,2026,4,3,22501128,84c54789-65e8-00cf-c3e1-8e7121fa6cb9
22501128,504,2026,4,3,22501128,7201b618-4575-c0e9-2696-39f027943ce6
22501128,508,2026,4,3,22501128,683a075d-88b8-a73a-567e-bca95973988f
22501128,533,2026,4,3,22501128,876a5d2a-a6ea-8cc2-05c9-e07606ea6c75
22501128,537,2026,4,3,22501128,62ca33e5-66c6-6140-fcea-6ee6f7b93a47
22501128,539,2026,4,3,22501128,f2e438e3-fb69-9791-a87f-3ee291224e8a
22501128,543,2026,4,3,22501128,36b7b152-b7b2-a64f-4498-1f7b872a1651
22501128,554,2026,4,3,22501128,2f254a77-cdc9-b7ed-ff98-21b03e879dab
22501128,560,2026,4,3,22501128,0f5e9670-7958-6a61-ce36-1b1e38ef0481
22501128,563,2026,4,3,22501128,c73d2fca-1fb7-5b19-6704-1047b77357c1
22501128,568,2026,4,3,22501128,8dd2782a-3c04-a711-a21a-e1ef2e1ec14a
22501128,569,2026,4,3,22501128,b248965b-bb12-2778-2e19-2e8266ab1f52
22501128,57,2026,4,3,22501128,c83864cd-736a-db6a-47a2-1b9ed8275338
22501128,571,2026,4,3,22501128,6a2349f4-ec40-8f94-a1cb-5f8b8b134658
22501128,573,2026,4,3,22501128,e673ba83-7036-4f59-c46c-d7c8d61d9056
22501128,582,2026,4,3,22501128,1b8fc6fd-26cf-19e6-11e9-1592ab77d165
22501128,583,2026,4,3,22501128,5803839f-957a-34d4-2f1a-c08aeed93a9e
22501128,584,2026,4,3,22501128,2393ba2b-db33-a474-9aea-c14a2e93ce72
22501128,590,2026,4,3,22501128,56bfd205-7dd1-7e93-6295-8c2f2ee87812
22501128,607,2026,4,3,22501128,a92a9668-ca34-55dc-b405-b99162db6d82
22501128,61,2026,4,3,22501128,9cd92a69-0f98-fbaf-a6c8-d04ff7a17a76
22501128,611,2026,4,3,22501128,d767d5ef-b06c-9b6e-b46b-fbd63eb66c07
22501128,62,2026,4,3,22501128,61c07e89-fb54-dd36-b40c-bbc4df0ccf4c
22501128,626,2026,4,3,22501128,f8a062d6-84b4-d40d-5927-70d12b73ccea
22501128,7,2026,4,3,22501128,937133c2-750f-a343-d957-07b75e9dfa8c
22501128,73,2026,4,3,22501128,f8551a19-82ae-c910-fb8c-36eeed693b80
22501128,75,2026,4,3,22501128,56ddec4d-0506-4f42-a39f-29224d4996e6
22501128,77,2026,4,3,22501128,354c49da-fdcf-4487-10dd-45a0fa869fac
22501128,89,2026,4,3,22501128,e74fd8e2-471b-6f57-8cd9-cecf9fab45af
22501128,9,2026,4,3,22501128,a04a2854-579b-4fbd-c48d-bb8d0242eb67
22501128,91,2026,4,3,22501128,7e0e1554-57a3-17e5-14cb-c96c0689a9ef
22501128,108,2026,4,3,22501128,d010fe62-1a91-09be-2e9e-92b04ba139f5
22501128,118,2026,4,3,22501128,f552efcb-c132-0c9e-62c8-b288766e24de
22501128,12,2026,4,3,22501128,cdf63d23-a08a-f523-2106-ef33d2851325
22501128,132,2026,4,3,22501128,922c27e0-26f9-bf0c-fb22-352f316df0f6
22501128,140,2026,4,3,22501128,d3349d93-b202-b0af-ef83-ebe1325634bc
22501128,154,2026,4,3,22501128,ea75276c-3bb8-a3b6-28eb-9c17cb15e347
22501128,156,2026,4,3,22501128,e35b73c1-cea6-4949-7764-34e42fec4939
22501128,17,2026,4,3,22501128,f94f4047-4355-6317-ca83-0c7ad6324ce8
22501128,175,2026,4,3,22501128,f5ab0cea-3877-87d3-5a7d-afe6b2fbda1a
22501128,181,2026,4,3,22501128,bb65c2b0-34e2-f031-61f7-fc3f2b14e09c
22501128,183,2026,4,3,22501128,c5ba8db9-514c-994e-0eed-fceb9d11a971
22501128,187,2026,4,3,22501128,464e881e-87c1-bba3-371c-a8f45894dace
22501128,190,2026,4,3,22501128,c63f47dd-1c72-0fe7-d6bf-63a345ea3b45
22501128,193,2026,4,3,22501128,a8cf161d-d691-5205-801d-cb0a173bad20
22501128,197,2026,4,3,22501128,a9b2458e-6323-536e-3d9d-01717ccf8740
22501128,208,2026,4,3,22501128,df904c51-aa65-98bd-6979-63a7f0846873
22501128,21,2026,4,3,22501128,b085e2b2-18e8-06dc-7b1d-1d6e8941b041
22501128,210,2026,4,3,22501128,490892ea-8d21-a5c1-a095-7259845560b4
22501128,212,2026,4,3,22501128,d5066741-12cf-774a-d7aa-dfa6892d25e0
22501128,222,2026,4,3,22501128,5f3aac2e-0e6b-6dc9-b29d-1cf63166ae76
22501128,23,2026,4,3,22501128,d748fcc4-4d38-4767-6fca-599996d3e6d3
22501128,254,2026,4,3,22501128,cce44ccb-0811-12ca-4741-bc961fd42617
22501128,259,2026,4,3,22501128,b1abfadc-58b3-7c4f-4821-2d2b17c33980
22501128,263,2026,4,3,22501128,3e101200-9646-f2fc-601c-d59517666829
22501128,265,2026,4,3,22501128,42311f3f-7fb8-fe4c-b2a9-55ce1f4a8ad8
22501128,269,2026,4,3,22501128,7581f982-6a1c-3823-6bbe-68504332a956
22501128,29,2026,4,3,22501128,00bef85d-2337-6395-5104-a44b0b639194
22501128,298,2026,4,3,22501128,5c54f216-4377-d0fc-9081-bebcc7cb778a
22501128,302,2026,4,3,22501128,df0111db-f28c-7999-5427-c814fe4f9546
22501128,318,2026,4,3,22501128,96bfeecf-61fb-6340-13cc-f4d0db403678
22501128,345,2026,4,3,22501128,9217c78b-1939-bca2-e7b5-ab0d62ee5144
22501128,361,2026,4,3,22501128,623f6617-0ff7-8a0c-518a-ab9d032949e0
22501128,37,2026,4,3,22501128,2be1118b-0190-1369-f95d-6bfdce4250c2
22501128,380,2026,4,3,22501128,99f484f2-34ef-ade3-7e81-c278ca3441db
22501128,39,2026,4,3,22501128,af56308b-4905-45d6-bba2-4c5bd7d37da4
22501128,392,2026,4,3,22501128,c01e82a2-c1e9-13f2-009b-a0b3c4082158
22501128,405,2026,4,3,22501128,b6006101-92a2-a011-a467-b8a194c4ce63
22501128,407,2026,4,3,22501128,ea58b89d-9fd0-d6e8-58e4-efe111d12d2c
22501128,409,2026,4,3,22501128,7ade073d-b020-3bdd-9cbd-51d3f6adfb7f
22501128,411,2026,4,3,22501128,d1e99b53-bb39-8653-e056-21858f00f633
22501128,414,2026,4,3,22501128,ce88284e-87e0-d4fd-3aa4-81781b637f06
22501128,423,2026,4,3,22501128,1d633a7a-2bd8-7447-8078-9875643815b6
22501128,425,2026,4,3,22501128,b1820657-3242-c413-a089-2b442523fa05
22501128,427,2026,4,3,22501128,e74aea92-3714-d737-fb0d-762f61ac3852
22501128,437,2026,4,3,22501128,4eb7d289-6d4a-0bfd-2935-4d6dbba0ffda
22501128,441,2026,4,3,22501128,35f7eec3-d745-74af-8f4c-b5e96a567e42
22501128,460,2026,4,3,22501128,61686362-caea-e2eb-b979-06e6c99a6786
22501128,462,2026,4,3,22501128,744b68c8-a8dc-5e07-aeaf-e0aa7840724e
22501128,465,2026,4,3,22501128,9dfc3cf1-97b5-3ba8-9c8c-f77b33aa035a
22501128,469,2026,4,3,22501128,8ec27b7e-32b2-1a87-c008-7bb63be7caf2
22501128,47,2026,4,3,22501128,0c3c3d78-9819-4234-d9fd-73de8a5a8815
22501128,477,2026,4,3,22501128,b0701736-b955-ef2c-c9be-29570231e211
22501128,499,2026,4,3,22501128,9f085757-b7f1-1565-cb37-c78d605dbc77
22501128,505,2026,4,3,22501128,dba4ff10-24a6-f220-c26e-c0d67b3f38b6
22501128,512,2026,4,3,22501128,0695d016-463d-e096-ccb9-fad78c696f23
22501128,520,2026,4,3,22501128,49f08c1a-5e41-0b77-b95b-fb35b4053765
22501128,528,2026,4,3,22501128,d8a79c6e-77df-6a35-2b37-d9a41aeaf530
22501128,534,2026,4,3,22501128,9d5d39b0-bc84-b358-3d98-d37a79c4b993
22501128,538,2026,4,3,22501128,270c79d0-5c74-a35d-5c00-0c4f6b887987
22501128,540,2026,4,3,22501128,e01af539-0a82-00bc-0ac3-99afaa9530c9
22501128,544,2026,4,3,22501128,6bc79887-2597-3437-1259-64dbffd65928
22501128,561,2026,4,3,22501128,20326476-9845-bc90-3572-5aa0b422fd7e
22501128,570,2026,4,3,22501128,31e30c73-4318-836f-320b-be78f8cc4d8d
22501128,572,2026,4,3,22501128,d566cb99-95b7-f8a9-decc-798fea1df5ac
22501128,58,2026,4,3,22501128,dbbe0500-4867-c666-6b18-3085e267fa19
22501128,585,2026,4,3,22501128,2a3ccf79-25c6-a43f-6612-6ee1904ff29e
22501128,587,2026,4,3,22501128,e0f05303-f9fa-7560-e0e0-c7edaa28161d
22501128,591,2026,4,3,22501128,beb8f2c7-b026-7b67-b20f-0a171988c059
22501128,608,2026,4,3,22501128,5dd139b4-9e32-277c-61e7-d858f35bfe55
22501128,610,2026,4,3,22501128,d375c7e6-d8e2-1b1a-260f-be5e64c8d1f8
22501128,612,2026,4,3,22501128,9c401ef9-b7b0-5e9e-f144-bccb37799f99
22501128,63,2026,4,3,22501128,f576df3f-8313-a986-b063-aa7cdb3505da
22501128,637,2026,4,3,22501128,e2b7853f-1de3-b56e-8151-20e79469c327
22501128,642,2026,4,3,22501128,9c397cb8-00a8-771b-ce3f-9d8303709c61
22501128,650,2026,4,3,22501128,0e8861e3-5238-b6a5-1867-d67972b02a2d
22501128,74,2026,4,3,22501128,436518ba-6077-ac70-4ac0-a633dbc90366
22501128,76,2026,4,3,22501128,15a1f637-6451-8a4e-8ebb-441152d6f241
22501128,78,2026,4,3,22501128,8f8be44e-ce71-7952-0bbe-d0db84de4cad
22501128,8,2026,4,3,22501128,9a7bb6bc-87c1-3629-4a2c-0cd270aa377d
22501128,90,2026,4,3,22501128,771a0ecc-0427-175a-607f-861d90f11ea9
22501128,92,2026,4,3,22501128,c497a1fa-f1c5-9b25-87f0-f1c65c4ec42e
22501128,133,2026,4,3,22501128,9225fbb2-47a8-76fb-c7ea-c0dd7281de2c
22501128,137,2026,4,3,22501128,98a78c0a-f48d-fb01-d2cb-570fc5b65753
22501128,288,2026,4,3,22501128,8bf1bbb2-d12c-c5d0-1c85-9ffff516b9ef
22501128,295,2026,4,3,22501128,4ab9db70-e9e5-e8a1-a209-c7294e001060
22501128,303,2026,4,3,22501128,a2c63b8f-0d7d-4dc9-e0a1-909b151e03f4
22501128,340,2026,4,3,22501128,e9c5143f-a589-814a-1d2e-3f582e1e2115
22501128,386,2026,4,3,22501128,d1546eb8-ca7a-a302-0920-9290a55e5a6c
22501128,448,2026,4,3,22501128,4cb9954f-7b57-ef49-8d32-6ecf56adfab8
22501128,492,2026,4,3,22501128,7e2ff9d0-a19a-cf62-e8c4-b4e52826be7e
22501128,500,2026,4,3,22501128,0e597cc5-4daa-f04f-36bf-341586172b9e
22501128,502,2026,4,3,22501128,ec2793ba-b5c3-e22f-f7cc-e7ccd44a9a57
22501128,524,2026,4,3,22501128,527c576c-8b5b-b270-645d-422705fa6271
22501128,535,2026,4,3,22501128,b2df5ddd-581d-ea25-021b-9d9a212e01fc
22501128,558,2026,4,3,22501128,8f457255-02bf-477c-8334-a6b89cc75cee
22501128,59,2026,4,3,22501128,0e5f1353-0c9c-93b7-e68e-335c728058ba
22501128,613,2026,4,3,22501128,fbad4eb3-199d-bd84-228f-4f25ccb2512d
22501128,85,2026,4,3,22501128,90d4fc10-572a-8f3f-1f28-9028efa9a4cc
22501128,93,2026,4,3,22501128,7353bee1-1b24-1ac7-631c-4d836fa3bd6f
22501128,15,2026,4,3,22501128,ac125395-91c2-1880-7bff-bcce7b5e65c4
22501128,204,2026,4,3,22501128,c1d4572c-54ae-3a9e-f3d9-2819acb9da30
22501128,271,2026,4,3,22501128,f6b29321-4023-ed84-20be-7b75f72b2c0c
22501128,371,2026,4,3,22501128,49a00ebe-a83d-5557-ba42-2cff973fa117
22501128,475,2026,4,3,22501128,91f71919-4615-dd25-8566-ccd4a8013a9e
22501128,490,2026,4,3,22501128,d33935f3-2a7a-0be6-6650-ec0b2892f06d
22501128,579,2026,4,3,22501128,afbd8e19-b61d-1c32-69f5-87eac0133bc7
22501128,617,2026,4,3,22501128,6aae8ad0-3bf4-9a81-bb21-91e909d3eac9
22501129,10,2026,4,4,22501129,6342ece2-3621-25c6-e3e4-5f22d91aefab
22501129,113,2026,4,4,22501129,623abaf6-6d57-0a83-7083-ac7cdb167d6e
22501129,124,2026,4,4,22501129,ab68a068-70c1-fd1d-aa6e-c6fb45b5df08
22501129,126,2026,4,4,22501129,4c214dcb-992e-52fa-d467-1ce416aafe86
22501129,136,2026,4,4,22501129,04e05dd0-d396-b487-740e-9e912449fdac
22501129,158,2026,4,4,22501129,d28e271d-c1c6-fc71-7402-20345ccbd793
22501129,164,2026,4,4,22501129,f980dc01-8cec-e9e5-ec87-e4e84cf7ca4b
22501129,183,2026,4,4,22501129,0d2b88fc-b235-3f3d-23aa-3f336a508df8
22501129,197,2026,4,4,22501129,20cf67c8-2388-2fc1-aaa9-104783c58bbf
22501129,201,2026,4,4,22501129,e3be6386-36fa-cfff-1535-6da06d6c7667
22501129,207,2026,4,4,22501129,9a00f322-b5c9-cb61-8eca-0520ba082fb6
22501129,209,2026,4,4,22501129,e0b4013b-4f9d-3bc9-6b3d-d69fdcf723be
22501129,22,2026,4,4,22501129,6e7d78d5-e81b-eccc-9131-4dd59a8c61b3
22501129,232,2026,4,4,22501129,c7da87aa-7d2f-ba75-12f8-0f72acbc8f7d
22501129,249,2026,4,4,22501129,f51590a9-fab1-332a-3bc4-7cb86f45df7e
22501129,25,2026,4,4,22501129,0bd4405c-bdfd-502e-7038-52e561835791
22501129,253,2026,4,4,22501129,4e880880-41a1-2e4b-6753-12085eaaac57
22501129,294,2026,4,4,22501129,005782c6-6d9e-98dd-ec78-66dd81299ef2
22501129,300,2026,4,4,22501129,1d433f71-6e14-f211-abd4-7fbb18ee80b0
22501129,326,2026,4,4,22501129,8fe6b4f3-a2a5-4a06-b07b-6377e82ee96a
22501129,328,2026,4,4,22501129,75e20d80-4ddf-741c-2522-1d3142569df3
22501129,330,2026,4,4,22501129,ce231752-3f1d-3ee2-dfbc-a3c0bb2a81ec
22501129,332,2026,4,4,22501129,8a9aa19e-5fe4-6a6c-155c-0981cf9c2245
22501129,334,2026,4,4,22501129,57cb2072-2fb9-5c45-5d99-fb4fd71e2a6d
22501129,358,2026,4,4,22501129,79192c4a-0cf0-c84f-af16-4a66764d0a78
22501129,383,2026,4,4,22501129,9414a968-dd7f-5efb-64d4-8fa152778f12
22501129,385,2026,4,4,22501129,c5d327c9-8dc2-5000-5853-7706110dcb11
22501129,387,2026,4,4,22501129,7938012c-4535-e267-41dc-1b071acd10f1
22501129,392,2026,4,4,22501129,b4ebe08a-aeb6-94b6-1ae0-5b8cfb4b9197
22501129,398,2026,4,4,22501129,5cf3d588-3146-d746-8ab3-e18113d9c5cc
22501129,400,2026,4,4,22501129,bef0ce44-5115-7e0c-769f-eb0063bc30c8
22501129,404,2026,4,4,22501129,ccf8e30b-3717-84f9-7c4b-d77104c7dd5f
22501129,414,2026,4,4,22501129,b815eaff-ebdc-c232-e028-cc76468aed72
22501129,416,2026,4,4,22501129,c595ca55-eb07-d251-93d0-64c89e516264
22501129,418,2026,4,4,22501129,80ce46ad-67b5-8793-f8e6-475dbf08a37f
22501129,420,2026,4,4,22501129,479b76e7-1a3e-4c0e-a693-1df4c0a6df5d
22501129,424,2026,4,4,22501129,b73058f5-eb0e-0965-ed06-3305e543d817
22501129,428,2026,4,4,22501129,7b23905f-fce0-3df8-2317-50e15f8cffb9
22501129,436,2026,4,4,22501129,8326339c-8919-e19a-6eda-b4c43b43dbb0
22501129,447,2026,4,4,22501129,9a7c4abb-7c97-be18-3fab-adeac26efdd6
22501129,472,2026,4,4,22501129,092acc6c-2272-12cd-abe5-b8b4956279f7
22501129,476,2026,4,4,22501129,12d0939c-3c4c-660f-9aa9-e13d1067d019
22501129,478,2026,4,4,22501129,5ed4405a-ec0e-41a6-8502-96e926c9d40c
22501129,480,2026,4,4,22501129,14a3eb72-f11f-e5ef-06d1-8a03ca5a6b17
22501129,49,2026,4,4,22501129,49c915e0-7698-ebe8-cbd9-f82eae5a31ed
22501129,502,2026,4,4,22501129,bc17c185-72f4-2d26-8be7-2018c66a7455
22501129,506,2026,4,4,22501129,28f00969-c5d5-9afa-cdf1-9cf212687f5a
22501129,522,2026,4,4,22501129,b70e20b6-7941-9063-4788-ba65fed90d4c
22501129,532,2026,4,4,22501129,db9315da-dbb3-ae7d-0fac-26f8092f2927
22501129,556,2026,4,4,22501129,f390d827-efd0-6bdc-bdc4-12c93d78a78f
22501129,562,2026,4,4,22501129,7d7841d0-66a6-c72d-eb3a-095522c4f348
22501129,568,2026,4,4,22501129,344e80e5-69d3-b6fb-98f0-c323314fa715
22501129,570,2026,4,4,22501129,6d48fbef-ec22-c272-47d8-3e2f3a87f533
22501129,586,2026,4,4,22501129,c8736f37-7ac6-de48-5fe8-c1992ab9d5fe
22501129,588,2026,4,4,22501129,c8859bd1-d6aa-8600-e40c-cb1cb83f4811
22501129,592,2026,4,4,22501129,cd61460b-1e32-a253-ad80-e49a4a071594
22501129,596,2026,4,4,22501129,74980892-662e-7bb0-df65-159eda1f140e
22501129,600,2026,4,4,22501129,aa0f20df-fe7a-c1e8-f421-769b7ade6bbc
22501129,615,2026,4,4,22501129,e91b168e-0266-2442-439b-3bebfb9431ca
22501129,632,2026,4,4,22501129,07db4e6a-a9af-7d45-0019-ca95f4ae2d8d
22501129,637,2026,4,4,22501129,50c7fd5c-096d-dfaf-ffda-0f0c935dc477
22501129,647,2026,4,4,22501129,81d24b33-07e5-3da1-64fb-ad87679e3083
22501129,649,2026,4,4,22501129,019a3469-f5dd-b189-dfbc-7bf544fb0ad3
22501129,653,2026,4,4,22501129,a08bd2f6-9ea8-bb88-511e-704ec6208716
22501129,657,2026,4,4,22501129,f8c866c3-7957-38e7-3933-e409859f24d5
22501129,663,2026,4,4,22501129,ef0ba7a4-b619-b16e-b0c9-ab7a5f397ac4
22501129,665,2026,4,4,22501129,7eb5ec70-2d6a-5b08-d846-e2969461bb4c
22501129,671,2026,4,4,22501129,81452e30-aced-f83c-5f20-7eb6432a136e
22501129,70,2026,4,4,22501129,af8a74c1-dab3-8cb0-b312-658fccb9a460
22501129,81,2026,4,4,22501129,25b0e1ef-4be3-7d3f-bafc-66e59003ea56
22501129,130,2026,4,4,22501129,f44ce16b-c7e1-2673-28eb-cdedf6fd045c
22501129,133,2026,4,4,22501129,8bc0b487-3a6f-0da2-5a3b-a88077d57036
22501129,160,2026,4,4,22501129,4b92bab5-7a05-08d6-2263-26370d48ad7b
22501129,186,2026,4,4,22501129,1db9d824-ed96-820b-e14c-dd5d8054de55
22501129,302,2026,4,4,22501129,bfe28602-c3f9-c913-404b-6a61480250a9
22501129,360,2026,4,4,22501129,27069dd2-b140-e2e6-0c57-d06815c9b97e
22501129,363,2026,4,4,22501129,0f0c62b2-6c59-06fe-afd1-d21d87d91ac6
22501129,367,2026,4,4,22501129,6c88da04-14e5-b6e9-2080-98d473fadcc7
22501129,451,2026,4,4,22501129,bca35d97-6f62-0c6a-bd9c-c1a360ac6128
22501129,464,2026,4,4,22501129,737e62a7-933f-e137-d0e2-fc76cfbfd544
22501129,524,2026,4,4,22501129,74d0830d-19ab-0f3e-4631-1028402b4668
22501129,564,2026,4,4,22501129,008b5794-10b8-40d5-e109-e673010c49d2
22501129,576,2026,4,4,22501129,6a11ad53-ba8c-9172-ddca-912d3962c3ce
22501129,579,2026,4,4,22501129,5dfde60e-067e-3be4-a31c-ae77da6e0b44
22501129,668,2026,4,4,22501129,a08b1215-b947-3ce7-0d13-402fea5d9759
22501129,99,2026,4,4,22501129,ee2263b9-ec2a-15a3-b866-56229bbeae02
22501129,105,2026,4,4,22501129,71778239-0e69-d429-d88f-989d689f791f
22501129,107,2026,4,4,22501129,8fa6fe80-b161-39bb-797d-01ed45b4b954
22501129,108,2026,4,4,22501129,06145745-e1cb-b1ba-bcfb-99414a50b240
22501129,111,2026,4,4,22501129,8b89dff0-5fda-506d-c1b4-e645a99fc863
22501129,12,2026,4,4,22501129,6641838d-ab43-073d-2889-790c2335bdf1
22501129,127,2026,4,4,22501129,d9923290-81c1-f66e-c117-c026d23c9127
22501129,128,2026,4,4,22501129,88427aeb-60ae-e7ff-1dac-0dccf3bc9314
22501129,150,2026,4,4,22501129,28fa1342-8a76-8cf7-344c-b03d495356cf
22501129,152,2026,4,4,22501129,8d150663-ce51-0476-fe6c-ff35e2b90cc4
22501129,154,2026,4,4,22501129,5bf66dcf-c445-4e06-8384-a4281e9126a4
22501129,156,2026,4,4,22501129,560d3824-8d75-a10a-bf44-4e79e406dd45
22501129,163,2026,4,4,22501129,47cbf210-482c-25d3-e82e-6949edcad555
22501129,166,2026,4,4,22501129,f4cdd3fb-b559-5e1f-1d08-a2756b270da8
22501129,168,2026,4,4,22501129,46400068-5962-1389-d352-d9bdc7659706
22501129,172,2026,4,4,22501129,eb5ec957-e1d5-fcf9-c2d8-b208be81da2c
22501129,185,2026,4,4,22501129,0f97a525-defe-9477-de1a-f21213cb4024
22501129,189,2026,4,4,22501129,69f008e7-889d-d395-1071-b38552d9d6f4
22501129,191,2026,4,4,22501129,086102af-3d42-f101-a33d-0cf5d55d5ed8
22501129,199,2026,4,4,22501129,e65a1bc1-083f-516e-6756-fa448ef18256
22501129,20,2026,4,4,22501129,73201069-c02d-c4e5-6038-4c4dd82d137c
22501129,211,2026,4,4,22501129,dd1bf648-1868-06e1-05d2-fdc7d2d7846b
22501129,213,2026,4,4,22501129,cfdc3a95-6dbe-232d-9f0f-be206f9bede1
22501129,215,2026,4,4,22501129,fbeddcb8-f74a-6273-5e6f-159503db5220
22501129,217,2026,4,4,22501129,c35e1aa1-689b-d0b4-e1af-00f5b94ca46a
22501129,228,2026,4,4,22501129,456fae9e-259b-7bb4-f104-8b23e100e404
22501129,230,2026,4,4,22501129,7188eadf-dc6c-ed5b-0d51-ef6d5c998b84
22501129,24,2026,4,4,22501129,f5175442-7901-626d-250a-5123a537a25d
22501129,243,2026,4,4,22501129,fe559301-143c-3c62-0373-11efcf7c9ce7
22501129,251,2026,4,4,22501129,a72fa9c5-d274-a8c5-363e-e916278800b5
22501129,262,2026,4,4,22501129,c646f80d-6647-2e81-b5dd-f129202f214c
22501129,269,2026,4,4,22501129,459944da-1f11-e579-903f-e5002d13361b
22501129,27,2026,4,4,22501129,7ac7c3e5-f36f-d345-a697-34e353fe5499
22501129,278,2026,4,4,22501129,281e5e1d-a9c2-0e2d-fd59-d9f9f0cb0675
22501129,284,2026,4,4,22501129,7382b8f0-cfaa-2da0-a13f-6df27c33a579
22501129,286,2026,4,4,22501129,dd51dbce-2ea7-ca33-41a1-e1102f7cf42b
22501129,289,2026,4,4,22501129,186f527b-3e5f-687e-5f55-b5ccd30d709d
22501129,291,2026,4,4,22501129,2946f93d-43f1-cf33-a026-aef5186ffb6c
22501129,293,2026,4,4,22501129,67a9fa48-eef7-0aef-2789-ccd41535a3c9
22501129,296,2026,4,4,22501129,318e8414-6bdb-84dd-1bf2-0a324c378c59
22501129,298,2026,4,4,22501129,be2c3340-4e41-03d7-b6b5-48035933c94f
22501129,316,2026,4,4,22501129,3234edc7-4bab-7c40-06da-b39ada80bb65
22501129,324,2026,4,4,22501129,8f37bf9a-a855-892d-7d4f-ec03a47eb16c
22501129,336,2026,4,4,22501129,909f4acf-5d49-bda3-03d0-8aabda70fc39
22501129,338,2026,4,4,22501129,41dea476-3e30-9655-0e1f-fc0628f0878f
22501129,344,2026,4,4,22501129,eec6559b-ff99-26bd-9891-591b4121077c
22501129,346,2026,4,4,22501129,31fef8b0-953f-c890-4082-5234b7074575
22501129,35,2026,4,4,22501129,d7b38cf3-d02b-acab-4e81-1108fc5458a4
22501129,356,2026,4,4,22501129,08d12b77-cb10-dc4a-ce5b-e392bda36b61
22501129,366,2026,4,4,22501129,371163de-15d8-c275-d6a8-e9331a865f47
22501129,389,2026,4,4,22501129,f4a323cb-a965-8295-1e25-3394ec92bfd8
22501129,39,2026,4,4,22501129,7986f664-3d37-3a33-45aa-ed167e571a3e
22501129,394,2026,4,4,22501129,d604a853-e305-2e23-6bae-2c9f510ac403
22501129,395,2026,4,4,22501129,e790b7d7-26bc-4d52-3c95-2bdde7d6fce6
22501129,397,2026,4,4,22501129,3e2c1410-5d96-d76d-1c78-8fa338ed9c18
22501129,402,2026,4,4,22501129,6eed6d56-86c2-c7a4-1b7a-d11d5c19923f
22501129,406,2026,4,4,22501129,d3888e6c-a3f5-7da1-e141-cbb3613d761d
22501129,408,2026,4,4,22501129,535ee2fd-8be7-004e-b502-4ee65366e3cd
22501129,41,2026,4,4,22501129,5a01a317-d5f8-980f-e28b-cd9f8add9bc8
22501129,410,2026,4,4,22501129,4897cb2e-53c5-1884-f2b3-e5f206a6ca4c
22501129,412,2026,4,4,22501129,6ff51bfe-d6b8-2ddc-a44d-bf22b50acebf
22501129,426,2026,4,4,22501129,581e7477-faf5-13cf-614d-d561b06d04f4
22501129,43,2026,4,4,22501129,8373af2a-5852-69b2-e877-afa1f0896c68
22501129,432,2026,4,4,22501129,00a43bf4-dfca-fbf7-ab5b-0d93c360af6a
22501129,438,2026,4,4,22501129,567530f3-be26-d95b-457f-e1ce29a0b56f
22501129,449,2026,4,4,22501129,c96824e1-f195-1bb4-b406-4f15a8ab1ed7
22501129,45,2026,4,4,22501129,9978ac28-d94b-d02b-d522-e087bd2bbaf6
22501129,454,2026,4,4,22501129,86a55258-db81-1cc9-b12b-d892265a7d75
22501129,456,2026,4,4,22501129,ff15b2a7-6a31-552a-7afb-173748c643fb
22501129,46,2026,4,4,22501129,178493cf-635d-77fd-fc49-d03407275d86
22501129,468,2026,4,4,22501129,8a27780f-9cdd-cd65-c6ce-cd032d714166
22501129,470,2026,4,4,22501129,b3ff53a5-baee-adac-0747-53d7efc34675
22501129,474,2026,4,4,22501129,6d66f6c5-f056-7673-010d-e3af81cfd7a6
22501129,48,2026,4,4,22501129,2baf2860-5150-bce0-23cc-dc41808cb60e
22501129,482,2026,4,4,22501129,092c7e24-5acf-764c-139f-d1e9d7489468
22501129,521,2026,4,4,22501129,c5f7cd19-e253-21c3-a41c-0d1b737fb6ae
22501129,527,2026,4,4,22501129,4096c091-2607-222e-a5e0-12051c863705
22501129,528,2026,4,4,22501129,293449d1-24a5-c631-cf83-f2a104a3104c
22501129,53,2026,4,4,22501129,89842b28-10f4-3397-9094-e7273360b357
22501129,542,2026,4,4,22501129,4adadbc2-1cc5-de21-e6fc-cfeef4ecb5c8
22501129,55,2026,4,4,22501129,6edf7873-0292-2ede-b47e-f2cd899c29f7
22501129,552,2026,4,4,22501129,ef6a72e7-36af-1bb2-88ba-a8714d1236ad
22501129,554,2026,4,4,22501129,5bac5191-1e58-4f36-6e39-87345b40efbb
22501129,572,2026,4,4,22501129,db7cc0a7-37a8-ea94-716a-997325e2f9e5
22501129,574,2026,4,4,22501129,d0768cab-911d-d54e-2df3-d20ad5920a90
22501129,590,2026,4,4,22501129,70729f62-dc91-56ce-01eb-d46bd83130d5
22501129,594,2026,4,4,22501129,c134d236-bef2-26e5-a3de-2b8feb241815
22501129,609,2026,4,4,22501129,5925662a-10e5-2858-bc69-c371d2fc1e96
22501129,610,2026,4,4,22501129,773f5963-f653-390d-d979-e871b402a0ab
22501129,612,2026,4,4,22501129,1544c21f-085b-91fd-04bf-6e27cb590354
22501129,614,2026,4,4,22501129,4a9885da-ec89-1afc-6fb7-a08b5ed63e09
22501129,625,2026,4,4,22501129,2148c855-57c1-dc54-c500-e5086a48598e
22501129,626,2026,4,4,22501129,21f3436a-b8d2-96e4-e460-915ad900b4e1
22501129,628,2026,4,4,22501129,d67b234f-3150-4cd6-7ffa-f71faa60aea9
22501129,630,2026,4,4,22501129,c1686243-37f2-ff19-e696-439ae95b642b
22501129,635,2026,4,4,22501129,458e8564-1cff-6ee0-ef68-9b9e138b24c2
22501129,639,2026,4,4,22501129,b444abc7-452e-4c03-67f0-1f6228ac6c49
22501129,644,2026,4,4,22501129,ea8017db-5a08-3604-e5fb-df2a9729c001
22501129,646,2026,4,4,22501129,4cbe5190-0b5d-019e-e4b8-bd33c3fcb954
22501129,651,2026,4,4,22501129,896d3fdf-6677-730f-87ce-102acea9477b
22501129,655,2026,4,4,22501129,9526863c-78ae-a2c9-d8ef-03e5c71e47c1
22501129,659,2026,4,4,22501129,ebac9883-76a4-5626-41e1-515c49ac8f7c
22501129,661,2026,4,4,22501129,e59616ad-be99-83af-162a-66e3a7065a51
22501129,673,2026,4,4,22501129,fce853b3-f868-5d58-b126-ad0eea2e04a6
22501129,675,2026,4,4,22501129,168d257a-46f1-cae8-def3-fbcfd7fdc2a6
22501129,685,2026,4,4,22501129,065526be-3dc2-00a3-ccd1-687371d68fdc
22501129,687,2026,4,4,22501129,03537dd2-bdd5-2fb6-b0a2-dd051b832a59
22501129,702,2026,4,4,22501129,412c3216-efc2-3a5a-e1d9-9cd1bef257f0
22501129,704,2026,4,4,22501129,442e3e37-1422-5f6e-e5f9-bee7fb533e0e
22501129,72,2026,4,4,22501129,6fa4fe40-052a-f589-d43c-9d4aaf0f3260
22501129,8,2026,4,4,22501129,ca5f83d1-d5b2-ab23-0890-f0d3b9a00407
22501129,87,2026,4,4,22501129,617132c4-0ace-c8d6-bd22-af9a49130572
22501129,88,2026,4,4,22501129,2a549b55-e233-145e-28dd-7ae896dbbcde
22501129,97,2026,4,4,22501129,2502498e-7ccf-4097-0b11-23165522d98e
22501129,106,2026,4,4,22501129,6ebeb720-031f-3e59-a00f-724337a9549f
22501129,112,2026,4,4,22501129,08ad9cb4-8310-8f61-904d-84432bf6263a
22501129,129,2026,4,4,22501129,c3d70874-fe67-741f-855a-12f586bbba28
22501129,132,2026,4,4,22501129,0ea2befb-ffc0-9e0b-cb14-e8c9f31bbab2
22501129,135,2026,4,4,22501129,5dc6bd12-9a28-917c-8e6c-7c09a98d2556
22501129,151,2026,4,4,22501129,8b454d55-165f-66e2-2ff8-8ec03aba9d4a
22501129,153,2026,4,4,22501129,895b722e-3df0-ae75-69c5-4a37b5cd963d
22501129,155,2026,4,4,22501129,5b1d966b-f6f9-cf1b-dd0d-d988239311c3
22501129,157,2026,4,4,22501129,f7069368-7c5e-de9b-454a-c766a0edbc10
22501129,162,2026,4,4,22501129,72f05dd4-87ed-8d1a-5ee5-8390fd798c79
22501129,188,2026,4,4,22501129,4c3fb8d3-5b78-630a-a2d2-d9c392eb0199
22501129,190,2026,4,4,22501129,6f64332a-cc4c-eba9-f571-1e809937b717
22501129,192,2026,4,4,22501129,0faf9ab0-e110-4ee0-c678-f753d12f352f
22501129,200,2026,4,4,22501129,15a1b5ec-9568-99d5-fb49-729951fa27cd
22501129,206,2026,4,4,22501129,0a50bdb8-7320-db23-6bcf-e707f058b35f
22501129,21,2026,4,4,22501129,c85826bb-de21-012f-c452-900301227339
22501129,212,2026,4,4,22501129,56043ffc-3d9d-9e55-aeda-33a946d6ea5d
22501129,214,2026,4,4,22501129,5f30edb7-e2bb-86de-7920-d19f3255a843
22501129,216,2026,4,4,22501129,51e9c9c6-fc7a-112f-e423-25fddb7bba82
22501129,229,2026,4,4,22501129,1ac3a6a1-9208-763c-dccd-f73464d0ceca
22501129,231,2026,4,4,22501129,03d7593e-2729-c933-8aa9-39a511d68700
22501129,237,2026,4,4,22501129,9d37e0fc-64d4-d796-2aba-3a9b7e1a0889
22501129,252,2026,4,4,22501129,8ddaae08-121b-0e5b-241e-c9cf336c0214
22501129,263,2026,4,4,22501129,931a0aa0-3d81-6a8b-09ed-4e64f8311103
22501129,271,2026,4,4,22501129,6687bc5e-c9cf-04ed-51cc-34afcb82afbf
22501129,279,2026,4,4,22501129,b3f4ed1b-7be5-8c3a-db48-74f624612f6c
22501129,28,2026,4,4,22501129,6d0fbbb0-1884-1d1d-c171-c3767244a05b
22501129,285,2026,4,4,22501129,c7068f08-0a02-9585-5953-2b995e227317
22501129,290,2026,4,4,22501129,f0bd61b3-f6b1-06db-bb9b-a79b7575c2ba
22501129,292,2026,4,4,22501129,b75d67be-f4cf-0c2e-3d03-f3c2c4f576c1
22501129,297,2026,4,4,22501129,c0643d18-e969-0c07-9908-356852d9b16f
22501129,299,2026,4,4,22501129,3449e82c-ec2c-d86b-8652-f6f5de381b78
22501129,317,2026,4,4,22501129,7cb2bd1f-f69c-ab0d-bcf4-dc4716e32a23
22501129,325,2026,4,4,22501129,1198e339-3025-4c76-e611-7a3a7efbecf5
22501129,337,2026,4,4,22501129,630ef57e-ea45-7966-9868-e2a6fcd7b454
22501129,34,2026,4,4,22501129,da04d3ad-634f-e346-b042-0bc7b95ebb2f
22501129,345,2026,4,4,22501129,ad8519b1-df1f-9add-6859-763247867ce9
22501129,357,2026,4,4,22501129,9b982ac0-290a-56fa-3af0-b07750d51641
22501129,36,2026,4,4,22501129,a07b6ec9-6335-1a0f-015d-27e8a66e8603
22501129,362,2026,4,4,22501129,219f7868-deb8-1154-ce49-945054283323
22501129,365,2026,4,4,22501129,3cb77667-048e-8c60-6a0d-92fdc33e074b
22501129,369,2026,4,4,22501129,7d04bf59-b815-d946-0539-103e90a77d83
22501129,396,2026,4,4,22501129,eb642587-0be0-8fb0-17bd-183b14e1e7dd
22501129,40,2026,4,4,22501129,39122c65-163b-1367-91fd-34930dc70f59
22501129,403,2026,4,4,22501129,59364c93-360c-9c21-3b7e-c2b9787b9a2c
22501129,407,2026,4,4,22501129,24d3ba0b-f081-1bcc-6849-922b86132a91
22501129,411,2026,4,4,22501129,ebff7857-3e79-1bf6-71ad-9c4e359e2fec
22501129,413,2026,4,4,22501129,01e7fda3-29b5-0fe1-246f-134f365da7a6
22501129,42,2026,4,4,22501129,f8d2930e-c5fe-5ba2-6cd4-4c4080302deb
22501129,427,2026,4,4,22501129,f213c36f-ac61-be32-2329-8007111efae9
22501129,433,2026,4,4,22501129,f1b698b4-8832-5dd1-c727-9c046314148f
22501129,439,2026,4,4,22501129,6abe5f19-ad3a-d779-becd-1e3a3a4941db
22501129,44,2026,4,4,22501129,81ad5167-3c7d-de61-fe56-c7c6c3eb2a5a
22501129,446,2026,4,4,22501129,57cb0edf-2c9f-ebd5-dddf-5f7bbfbdb0d9
22501129,450,2026,4,4,22501129,c0305e45-2a33-d35e-0ad8-0ed31997dff3
22501129,453,2026,4,4,22501129,60128a8f-6511-bf2b-dedc-46a7fdb5584d
22501129,455,2026,4,4,22501129,5a16a746-55ea-13c1-4bb2-cf38e420afca
22501129,469,2026,4,4,22501129,45b403a8-5225-ea44-dac1-2667c498433f
22501129,47,2026,4,4,22501129,134ae79b-274d-1b13-016a-4710408f5846
22501129,471,2026,4,4,22501129,851ba037-e80f-84cb-e4d6-0690e2ab528a
22501129,475,2026,4,4,22501129,071da791-78ca-00a6-1786-97084f328283
22501129,518,2026,4,4,22501129,7d91a574-8c58-5d3e-ff8d-d29ef4f864c3
22501129,526,2026,4,4,22501129,fd74fa4b-806b-c13f-1f72-b1bd091c0da4
22501129,529,2026,4,4,22501129,3c49959d-a9b2-3635-2d8e-92ae2486000f
22501129,54,2026,4,4,22501129,ecb1726d-6c1d-6dbe-51dd-bcf4b6b5f9f9
22501129,555,2026,4,4,22501129,0d0e9246-0057-4acf-11a5-30406fa6683f
22501129,573,2026,4,4,22501129,b112fc65-ef02-1a62-7e62-c9e96957f4b6
22501129,578,2026,4,4,22501129,6a76eb82-c874-1b5b-f020-fdfb99f45986
22501129,581,2026,4,4,22501129,02c9b16a-0452-b6a6-daaf-d94327a2c8f6
22501129,591,2026,4,4,22501129,ad486dd7-f5e3-4c82-751b-6f50d5f9975d
22501129,595,2026,4,4,22501129,34c8b481-e4aa-f692-7af3-35661858ef26
22501129,611,2026,4,4,22501129,da879d94-30d7-49f7-a576-7ed20ff4b432
22501129,613,2026,4,4,22501129,341a867d-591f-8f77-7a41-0afff52024f6
22501129,627,2026,4,4,22501129,7693bcea-6f0c-dae3-3983-f5846ebbb09e
22501129,629,2026,4,4,22501129,f2c46104-b256-5814-7c2c-a91635bff8b8
22501129,631,2026,4,4,22501129,de61440a-b0d1-b495-a297-818d8f3de9e6
22501129,636,2026,4,4,22501129,e17ad789-1828-72ce-f61b-0eec5c869999
22501129,645,2026,4,4,22501129,9b3101f2-ba84-e60e-eff6-09095d6d4b87
22501129,652,2026,4,4,22501129,a7578b3b-40db-f5a7-4d27-fe7ef4b42030
22501129,656,2026,4,4,22501129,84f16221-a612-13d1-f44c-4d796e81aafd
22501129,660,2026,4,4,22501129,6ee763da-2888-b608-3763-ee7582b801d4
22501129,662,2026,4,4,22501129,f518f9c5-dca6-4d69-19aa-7b8cddf0a9c8
22501129,670,2026,4,4,22501129,e75208f2-f3ef-87e5-09b4-ab453d220ec2
22501129,674,2026,4,4,22501129,0669e620-ea2d-e6b7-1686-71b527620a57
22501129,686,2026,4,4,22501129,33b9fc90-6678-3a80-0562-ea46a3f9442f
22501129,688,2026,4,4,22501129,2b00dd1f-8ff9-20a0-1b88-99a2a5b88fdb
22501129,703,2026,4,4,22501129,a27f2c08-00c5-3cae-f0dc-6e033d96f5d1
22501129,705,2026,4,4,22501129,9c7405bd-2cda-ee91-3d0f-f71c9c6c5907
22501129,711,2026,4,4,22501129,4960f6a5-cad2-83d7-58fb-0f81deb0516b
22501129,73,2026,4,4,22501129,828f08a8-33c5-5749-1dce-fe8a69fe53b7
22501129,89,2026,4,4,22501129,d5276ed5-e86d-d12f-ae62-cd20db360882
22501129,9,2026,4,4,22501129,eb18c6f7-2e52-fb5f-c7bf-4d2cb46e0b22
22501129,98,2026,4,4,22501129,aff231ac-05cf-730b-0ee7-ea44ccd17e3c
22501129,109,2026,4,4,22501129,e18a2882-8452-ca3f-2f27-08ac1e3fd2ec
22501129,193,2026,4,4,22501129,0d2cbd3f-99f4-c325-ce0b-f9c3574ba51c
22501129,195,2026,4,4,22501129,01e2be53-dcd7-b183-ea4a-25b7835c5dd1
22501129,280,2026,4,4,22501129,1de9066a-a35f-7083-4698-d650cb356216
22501129,37,2026,4,4,22501129,3da1955f-ba57-9cfe-5c56-dd4f1c7e27af
22501129,374,2026,4,4,22501129,f805056a-daff-6330-2971-04de2f4452da
22501129,422,2026,4,4,22501129,6171028a-a43a-b16b-3f9f-8761e748bb8f
22501129,434,2026,4,4,22501129,3c18f991-7e31-c146-9070-4809a0a0389b
22501129,494,2026,4,4,22501129,c504faf1-a1c5-7095-a2c2-40b97d1512c6
22501129,504,2026,4,4,22501129,54a83cd2-bec6-ec90-a214-f1a07ec0204f
22501129,51,2026,4,4,22501129,0070a4ae-595e-f76c-11a1-94ddbd8e7f3e
22501129,519,2026,4,4,22501129,e69b58ee-d8b6-657e-77e2-0a3cd03aaa16
22501129,546,2026,4,4,22501129,beabd5c2-2af6-acc7-1da6-21e71b1a9b11
22501129,560,2026,4,4,22501129,78a0a63c-a629-2682-6cce-70091586c079
22501129,598,2026,4,4,22501129,2b446c3f-1e02-475b-4af2-111c8099159d
22501129,607,2026,4,4,22501129,ea5d7500-14f5-d436-a99c-a0107b77531f
22501129,623,2026,4,4,22501129,c7866206-7b36-e274-636d-08e0aadf607a
22501129,689,2026,4,4,22501129,397a4843-e079-5dfe-35d2-cf2ccc403f0e
22501129,349,2026,4,4,22501129,30fd3a2c-1d47-f195-0f82-3ab7d2235926
22501129,370,2026,4,4,22501129,c68d4f70-0739-3238-ecd1-3655bef40541
22501129,56,2026,4,4,22501129,19e01987-1ee3-c97d-3c47-4fbe085760c3
22501129,575,2026,4,4,22501129,7851ef41-b15d-050b-9c61-78f8b6a0fb1d
22501129,7,2026,4,4,22501129,c5871c42-6721-326c-dcfc-68b77067e008
22501130,106,2026,4,4,22501130,5660a532-70b8-4717-dd36-1e9873da5d43
22501130,11,2026,4,4,22501130,91825e39-58e5-7abb-9fe8-7a11443277e1
22501130,123,2026,4,4,22501130,842db35a-9e61-dcb7-152a-6dbd99d9b1ab
22501130,127,2026,4,4,22501130,f53a8bc7-75ad-01e8-1f03-848cc4853799
22501130,13,2026,4,4,22501130,787b5eb0-61b5-4fcb-5045-0040eaed2d72
22501130,134,2026,4,4,22501130,72c2b3d4-d380-18eb-dbb8-fa4e634ef19f
22501130,138,2026,4,4,22501130,00f5cc7a-19fb-11c0-f466-6d42be8f5a0e
22501130,165,2026,4,4,22501130,4e869b75-ed4e-d9e9-18fc-f17a0ab7c40f
22501130,17,2026,4,4,22501130,347c302d-1995-be0d-da3b-fefaa48319ff
22501130,187,2026,4,4,22501130,8092c55b-468f-0053-0215-362ee37a20b8
22501130,20,2026,4,4,22501130,83b95513-e54f-1125-a8f2-afc3ae758c7b
22501130,211,2026,4,4,22501130,2df810f7-c68d-aa23-3bf2-190c6e7e31b3
22501130,261,2026,4,4,22501130,ca54be9a-3fe1-cbe3-675c-6d5d5598859b
22501130,264,2026,4,4,22501130,fc6f9fa6-9a86-b245-da90-bb317a3ddd2b
22501130,269,2026,4,4,22501130,78fba399-14d9-aa53-ef57-d18d983fbde0
22501130,302,2026,4,4,22501130,45774ec3-ac0d-264e-11ae-86f92e1cdb3c
22501130,306,2026,4,4,22501130,7600856b-2268-6d1a-c915-9fe6572d2f49
22501130,32,2026,4,4,22501130,e31aac6f-5c65-720f-76f2-803df32ba84c
22501130,329,2026,4,4,22501130,b674967d-066b-c67d-f67e-e501fa371c09
22501130,36,2026,4,4,22501130,34fb3b38-6ada-32a4-4ee1-13a5a76c194e
22501130,379,2026,4,4,22501130,59512bca-37e5-a378-d8b9-db34c8a7d2a4
22501130,383,2026,4,4,22501130,a3a59bc2-db12-08d7-f6cf-99f045e190f3
22501130,385,2026,4,4,22501130,8df066ac-87e4-803b-9adc-439875a3f2cf
22501130,39,2026,4,4,22501130,f3d2a0fa-ea30-5c04-a0b3-f35fcfa99896
22501130,390,2026,4,4,22501130,9fb5d6fb-ca96-3e7d-ab69-40a1f1f9639a
22501130,407,2026,4,4,22501130,6e6c74ff-1afa-ce25-1b04-2323b9630657
22501130,409,2026,4,4,22501130,c3c2a4dd-04a0-0e52-92b5-a1ba47166ac0
22501130,413,2026,4,4,22501130,bfa9acf7-4c8d-f0f9-079f-86daf4135fd0
22501130,431,2026,4,4,22501130,ce3dae39-9efd-4511-ad31-7d556efe4c81
22501130,500,2026,4,4,22501130,b4130d36-caf8-90c3-19d9-a63627b44a39
22501130,501,2026,4,4,22501130,1c889ff4-96db-c781-00ef-53ef85cdd2b6
22501130,502,2026,4,4,22501130,c40a815b-81f1-e7a7-6d78-bd329fc7314c
22501130,506,2026,4,4,22501130,b1e0e00a-a3f3-540e-0608-8e9e1bedaf59
22501130,531,2026,4,4,22501130,d54f0793-0021-253d-73bb-34e3393f9c75
22501130,539,2026,4,4,22501130,37dd87d3-fddb-7a9f-c129-336f4c512c91
22501130,549,2026,4,4,22501130,1352cf57-279f-0be7-c213-3b1b188d9df3
22501130,555,2026,4,4,22501130,a3eb8112-218a-1c18-63f2-3658b5a0cd7d
22501130,562,2026,4,4,22501130,9a700366-f704-62a1-0e2e-3758c3db2389
22501130,567,2026,4,4,22501130,6d4b2498-5ba6-9851-1fd6-d0880cb958bc
22501130,583,2026,4,4,22501130,de424a72-4d23-79f3-2fc9-f8b3ce5491d2
22501130,596,2026,4,4,22501130,7b590e8a-34ab-8a7c-e8ad-474fe729d266
22501130,61,2026,4,4,22501130,d14ad291-fee0-98ef-6a99-dde28f9b21aa
22501130,612,2026,4,4,22501130,8ec92da3-d295-29fe-8b41-41f8d21ea0cb
22501130,622,2026,4,4,22501130,28356884-24a0-91d2-03c7-1a1260581d3b
22501130,628,2026,4,4,22501130,5ebefe26-4999-1777-7014-ebe1fa902214
22501130,64,2026,4,4,22501130,c4ece71e-3065-6c72-3184-118705a10c41
22501130,643,2026,4,4,22501130,f3437339-c588-d4ce-7b7a-ed7ce8339567
22501130,655,2026,4,4,22501130,34321c95-0450-49ee-72e4-c1c882423ca4
22501130,668,2026,4,4,22501130,ef35f119-b18a-dee0-7d99-57c6222938b2
22501130,682,2026,4,4,22501130,8cb62a15-7beb-c236-4109-37060aa9c4d7
22501130,698,2026,4,4,22501130,e5f3e658-a443-909b-692d-466a4dcf4bfb
22501130,700,2026,4,4,22501130,eeefa5f3-1f20-daf4-ec8a-c5d03287e5e9
22501130,707,2026,4,4,22501130,48d697b2-38ec-9b5a-c0a1-ac9c1483e5a8
22501130,72,2026,4,4,22501130,3c5da83c-c55a-da10-76dc-35d662c00b73
22501130,722,2026,4,4,22501130,764c9951-da45-b05a-fc33-77ee41793fe9
22501130,731,2026,4,4,22501130,1c74a88f-2d46-cd99-11cf-c30ebf65adf6
22501130,739,2026,4,4,22501130,2a1f1536-b9eb-3715-5007-03fd51d5fbdc
22501130,758,2026,4,4,22501130,2e661179-0b3b-1b55-999c-8b128011f637
22501130,88,2026,4,4,22501130,3299fa8b-07b2-d1f9-be72-4b62c0090379
22501130,90,2026,4,4,22501130,d4a0a45d-e291-a1df-88d7-ce3de9f97731
22501130,92,2026,4,4,22501130,a15e9817-8dae-afc2-798b-94956409ed3c
22501130,94,2026,4,4,22501130,10388e38-7ee9-e63f-51cf-8864c376579f
22501130,224,2026,4,4,22501130,be22bfbd-646f-8c61-5ff5-4a63e14f3380
22501130,286,2026,4,4,22501130,4ea94864-2a86-68f1-d01f-e218e5f9ae4c
22501130,299,2026,4,4,22501130,0a826734-af03-327e-f75a-967606a22f32
22501130,341,2026,4,4,22501130,410f6a33-1b44-1503-b44e-8c6a97376fb3
22501130,344,2026,4,4,22501130,85666a6b-2f8d-b39e-7807-c3de2bafd6c4
22501130,366,2026,4,4,22501130,4c47d66e-0c3c-6ca7-c18b-c278aa2bb255
22501130,387,2026,4,4,22501130,a362aa0a-34d0-0d5a-a2b8-f334b7d56cdd
22501130,443,2026,4,4,22501130,7ee1465b-aa38-ab8c-e028-fd907f37a205
22501130,480,2026,4,4,22501130,95054437-41d1-3a63-9713-eb6910beaab8
22501130,533,2026,4,4,22501130,50590402-8cc2-2bf8-5a5b-830aa9f8c3f1
22501130,569,2026,4,4,22501130,f6d0c73f-685e-a5fa-6e72-e282fb908c2e
22501130,607,2026,4,4,22501130,15485e52-464b-7cf7-501c-25172c0beabb
22501130,108,2026,4,4,22501130,b5238407-85d3-e53f-2a9b-e0281a0c7cca
22501130,110,2026,4,4,22501130,138f06f3-9329-017c-e62a-a931247763df
22501130,111,2026,4,4,22501130,eeed5414-04cb-a4b6-8d37-8fa52b48f975
22501130,113,2026,4,4,22501130,bcfe39ba-5d14-4f66-fc69-c9a87326e8fc
22501130,125,2026,4,4,22501130,976d8d8f-00b1-e37f-72c7-09063e844d55
22501130,129,2026,4,4,22501130,e086b2a6-7d9b-9d43-b03d-561b7671b090
22501130,136,2026,4,4,22501130,62d4194d-7177-aa1c-7522-189431982def
22501130,140,2026,4,4,22501130,60647bf5-f8fc-1692-3b7c-0a9dcf16c1b9
22501130,15,2026,4,4,22501130,2489bb3e-3b80-6d79-5720-667e26cf63d0
22501130,151,2026,4,4,22501130,9b08aab6-7b7f-052c-aee3-4c708e2a1dc5
22501130,152,2026,4,4,22501130,19bbae7e-9c68-5569-bbef-b33d2394ce10
22501130,172,2026,4,4,22501130,2dc6698e-084d-e7c3-d1d0-929441f0114d
22501130,174,2026,4,4,22501130,f8326f88-5572-dfe2-8835-47b4573e0025
22501130,179,2026,4,4,22501130,e43bf697-a872-fa77-e2f6-a6ed571016dc
22501130,181,2026,4,4,22501130,23139634-8cc9-5693-8841-a46115743921
22501130,185,2026,4,4,22501130,968609c1-fe7a-6679-24cd-f8d5f60c2781
22501130,19,2026,4,4,22501130,8456e466-f230-94e3-56e2-98b286632330
22501130,192,2026,4,4,22501130,827375b9-faf3-aaab-2333-828d72ddab0f
22501130,194,2026,4,4,22501130,4966b7eb-8bb1-42f2-c664-e5901ffc818b
22501130,204,2026,4,4,22501130,b4c19adc-49ef-b71f-414b-2bbc317dd877
22501130,206,2026,4,4,22501130,6617d0be-254f-0661-7e82-fe2015c0285a
22501130,207,2026,4,4,22501130,576aa82a-c81c-fea4-31be-63437aeebbeb
22501130,220,2026,4,4,22501130,3a93f715-d034-24b6-a700-374c5006dade
22501130,222,2026,4,4,22501130,069ae43f-ef38-ed56-9cbe-3931c0455a3b
22501130,240,2026,4,4,22501130,cea480c5-5d55-6c9d-190b-9b6d76cf190c
22501130,242,2026,4,4,22501130,fa8470f3-1cf1-1823-bbd3-e0d195ad2658
22501130,243,2026,4,4,22501130,b68919f7-628f-459c-f3e2-5605d99ad11e
22501130,245,2026,4,4,22501130,e8ffe4f3-364f-9dee-3cfa-f28dc89101f3
22501130,252,2026,4,4,22501130,2d491eca-8512-2074-f98b-4bc31b28280e
22501130,256,2026,4,4,22501130,ccaa2748-d470-77ce-9295-1e1bfaa94255
22501130,258,2026,4,4,22501130,4313ede0-46d8-cbaf-99a9-d972b602c3eb
22501130,259,2026,4,4,22501130,1b184191-f5f5-41fa-0885-16fe81c490b4
22501130,26,2026,4,4,22501130,c89c471d-98c2-315b-b815-a9147a392256
22501130,271,2026,4,4,22501130,ee7c2074-5f09-dd32-89d1-cd70b5026091
22501130,273,2026,4,4,22501130,cb04d193-2af0-f6be-6191-ea9ebe5676cd
22501130,289,2026,4,4,22501130,3135719b-cc63-c7a6-3e7c-25c06919992a
22501130,296,2026,4,4,22501130,59c1f771-78a2-4745-a31e-00699c7a2597
22501130,301,2026,4,4,22501130,1cd15dba-e1db-e1c6-f9fe-e530db244bfe
22501130,304,2026,4,4,22501130,53233719-2208-4134-ba88-3c1d7ca6ac2d
22501130,317,2026,4,4,22501130,6d07b178-f192-962c-5a57-6ede10d54703
22501130,319,2026,4,4,22501130,410b6e94-309c-1b6f-bdd1-5bde72c479de
22501130,321,2026,4,4,22501130,55432b8a-9f63-b64b-ea02-7244f13f1ee8
22501130,33,2026,4,4,22501130,ee59e6f0-c40f-bf89-ad05-b590e6c628ae
22501130,331,2026,4,4,22501130,69ed09f8-eba5-f448-97a3-73004d14e586
22501130,333,2026,4,4,22501130,d5865681-eef5-62e6-e09a-b7fd5ab7bf1f
22501130,339,2026,4,4,22501130,74b5b979-437a-46c0-914e-adc638385998
22501130,34,2026,4,4,22501130,e4ca6ec3-4e36-c38f-72ba-ce731a5f5a89
22501130,353,2026,4,4,22501130,5f84cc5d-5631-fb42-f467-99dd9d064e51
22501130,363,2026,4,4,22501130,c479898e-a402-50bd-b5c7-370630890a5f
22501130,374,2026,4,4,22501130,70d125b4-5209-6a40-74b1-2f8d88d1c749
22501130,378,2026,4,4,22501130,07627669-ece6-083c-6f78-6c1fedb499fc
22501130,38,2026,4,4,22501130,dd276bf8-e0d3-54a8-4053-fd6a368f8479
22501130,393,2026,4,4,22501130,7231a723-734f-c449-1854-5e7c1e906a02
22501130,396,2026,4,4,22501130,c4d178ff-ef76-9f2f-0441-8fa4fa69aa77
22501130,397,2026,4,4,22501130,4517303b-7d19-4a9c-c8c1-16c3ca6e0516
22501130,398,2026,4,4,22501130,fd6ae303-9724-9541-4a99-601f244be15e
22501130,400,2026,4,4,22501130,9a70becc-44f8-4895-957c-47322c2b6109
22501130,402,2026,4,4,22501130,19a8947f-9c6a-6125-0099-ea8f4a3485f7
22501130,403,2026,4,4,22501130,59fdec66-63b6-8f87-6e1e-de257ee6249a
22501130,405,2026,4,4,22501130,1b4e839b-d50b-3b90-d3ff-c1ccb5ed864f
22501130,411,2026,4,4,22501130,f5c98fe2-1a7a-4cf0-3ca5-aa023d2bf4eb
22501130,423,2026,4,4,22501130,6aac8c77-f6ee-0e0c-dde9-89c993acf118
22501130,429,2026,4,4,22501130,c6e64487-2c38-117b-4865-fed5ba0bece8
22501130,433,2026,4,4,22501130,fd9ae36e-e38a-154b-9da1-b3e6a9c5fea8
22501130,435,2026,4,4,22501130,3bab254b-4a31-fe3e-1293-1811c26c13ad
22501130,437,2026,4,4,22501130,dca1dc45-d90f-f5d2-f900-528a2e5ddedf
22501130,439,2026,4,4,22501130,7818063f-9610-8358-f954-f72945bba64f
22501130,441,2026,4,4,22501130,07a38cb7-2912-94a9-1b07-a2c836c4f7f6
22501130,454,2026,4,4,22501130,d9a85c13-9ccc-f77d-b978-980d7200c499
22501130,456,2026,4,4,22501130,ba507704-ec80-97ee-d70f-32c7682fd003
22501130,458,2026,4,4,22501130,30340900-a42d-fa54-5896-1688052f823e
22501130,465,2026,4,4,22501130,664baf37-7328-8503-ce08-97638da4a155
22501130,476,2026,4,4,22501130,ce14dea4-5fde-cdc8-e1c5-f06a3aa00e56
22501130,478,2026,4,4,22501130,f0e01b07-42ce-45b3-bf1a-c2ae62d4c064
22501130,498,2026,4,4,22501130,d2211135-0b3f-8180-590a-ea8010c079fa
22501130,504,2026,4,4,22501130,13ee2e38-5931-cd9c-18e3-49e3d5f37913
22501130,508,2026,4,4,22501130,a7bd4f6e-3fc5-3765-ce36-268afa22a4da
22501130,519,2026,4,4,22501130,41150acb-0c4b-9cba-5c12-96e24c171521
22501130,536,2026,4,4,22501130,dd363613-3adf-f904-5667-c7b258bc00cf
22501130,54,2026,4,4,22501130,82b34c43-1b51-a533-8f49-19a9d7161060
22501130,546,2026,4,4,22501130,35608d89-7755-8193-78a8-ab0a0f5ab462
22501130,554,2026,4,4,22501130,ba00007d-0336-4e9f-eef0-db5d38c4b923
22501130,557,2026,4,4,22501130,6ba54758-a86e-202c-23a8-0bb877faaac8
22501130,560,2026,4,4,22501130,fb2bd2ce-5599-3666-b665-1cee85b58fcb
22501130,589,2026,4,4,22501130,75e6dc8c-5d7d-7418-a59d-e82705814f9b
22501130,591,2026,4,4,22501130,04ec1549-df04-76cd-863f-6162466afdf6
22501130,593,2026,4,4,22501130,23c11f1a-df64-45f5-62ba-c9b3268fdc47
22501130,595,2026,4,4,22501130,0c5363df-31ba-222f-add1-3a1345873378
22501130,601,2026,4,4,22501130,e92b7ae5-8296-8ac5-d05a-b58fa7e6043b
22501130,604,2026,4,4,22501130,99680076-a1a3-6900-5c5b-72f34833dcf9
22501130,610,2026,4,4,22501130,d99a80e4-885f-1a9d-b6b4-2d48fc2d3c18
22501130,616,2026,4,4,22501130,84a5822a-af19-afea-f5b5-2f0bff063fe6
22501130,623,2026,4,4,22501130,f8369228-ff2b-2467-29ab-32008ed26c65
22501130,626,2026,4,4,22501130,108e7d6c-8a06-76b3-48ff-9b7bd4e818d8
22501130,63,2026,4,4,22501130,a6b65d47-dda1-db78-f4c5-520f5e3c0ff2
22501130,630,2026,4,4,22501130,cce703b8-ac44-1554-4cc6-c8fb1b4f7c8b
22501130,632,2026,4,4,22501130,2b50b7b8-0715-1fac-aec8-04745cf04b10
22501130,641,2026,4,4,22501130,99b66001-9e8a-d247-80a6-af8dfb1ad77e
22501130,648,2026,4,4,22501130,bb46c967-8af7-80b0-e732-e2ed3d0d4a6f
22501130,66,2026,4,4,22501130,6f5e1680-5fe5-ec80-1868-082e67fdeef4
22501130,660,2026,4,4,22501130,4367a6cd-99ab-bc6b-258c-1527bb85db1c
22501130,662,2026,4,4,22501130,e656f856-497e-cb78-e34b-68cb2b9331c3
22501130,664,2026,4,4,22501130,ec0df830-354b-6268-3dec-57778472563e
22501130,666,2026,4,4,22501130,ffbe6358-fd08-e5ac-4b39-6de852a34fa5
22501130,674,2026,4,4,22501130,c924e2c0-02ab-28f7-02fd-db5d93a5f750
22501130,687,2026,4,4,22501130,88a2e975-b9b8-e89c-9bb4-917f28837f1d
22501130,696,2026,4,4,22501130,1bf322fb-c5d7-22e3-1011-657d683be684
22501130,7,2026,4,4,22501130,90edabfa-6b0b-83de-b1b1-1aafdb0855b6
22501130,702,2026,4,4,22501130,9b3aedbb-2363-8cd5-5a32-83a84ac71276
22501130,71,2026,4,4,22501130,6eb651eb-acda-bbd9-33b7-613af8320530
22501130,713,2026,4,4,22501130,645ce42e-422a-6985-66da-e930d0e06c14
22501130,716,2026,4,4,22501130,959b1ff6-e856-14cd-1840-58d315e370a3
22501130,718,2026,4,4,22501130,ed79028f-5eb3-f0f7-9e48-ebcdb7be2364
22501130,720,2026,4,4,22501130,c9a54287-1cc6-5c7e-5d89-78de09bd0eb4
22501130,725,2026,4,4,22501130,7555f950-ba1c-f080-bdcb-1e85f304274f
22501130,727,2026,4,4,22501130,c1ee95b5-81e9-160a-8850-4b566c24cbec
22501130,729,2026,4,4,22501130,152420c2-e042-a12f-5bff-987fb5347265
22501130,730,2026,4,4,22501130,fc54f7d0-ae2f-ef60-1ed1-5bb0e24cdec8
22501130,737,2026,4,4,22501130,69e93cb4-5c17-0413-c03e-ef979a4bacb3
22501130,74,2026,4,4,22501130,ca9bdb20-72d2-3386-8da4-d4b6dc94fe5b
22501130,744,2026,4,4,22501130,5b9bb5a0-dde8-7e5a-df1c-6df670fa6051
22501130,76,2026,4,4,22501130,310bc29a-0a25-309c-4aee-029a5fd181b0
22501130,78,2026,4,4,22501130,ac969901-c4b1-527f-85ad-9b5200f6d2a9
22501130,80,2026,4,4,22501130,16b1b6ae-2103-7ff0-b1e8-45a0f3d4b043
22501130,82,2026,4,4,22501130,974d0a81-d560-8c7e-1bcc-3ea84c721ac8
22501130,84,2026,4,4,22501130,7ca4350d-0480-692a-b263-cbb3064585da
22501130,86,2026,4,4,22501130,b2451dfe-364a-b93f-76d8-5fc2a504c365
22501130,109,2026,4,4,22501130,b48699e1-a316-4c3f-4f98-8a03ff81765e
22501130,112,2026,4,4,22501130,570a8a8c-f2b9-70a5-739d-ce405d842044
22501130,126,2026,4,4,22501130,96e39a9f-5153-0697-0719-0d9b4fba2000
22501130,137,2026,4,4,22501130,c2040c26-d056-3c0c-e08b-22818e2363e0
22501130,141,2026,4,4,22501130,273b0e59-4afe-c368-d13d-ea5204c4055f
22501130,153,2026,4,4,22501130,b88ba426-8c47-2813-ddd7-00ca6f2735a0
22501130,16,2026,4,4,22501130,b866c33c-0e0b-0d2b-74b6-978ca541a5f9
22501130,173,2026,4,4,22501130,b8d1d2b8-6dec-93d6-d629-38867cd97d7a
22501130,178,2026,4,4,22501130,6f26645b-b717-d09e-387a-157d60eadf80
22501130,180,2026,4,4,22501130,1618c060-f3c9-7440-0310-26b09a11cf9d
22501130,186,2026,4,4,22501130,6eff5950-d40d-bee2-1a6d-938b08c8c4f9
22501130,193,2026,4,4,22501130,8714f55e-fc23-ca57-a88d-1895ccaa2c3b
22501130,201,2026,4,4,22501130,af3a2775-4ef9-9e88-bc9a-4c4357354fa5
22501130,205,2026,4,4,22501130,2f46db56-4aef-404a-b9b9-dd4f0ca4e219
22501130,208,2026,4,4,22501130,fa680ee7-e5eb-8b06-926c-36aed7d7a5d6
22501130,221,2026,4,4,22501130,8968ff68-4d69-3773-8a8c-d1dd5c8eb55a
22501130,223,2026,4,4,22501130,94d09955-bc79-4b47-d137-1684dbfbcd81
22501130,226,2026,4,4,22501130,78d5450a-113e-251d-f519-06b2d85ad2d9
22501130,241,2026,4,4,22501130,7ef81d19-ed89-e294-56d4-f4744285f0d7
22501130,244,2026,4,4,22501130,5297b22d-16ab-e580-6035-34b66f5b5c6c
22501130,257,2026,4,4,22501130,90319220-b24a-43df-5287-cd2bc9b436ac
22501130,260,2026,4,4,22501130,b6116a6e-c072-b687-b978-962d599aaa6b
22501130,27,2026,4,4,22501130,5abcd6bf-c69e-5da9-eda0-ac245d46a0f9
22501130,272,2026,4,4,22501130,d955b776-7adf-b194-98f8-2f5f66c31179
22501130,288,2026,4,4,22501130,196e01fa-6236-7f42-a7ef-6b5d18cc623b
22501130,300,2026,4,4,22501130,0469ce2e-bb04-d2a5-3457-08b1a8c1b8c5
22501130,305,2026,4,4,22501130,b4996f98-b8e7-4f1a-fe72-0758f73a9836
22501130,318,2026,4,4,22501130,104c9ca4-9bba-32d6-c25d-a8a0f7d9506a
22501130,320,2026,4,4,22501130,ae735647-063e-5d81-7904-60d67c6b5045
22501130,322,2026,4,4,22501130,adb16736-0286-107f-195e-cc4c77080221
22501130,332,2026,4,4,22501130,cfcf069d-02aa-df6f-fb58-cfc8289860a6
22501130,340,2026,4,4,22501130,a07719c7-0905-59d3-5fdb-75ec320c96d4
22501130,343,2026,4,4,22501130,fa30fc11-851a-3c08-09f0-8bebabaae951
22501130,346,2026,4,4,22501130,087dd049-fa76-69cb-584b-53a41459d2ed
22501130,35,2026,4,4,22501130,f8417b3d-8492-2f68-c8fd-85ae52d1b87a
22501130,368,2026,4,4,22501130,769c80dd-063e-ebe5-c927-0bf7a45f93a1
22501130,375,2026,4,4,22501130,bea50b97-086c-62f3-1a40-3467d1cb3359
22501130,389,2026,4,4,22501130,1b8dead4-2375-0a06-337d-6e056dc216ad
22501130,394,2026,4,4,22501130,f8084efd-e8a2-1c62-d8e7-89f638ddf2a4
22501130,399,2026,4,4,22501130,17a96e31-b750-f030-12e9-77939fb5b6d9
22501130,401,2026,4,4,22501130,a7753fcf-627a-8ee6-565b-5e315dffb51e
22501130,404,2026,4,4,22501130,7b790fa9-7606-875a-137a-4cb07ad6ad24
22501130,406,2026,4,4,22501130,e1f59991-2e2e-17c8-434f-7ca4c278b606
22501130,412,2026,4,4,22501130,20b1033a-9f0a-76ec-94f7-66d86c7810ca
22501130,430,2026,4,4,22501130,4aafdf50-68f3-9521-5905-9ed8c935b461
22501130,434,2026,4,4,22501130,895dddac-84d8-5ebf-902e-46ad5044efd4
22501130,436,2026,4,4,22501130,8b3f7143-89cb-e8d2-325f-712b2e860b1b
22501130,438,2026,4,4,22501130,ca7432de-bfa9-9d0b-ea5a-761b3f5c684b
22501130,440,2026,4,4,22501130,6c4b686b-1065-d530-217c-4a76871a8b8d
22501130,442,2026,4,4,22501130,0ebed3c5-efdc-41ae-3ac4-d8ffd89bea3d
22501130,445,2026,4,4,22501130,2d7f4596-dcfa-4fc4-a9d8-16dc696aa5bf
22501130,455,2026,4,4,22501130,ea107f44-f5bc-9a03-7aaf-860defc07ba4
22501130,457,2026,4,4,22501130,9029e3a2-8776-af45-f6e7-e5c40b4f9da2
22501130,459,2026,4,4,22501130,9794d5f6-8780-63ab-ea2a-7744a8adbf0c
22501130,479,2026,4,4,22501130,835a471f-2996-8171-057c-9aae62e0e52c
22501130,482,2026,4,4,22501130,33c02a13-e92c-78cd-d82e-b5ddd7d034db
22501130,499,2026,4,4,22501130,a689c434-c8d1-79a9-85c8-c17860cb2a33
22501130,505,2026,4,4,22501130,72d20a9a-40e3-7999-eb52-c3d3c5e66a2d
22501130,51,2026,4,4,22501130,21cf2892-b918-2a2c-ade1-c634e008bc12
22501130,520,2026,4,4,22501130,6d18998b-7b14-ecfd-20d6-c5cf57e3820f
22501130,535,2026,4,4,22501130,73ddf9e8-cb4d-ee13-2b79-2315016de205
22501130,537,2026,4,4,22501130,4151b782-1e7d-d211-9535-9f68dc98ca90
22501130,55,2026,4,4,22501130,7e3a7d81-a950-1a9e-92d9-fc0800eff947
22501130,561,2026,4,4,22501130,816af74f-5748-4142-8b8f-de53d65fe0d4
22501130,571,2026,4,4,22501130,9d6665a0-71a4-8c09-f7f2-b151d29a91cc
22501130,590,2026,4,4,22501130,8bdf1987-2461-f5b7-33cd-02b98c3fafa6
22501130,592,2026,4,4,22501130,03b4444f-3ba4-b0e4-54cb-e533953e62f3
22501130,594,2026,4,4,22501130,7e54b408-9882-d37c-a6ad-f7ed1b811a79
22501130,603,2026,4,4,22501130,4191a11d-e00b-cb6d-e6eb-a6f8ebf2227b
22501130,609,2026,4,4,22501130,a412c09c-4a9d-3668-0788-0d2b87ff9c6e
22501130,611,2026,4,4,22501130,5b1c2969-556e-6f97-4479-2a6cd003c3ea
22501130,627,2026,4,4,22501130,60418f9e-1c36-4c10-4c49-6084f995f14a
22501130,631,2026,4,4,22501130,34bc8302-a828-4c6a-7ed0-3ab7671cd8fb
22501130,642,2026,4,4,22501130,1dab5604-ca71-0272-b513-1e7e4e19de4c
22501130,661,2026,4,4,22501130,5abcf8c6-63eb-b0e1-b7e0-0f324a6f22e7
22501130,663,2026,4,4,22501130,a73d6a1a-7e59-cd89-a7b3-6443def21e4a
22501130,665,2026,4,4,22501130,49c081e4-e71e-108b-e16e-aebcf23eb4c0
22501130,667,2026,4,4,22501130,b860bf33-cb00-61f3-536e-3e4b595d782d
22501130,67,2026,4,4,22501130,9ebe66c2-8be4-dad2-5f7b-97d923de836b
22501130,697,2026,4,4,22501130,ca807afa-e93c-a28d-88d3-af653c1f58d5
22501130,703,2026,4,4,22501130,35dcc5de-3bda-79b5-1379-e4d0a1fd7f4c
22501130,717,2026,4,4,22501130,2702d4d2-745d-4fa4-7fd9-ff7ef3f24277
22501130,719,2026,4,4,22501130,1377e00e-512c-acb7-317f-17be28bd8962
22501130,721,2026,4,4,22501130,e6b44903-abe5-2383-4ab1-0927929fbc55
22501130,726,2026,4,4,22501130,414dcbda-d15d-4f85-90f3-d43e34ad9737
22501130,728,2026,4,4,22501130,419e58d7-cd52-7d90-0a67-8a336420dc16
22501130,738,2026,4,4,22501130,b4b1aff9-bbd1-5ff4-7f50-54e3d6d9ce33
22501130,75,2026,4,4,22501130,2b65b503-3d2c-95f5-712c-31099c2dbe8b
22501130,77,2026,4,4,22501130,d4d06c49-c59d-0ebd-fb02-028609cee01e
22501130,79,2026,4,4,22501130,b7ae22c1-e0f9-75d3-df69-64fe2d73f4e1
22501130,81,2026,4,4,22501130,6dcac3a5-403a-2c49-6aa1-39275bf4ae78
22501130,83,2026,4,4,22501130,a3e8da96-0cce-fbb9-6892-d919e099497e
22501130,85,2026,4,4,22501130,76202fa0-4073-d842-c300-114a60b1ec48
22501130,87,2026,4,4,22501130,2ba5b0f4-87b0-944e-c81c-61b843937809
22501130,142,2026,4,4,22501130,93bea303-b698-2f24-2da9-6d5473e2c584
22501130,202,2026,4,4,22501130,ef3b5009-a38d-dade-9a5c-ab52bda6a4a4
22501130,209,2026,4,4,22501130,f47edd88-628a-aa3f-5d4b-72253d5ff7f2
22501130,315,2026,4,4,22501130,fdf2f5c6-064f-3857-a506-070ff6bbfc7d
22501130,52,2026,4,4,22501130,3cb8677b-6bb5-f34f-b23f-492ac8e73a22
22501130,524,2026,4,4,22501130,59c77053-d21e-1b9a-4263-0f05cdf2bad6
22501130,614,2026,4,4,22501130,45530b68-f4da-7760-b738-3a19f2129461
22501130,624,2026,4,4,22501130,51d8c801-5123-4f50-6fc5-831038155103
22501130,733,2026,4,4,22501130,d40b4007-c78b-1887-3b69-a3838ec79739
22501130,133,2026,4,4,22501130,8e284121-15a5-9cdc-b740-77a4e90e6396
22501130,154,2026,4,4,22501130,7ece9f8b-aed8-c4b8-12a3-640e0e67aa6d
22501130,239,2026,4,4,22501130,e5a429bf-3dfb-6331-7731-98558917f5a1
22501130,395,2026,4,4,22501130,35235cb4-2822-30b9-cd60-cc2f8488a0f9
22501130,580,2026,4,4,22501130,c87bffa1-145b-10f1-b2e2-2466c77b7fb5
22501130,68,2026,4,4,22501130,22d460d2-1f6c-225b-8c89-1d83c2da8193
22501131,118,2026,4,4,22501131,fb75841b-362d-c2a7-9371-8d32da6dccc0
22501131,13,2026,4,4,22501131,cec414e9-e519-636a-bb08-ca729ac3fb95
22501131,139,2026,4,4,22501131,fbd60f6d-ceb1-40e2-68a8-696f2744b82c
22501131,143,2026,4,4,22501131,cb792c98-9d0e-ed3c-d04e-583179f6aa7d
22501131,15,2026,4,4,22501131,1ca8883c-ba8b-55e1-6415-e46b395181ab
22501131,17,2026,4,4,22501131,1ab42103-3e78-4210-619c-ce0d864a5120
22501131,181,2026,4,4,22501131,02d945c8-2136-afcc-b829-b412ee032f02
22501131,183,2026,4,4,22501131,f60318c8-6053-042d-ff33-26f22bd63654
22501131,192,2026,4,4,22501131,0b669c3d-4618-b25f-3b51-e779bf951ded
22501131,194,2026,4,4,22501131,16ef674a-e0db-1943-518a-00e458141080
22501131,204,2026,4,4,22501131,97e00849-f1ee-f7b3-c083-d2edc482d502
22501131,210,2026,4,4,22501131,96cfa900-d5cf-9ba2-919c-d8c598ef63da
22501131,212,2026,4,4,22501131,2ebea2e2-8a38-9dac-012f-68df4b984a62
22501131,214,2026,4,4,22501131,574c89d6-fe56-c147-cdbd-16871787c416
22501131,230,2026,4,4,22501131,20bb93ac-2d83-a879-8bc5-f468421211b9
22501131,231,2026,4,4,22501131,064b14cd-8864-cebc-d4b0-d987a937abd5
22501131,26,2026,4,4,22501131,04929687-5a55-3873-a166-0918584d0086
22501131,262,2026,4,4,22501131,ad26c548-a33d-9f27-7666-07bd2dc05531
22501131,263,2026,4,4,22501131,89729f35-e94a-fb60-2b2d-1d797817c0e4
22501131,267,2026,4,4,22501131,0392df4b-8d74-277b-ecc3-15a0049d85f2
22501131,271,2026,4,4,22501131,6d016d91-0f71-8de6-6ca3-5ccea8ce335b
22501131,279,2026,4,4,22501131,9605ec94-6f6f-200c-32e3-15a7a651750b
22501131,28,2026,4,4,22501131,c19f6146-4149-f5df-f75a-f93d65b0131d
22501131,288,2026,4,4,22501131,5f1edf09-2277-f291-9a17-fe9ee0c5bd6a
22501131,292,2026,4,4,22501131,a40c696e-b36e-61f8-ce2d-39229bc60117
22501131,30,2026,4,4,22501131,bff87481-78ce-3d0f-21fe-a8027a31fc7c
22501131,306,2026,4,4,22501131,a6f20364-6ffa-11ad-f8aa-544420cd03db
22501131,325,2026,4,4,22501131,26f2c239-ba84-6278-2d85-310ff1e0608f
22501131,327,2026,4,4,22501131,4e54cc26-3660-c221-2086-60a53754274e
22501131,329,2026,4,4,22501131,1bfd952f-2356-611d-9988-6af4a87df6a6
22501131,33,2026,4,4,22501131,9a2ad58f-4494-02e5-3a31-44b0a63d95ec
22501131,334,2026,4,4,22501131,87b2cd0c-e40f-1dfa-5afe-9b5d2f25aae7
22501131,367,2026,4,4,22501131,1af2faff-eaca-dc86-42ba-ad4080199a59
22501131,399,2026,4,4,22501131,6f71d5a4-0ca1-cd66-1a18-222cee06e817
22501131,40,2026,4,4,22501131,7b6f4a91-5b28-dddf-618d-c3774e6084f2
22501131,408,2026,4,4,22501131,dcd92c8d-eb85-c267-12a4-aa6817571c42
22501131,417,2026,4,4,22501131,2fcd372f-6c77-b562-dcd0-ebf45fbc2417
22501131,465,2026,4,4,22501131,47436f38-c8c2-a9e6-6802-87bcdd24f691
22501131,505,2026,4,4,22501131,38388b86-50b9-aaa4-6265-8393bc25635e
22501131,51,2026,4,4,22501131,75fafc70-8780-8c96-deea-ae5e1749d112
22501131,57,2026,4,4,22501131,ee75abdd-9db2-2b8d-5f1c-5776e5322db6
22501131,577,2026,4,4,22501131,3d213638-454e-3406-8b36-f18b684231f4
22501131,587,2026,4,4,22501131,a07d33b3-1ea3-5fbe-d30a-0b85f2e95005
22501131,605,2026,4,4,22501131,a3feb302-0641-5b75-e4dd-59839557cd3b
22501131,609,2026,4,4,22501131,68662e55-bfc0-2aac-51cb-a0bf646d2ffd
22501131,621,2026,4,4,22501131,669b208a-80e8-c082-b45d-e9c64472d44e
22501131,625,2026,4,4,22501131,74a2c181-02cd-4ee0-a6e4-994ae3ef1035
22501131,635,2026,4,4,22501131,b2e7decc-6bda-61de-775d-bbf134bb249c
22501131,637,2026,4,4,22501131,fbb48e4f-d8ca-d906-460c-f7cec6e77e11
22501131,639,2026,4,4,22501131,ba3a9a16-0ba9-b37c-e4b6-3b9ea7b2a751
22501131,189,2026,4,4,22501131,2778195d-54f1-229a-728e-45f06b262b0f
22501131,343,2026,4,4,22501131,100bb9db-c358-03a3-3984-6bbc3d176298
22501131,347,2026,4,4,22501131,3641ee59-32ed-860a-1f87-d1e699437519
22501131,362,2026,4,4,22501131,0e3e2561-3d3c-ec50-92a1-5d2808fc1426
22501131,468,2026,4,4,22501131,805fb478-5cd3-325b-6c95-815505c72d46
22501131,521,2026,4,4,22501131,30c22f02-cc49-a77d-70d9-1b3b16d6192a
22501131,100,2026,4,4,22501131,ce8e63f2-1c3e-6586-f719-eb7bd0be3ec1
22501131,111,2026,4,4,22501131,672a3a18-1ad0-78f9-ad74-f56229b746a9
22501131,113,2026,4,4,22501131,cef18626-2916-1d75-2598-7b8c93856a38
22501131,114,2026,4,4,22501131,aaee1a0a-9c3e-00b7-fbdd-9094ecc4346d
22501131,116,2026,4,4,22501131,18254025-38b6-eb7d-0d81-dd7763cb7aa1
22501131,127,2026,4,4,22501131,111a0f2e-b089-a95b-b164-c22e8f1ddefb
22501131,129,2026,4,4,22501131,ef760aa5-1733-30a5-7784-4a20d4a4408a
22501131,135,2026,4,4,22501131,9571bc35-0e37-369a-c4f5-4302d286d9af
22501131,136,2026,4,4,22501131,30c9113f-3300-00e6-7f36-1a4982934e30
22501131,149,2026,4,4,22501131,103bb93e-6f62-e208-dfa3-435518315bb6
22501131,151,2026,4,4,22501131,ae92c596-b1b3-dd77-59d9-74b3bcec2262
22501131,153,2026,4,4,22501131,eec11528-dc99-ced2-963a-67643d5d6bda
22501131,154,2026,4,4,22501131,0748c4bc-f453-3509-cd97-9661a7b04803
22501131,156,2026,4,4,22501131,77202cc0-d20d-45da-29b4-f1357bc31c85
22501131,166,2026,4,4,22501131,b3a0e921-d54c-41f7-55cc-3c8e278b688f
22501131,178,2026,4,4,22501131,47812645-7601-363a-d6f1-25f5e9d8f2db
22501131,180,2026,4,4,22501131,1a1f387a-0867-4134-ed53-ec7993e022ef
22501131,19,2026,4,4,22501131,514a45af-ee89-9a32-6506-87387bedde38
22501131,196,2026,4,4,22501131,e5681b7a-e0b0-88f1-58a3-78a773e3b27b
22501131,199,2026,4,4,22501131,d31f32bf-bc2c-d0a2-75ba-5ae64e042c45
22501131,201,2026,4,4,22501131,88aac3c4-d242-7319-81c2-d79a6b1bdb38
22501131,202,2026,4,4,22501131,ddea09cd-6f95-68dc-0414-4ad299f3dd9b
22501131,207,2026,4,4,22501131,beedab57-8d73-61df-83af-ecdabe936ce5
22501131,216,2026,4,4,22501131,be0b4a58-d099-536f-4d6f-15dfd5c6fd26
22501131,219,2026,4,4,22501131,f5f79ab1-8392-b2ce-96bf-7e07757d831c
22501131,228,2026,4,4,22501131,b14cb8d0-459a-2766-711a-a2480e7b8bec
22501131,24,2026,4,4,22501131,e378aefb-2120-e164-ec77-8e02f464010b
22501131,246,2026,4,4,22501131,7ba2a8e9-8dea-e59a-456c-d1b9e5b17f7d
22501131,248,2026,4,4,22501131,75eabb3a-d94e-c174-f7c0-e4e9d6743274
22501131,260,2026,4,4,22501131,875a0bde-bb95-a909-a8ae-a10ba488f825
22501131,273,2026,4,4,22501131,f54cbb23-3e29-4512-e32b-6945df79a627
22501131,282,2026,4,4,22501131,0fc26ad3-c8fe-0a48-02ad-7aa7d3ee0f36
22501131,283,2026,4,4,22501131,5c9fd8b1-4fc1-3ceb-68a8-76c1280b6d32
22501131,286,2026,4,4,22501131,76a30730-9722-7b53-938e-c1ab077622f8
22501131,294,2026,4,4,22501131,76983bb5-9756-0562-f450-e9e59ce06d64
22501131,305,2026,4,4,22501131,c2fce234-1ff0-a264-0f65-23957cc162bc
22501131,308,2026,4,4,22501131,278ec45c-6a4b-e3da-6bc9-0c625ed2bb21
22501131,313,2026,4,4,22501131,e31fd8c1-9170-77b5-3789-b577dac1be6b
22501131,315,2026,4,4,22501131,f23823d0-3551-ad22-48a7-4532ba7008e7
22501131,32,2026,4,4,22501131,be70b18a-4d4c-68b5-570c-02d9c6f422e0
22501131,323,2026,4,4,22501131,b8d50f7a-661a-8c96-8009-a1f603c1f1e2
22501131,332,2026,4,4,22501131,792c6e92-a52b-c418-0e76-642e4e9528b9
22501131,336,2026,4,4,22501131,828f9525-8a07-f8cd-c8f6-82037fcf352a
22501131,338,2026,4,4,22501131,db2ce6cd-d537-66ef-0edc-f286447d0000
22501131,341,2026,4,4,22501131,1a9ba27c-4d99-16a3-0f56-6d7d5dafe125
22501131,346,2026,4,4,22501131,788d726a-3861-f390-a209-05eef4c437c5
22501131,35,2026,4,4,22501131,c713aa35-1d32-8443-dc4f-1fa3f12d35bb
22501131,350,2026,4,4,22501131,6eb0d75d-eada-a121-6484-8ee3ca97f568
22501131,357,2026,4,4,22501131,917894b1-3055-9813-a688-5fcc1ef9b7e4
22501131,37,2026,4,4,22501131,15d45f19-3e24-d72f-9c2f-f08a9d496680
22501131,379,2026,4,4,22501131,fbb66d85-32c4-b906-2867-d77dae93f7d1
22501131,38,2026,4,4,22501131,c9d80a16-b156-64b5-a601-ebdf3227b49c
22501131,382,2026,4,4,22501131,e34aa330-dcbc-de7a-02d0-0ad89a37eb29
22501131,385,2026,4,4,22501131,631e7cfa-33af-fb53-1956-4d647f0dc211
22501131,389,2026,4,4,22501131,ce5718b1-b5f1-6b45-4d32-61171b2df317
22501131,394,2026,4,4,22501131,b5d1d8b7-6c53-a22f-8ee0-14754ec80ee7
22501131,396,2026,4,4,22501131,f5df24e8-5f83-4c5c-a050-be9bad72645a
22501131,419,2026,4,4,22501131,22e5aee8-4248-7f3e-307f-dc3a4969dc94
22501131,421,2026,4,4,22501131,d8994c3d-4344-0673-6415-a2ce772c9c6e
22501131,422,2026,4,4,22501131,a05089e4-9b88-17b8-29eb-8b1f43c5c651
22501131,427,2026,4,4,22501131,e7a629ae-37c6-8799-7e05-69223a967650
22501131,428,2026,4,4,22501131,2f2311fe-168a-c7d2-84cf-64ec79bf954d
22501131,438,2026,4,4,22501131,6dac4bc8-e4f4-15ec-6388-13ee02f9b454
22501131,448,2026,4,4,22501131,3c9f830c-d320-8a70-2145-2ace1e3d6e99
22501131,452,2026,4,4,22501131,6203e117-48f1-b7e5-7974-47c22298b733
22501131,454,2026,4,4,22501131,a90ea66d-8c7f-45d3-5937-d2120b0e3035
22501131,456,2026,4,4,22501131,89bae51c-eb05-f9dd-5c21-12d823d5024b
22501131,458,2026,4,4,22501131,fbe9dbca-4f64-7e36-464c-727a7659dc14
22501131,464,2026,4,4,22501131,e9bc5851-c13b-d61c-bd93-1ffd81cec6e0
22501131,47,2026,4,4,22501131,eca7a591-9cb6-76aa-f08f-1d0614b3e582
22501131,475,2026,4,4,22501131,57724bed-70fa-e4b2-df44-83f7ea1db972
22501131,485,2026,4,4,22501131,eaf96a60-b75f-9067-282e-9d6119c09b68
22501131,487,2026,4,4,22501131,62ed690f-830d-9b5c-4c70-8e46a56a60aa
22501131,489,2026,4,4,22501131,891a568a-cde8-efdc-4fa7-95a472041c4e
22501131,491,2026,4,4,22501131,e854a31e-f5be-6894-4329-3cc2460a8b99
22501131,492,2026,4,4,22501131,c1da594c-a145-9c6f-3bcf-4460b9ba5746
22501131,494,2026,4,4,22501131,07379bc4-0839-0fae-09c8-e7bb0aff8401
22501131,496,2026,4,4,22501131,dbbaa8f9-0823-63e0-8722-49c7a6c3d651
22501131,500,2026,4,4,22501131,d8103a3d-1788-82ef-a894-3c97367c386e
22501131,507,2026,4,4,22501131,44452711-24ba-f2fb-f63f-0c51c18ba1a4
22501131,511,2026,4,4,22501131,4e58f199-69a4-47eb-ba0e-b2f0a26d5bd0
22501131,513,2026,4,4,22501131,b1f576dd-9297-1ecc-95c3-f5a9eb884d4f
22501131,524,2026,4,4,22501131,194d2f4d-cd4d-0f0e-3a3b-4d864962da3b
22501131,526,2026,4,4,22501131,05d25985-ee20-d4d7-b371-549414c2dd41
22501131,535,2026,4,4,22501131,32523ada-256b-69e8-3b1f-7abf937112e6
22501131,542,2026,4,4,22501131,2891a1ae-4ffa-d0c3-e8a4-5eaf214c3b2f
22501131,549,2026,4,4,22501131,3d328cdc-6b3e-e5d6-e718-db0ff041e55b
22501131,55,2026,4,4,22501131,1030f9ad-c50f-9078-de53-9c5affe3cabe
22501131,566,2026,4,4,22501131,5d86c24e-5f1f-c127-6160-2a405c277fde
22501131,579,2026,4,4,22501131,6a2721ac-bfd3-f4e9-ebb4-c881768c10ec
22501131,581,2026,4,4,22501131,68472b43-352f-752a-4390-d6ef8400f952
22501131,584,2026,4,4,22501131,c570cbfe-7b87-f955-2728-22635d2fd8a7
22501131,586,2026,4,4,22501131,6ce4314c-66ef-6d10-a694-e7e1f5df1894
22501131,59,2026,4,4,22501131,891f04ab-7806-b779-ef33-1abad999efa0
22501131,601,2026,4,4,22501131,08e0c312-99b5-f402-6080-91cb804cf44f
22501131,603,2026,4,4,22501131,0e6f4ac4-69b0-0dd1-ce5f-6119cbd1d662
22501131,607,2026,4,4,22501131,4fb0ffe1-8296-0b98-8c5a-9d5aaee02170
22501131,61,2026,4,4,22501131,edf7a14f-7d7e-7796-84f5-04d4175dd9da
22501131,620,2026,4,4,22501131,f77a8287-7535-4556-efab-7fd47799caec
22501131,63,2026,4,4,22501131,eaecce76-ea84-e7e1-7e39-4e757d5873bf
22501131,641,2026,4,4,22501131,3b2599d7-7134-2cf1-4e19-33516202cad7
22501131,645,2026,4,4,22501131,d5edfdfe-85ff-6453-9b63-20f4a76512d8
22501131,647,2026,4,4,22501131,8407a8c1-57a3-981f-aca6-36cdbc76f04d
22501131,71,2026,4,4,22501131,66b6dbd4-9781-f9f6-129e-62dd77b656b9
22501131,73,2026,4,4,22501131,f19ef65b-abdf-c9bf-4358-c129d4832509
22501131,75,2026,4,4,22501131,32d83edd-8c5b-cb77-0587-bc49fad43d91
22501131,77,2026,4,4,22501131,18f6a67d-e09c-b4ab-b675-f5bf25b94577
22501131,78,2026,4,4,22501131,3320d564-0ba8-3adc-b1d1-757c07096c39
22501131,92,2026,4,4,22501131,3d839800-9321-098d-770e-94b11c8892d8
22501131,98,2026,4,4,22501131,8482470c-0696-05b3-ac8d-019681ca8bb3
22501131,101,2026,4,4,22501131,6fc0d851-cf97-4768-d96b-3a3b20c20fdc
22501131,112,2026,4,4,22501131,9a9cef1b-7c6e-e7d4-eec4-e8bd5ca0cf71
22501131,115,2026,4,4,22501131,53320903-0ab1-21d0-0fd3-0298ca9ddd38
22501131,117,2026,4,4,22501131,4445fbc3-5df3-a349-0350-e46978670ed2
22501131,128,2026,4,4,22501131,d578f10d-4f5a-3cab-d9da-eabb9c82dc7c
22501131,150,2026,4,4,22501131,6e2d4899-94e9-2f7c-a508-caa4447d3a5c
22501131,152,2026,4,4,22501131,48506b21-aa0d-8d0d-dc24-44890dc54c0b
22501131,155,2026,4,4,22501131,4aa9a86b-1a69-f426-3492-e869d9aa0577
22501131,191,2026,4,4,22501131,4eb7ebec-ac57-7006-9552-a3378ddad47e
22501131,198,2026,4,4,22501131,82aa3da5-a898-5337-e273-2e9a0812514b
22501131,200,2026,4,4,22501131,ceeecb28-6861-10b0-d43c-0f321d5296a8
22501131,203,2026,4,4,22501131,e743f49b-2704-2f00-1e44-208e18e92a83
22501131,229,2026,4,4,22501131,0e66a0e4-113f-3886-9f4f-b619d1531304
22501131,245,2026,4,4,22501131,fcfe67a5-5d7a-eea5-3ff4-05891d09924e
22501131,247,2026,4,4,22501131,63a5737f-09fd-4233-308a-b57f5c127e65
22501131,249,2026,4,4,22501131,5f3fd634-51e0-b940-885b-93ca0cf8559b
22501131,25,2026,4,4,22501131,8703f706-c14e-b2b9-a434-b1983b60a248
22501131,261,2026,4,4,22501131,c2a7309e-78e9-2929-f27a-e9205096c5c2
22501131,274,2026,4,4,22501131,517b71c2-8af4-2613-df27-cb342b7406f0
22501131,287,2026,4,4,22501131,c29763a4-9855-7a4a-ee7a-d0199bd62f15
22501131,295,2026,4,4,22501131,6ba79856-32ba-24e9-ad24-bd0f9b2b05d3
22501131,314,2026,4,4,22501131,4703b9e1-c66e-f3a4-8282-9d74ebcf957a
22501131,316,2026,4,4,22501131,aa6aa92f-67b6-838d-03d3-a4ad7b043a3a
22501131,324,2026,4,4,22501131,8e1fab95-d526-6bf2-e8f8-b20e8250cd9b
22501131,333,2026,4,4,22501131,548d4a81-7d95-b3f5-6a01-01a50afa512a
22501131,337,2026,4,4,22501131,b8ed4ff6-e3cf-1cd5-cdb7-b36a55c05ca6
22501131,339,2026,4,4,22501131,1033a575-eb46-3f8c-f769-46664f4c7b37
22501131,342,2026,4,4,22501131,b748400f-28a1-2264-c564-3dd6dd32305b
22501131,345,2026,4,4,22501131,98613fca-bd2e-8ad5-fb60-084f5d2165dc
22501131,349,2026,4,4,22501131,431bdb2e-c1ef-7bd0-eca9-6a733b7c091a
22501131,351,2026,4,4,22501131,0c327a8f-b1e9-c3d8-a2d1-9d82503cb566
22501131,36,2026,4,4,22501131,ca5a99da-929c-226e-c7f3-4a17b9404967
22501131,360,2026,4,4,22501131,ee866d93-fdaa-df46-4566-4199a0bc80c0
22501131,383,2026,4,4,22501131,17a01d3e-937b-de17-5be6-8424f886c1ab
22501131,390,2026,4,4,22501131,bc378c18-449e-79a6-da70-e0f873937c33
22501131,420,2026,4,4,22501131,5db25820-e352-92c2-a01b-7815d23711d5
22501131,429,2026,4,4,22501131,707cbf1f-e029-dd4d-778c-b4429d0768ea
22501131,439,2026,4,4,22501131,695c9506-20fe-3656-b7b9-cc76f1ebe05f
22501131,451,2026,4,4,22501131,71f37753-b9c8-383c-553d-0470523e3ea0
22501131,453,2026,4,4,22501131,cc288ee0-60dd-a293-30ac-d2bce876a790
22501131,455,2026,4,4,22501131,9b35aa1a-bec0-cac5-97fe-71d474efff14
22501131,457,2026,4,4,22501131,036466e9-c3b7-9382-78e7-a493ef49cab8
22501131,459,2026,4,4,22501131,36103db3-4f2f-9024-ad0c-cb21d7fae0ce
22501131,470,2026,4,4,22501131,95764b87-5e63-7d04-623b-9045cf8e965c
22501131,48,2026,4,4,22501131,2cf21614-eba8-ffa5-c1ff-05fd2e1b587a
22501131,486,2026,4,4,22501131,2ddcb858-a1f7-34d2-c1c1-de907e4140e5
22501131,488,2026,4,4,22501131,23e2b310-ab59-d1b8-671e-7b503d086417
22501131,490,2026,4,4,22501131,388831d1-a8e0-bc3b-85a0-ad1a18a8dfe6
22501131,493,2026,4,4,22501131,c030c6b6-7c3c-d1e9-5fe8-d7c04d401413
22501131,495,2026,4,4,22501131,ed633e43-f255-9d8f-d7f4-7759a8abbc85
22501131,497,2026,4,4,22501131,22c5d256-3e2a-84f4-cfca-ceaba6d46ccb
22501131,501,2026,4,4,22501131,955330a2-b589-17ee-1dbc-a249033c308b
22501131,508,2026,4,4,22501131,ed3bdb7c-0170-124c-e6d6-b21ad164a344
22501131,512,2026,4,4,22501131,15d3ddd1-88d3-4492-adaa-986aba2c142d
22501131,514,2026,4,4,22501131,a08d68f4-3e02-18ef-a880-a340d26a75f0
22501131,523,2026,4,4,22501131,59e8502b-d934-4073-34e0-028e9be57a3c
22501131,525,2026,4,4,22501131,3e49f243-ee3b-8759-46be-7b40fe3b1c9f
22501131,536,2026,4,4,22501131,ecf4427f-7fd8-0e75-311f-0aa1bd3163e2
22501131,550,2026,4,4,22501131,b6f10d52-d1cd-e9da-39a8-d418954b328e
22501131,56,2026,4,4,22501131,0376e912-8594-1335-d33d-0f9d9d169400
22501131,567,2026,4,4,22501131,29232df2-c6d7-7340-523e-dcbc1414ad44
22501131,580,2026,4,4,22501131,7633d71e-4d0f-2d3f-88ba-8cc851b868d4
22501131,582,2026,4,4,22501131,23749384-114a-322a-29b8-ae7eb994a975
22501131,585,2026,4,4,22501131,8097d433-871f-fbf3-94b2-98c6d7842bb0
22501131,60,2026,4,4,22501131,eaae1b0f-b737-6e46-cd94-f540ffd431e0
22501131,600,2026,4,4,22501131,8397a6d6-b1ef-8133-5833-9a68f0dceaa5
22501131,602,2026,4,4,22501131,de36c252-a551-89bd-1e6e-c79191e15274
22501131,604,2026,4,4,22501131,8917508e-57b7-e9df-a1df-ede325305bb4
22501131,608,2026,4,4,22501131,01e17dfa-2430-e0ec-a3f7-ae7abcfbcd28
22501131,62,2026,4,4,22501131,f8876dd0-e0bf-5674-85bf-1eb1934c5c6b
22501131,642,2026,4,4,22501131,2d605bef-a885-dd43-8533-f7569e648f41
22501131,646,2026,4,4,22501131,b93914a7-c24e-2fd7-c89b-038a18e06c34
22501131,648,2026,4,4,22501131,cc06140f-e90a-6deb-3b38-d84733a66110
22501131,72,2026,4,4,22501131,94ff23a9-109c-f688-b6df-dbc5325db7b2
22501131,74,2026,4,4,22501131,2fdcbbbf-0383-e5fa-c7f7-319e6e541636
22501131,76,2026,4,4,22501131,7121d205-d04b-05b5-4d1c-7155447363d6
22501131,79,2026,4,4,22501131,deac011b-bdfa-f6a3-9c64-5c3cf2dda436
22501131,99,2026,4,4,22501131,65e1c993-e9b6-2de7-d7f2-95f88fc5a12b
22501131,131,2026,4,4,22501131,359170d4-a6e0-9ad7-6d81-6573fb55164b
22501131,133,2026,4,4,22501131,d1b292c4-458c-13ba-c154-d2bc5ffb1ba9
22501131,205,2026,4,4,22501131,8852eb15-e7d1-9ff0-56fc-da261b813175
22501131,217,2026,4,4,22501131,f5fd9dbe-38fd-b184-b23d-31a8956e03c6
22501131,256,2026,4,4,22501131,4b0ff3cf-9946-d561-f80a-bab945ed867b
22501131,258,2026,4,4,22501131,d84895f0-a473-245c-5286-12f77c1a6434
22501131,269,2026,4,4,22501131,b036fbd2-86d2-aa54-134c-19ab9a4b1ce7
22501131,290,2026,4,4,22501131,a35c7881-2e23-490d-f662-e0a0e5ba2e8f
22501131,321,2026,4,4,22501131,93cfd771-73b4-4a51-53d2-2e37b5a1cf34
22501131,352,2026,4,4,22501131,3687f75f-853b-8ad5-9f0e-a7de249a76c9
22501131,369,2026,4,4,22501131,bdcbced2-846c-f083-f118-5a9e98aaafc5
22501131,397,2026,4,4,22501131,06c1961e-f424-74f2-b72b-ee422f6c89dc
22501131,449,2026,4,4,22501131,ce2b6e9a-5f59-0c2d-e57c-0ad0a180a71e
22501131,502,2026,4,4,22501131,87037530-4893-38ee-0809-c8eef6d5d467
22501131,509,2026,4,4,22501131,fb7ba2fa-d436-a8a3-7e01-b9da8a0e007f
22501131,562,2026,4,4,22501131,1b8c6526-ac33-3e51-5630-4b7ac674f055
22501131,564,2026,4,4,22501131,346c3385-b2c1-55bd-5e2f-44b177e4829e
22501131,623,2026,4,4,22501131,60cf5b71-09f5-87ab-c202-e057b73de776
22501131,633,2026,4,4,22501131,e27dc32e-bbbc-19ca-9da4-b76fbdefa3fc
22501131,643,2026,4,4,22501131,c84d531e-94fa-8c99-f2bb-ff60c6815d00
22501131,311,2026,4,4,22501131,a811b63b-5606-2cfd-56d3-b4791d1c9b7f
22501131,340,2026,4,4,22501131,e6e49b28-cba7-eb3a-880e-05aeb05eeee7
22501131,384,2026,4,4,22501131,b05a4a8c-8922-1de7-7349-b42bb0bec58e
22501131,386,2026,4,4,22501131,dd70adb1-04c3-2500-1c0c-5756bb54db0a
22501131,460,2026,4,4,22501131,79fb2d3d-a070-5830-1e87-56e08b1a47fb
22501131,7,2026,4,4,22501131,87f149cc-1441-fbcf-7ded-4de9dd643ff8
22501132,124,2026,4,5,22501132,e2627056-b837-f491-18fa-b85c408fe67d
22501132,133,2026,4,5,22501132,6ac8f2b7-d8a5-94bf-d0ba-244cac702231
22501132,141,2026,4,5,22501132,e51cef83-f1bf-a580-17d8-bf382c00feef
22501132,156,2026,4,5,22501132,3985212b-f77a-d800-bdb0-8a3ebc0cb0a1
22501132,16,2026,4,5,22501132,4897b402-b3df-824e-93a6-f06d5493414f
22501132,171,2026,4,5,22501132,0d0c8ee9-fecc-24d1-6cd4-bd08a0324255
22501132,181,2026,4,5,22501132,f186eb81-54dc-cddb-e340-54b6feb29822
22501132,192,2026,4,5,22501132,8ff03b97-8705-c63a-555c-81f444da29c0
22501132,201,2026,4,5,22501132,3e098a62-0e74-c61a-505e-fc07e65dfcc6
22501132,213,2026,4,5,22501132,ea175c3c-e2d2-38ab-0a4e-5d6e1e81f3df
22501132,22,2026,4,5,22501132,9293a037-7cfa-453e-55b5-c5af3b947d04
22501132,24,2026,4,5,22501132,4134d6f4-b61e-70e6-7a36-e722e0562330
22501132,278,2026,4,5,22501132,ae1ea309-b59a-6568-ed94-4fb32ee5b3ab
22501132,281,2026,4,5,22501132,e4127aee-ad8c-cc5f-b5e9-f40269656146
22501132,283,2026,4,5,22501132,243067bd-50ed-de05-687d-25f252994cae
22501132,295,2026,4,5,22501132,bea2ecf3-ffe1-c513-21cd-267187382a85
22501132,297,2026,4,5,22501132,5d426dec-6ff5-f121-7e3f-d4581af1a4a4
22501132,299,2026,4,5,22501132,ca47fec2-caa0-7ddb-9f6a-745c4eaad0ef
22501132,301,2026,4,5,22501132,80c8eed9-5485-e544-3266-7d26a6d99a6b
22501132,306,2026,4,5,22501132,027c9957-6773-cd8a-cbf3-389d2ca677a2
22501132,338,2026,4,5,22501132,93aaee95-74f6-2c49-fdbd-c70e6b2cab92
22501132,34,2026,4,5,22501132,cd5462ed-b105-1cfe-a363-1dcad5fe08b1
22501132,340,2026,4,5,22501132,82ee1488-cdf6-5af1-7875-ca9368eca5af
22501132,349,2026,4,5,22501132,9ac5edc8-02b7-7c0c-46a0-b91ebb65bcb8
22501132,360,2026,4,5,22501132,71085e32-8cf7-3ab1-6fa6-4110ad4c775d
22501132,362,2026,4,5,22501132,f6a21b8e-6895-72ca-a608-7fc8801054b7
22501132,365,2026,4,5,22501132,49043245-5af1-ed3a-1460-f3f28ca7ebe8
22501132,378,2026,4,5,22501132,86293e4d-be43-a5a8-74cd-57a3cc4f14a6
22501132,38,2026,4,5,22501132,0a3f36f0-41da-ab7e-e1dd-36511ec9826c
22501132,380,2026,4,5,22501132,c9a1f1e6-d64d-6f9e-8ded-659e3696a158
22501132,385,2026,4,5,22501132,c7e9e15c-5335-aadd-315f-b197415a9184
22501132,41,2026,4,5,22501132,e5ac9640-d378-d8cc-ba7d-a3807e4a932a
22501132,417,2026,4,5,22501132,308925c3-9a90-fe4d-0cbd-65940b639b00
22501132,418,2026,4,5,22501132,b7cedeb1-cee8-6009-a81c-1e52c61afe26
22501132,422,2026,4,5,22501132,d1937f50-cb48-26d9-6ac1-e1ed8ca092fd
22501132,435,2026,4,5,22501132,e14ae047-ba53-720c-e1fe-194aa504fbb0
22501132,44,2026,4,5,22501132,037d67b0-d977-6cee-422e-d5aa49e5f43b
22501132,440,2026,4,5,22501132,73def9f4-ea10-803b-a897-cea4f66716e7
22501132,467,2026,4,5,22501132,182122c1-2fc4-57ca-22ea-baee194b8771
22501132,497,2026,4,5,22501132,ecf90153-47a2-2001-30bb-4854baede709
22501132,501,2026,4,5,22501132,e3908aa7-727d-b49b-8a0a-babab3ee1268
22501132,503,2026,4,5,22501132,3015773d-38d0-c669-04a2-534688a42762
22501132,505,2026,4,5,22501132,d9b5b6da-fd53-aa57-ab0e-8261b232b730
22501132,527,2026,4,5,22501132,a3146270-58cf-ed03-a09f-10e5a1ce455a
22501132,530,2026,4,5,22501132,a974b0df-fc85-7c8c-92b8-f7a013f84e7d
22501132,536,2026,4,5,22501132,9f4ea8c9-fb19-3bb5-2f5c-150812cd0193
22501132,554,2026,4,5,22501132,e100aeb0-dc9f-e35e-9807-3d018f18336d
22501132,586,2026,4,5,22501132,69069840-4e07-1551-8878-19570a6284ad
22501132,604,2026,4,5,22501132,ed26f64e-56df-ead6-a339-65aea0ee1d3b
22501132,606,2026,4,5,22501132,707cc3e8-905d-abf0-9659-89b54b07cbd2
22501132,61,2026,4,5,22501132,eb59a73b-00c1-79e2-39dd-b6d3cfe4cee3
22501132,627,2026,4,5,22501132,990469bd-a120-59ac-94d2-05f1caa3cd8b
22501132,63,2026,4,5,22501132,2bd2e21b-a39c-a0c3-f99f-bec7995f6ffe
22501132,631,2026,4,5,22501132,a39d8357-6f7b-3bcf-b7e2-a9d863102768
22501132,73,2026,4,5,22501132,b4fd6c77-85a2-ff90-8b08-aaf3759810e8
22501132,87,2026,4,5,22501132,6eef454e-bea7-3f57-4914-8cc117b753fe
22501132,206,2026,4,5,22501132,96b0fd3b-65ea-69d9-9ece-7ed55e834933
22501132,272,2026,4,5,22501132,f5afc6df-03c3-6098-763f-5f69288b07a9
22501132,327,2026,4,5,22501132,3c43a4bd-01e2-f8ca-263a-87256ce75ec2
22501132,342,2026,4,5,22501132,0289aeff-5935-0127-6326-a7785bb6412e
22501132,354,2026,4,5,22501132,ea005ed4-b07c-6ead-b3cc-1d368ccffe12
22501132,444,2026,4,5,22501132,2c662b21-d7b3-3d6b-7417-96b702772ca3
22501132,469,2026,4,5,22501132,bbc1d7de-61f7-622a-e880-7eedcc3cd980
22501132,103,2026,4,5,22501132,18938289-913d-4198-31b3-646b021b608c
22501132,105,2026,4,5,22501132,b7f016bd-dfc3-e96e-a4f5-d189d13b9654
22501132,109,2026,4,5,22501132,ccf39d51-affb-d5ab-a350-b49f6a8474cd
22501132,111,2026,4,5,22501132,5662a4b2-1619-9260-c012-7205088c8f39
22501132,114,2026,4,5,22501132,baeb3c7c-fda4-b13e-0cb2-8d1f2122af49
22501132,122,2026,4,5,22501132,f8e01269-8b6e-79d8-0d63-9f6019070e57
22501132,131,2026,4,5,22501132,de3b36fd-4f2c-1544-a147-3f827eebbcaa
22501132,135,2026,4,5,22501132,b241eada-f235-c6f0-1ef2-cecbb5e41a09
22501132,137,2026,4,5,22501132,a5d573f5-3054-e879-1252-949b285a433d
22501132,139,2026,4,5,22501132,12585bd5-b46c-986d-3e79-97d2f0faf75b
22501132,14,2026,4,5,22501132,9fccf0b6-3eff-d474-75b8-26578c0e025a
22501132,143,2026,4,5,22501132,8b8830c2-d64a-2879-fa75-9b84bfad4259
22501132,151,2026,4,5,22501132,b39ec64d-ca73-612a-1dbe-c169d9e6a82c
22501132,153,2026,4,5,22501132,9477ff2a-3c16-0201-001d-99cae7b2e926
22501132,155,2026,4,5,22501132,e3e21efe-71b4-8a4b-3074-d93dd155b30e
22501132,158,2026,4,5,22501132,007404db-b233-52a9-544b-5dc0176c9290
22501132,168,2026,4,5,22501132,e67a67dd-651f-8343-1084-39ced8647d56
22501132,178,2026,4,5,22501132,3bc59f61-0862-8e35-e1c7-fedbdf505b85
22501132,18,2026,4,5,22501132,345b36ef-af37-f86c-c0a6-f74fe993969d
22501132,185,2026,4,5,22501132,1fad6a7f-ec95-b260-a824-66ee1913cc0f
22501132,188,2026,4,5,22501132,ab22a965-d19c-9dcd-552c-73ea0dcf9067
22501132,195,2026,4,5,22501132,7f47466d-14fe-7a2f-5633-75b69cb7a1bb
22501132,197,2026,4,5,22501132,bde797c5-c632-55af-e1d6-6de08df1b203
22501132,199,2026,4,5,22501132,aa316230-efe5-136f-5adc-3899f1c12b47
22501132,20,2026,4,5,22501132,53ae537d-523e-f4f9-276b-249691ec8582
22501132,222,2026,4,5,22501132,b738de3a-4548-7624-9b3b-1543f31515c9
22501132,224,2026,4,5,22501132,f2ca1704-6eab-51d9-9e23-cc40bfdf3428
22501132,226,2026,4,5,22501132,3f73dff5-91a9-4b2a-4248-9ee7498e60f7
22501132,228,2026,4,5,22501132,7c85b2c5-0beb-3b0a-0d72-002ba969b3d0
22501132,230,2026,4,5,22501132,4d8f5963-e054-c386-4a4a-86bb051e694d
22501132,231,2026,4,5,22501132,bf22890c-91fc-565f-ec58-6052c3295a42
22501132,233,2026,4,5,22501132,a04706b3-9c58-4b57-484f-a1dd77936667
22501132,235,2026,4,5,22501132,530353b6-62ad-68c7-fba2-cc379479da5d
22501132,242,2026,4,5,22501132,36043406-8d29-f188-ce6c-f154fcffb221
22501132,244,2026,4,5,22501132,945c63b6-9cc5-49fe-63dd-0d4acdfec334
22501132,250,2026,4,5,22501132,c5a56a1e-802e-5505-5afc-2ab3b60ce719
22501132,252,2026,4,5,22501132,cc0bc559-b0a0-06c6-8d77-0c882868093f
22501132,256,2026,4,5,22501132,c2c74a5c-7642-eac7-f00a-19286d5ba361
22501132,26,2026,4,5,22501132,41305c08-d3c4-885f-1241-b36aee06f4c4
22501132,260,2026,4,5,22501132,f85aede8-dfd5-b871-e518-f363eb40b87d
22501132,262,2026,4,5,22501132,7bc764b4-e36f-c412-bb2b-4c1944b99697
22501132,268,2026,4,5,22501132,dc74fc96-65fd-2c24-a5aa-a1482da40446
22501132,28,2026,4,5,22501132,eb2bfbd1-db71-30d8-8b2b-bfc72c3ced8d
22501132,280,2026,4,5,22501132,51e7f275-4b1f-feb6-e2f0-00eca78ebb95
22501132,293,2026,4,5,22501132,8046324f-c980-744a-27fe-62e34e1ff8fa
22501132,30,2026,4,5,22501132,813d589c-75da-31f3-1e24-6a4f254eecac
22501132,303,2026,4,5,22501132,9e866b10-33ed-e261-0b57-1449cef27682
22501132,304,2026,4,5,22501132,32753fa7-a549-2e0a-cae3-5affcd08a56d
22501132,308,2026,4,5,22501132,42cdd8ed-316f-5a68-12ed-d741aeb3efb4
22501132,310,2026,4,5,22501132,a470b841-e740-f122-863b-6aa80e711941
22501132,312,2026,4,5,22501132,a893fae8-f8d2-2e6d-0216-6033f76215aa
22501132,325,2026,4,5,22501132,cbdbe8a5-43f2-7142-6fa4-a5a79ebe3994
22501132,330,2026,4,5,22501132,512c9e7a-e43c-4185-6e41-95fb229b0725
22501132,332,2026,4,5,22501132,a9a2fb76-95a7-5b25-3fdf-0c2eb78d4ac5
22501132,334,2026,4,5,22501132,5630bdf8-d99a-05d1-5d37-4ca6d47132cf
22501132,352,2026,4,5,22501132,08f8a31a-6463-6a88-d89a-9c020975fb31
22501132,357,2026,4,5,22501132,7b95df61-cb3d-1d38-23ac-d091851bbf7e
22501132,368,2026,4,5,22501132,67f7ab98-d3cb-7204-ba01-77d902f3566f
22501132,405,2026,4,5,22501132,061ac8b3-df2e-6346-7be2-702dd4f0878e
22501132,407,2026,4,5,22501132,c10e844b-97c3-a681-7b98-e524ccae19e2
22501132,409,2026,4,5,22501132,45d8cd09-bed0-e29a-f015-201839afcf21
22501132,411,2026,4,5,22501132,53ae012f-565b-0e2f-cf86-000ba4e9b944
22501132,413,2026,4,5,22501132,8da202bd-e876-79b5-d22d-0cf7bbc833be
22501132,425,2026,4,5,22501132,91d13e15-a5db-a2ff-a85d-a0f8971655a2
22501132,43,2026,4,5,22501132,a11a35a4-c0ae-46ae-d09b-52c1833866ed
22501132,439,2026,4,5,22501132,5db8b2f3-e5f5-a2a6-75fa-172cffe664c1
22501132,442,2026,4,5,22501132,fc9b6ccf-3243-f034-674d-c687a722b82b
22501132,447,2026,4,5,22501132,eeebe525-ec36-053c-3e5a-4c54ea83eaf2
22501132,452,2026,4,5,22501132,288b3ccd-0e5f-1317-4c4d-b81958a924b9
22501132,460,2026,4,5,22501132,a38abe19-9e96-e15b-5f6e-c0990dfca226
22501132,464,2026,4,5,22501132,a72a4ac2-d6dd-4a08-953b-d23ac8a38eba
22501132,466,2026,4,5,22501132,c2544a2c-38aa-aa87-97ae-55dae36d1ad9
22501132,475,2026,4,5,22501132,748b9595-c711-a2d6-cff4-0cbb1742b0f4
22501132,477,2026,4,5,22501132,a34e6f6c-f7ac-ab99-bb7b-e431718519f9
22501132,479,2026,4,5,22501132,46f3c058-e359-7c35-8f3d-d55b159d0a2c
22501132,483,2026,4,5,22501132,f79a7b67-a2ec-e6df-8077-6eefad75252e
22501132,499,2026,4,5,22501132,be306b9c-82eb-4c40-e6d5-9eabc270ecc9
22501132,51,2026,4,5,22501132,3f5313b8-a829-5f84-5668-a9099b26c38e
22501132,525,2026,4,5,22501132,d0adb41f-59df-7839-2af7-927ef67378fa
22501132,526,2026,4,5,22501132,554e48a4-732d-5ca8-4aeb-cb256596d963
22501132,532,2026,4,5,22501132,dedf9fce-6046-033f-8139-11f0f8e51bb4
22501132,534,2026,4,5,22501132,da8261ee-00ca-a9b1-cc94-4601c7c1a328
22501132,545,2026,4,5,22501132,150b1be3-3f61-bb2c-17c6-0616179352cf
22501132,564,2026,4,5,22501132,4f10f6e1-ad27-cb98-aa93-b38f5f4c10f4
22501132,57,2026,4,5,22501132,081b6e9a-d58a-011f-b2ad-5b242a5bb1b8
22501132,571,2026,4,5,22501132,181fe605-8e9f-c426-0921-717322ee5b3f
22501132,574,2026,4,5,22501132,d0d5e264-386a-f160-1c7b-0429e2541f2c
22501132,577,2026,4,5,22501132,a83f00b8-6780-2f44-da57-9efbe699d7b1
22501132,578,2026,4,5,22501132,700924df-9080-3042-e2be-7f8360e47599
22501132,580,2026,4,5,22501132,61af5dd5-a5a7-20d6-da41-6e91afe48545
22501132,581,2026,4,5,22501132,9f7c11bd-c9b7-c8af-9411-440f1e726b84
22501132,583,2026,4,5,22501132,efe1228c-ab13-780f-a4e3-0170ec8b8280
22501132,595,2026,4,5,22501132,0a5f2b9f-3b12-d458-d4bb-e81259d73a15
22501132,600,2026,4,5,22501132,5b72e146-6849-c13f-c933-3d6d81923d74
22501132,603,2026,4,5,22501132,6f6b1883-94e3-f822-c2ed-f1c7049e8cbc
22501132,615,2026,4,5,22501132,e9ba3cb5-749c-f6e8-1e29-1ef8bc29e426
22501132,616,2026,4,5,22501132,d804538d-c1e7-ee66-223b-30efa7903dff
22501132,621,2026,4,5,22501132,f8736d6c-1b77-31b7-2763-ea726adf4119
22501132,629,2026,4,5,22501132,5ebf40fb-2735-73b0-e7ac-c4eddf32dbc9
22501132,65,2026,4,5,22501132,481d3965-5fea-59c3-1448-d6da0229e981
22501132,655,2026,4,5,22501132,cfd7721c-fec4-f8ad-acaf-050dc129ab1e
22501132,67,2026,4,5,22501132,bd8fc3d5-379a-5678-ac8c-7f6f603c57da
22501132,69,2026,4,5,22501132,0ce83875-d6f2-dcc4-82e8-043cd2b71ff3
22501132,7,2026,4,5,22501132,28c345b2-40f6-33f0-3ef3-c502c596ac56
22501132,70,2026,4,5,22501132,60ee2ba0-9e6c-a26c-b111-d7feca56f370
22501132,72,2026,4,5,22501132,d80de6c2-a63b-d6d7-4d20-3176afbba30b
22501132,8,2026,4,5,22501132,9e6240a5-49a4-a33e-5ae2-d44d22fad6b3
22501132,93,2026,4,5,22501132,ac7e2c8c-70e6-c438-525d-d5a85b8d63e4
22501132,95,2026,4,5,22501132,03010d58-19a0-f8bf-a988-2051f2971e9a
22501132,104,2026,4,5,22501132,7f5ec609-9a5a-58ec-6034-bcad1204f076
22501132,106,2026,4,5,22501132,a009ab7f-dcb1-77e4-af90-f4c9214e0d44
22501132,110,2026,4,5,22501132,ffd06239-34e5-4026-3aef-9bcaad0c4630
22501132,112,2026,4,5,22501132,7085def3-2ddb-a186-17b9-ac8bfa8091c1
22501132,115,2026,4,5,22501132,c8c871d2-2af3-0780-0074-2707d28197ec
22501132,123,2026,4,5,22501132,ea7f61e0-13c6-0eba-f0a3-4f6d06c900b0
22501132,132,2026,4,5,22501132,911e355a-d994-bf6e-e0c9-468a9290068c
22501132,136,2026,4,5,22501132,17a15bb8-f901-efd1-04dd-f303d4b769c3
22501132,138,2026,4,5,22501132,d5fa6073-0521-4bff-46ba-de05828a20e4
22501132,140,2026,4,5,22501132,feb46417-ace4-b722-7b81-d6564a0a9fb8
22501132,144,2026,4,5,22501132,2ef17bc0-8af8-c0d5-9690-8cab72d22bda
22501132,15,2026,4,5,22501132,3eb50501-df10-0432-57f6-b409cb5a47ce
22501132,152,2026,4,5,22501132,3c906557-f4cc-4426-b6ba-7095ae03b7b4
22501132,154,2026,4,5,22501132,70070ee2-079c-b796-3f5e-dbe1e9e13a32
22501132,169,2026,4,5,22501132,3cd5b45e-77c6-7c17-991d-527bd234175d
22501132,19,2026,4,5,22501132,5602b87b-2b7f-8275-625b-352d4e7c04ee
22501132,196,2026,4,5,22501132,82f32264-a243-c48e-49c2-2c8582919006
22501132,198,2026,4,5,22501132,6b316612-d568-4fac-44ab-2a1c7fb94273
22501132,200,2026,4,5,22501132,b69730f8-3803-5408-3b5f-6f4313ac07df
22501132,21,2026,4,5,22501132,2f053f1c-8f76-9749-f537-c0fda570e5e4
22501132,223,2026,4,5,22501132,3415d515-79fd-3cd3-4178-b0bba9c3acee
22501132,225,2026,4,5,22501132,fd0c4295-f43d-9bff-a203-07dfd1ba3944
22501132,227,2026,4,5,22501132,f4c1e667-4099-9e74-0e2f-957676ab320f
22501132,229,2026,4,5,22501132,7f43a6e9-4fd2-23e3-3eaa-eeec6d983f78
22501132,232,2026,4,5,22501132,54d4a8b2-b09a-2d1e-ed65-116ded799c94
22501132,234,2026,4,5,22501132,3e8c5f0b-c98e-ec80-fcb3-67e44a97998a
22501132,236,2026,4,5,22501132,b7214f7b-f78a-e13a-a91d-0f37ddec6115
22501132,243,2026,4,5,22501132,e9c578e2-8ee6-8763-a2c8-cd89587446a2
22501132,251,2026,4,5,22501132,e33ec98b-9bdc-dbc5-5f8d-fbb218e9d85a
22501132,261,2026,4,5,22501132,cc503e59-2ae5-497e-f898-5ca96b377387
22501132,263,2026,4,5,22501132,6c83bf4b-437c-d87f-7190-3ce8c845fcbd
22501132,269,2026,4,5,22501132,04ab3335-238d-7b50-daa4-faf130237f2e
22501132,27,2026,4,5,22501132,05a26ed6-cc23-549d-0458-b080c00180d8
22501132,274,2026,4,5,22501132,0f8ec7bf-7f57-000d-23bc-2909065c79c9
22501132,29,2026,4,5,22501132,f0d937a9-d950-c14d-060a-26ab5ad201a8
22501132,294,2026,4,5,22501132,ca7b0d2f-e4ed-0f13-2ed0-5194c3877b3f
22501132,305,2026,4,5,22501132,421f298d-1bfb-bdef-6243-2d492c831f26
22501132,309,2026,4,5,22501132,1a94d4ae-aeaf-4481-551e-04997af65f3b
22501132,313,2026,4,5,22501132,8f304275-add4-ceda-39a6-e983e7383184
22501132,326,2026,4,5,22501132,0f0476d0-c062-5a16-7796-8b488a51c64a
22501132,329,2026,4,5,22501132,18fb7c37-d131-a7a5-7ef6-6326b6b5aa82
22501132,331,2026,4,5,22501132,3074b49b-eaca-7732-39cd-12caf778b8e0
22501132,333,2026,4,5,22501132,90fe4925-7df3-3b8e-b73b-199a8ace91fc
22501132,344,2026,4,5,22501132,87892af2-da85-2528-c007-53b7e40f8c56
22501132,353,2026,4,5,22501132,85cd7481-27a0-7df2-77e4-774d5f9aa076
22501132,356,2026,4,5,22501132,21fe8a6f-ef0a-a942-b155-7eeb3d53086c
22501132,358,2026,4,5,22501132,dfcce3e9-3423-e071-1f09-e516d2039f97
22501132,369,2026,4,5,22501132,97447c95-77b7-ea5d-dd04-bac232606094
22501132,406,2026,4,5,22501132,c401f0a5-74ba-6b3b-e927-3bcfbb757b05
22501132,410,2026,4,5,22501132,a67b45fe-efe4-5776-f3f1-84d3bbf55cf0
22501132,412,2026,4,5,22501132,568203cc-71ce-8618-57cb-ef6db7438ed2
22501132,443,2026,4,5,22501132,8fd0535b-c1e1-15ac-2fff-b1d4c8cc946e
22501132,446,2026,4,5,22501132,b3a2a68a-9a93-d816-9d3e-ba52e6a9da2a
22501132,453,2026,4,5,22501132,f632c096-bd86-b2be-1c17-abe74d6f332c
22501132,465,2026,4,5,22501132,0c913e07-da5d-5364-f29d-ef5e80a6a7ca
22501132,476,2026,4,5,22501132,549f9148-d8a8-8c46-e9fd-f38a2ce95877
22501132,478,2026,4,5,22501132,dc940e6a-ca9e-148f-3c5f-bb5968206944
22501132,482,2026,4,5,22501132,682cbdfd-11c2-427d-b55a-7b359524dc9f
22501132,500,2026,4,5,22501132,b624bf59-3679-e1ae-0995-5d579262e4de
22501132,533,2026,4,5,22501132,e40fa14d-5593-5e0e-aa81-50f39244e2f5
22501132,535,2026,4,5,22501132,2c4d460a-2b29-7e69-78da-d96d126eb836
22501132,563,2026,4,5,22501132,de714b3c-2366-fd62-5d26-668fe32f3386
22501132,565,2026,4,5,22501132,e94fcd6e-0fa1-aab0-3c36-4913cc14bce6
22501132,579,2026,4,5,22501132,cf82fade-46d7-60b8-fdb2-722dc4ccc2dd
22501132,58,2026,4,5,22501132,f95dfbd7-314f-ead4-daa7-900663824d93
22501132,582,2026,4,5,22501132,f0255db8-ba1e-c020-e7ec-994f61b9eac1
22501132,599,2026,4,5,22501132,56f6d815-796c-981c-f145-e340e4e680f8
22501132,617,2026,4,5,22501132,5a14bc11-5f23-b080-e541-02422ea63ac8
22501132,622,2026,4,5,22501132,a057ed68-06ad-2d44-80d2-5ef563d6cda0
22501132,630,2026,4,5,22501132,8af5208a-0707-5379-0b2c-38352ff93590
22501132,66,2026,4,5,22501132,51c6818b-ef52-6dfc-5eba-ad4747032e65
22501132,68,2026,4,5,22501132,56672e35-e9f6-8fc1-8dd4-1099426ca92c
22501132,71,2026,4,5,22501132,3c56d529-a8ea-8ca3-c45c-e81059fb31f1
22501132,94,2026,4,5,22501132,b8e0b15b-dc52-63e8-daae-999228fd80ed
22501132,96,2026,4,5,22501132,feabe2f3-dca9-c3cb-c9ce-060199bdb148
22501132,107,2026,4,5,22501132,2140f81f-1b0e-f45c-e5a2-8047ea5f1c7a
22501132,11,2026,4,5,22501132,761dc626-cbf1-7dab-325d-a3ab3728523c
22501132,176,2026,4,5,22501132,ccadcf94-f754-2aa0-37d5-fb82ef78b285
22501132,183,2026,4,5,22501132,025cf953-f4f8-688e-162c-c2b64b61ee2a
22501132,36,2026,4,5,22501132,d9b65d25-bb22-7bc4-8524-06cb003b8654
22501132,403,2026,4,5,22501132,35a913de-026e-8025-4b07-9d035f2622b0
22501132,420,2026,4,5,22501132,9cc1a6f5-dfa3-1c6a-9a6f-1751012f6ed5
22501132,437,2026,4,5,22501132,2aa2f95f-11bf-75a3-eabc-a5d6a55389d9
22501132,46,2026,4,5,22501132,94b2a4b4-4619-d659-de85-e8495fc44e3b
22501132,523,2026,4,5,22501132,fbb0c1e3-7df1-e44d-f80f-31a090a9b447
22501132,584,2026,4,5,22501132,f048d828-99ea-2e9d-cc8a-369f5d401dd6
22501132,59,2026,4,5,22501132,658a0d0c-6692-97be-85df-524e0a0dc683
22501132,601,2026,4,5,22501132,c2e27ade-d321-a67f-9e50-d54a6f4b3ab0
22501132,613,2026,4,5,22501132,a951511a-d8a9-e00a-0c98-fe57a08c03b3
22501132,623,2026,4,5,22501132,424eb4ee-a25f-8068-4fe0-8f3f872ff8c6
22501132,625,2026,4,5,22501132,5eb620ef-3317-ed49-b83b-a172c1a8629f
22501132,113,2026,4,5,22501132,f279bc48-e783-d4ed-c793-b7b4d9253bf6
22501132,13,2026,4,5,22501132,da28a24c-9826-456e-fc04-5ffb4b3ce6a8
22501132,175,2026,4,5,22501132,5426ced1-8e30-4432-2ea1-ada816438d29
22501132,205,2026,4,5,22501132,72d51312-54e7-a92a-37ed-3d71fb18ed43
22501132,217,2026,4,5,22501132,879004a0-ddb7-3fe7-b0c9-7260157f5ffb
22501132,249,2026,4,5,22501132,123c6c24-a3be-f365-268c-f6cd49ddbb31
22501132,275,2026,4,5,22501132,c2d7b909-8310-ca27-8441-3cddd19d853f
22501132,316,2026,4,5,22501132,a390b623-c73e-f817-2d50-35909d774732
22501132,337,2026,4,5,22501132,006f151f-e6e1-eb96-d696-95651a8c2a40
22501132,359,2026,4,5,22501132,b6ec063f-f711-2779-a982-c73161faf60e
22501132,364,2026,4,5,22501132,bb1d6cc7-1c35-6ca9-5be5-108b8d3372f9
22501132,367,2026,4,5,22501132,e8bab095-4e77-5ff3-8ce8-a8d24c19f937
22501132,416,2026,4,5,22501132,1474cb67-1f20-669d-7632-2345f90f6c6e
22501132,507,2026,4,5,22501132,7f2dab52-4ad2-3992-d978-1757435d653f
22501133,124,2026,4,5,22501133,1a362b24-5d3d-b2ab-d175-b1f280cb1424
22501133,146,2026,4,5,22501133,cf8520ab-77e0-c653-513d-442414c2d267
22501133,148,2026,4,5,22501133,b00bb8e0-43f7-a34c-fdd5-7316465b0d3d
22501133,15,2026,4,5,22501133,4b1831c8-3148-f37e-ae28-8a7f0af4047f
22501133,182,2026,4,5,22501133,06dd7dbe-c8b5-bb19-50f7-2edc73bff4af
22501133,186,2026,4,5,22501133,7733bf01-d2b8-8346-667f-13f4f680ee56
22501133,190,2026,4,5,22501133,46a7c97b-34bf-6133-3279-71ebd358b533
22501133,192,2026,4,5,22501133,6ae1aa75-0816-0e6a-3111-5f1554375827
22501133,203,2026,4,5,22501133,9527e5df-5f82-4dc1-5be7-2f56015e7349
22501133,225,2026,4,5,22501133,13c2c6ee-f89e-8462-22c5-9f9522905d1f
22501133,229,2026,4,5,22501133,d5b6bcc5-efba-783f-4408-dbbc9145f0de
22501133,269,2026,4,5,22501133,6a07d27a-4182-f9b3-cf20-56eb58c27def
22501133,274,2026,4,5,22501133,5d01b8fd-2f45-c5e5-6305-6e59753353e9
22501133,287,2026,4,5,22501133,ec858870-bf8b-f5e9-f558-07c28ca3a5af
22501133,304,2026,4,5,22501133,5a6508c7-b08b-ed14-5165-53a4f932b64a
22501133,316,2026,4,5,22501133,bf8c8195-4e76-536c-503c-44476bb30b1a
22501133,327,2026,4,5,22501133,2383e5c6-600c-bc07-046c-a002b05055d3
22501133,336,2026,4,5,22501133,d7ad2280-a816-5b9a-8835-ae031f29d137
22501133,34,2026,4,5,22501133,bd2f397b-e00e-1033-7384-61092c00e51b
22501133,354,2026,4,5,22501133,8ac1192d-0b98-37eb-ded4-9baba70f8906
22501133,357,2026,4,5,22501133,d0bccb1c-4f61-9cfc-e805-ddad82b2564e
22501133,401,2026,4,5,22501133,37bcba98-c1c8-10ef-5411-211821d93965
22501133,403,2026,4,5,22501133,18b8d7a4-0187-1e5b-3275-02a545260670
22501133,416,2026,4,5,22501133,a0dfe815-b945-2a7c-2750-1d4fdd35613c
22501133,45,2026,4,5,22501133,75947a6b-32e9-cbc9-2073-cebff1f66154
22501133,452,2026,4,5,22501133,2fbad307-d1aa-b320-5b18-3b7ebb6c623e
22501133,456,2026,4,5,22501133,0be66b0e-fb77-251e-3c6d-2835494bde47
22501133,460,2026,4,5,22501133,7de99afc-6c65-45d1-9ec2-b9d4919ac920
22501133,47,2026,4,5,22501133,f7477c90-fd1d-099f-0977-a4d44c0210e9
22501133,484,2026,4,5,22501133,8ea4a2b2-6cd0-bc78-a7a5-07b3076b8539
22501133,506,2026,4,5,22501133,b98430a5-09db-bfae-5cc6-7453681e35a3
22501133,510,2026,4,5,22501133,5c626d45-ad2f-74b1-fe9f-4fee3f7ca4d0
22501133,513,2026,4,5,22501133,51ce4cb4-3214-2e54-9969-0b41d110b5c9
22501133,52,2026,4,5,22501133,927bbbbb-d891-5188-504b-3fa13fa8712f
22501133,533,2026,4,5,22501133,c2c91566-7103-a0b6-38d8-b3afa98fc365
22501133,550,2026,4,5,22501133,2738eae5-3022-1066-5f2d-918b7db480c3
22501133,561,2026,4,5,22501133,92f25cdf-57a4-6700-b5dc-94be48095ee0
22501133,571,2026,4,5,22501133,9143dca9-4ede-ae90-80ec-58c8c3e9a236
22501133,575,2026,4,5,22501133,30fa9409-3dc8-977d-4166-0da0bfeb71dc
22501133,595,2026,4,5,22501133,cb06cd33-b983-0cb1-2e24-6d5ab151ab73
22501133,60,2026,4,5,22501133,dde5a438-b2d8-6571-1e97-2d7200bdc403
22501133,602,2026,4,5,22501133,fd9d701e-33fc-ec0b-4252-8098248a2a25
22501133,604,2026,4,5,22501133,1e019e62-9482-5d08-5650-3248e2cafcae
22501133,606,2026,4,5,22501133,50a8268e-83ad-7878-c062-7048272adc6c
22501133,612,2026,4,5,22501133,6e259da0-1530-cf66-3a51-df0ab144994b
22501133,62,2026,4,5,22501133,ffef2f71-7ba5-90da-8475-28b06e3f33c3
22501133,620,2026,4,5,22501133,ad2bb2d4-d4c8-59a8-f2a4-735c71a4ada6
22501133,76,2026,4,5,22501133,23895d19-655b-553a-9de9-3089ac094c1d
22501133,93,2026,4,5,22501133,a9d8e1d7-0d93-dc53-457b-53c0789ecc0b
22501133,114,2026,4,5,22501133,e659c14e-3f26-8cd1-e55f-640b43e3b6b2
22501133,121,2026,4,5,22501133,291b0cad-9a2c-e941-aca3-c266071ee557
22501133,213,2026,4,5,22501133,40da77c7-6b31-85b5-e88d-56922c0825c5
22501133,297,2026,4,5,22501133,7de95988-7262-a007-dbbf-c3f3dc2d4b4a
22501133,300,2026,4,5,22501133,77255f05-2f7a-636b-3ccf-67b4acaf4516
22501133,42,2026,4,5,22501133,eabea26c-be2d-3897-f637-ee282d84f600
22501133,428,2026,4,5,22501133,3c419788-3e54-741f-738e-10ff1eed2860
22501133,520,2026,4,5,22501133,25bf849b-67c0-b8e6-69cb-7d0705911fe0
22501133,585,2026,4,5,22501133,f50c8f47-73a0-eac3-764d-dbc7e4812897
22501133,84,2026,4,5,22501133,f240863a-c3c0-3890-b395-d3e0e7694222
22501133,9,2026,4,5,22501133,4f82ec59-62f7-90ed-763f-28278bed9493
22501133,95,2026,4,5,22501133,4887efca-efd8-37bc-7c87-d1610e50529e
22501133,113,2026,4,5,22501133,8ee4d96a-2e86-2923-13c3-1bbfa418be8b
22501133,117,2026,4,5,22501133,76a983da-1e11-3119-e810-8297a7f03221
22501133,119,2026,4,5,22501133,f7e4114b-29e9-cd4c-f53f-d711e8c6feb2
22501133,13,2026,4,5,22501133,5f0dbbf6-3942-36da-6311-b4d8ffe3265e
22501133,132,2026,4,5,22501133,8001586f-04c2-3f70-b60b-92c386c5ebb8
22501133,136,2026,4,5,22501133,99f44aa5-314f-0030-2550-aa2e9a587408
22501133,137,2026,4,5,22501133,2e2f78a0-3076-02e2-126d-7883bb08b58a
22501133,152,2026,4,5,22501133,999e803c-4195-ecd0-2c24-b858d2708148
22501133,159,2026,4,5,22501133,cc5c27c2-133e-b99f-4839-c9450da693b8
22501133,161,2026,4,5,22501133,8782576c-5e51-10b2-3e3c-4ef3af7c41e4
22501133,163,2026,4,5,22501133,4306eb4c-f846-d143-f16b-b87d00a42288
22501133,164,2026,4,5,22501133,44c4e99c-c6c3-af88-d9a0-f869f4e04779
22501133,168,2026,4,5,22501133,4c881933-e74b-cd4f-7c2d-c3b89afca5e4
22501133,169,2026,4,5,22501133,c439321a-b8a9-da88-c949-d70f9ddfb001
22501133,171,2026,4,5,22501133,fd78a289-8df5-98af-bd1c-d5d688856260
22501133,172,2026,4,5,22501133,0956e2db-1e7b-4510-a58a-5b972d2b6e79
22501133,174,2026,4,5,22501133,e0a7ef8e-3d8d-5d7a-ac0d-8b1bbb3dd68a
22501133,178,2026,4,5,22501133,f2b661e8-0cf7-8ce6-8a22-beabd98604fd
22501133,179,2026,4,5,22501133,669d08f6-5c13-c5e0-9ccf-44cd7e357ee6
22501133,188,2026,4,5,22501133,c88feda1-1e86-c9d1-91ea-6b78837ce3f3
22501133,194,2026,4,5,22501133,69775aba-e512-8805-8699-4cce31e01779
22501133,205,2026,4,5,22501133,7aa479f0-a443-4082-6bfa-85471b4da204
22501133,209,2026,4,5,22501133,50ad734d-acc6-554a-2c54-f1138ec7ab6f
22501133,211,2026,4,5,22501133,4a8ba346-cab4-4a0d-1530-166224447bc5
22501133,212,2026,4,5,22501133,ea8fac27-4f0c-d65c-d3fe-c4dcac9d4ccd
22501133,227,2026,4,5,22501133,5d64e6bf-3f05-d5ce-55f1-b0807778f3af
22501133,23,2026,4,5,22501133,917cfc2c-4414-dbd8-627d-2c41b5fd7f50
22501133,240,2026,4,5,22501133,21a18e41-31d0-12cb-8d52-ce80fc43ad68
22501133,246,2026,4,5,22501133,0be9fc2b-31b9-d5e8-88e3-c1ca98989e9d
22501133,255,2026,4,5,22501133,cfcdc04a-7cb0-5649-8a3e-4a258ac67232
22501133,257,2026,4,5,22501133,4abff2cf-0ef1-cf2d-9586-344afe4e2bfc
22501133,259,2026,4,5,22501133,6bed39e9-b7a9-3a98-cf08-f75bc9c7c179
22501133,260,2026,4,5,22501133,852f7408-3abf-b4fe-3ce1-410be963c36e
22501133,262,2026,4,5,22501133,858b0010-b85e-9855-7a0c-e9148f1c4d6c
22501133,263,2026,4,5,22501133,ec147d6e-3bdf-2668-84a9-e941d0b759cd
22501133,283,2026,4,5,22501133,226c1908-03c2-974a-b088-2e780c4fe75d
22501133,29,2026,4,5,22501133,da263c10-5cbf-f5ad-401e-84e4cd47d88d
22501133,293,2026,4,5,22501133,393c39c5-0d1d-62c0-540f-2114d160107a
22501133,295,2026,4,5,22501133,5373f467-b70f-c276-f3a4-70b930851ad2
22501133,306,2026,4,5,22501133,993441fd-ea7d-6420-f89b-f815bab7f953
22501133,310,2026,4,5,22501133,20aab860-9972-1362-68a1-2967e653707b
22501133,312,2026,4,5,22501133,46aadd7f-ade0-03e0-4539-399d331ffd81
22501133,318,2026,4,5,22501133,f700f829-9068-9b78-d082-4bb66e1ccfae
22501133,331,2026,4,5,22501133,12d6b859-4b59-b9b0-3d8b-69a8d33cf195
22501133,340,2026,4,5,22501133,b532ced7-8295-5789-23ce-24050a3ee50a
22501133,341,2026,4,5,22501133,2583dac3-70e7-7add-8644-d8bb266ffb21
22501133,343,2026,4,5,22501133,38632638-c10c-c620-8e01-5fa4ee27b91e
22501133,344,2026,4,5,22501133,4a70e211-1b31-f7bf-5ca0-3516e189c1c4
22501133,349,2026,4,5,22501133,504ff3a9-987c-adc7-f170-d38ae11ffd3b
22501133,350,2026,4,5,22501133,94a3a01e-4767-6a08-7867-0b3d5f8f8649
22501133,352,2026,4,5,22501133,866d865b-ca71-99b1-5a1e-2aa5770950f5
22501133,356,2026,4,5,22501133,e68f08f2-c0ba-ad14-24b8-cbf25b186d4c
22501133,359,2026,4,5,22501133,ff52945e-9217-d22e-d2b4-f844f687b716
22501133,371,2026,4,5,22501133,8577962a-a0f1-f236-9675-97c95e902532
22501133,378,2026,4,5,22501133,8b280d1b-6dd3-2644-7892-58b5f2d53cfe
22501133,380,2026,4,5,22501133,32313af0-1658-b37e-8e82-b0a9b2742340
22501133,382,2026,4,5,22501133,2489a793-6874-45b6-02d2-cb6cfc1c2b03
22501133,389,2026,4,5,22501133,60d8d11d-2c94-bd8e-45b1-730f248a7d72
22501133,391,2026,4,5,22501133,7b361da9-2f12-1493-fe5f-7610ea471562
22501133,394,2026,4,5,22501133,3f6f105b-d6a8-f617-ca2a-dc0c481c93df
22501133,397,2026,4,5,22501133,6f769828-9f91-29a5-58b2-53490007b165
22501133,399,2026,4,5,22501133,13cf107c-194b-9b20-61d3-3828c60fc36b
22501133,41,2026,4,5,22501133,2201502f-2437-fe92-6bff-b63483962318
22501133,435,2026,4,5,22501133,a4fe034f-e91a-c5e6-5b7e-81044bdc0483
22501133,442,2026,4,5,22501133,f00051c5-f8ce-bed9-0ff6-7cd07f344581
22501133,444,2026,4,5,22501133,bd8e64a5-a48a-c9e1-a275-1688d517c6c8
22501133,446,2026,4,5,22501133,3762d129-972f-53e9-479d-5140377a841a
22501133,447,2026,4,5,22501133,0d55401f-918d-ce5a-ef06-69160b0f2851
22501133,449,2026,4,5,22501133,e92823c3-a33a-76b1-701f-a261f141d627
22501133,450,2026,4,5,22501133,adeaa285-847c-a213-d239-e43dfac976b0
22501133,467,2026,4,5,22501133,e9303f0e-7bbc-3cb8-8b6a-6c7fa55a777b
22501133,468,2026,4,5,22501133,5b9095c4-19de-dad4-76c1-6fa05ee56f2e
22501133,475,2026,4,5,22501133,a3a0ca56-3010-790e-4260-4dd0e1f76278
22501133,481,2026,4,5,22501133,0e6cd782-1abf-c809-99de-c6dba4cc7c27
22501133,486,2026,4,5,22501133,e31d5c63-0fc3-9a6a-14f3-da2a4eaca0f1
22501133,488,2026,4,5,22501133,bef624a3-266d-0a2c-6e3f-4b443cba205c
22501133,489,2026,4,5,22501133,66c268ad-4e7a-71f2-10b6-cc4ea119151f
22501133,497,2026,4,5,22501133,c3ed0e8f-c6ce-d369-46e4-27971e3aae23
22501133,499,2026,4,5,22501133,6acf2a4c-2efd-790d-0584-227f7667f43d
22501133,508,2026,4,5,22501133,2c819bff-6c14-1b6e-ffd1-eb45ccd05dac
22501133,516,2026,4,5,22501133,0b878cc6-cf5d-b566-3bbf-f2e30f596d99
22501133,518,2026,4,5,22501133,1e7437fd-f720-c102-b9cb-1f1f216b093c
22501133,523,2026,4,5,22501133,863491f1-e138-e685-1dad-0f56e828748c
22501133,534,2026,4,5,22501133,8fe47b6a-d3bf-f274-087c-8d6d95f29b8d
22501133,536,2026,4,5,22501133,1aac6647-db67-0d2f-f403-afcebd2512b1
22501133,547,2026,4,5,22501133,cf0d3e1a-2f64-4429-3532-dbe7bef3dbcc
22501133,549,2026,4,5,22501133,1f70197d-5f12-1032-2b75-74f2515c074c
22501133,553,2026,4,5,22501133,82ff3e98-3be3-d16e-b520-0bd0c0d54d26
22501133,555,2026,4,5,22501133,73e0d3ac-c20b-1e44-2d0e-45717532ed7a
22501133,570,2026,4,5,22501133,15ff4725-8461-21ec-e6e6-68c641e9d670
22501133,573,2026,4,5,22501133,f56698f3-b59c-a60c-1559-17153e8e76b4
22501133,58,2026,4,5,22501133,7e42960f-f76e-6aa2-38e2-8957097fa44c
22501133,593,2026,4,5,22501133,f43527ca-9e73-4d20-dd5b-2586ee98b198
22501133,599,2026,4,5,22501133,75e38e1b-aa16-2220-cb78-ea49efbbcd8a
22501133,600,2026,4,5,22501133,6eaa0163-7111-4f05-869b-a7833142f04f
22501133,610,2026,4,5,22501133,d7483973-11d9-6a32-883d-7697e1526bee
22501133,622,2026,4,5,22501133,02c50aae-c121-64f4-2910-cbfb7175692c
22501133,631,2026,4,5,22501133,d89f6f12-d97d-7353-ace8-595d70f93cd3
22501133,636,2026,4,5,22501133,e32f0ad8-9802-787a-d6b1-0e36e5ebaa12
22501133,64,2026,4,5,22501133,486f52df-c143-c7cf-9c91-91d4762e3896
22501133,7,2026,4,5,22501133,a789f6a3-e2ee-3781-49af-94d5afbf435e
22501133,70,2026,4,5,22501133,96cd9d2a-3c5c-a5ae-96c4-a730e312dc9c
22501133,74,2026,4,5,22501133,b6d46715-cb44-75f0-e8c0-74c9780a984d
22501133,83,2026,4,5,22501133,5e30ea47-2184-2d73-42f9-bc2a1dd17b27
22501133,98,2026,4,5,22501133,7cba6230-5e58-1f41-897b-f49056484914
22501133,99,2026,4,5,22501133,23f92c68-02e5-1914-5bb2-c1f990d25523
22501133,100,2026,4,5,22501133,50fcef88-4d30-c7cf-ce99-fbea16b1c93a
22501133,116,2026,4,5,22501133,8b151e59-d67e-1f53-b450-b2e58f4876d7
22501133,118,2026,4,5,22501133,e1ce02fe-301c-0192-183a-f1d2e3dd73fb
22501133,120,2026,4,5,22501133,fcb2fef4-1c8e-c128-de5f-5ade961acb77
22501133,123,2026,4,5,22501133,8d2d2b4a-83f4-76d9-71cc-2dcdeac533fb
22501133,131,2026,4,5,22501133,5f18b6d4-3afd-641c-24a0-ebcfb9e8b0cf
22501133,138,2026,4,5,22501133,b7b00555-9217-aecc-1492-c44494e38bf4
22501133,14,2026,4,5,22501133,02ffc717-70b9-ede3-581b-8cf929356688
22501133,143,2026,4,5,22501133,5c4faac8-f9ba-f2cd-45a3-d63e70d457e1
22501133,153,2026,4,5,22501133,b3718ae1-b369-98ea-9039-783741157d79
22501133,158,2026,4,5,22501133,f96c3b7f-5087-4448-1913-ebd174f1769c
22501133,160,2026,4,5,22501133,a2621d2c-0168-4306-4d4d-0a23e47d25ca
22501133,162,2026,4,5,22501133,7fe34490-6802-778a-6540-8462b3384072
22501133,170,2026,4,5,22501133,138e9a5f-9b09-059e-2b6b-bf9e7f346c8b
22501133,173,2026,4,5,22501133,df1c4438-9b0f-b0f9-00af-4b6fe4fe98e6
22501133,180,2026,4,5,22501133,99d5c63e-a5cf-6510-16d0-bcc94654e1df
22501133,189,2026,4,5,22501133,7677f816-0975-8adb-69ec-a6c9b486e8bb
22501133,206,2026,4,5,22501133,a2e4ad2e-13f2-ee84-84ca-93382437efbc
22501133,210,2026,4,5,22501133,96e38be0-a6bf-35ed-966b-b7420275339f
22501133,22,2026,4,5,22501133,1e63524f-7c1c-9ca1-d236-42763a57ebfa
22501133,228,2026,4,5,22501133,1a6a8af3-40a5-b9d1-0141-d7fcaaeb6e2d
22501133,241,2026,4,5,22501133,b0e5b05a-1daa-6fb0-176e-271415aeb445
22501133,256,2026,4,5,22501133,f4174db1-192f-17e0-e5d0-ce3f26fbb505
22501133,258,2026,4,5,22501133,4f309ee4-2000-3640-ef1d-4e5b5b691a74
22501133,261,2026,4,5,22501133,ccf7e296-57f5-a39f-86a4-d75107b5a826
22501133,264,2026,4,5,22501133,081c8076-ed38-7ee2-3e0c-0330fcf098c4
22501133,284,2026,4,5,22501133,4e31c705-0298-dac5-3679-ce16352a509a
22501133,294,2026,4,5,22501133,ce3f6d20-2a47-5b76-e23b-c0dd7e3c0d2a
22501133,299,2026,4,5,22501133,51b907a9-28d3-b41a-5159-2c855c2ffbd7
22501133,307,2026,4,5,22501133,6ee9b2e3-7e6d-add9-6e8d-3729989e7861
22501133,311,2026,4,5,22501133,620ab098-ea54-e76b-0e62-3731b7b038d0
22501133,313,2026,4,5,22501133,be048fad-0590-b654-e305-6c9fd30c59d4
22501133,319,2026,4,5,22501133,a1dc6f7b-34ab-d687-c674-b3c23b6aec69
22501133,342,2026,4,5,22501133,0336ae36-b86e-f6b5-a71f-5a543e8c6217
22501133,345,2026,4,5,22501133,3e2f1dc0-1033-6342-a61f-f8eba0f7792a
22501133,351,2026,4,5,22501133,6f354d60-3c53-7927-f2ba-f812305d00f9
22501133,353,2026,4,5,22501133,992e4704-7a31-d568-3001-9bc7258df301
22501133,372,2026,4,5,22501133,12911b85-a0c8-cc56-fa9f-f3f589afeca2
22501133,379,2026,4,5,22501133,4886f2f6-3dac-b517-0e04-f1b119b580c3
22501133,381,2026,4,5,22501133,b4dfcaee-75c4-dfad-daf1-a55f26725fb6
22501133,390,2026,4,5,22501133,6334609e-3a6e-91af-67d8-bb20d3514d6d
22501133,398,2026,4,5,22501133,ef390f27-293e-8779-cbc5-d6b90a1f5759
22501133,400,2026,4,5,22501133,acf0abb7-4a90-327b-61d1-7b3b96a36644
22501133,436,2026,4,5,22501133,bbd7e0e9-e19d-2177-2681-3002ff5a79fc
22501133,44,2026,4,5,22501133,0e7af471-c92b-f43f-2806-3f8487877cf2
22501133,443,2026,4,5,22501133,93d14170-aa50-5b85-a75e-ae462e61cda4
22501133,445,2026,4,5,22501133,3e391827-ad57-91ab-aa50-df7cacea19a7
22501133,448,2026,4,5,22501133,9e9afc34-4dba-496f-0ed6-44eec402fefe
22501133,451,2026,4,5,22501133,186a8f5a-5a80-6ecd-2e37-22459a961e38
22501133,469,2026,4,5,22501133,36fd6913-e50f-6020-5ca1-f6fdc4315b88
22501133,487,2026,4,5,22501133,169a0f9a-6d3a-9610-c3d7-c9d1bd0611d0
22501133,496,2026,4,5,22501133,d03299ab-f662-59ff-7319-6c115ba9000d
22501133,498,2026,4,5,22501133,baccffbe-15d2-98d4-3116-482755422e0d
22501133,500,2026,4,5,22501133,dc296922-2141-1e50-c931-a74b3eb8d110
22501133,509,2026,4,5,22501133,742aa8eb-3e73-a67a-35be-a695605a00ae
22501133,517,2026,4,5,22501133,036f6a28-5be5-12ca-dc11-21707ee1e655
22501133,519,2026,4,5,22501133,21fc4f20-7747-a9da-de9e-3e7d21d71dff
22501133,522,2026,4,5,22501133,2bb7f9e5-8244-449a-9645-bf21687185e1
22501133,524,2026,4,5,22501133,a966d310-38b7-10eb-446d-a16a6aa2a3b1
22501133,535,2026,4,5,22501133,2dfcbf3d-6ef8-c55c-d478-4ea67d04acfd
22501133,537,2026,4,5,22501133,6cbba062-6f49-fb73-f2b5-de64c55c34c3
22501133,548,2026,4,5,22501133,36cea224-29db-7883-9686-1b68e09a0339
22501133,554,2026,4,5,22501133,e4bd4371-9447-eb8f-3c0e-c6e2ad551b18
22501133,569,2026,4,5,22501133,9082f261-f7d9-1d95-9ed5-a2b5d4951c80
22501133,574,2026,4,5,22501133,964160fc-367b-1200-8ef9-1420eab0b91e
22501133,586,2026,4,5,22501133,a5881cbb-6f07-779c-d5df-ddea2ef96a8b
22501133,59,2026,4,5,22501133,2afb92a6-27d7-a121-6697-2dbb1812f744
22501133,594,2026,4,5,22501133,6763422d-1b2c-9ee6-83c2-92b0292e8e74
22501133,601,2026,4,5,22501133,6ab8ad34-95fa-b44b-cd74-3f49430f6257
22501133,611,2026,4,5,22501133,1d48ebc6-8b49-e510-3a6a-8eee50b859ac
22501133,619,2026,4,5,22501133,0945989b-0383-e597-77cc-7ea922d5d2bd
22501133,65,2026,4,5,22501133,e121f1cd-f5da-2a3a-7f26-adef7278bd84
22501133,75,2026,4,5,22501133,5eba201d-f457-c6ce-4edd-c76f18d79ce8
22501133,8,2026,4,5,22501133,ae086da1-e537-30b0-c29c-97ef36f03dbc
22501133,86,2026,4,5,22501133,169c5740-bdc5-9793-e0c3-0e239460b42b
22501133,97,2026,4,5,22501133,22f86c1c-66ce-2f82-e561-34d36df821d0
22501133,144,2026,4,5,22501133,ba823e8d-d26c-cde1-a8a8-4cdb03a39d8e
22501133,150,2026,4,5,22501133,d3fb42f7-5392-4436-8bd1-a8549dbcb0b7
22501133,184,2026,4,5,22501133,f155a5c2-6a4d-4000-5ccd-391faccf5ee5
22501133,200,2026,4,5,22501133,ab6fe8de-7741-32c5-69ac-92896b14cc7a
22501133,207,2026,4,5,22501133,4b3fcd1c-ee6b-1c7f-8550-f2d55be9dc4f
22501133,27,2026,4,5,22501133,d7d89f85-abf5-2f4b-60c4-99c99c4aad16
22501133,285,2026,4,5,22501133,20e40818-89cf-c821-2a33-cf2378a640ea
22501133,308,2026,4,5,22501133,7d00232d-1bb1-533d-4b45-de91716b36e2
22501133,329,2026,4,5,22501133,17beddac-7ce8-708e-5b16-58490b2ab9ef
22501133,338,2026,4,5,22501133,bdc0e1a2-f74c-f5d2-304c-415232275447
22501133,346,2026,4,5,22501133,0f619892-9504-611e-dfe4-61d5a0a974e9
22501133,392,2026,4,5,22501133,094194d7-e3e5-9bab-c296-e94b84e71fcc
22501133,395,2026,4,5,22501133,e330db18-737a-6ecf-70e7-d9497d99a606
22501133,454,2026,4,5,22501133,332d7084-a7a0-fba7-13fd-a14b7409737f
22501133,465,2026,4,5,22501133,fa3e3df5-3f07-256e-94f2-4ee26ec925bf
22501133,504,2026,4,5,22501133,8aaa5f6b-1ae6-c56e-b65c-e1dd55666b23
22501133,597,2026,4,5,22501133,84a02939-a296-a569-96b2-bec79378c9d9
22501133,67,2026,4,5,22501133,3b68db8a-b094-8980-3ab2-2a183622149b
22501133,78,2026,4,5,22501133,edc3cd07-f6d0-19c2-17ac-5b10ea73ef0d
22501133,80,2026,4,5,22501133,26a329fa-d241-be64-11a0-0f0b650f7a3e
22501133,181,2026,4,5,22501133,d0a8369d-01c0-45d1-98d4-757bcdfc9c53
22501133,202,2026,4,5,22501133,2cafdb47-48ad-f76f-6d51-a62d5da7c026
22501133,247,2026,4,5,22501133,46184075-dced-d79f-d678-0bdab1b47f80
22501133,348,2026,4,5,22501133,9f7e5e4a-013e-7f34-bf19-d077b9ba6ceb
22501133,36,2026,4,5,22501133,2aecb072-bf5d-c9b0-1b97-00f09ceedb94
22501133,377,2026,4,5,22501133,e6dabb19-1a5a-6f0c-81ee-a54ad7f6d819
22501133,434,2026,4,5,22501133,198979fd-86e2-d6a1-3384-da9df696aca6
22501133,512,2026,4,5,22501133,09e924be-ef0a-d164-d10c-ec7d9078240c
22501133,540,2026,4,5,22501133,bbe29dc4-1ce7-ac0c-d146-2636daee6788
22501133,609,2026,4,5,22501133,886ea983-5049-df5b-179e-d20addc12a29
22501133,82,2026,4,5,22501133,a166dd5e-d7d0-1c13-dba6-75f5d3c1e980
22501134,118,2026,4,5,22501134,c9cae317-13ae-22f3-1095-247349d4629b
22501134,126,2026,4,5,22501134,ab2d53d1-a863-0c2f-4794-055fa5b86a72
22501134,153,2026,4,5,22501134,001306b4-f6c9-5ad0-faa1-ffde04ae226b
22501134,178,2026,4,5,22501134,eb8338ab-cc19-526c-a811-6d9b74d0bdcd
22501134,192,2026,4,5,22501134,1912296f-143d-2b22-4a6c-b41f01d20571
22501134,205,2026,4,5,22501134,2c42cbca-d5c5-78f3-c99e-af7141ed1f57
22501134,238,2026,4,5,22501134,cf9f7b62-1889-b3be-9d93-96a44523e8e2
22501134,240,2026,4,5,22501134,a2e36949-769a-5f97-f1ac-c5f7650f1bd8
22501134,242,2026,4,5,22501134,df1ee06c-6a42-f43f-6974-4e81912d645c
22501134,26,2026,4,5,22501134,a401b244-9985-8dee-ad31-c053640dfc17
22501134,277,2026,4,5,22501134,806783d3-7c9e-6184-ccdf-8ddd275bbb0a
22501134,278,2026,4,5,22501134,63d03652-3818-4534-e9c5-f707cf8dfe0d
22501134,285,2026,4,5,22501134,7e76817d-a4a7-d1c7-f90a-09b84e6d9667
22501134,300,2026,4,5,22501134,1eaa14e6-d593-9c5d-8ca5-e33d6753104f
22501134,32,2026,4,5,22501134,01515279-e102-914a-75fe-68ce140a41cb
22501134,331,2026,4,5,22501134,29092b45-bbf8-5add-5ff6-9c85691518e7
22501134,335,2026,4,5,22501134,48e4a536-aacb-3bff-ce63-40dd0296e188
22501134,358,2026,4,5,22501134,92d58fdc-fb6d-0b4c-bd29-06d93171f162
22501134,366,2026,4,5,22501134,2f9c2324-e76a-99c8-79fa-c5fc7da79c91
22501134,37,2026,4,5,22501134,7fea9e4b-73f6-55dd-d41d-537bc7733a8a
22501134,370,2026,4,5,22501134,544be25c-d63e-c5d8-441e-9c4e08affa0e
22501134,401,2026,4,5,22501134,c3e9b268-f732-c954-8f7c-eb0fcc19c495
22501134,41,2026,4,5,22501134,983c7f05-f371-de5a-db67-7f2820c87445
22501134,424,2026,4,5,22501134,33ad07be-d545-d76e-cf0c-7086db1bf141
22501134,43,2026,4,5,22501134,638f305d-2238-b472-b07c-ed604f511faf
22501134,445,2026,4,5,22501134,9042f5bd-e08e-9e44-09c1-439a224ef53b
22501134,455,2026,4,5,22501134,9a31681c-f02f-3676-4f60-afb245eaaea9
22501134,47,2026,4,5,22501134,6ae2b76a-fa1d-4519-8ad2-a6cb274eb4de
22501134,472,2026,4,5,22501134,a1b20025-809d-b0f2-b0b1-091168c99b02
22501134,476,2026,4,5,22501134,c97e6482-73d9-f857-7949-d7c4756f5a0c
22501134,486,2026,4,5,22501134,b3ee05fb-236e-55d9-ca41-fb8c9ed8fb36
22501134,498,2026,4,5,22501134,522e566d-f0bc-3323-5e4d-530bdfb2ec74
22501134,54,2026,4,5,22501134,33283587-6aa5-105a-243d-8e1f30010bbb
22501134,542,2026,4,5,22501134,548cc852-29a4-0b3b-faa0-a636f1433667
22501134,547,2026,4,5,22501134,e6816f0c-735e-95f8-805e-4eb6ad464f61
22501134,572,2026,4,5,22501134,ab67b5d1-5442-bfd7-c743-e4cd65115815
22501134,578,2026,4,5,22501134,633b67eb-cbe7-199b-7d51-eecef51e5769
22501134,585,2026,4,5,22501134,aa66602f-8a49-ef0f-a513-b8841d81bd38
22501134,593,2026,4,5,22501134,1ff55ceb-8173-71e8-dbdc-e722601036cd
22501134,595,2026,4,5,22501134,ca6bf497-003c-6003-d988-f669600f4a2a
22501134,609,2026,4,5,22501134,510128ee-9c5b-6477-f579-3e8591dde99e
22501134,61,2026,4,5,22501134,7bf71c73-7545-3ebf-3c72-cd5a1ba16bf9
22501134,617,2026,4,5,22501134,1385172d-a6e7-f2fe-5358-b0b05447df97
22501134,646,2026,4,5,22501134,e68e93d8-3f56-8d2e-1f12-123e2c3356fa
22501134,666,2026,4,5,22501134,07204317-0e2b-924c-3a1e-15407e077c74
22501134,677,2026,4,5,22501134,75ec1f9b-4b9d-cd28-8ce3-cb374fbd78c5
22501134,71,2026,4,5,22501134,ef9104da-d505-bb90-13f6-960eecac49f8
22501134,73,2026,4,5,22501134,696f7eca-c55f-3f87-4f05-7564d77b7ad9
22501134,128,2026,4,5,22501134,c1294c26-383f-c839-c965-6bb6d0597e2e
22501134,196,2026,4,5,22501134,81cbea54-9aa4-0685-060e-cdfe6419ed3e
22501134,409,2026,4,5,22501134,f5dc9945-51f1-5905-8490-7a130226976b
22501134,488,2026,4,5,22501134,509a986d-62eb-8ff9-5181-33c2d4c34015
22501134,516,2026,4,5,22501134,ad24397d-d68a-6b3b-2ded-b732f01366b2
22501134,550,2026,4,5,22501134,635a2d8d-9453-d573-8862-1cd6f72f5320
22501134,674,2026,4,5,22501134,725c14f8-8b97-b847-4922-d1f0ccecfc77
22501134,679,2026,4,5,22501134,c31fc450-dde5-0e57-47f9-7490aaefc604
22501134,10,2026,4,5,22501134,dc8f8012-bf23-91d4-2459-68d62fc980bb
22501134,103,2026,4,5,22501134,0f04da66-3b9d-a703-cabc-1aabfa6fc259
22501134,120,2026,4,5,22501134,ea2fcc39-480b-589f-2883-6beaf2286bda
22501134,13,2026,4,5,22501134,7b21ee34-a568-6cdd-cf8c-7de9a8406e87
22501134,131,2026,4,5,22501134,b11efaa1-6819-a97d-1d18-a87d9956a78f
22501134,137,2026,4,5,22501134,38d1b71c-c220-d32f-0484-8de2b3f19032
22501134,145,2026,4,5,22501134,d7282a1f-fac5-ebbb-ccc0-046746a3655f
22501134,147,2026,4,5,22501134,67a1f975-5f1e-200d-cbd1-e8d1c622b71b
22501134,149,2026,4,5,22501134,b27bd391-8159-764a-dd87-1932f25bc1bb
22501134,15,2026,4,5,22501134,c83e5e48-9d8d-7ccd-06e5-ed59939856a6
22501134,151,2026,4,5,22501134,4ae263d2-5e8c-bf8f-c8bf-5b1e6170ae8a
22501134,152,2026,4,5,22501134,dae133f3-22cb-6f47-8159-1b5e0b73eeda
22501134,155,2026,4,5,22501134,ca0c475d-5711-fe0b-2a9f-79811cb4b2fd
22501134,164,2026,4,5,22501134,82f2d9c2-2f16-adcb-6b6c-5eecc0515e66
22501134,17,2026,4,5,22501134,84a7d5db-891d-bf5d-4559-1ddaca286f2b
22501134,175,2026,4,5,22501134,b599b82a-992c-ae09-6e5a-24907075fc64
22501134,176,2026,4,5,22501134,6df7da61-c406-bda3-d0a7-1c707edc7bf6
22501134,177,2026,4,5,22501134,43bc46c7-220a-6392-9510-88dde67a58d8
22501134,180,2026,4,5,22501134,0bcc221e-3fb7-40bb-7a3f-a07f165ec333
22501134,182,2026,4,5,22501134,2068085e-1887-1c92-2c9f-90aadfe9ac76
22501134,188,2026,4,5,22501134,c8d7e254-a631-58c3-8213-a6d80740e1e2
22501134,19,2026,4,5,22501134,f771c6ed-fec2-b1f7-dc8c-c9c731535008
22501134,190,2026,4,5,22501134,5ad08e27-029c-0cbc-6dcc-804ded1165d0
22501134,208,2026,4,5,22501134,625b4235-fff0-c179-863c-55f3ded07e0e
22501134,209,2026,4,5,22501134,6e9c9403-764c-a1d5-1379-7929391fc854
22501134,216,2026,4,5,22501134,a0592f77-fe13-c4f5-03b5-6d5132c23f7b
22501134,222,2026,4,5,22501134,ba17860a-3db6-95ed-33bb-9df81ab214bc
22501134,230,2026,4,5,22501134,53bb8d2a-3132-d04c-439f-46baedd0a45a
22501134,232,2026,4,5,22501134,37210b57-0438-f2c3-760c-5267412e033c
22501134,234,2026,4,5,22501134,d34945ca-0599-6939-573d-ca9762741ff6
22501134,236,2026,4,5,22501134,f40a82b7-a28a-ad67-9978-c9099c8a8672
22501134,24,2026,4,5,22501134,7c89d6e6-0877-5154-1dbc-271f77cf8a31
22501134,246,2026,4,5,22501134,8b4d6061-f7e1-9f51-3704-27b5dfaf3b6f
22501134,248,2026,4,5,22501134,e5afc0d9-02b3-d37b-b817-e88f8427b0d2
22501134,267,2026,4,5,22501134,585feaf4-947d-58db-a631-090b1fc00c3e
22501134,273,2026,4,5,22501134,5ac86c4f-b751-3525-de3e-d98167de0621
22501134,28,2026,4,5,22501134,c02505bf-2d51-02e8-43b1-29e1ff35197a
22501134,280,2026,4,5,22501134,dd0dc429-15f9-63ab-d709-69cf89458a7b
22501134,294,2026,4,5,22501134,66d39f35-921c-789c-b0ca-0822de944ec4
22501134,296,2026,4,5,22501134,c95610ff-3537-01df-a9d2-b22842f41742
22501134,30,2026,4,5,22501134,29084709-988d-9919-8dbd-e88b4ca565d2
22501134,307,2026,4,5,22501134,f23df511-10eb-7103-14ec-eb3c196fad79
22501134,309,2026,4,5,22501134,663c3ab6-f814-e429-8606-e20067fe3e39
22501134,319,2026,4,5,22501134,571b3cc2-1727-770f-ab23-a807bd3d02a2
22501134,320,2026,4,5,22501134,a9b703a6-ba2c-f102-d590-eaefbc4fd3d4
22501134,329,2026,4,5,22501134,f48267aa-fe52-0949-fb63-1e4649bb9708
22501134,332,2026,4,5,22501134,dd17a3c3-fc55-c7fa-6473-32abaf228fc5
22501134,346,2026,4,5,22501134,28438ab9-69f5-2717-7140-05ec183951a2
22501134,347,2026,4,5,22501134,c7fb74a0-f298-12d9-7760-e89a61320523
22501134,350,2026,4,5,22501134,51ce7ac2-ac08-7629-e55b-be7f987f0e76
22501134,364,2026,4,5,22501134,b8e8bfe8-0641-4aab-dfdf-43a4ed4351de
22501134,368,2026,4,5,22501134,cb93b60c-e9c1-e673-13e3-0c443b43c54f
22501134,378,2026,4,5,22501134,3e990e93-56c9-1ed7-8f80-b0627a4ac794
22501134,384,2026,4,5,22501134,f72b88bd-2e79-5db0-e02c-cd7cfc8b5b57
22501134,386,2026,4,5,22501134,b163d9c1-5a02-0d74-f2ee-09b5cbf3e712
22501134,39,2026,4,5,22501134,83e8ea45-dcb5-ab15-4b1a-87205f96d152
22501134,393,2026,4,5,22501134,0c365f7a-8ae0-8397-bf6e-d87c7315cae0
22501134,397,2026,4,5,22501134,c5619a31-5e9e-dcb5-06e3-b1498e8f78eb
22501134,399,2026,4,5,22501134,0d81b745-1db4-31f2-55f1-13b3829b3842
22501134,411,2026,4,5,22501134,277051fa-e891-2af7-c138-64cb372f6bd1
22501134,413,2026,4,5,22501134,fa3d62a9-8774-8004-1556-db4ad1e07414
22501134,419,2026,4,5,22501134,37f309a0-d63d-2c9a-7e41-f4e0f56e492c
22501134,422,2026,4,5,22501134,bc6d4192-18b2-f2d1-a6ec-6dfc94bb00f3
22501134,426,2026,4,5,22501134,61b33db7-1f60-6d81-58fb-5dfd9dce8d42
22501134,428,2026,4,5,22501134,3ef36ea0-cfd8-0506-cbf7-be75a8a6aaf1
22501134,430,2026,4,5,22501134,43916964-4200-a469-935a-be409316ba1b
22501134,447,2026,4,5,22501134,b0820cca-8b32-2638-15c0-5dae8c3a8acf
22501134,448,2026,4,5,22501134,d35caf71-8eae-a9bb-c9ef-0f5bd0c9ce1b
22501134,450,2026,4,5,22501134,4376a724-ef8b-7628-ef5c-04cc147d2bf2
22501134,452,2026,4,5,22501134,43fb0ad1-195b-6425-ddbd-0cc680182458
22501134,453,2026,4,5,22501134,e41a5727-051a-d24e-bb42-98a317567c6e
22501134,469,2026,4,5,22501134,3120a1d9-64be-a780-ece9-beb2b69b8719
22501134,474,2026,4,5,22501134,600b078d-c73c-2421-5b9d-594f246dc52a
22501134,478,2026,4,5,22501134,64ef0841-3ba4-5afd-e567-2ade4f813678
22501134,484,2026,4,5,22501134,8bd3e5f5-5708-35fc-ec9b-adc2693c13a5
22501134,494,2026,4,5,22501134,1fc65410-c023-1f88-8c9c-48ef20df64f5
22501134,496,2026,4,5,22501134,5aba191b-194c-0850-66fd-e49bbbac4f68
22501134,50,2026,4,5,22501134,ed6cb616-9356-a6da-66f3-6d6d2258feec
22501134,500,2026,4,5,22501134,b4c3098b-8df3-2d88-e68a-9644ba175a41
22501134,520,2026,4,5,22501134,2b445b5d-a649-a102-b893-4d6c2eb7bfad
22501134,522,2026,4,5,22501134,dc345278-5dd3-95af-7e76-68c20c7191de
22501134,546,2026,4,5,22501134,248860d2-a8a3-cb31-e8f7-316f45b4d5c2
22501134,549,2026,4,5,22501134,aafda24e-6298-eafa-bdfb-db40ba726cfc
22501134,55,2026,4,5,22501134,0c6ecc7f-5211-804e-5cab-80a185be13d1
22501134,553,2026,4,5,22501134,0ebe2ce8-3b00-a21c-fcbb-6761f32bb705
22501134,555,2026,4,5,22501134,ca692460-6e1e-a9fd-b002-2d1e31d37948
22501134,557,2026,4,5,22501134,3f6f164e-687b-eaad-49db-10d008314786
22501134,566,2026,4,5,22501134,d5745a91-df42-4ba8-1399-93258759e754
22501134,57,2026,4,5,22501134,9832615a-60f1-c51c-fe86-7a6c5ee57926
22501134,571,2026,4,5,22501134,9338ade3-5b93-5736-1816-a583280f6475
22501134,580,2026,4,5,22501134,9a5e41ce-f1fe-443b-f697-ba338470a48a
22501134,59,2026,4,5,22501134,072924dd-c381-9871-a82a-f5b738ed88c6
22501134,600,2026,4,5,22501134,3ce98c86-1cb1-6242-ebe3-b921cdd40c4a
22501134,611,2026,4,5,22501134,72a7edb0-d416-b334-4fd0-b3a2b3731612
22501134,613,2026,4,5,22501134,4d0ffbf8-153f-c452-b317-b867db96dc39
22501134,615,2026,4,5,22501134,f58abd3b-6eda-cccf-5881-387c46cda1ef
22501134,619,2026,4,5,22501134,6670a935-3a24-60fd-5b42-f14ba5d7186c
22501134,63,2026,4,5,22501134,8bb8d7c4-0dc6-3bea-6551-abfa84026e2e
22501134,633,2026,4,5,22501134,bf2ad1b7-4237-fe60-2068-09be84075f67
22501134,635,2026,4,5,22501134,8d3c140c-f787-cf91-3032-835717abb930
22501134,638,2026,4,5,22501134,d625e50b-c571-7860-05a5-4f616d4c4b77
22501134,639,2026,4,5,22501134,e02475df-29d6-1ee8-1e2a-4719db86ef27
22501134,640,2026,4,5,22501134,d3aa04ec-27b7-3490-4a07-7257f50f82c0
22501134,653,2026,4,5,22501134,4ed3e0cf-6bdd-b0f9-c8c4-c3a9c06bfca7
22501134,655,2026,4,5,22501134,47ca9b2b-6de3-86ea-bbc0-8294b3fe86a6
22501134,656,2026,4,5,22501134,360d3258-e88d-cab0-80be-4b004a1eea86
22501134,660,2026,4,5,22501134,6e2b5e5c-3ec3-2496-7d01-63b960cdd6e0
22501134,668,2026,4,5,22501134,409bd338-9504-af37-d298-36968ee3c917
22501134,670,2026,4,5,22501134,693db4b0-498e-65c2-532f-931adb7916b9
22501134,672,2026,4,5,22501134,fe239017-f8cb-ebf5-9aed-bae4530f10d5
22501134,68,2026,4,5,22501134,eb961a81-ea8e-6056-b28a-4081d39b3e7e
22501134,684,2026,4,5,22501134,528539dc-20c0-928d-8844-1c914440b2dc
22501134,686,2026,4,5,22501134,dc58399a-39a9-78ab-ab1f-184b3a497579
22501134,688,2026,4,5,22501134,7a2f4a66-6e85-1742-7c78-86ed0c8828ea
22501134,696,2026,4,5,22501134,2d7c7770-f533-d56f-8a11-b842c0ad6991
22501134,698,2026,4,5,22501134,6ed634d5-c0a4-3104-119c-b851cc1c8cb1
22501134,706,2026,4,5,22501134,995da0bf-6932-52b6-00ca-f823f12de9c8
22501134,75,2026,4,5,22501134,a5d50a60-0688-0a47-86af-4c9990489099
22501134,81,2026,4,5,22501134,e48c2979-6136-fb72-e25e-597c2b1d5545
22501134,82,2026,4,5,22501134,de3e1f90-502d-8bc8-1000-85044be17b90
22501134,84,2026,4,5,22501134,70560da2-7652-e610-6f5e-1d9b787985d9
22501134,95,2026,4,5,22501134,3d4d2245-ec77-8b78-8a51-9072cf2d02b1
22501134,96,2026,4,5,22501134,b2d16da7-d7ad-b3cd-692f-437c013049b5
22501134,98,2026,4,5,22501134,16341b22-0cdd-8ae2-4c38-10e81b238378
22501134,11,2026,4,5,22501134,d342e66b-27ef-9eb9-d7d5-29f49ef9152e
22501134,121,2026,4,5,22501134,4fd066fe-5172-7f69-c93d-cd330b252a64
22501134,130,2026,4,5,22501134,eeb9406c-730a-53f4-768a-b7141ac9cea6
22501134,14,2026,4,5,22501134,048189b1-2b81-4625-685c-201a6e4ee326
22501134,146,2026,4,5,22501134,576d3aee-6749-b257-00af-a16391374a2f
22501134,150,2026,4,5,22501134,2291b19e-a235-3a5d-4917-2f3ba2d4ee9d
22501134,156,2026,4,5,22501134,81b063b0-cb55-3806-110d-fede89738d72
22501134,16,2026,4,5,22501134,0d7bd415-1e5a-a8ab-cfd8-381331c2b356
22501134,18,2026,4,5,22501134,2c8e9a8a-f72d-2fd8-096b-4165b1d759de
22501134,183,2026,4,5,22501134,dbb3b066-85d8-6332-1e7a-37a6e12f6786
22501134,189,2026,4,5,22501134,98026703-d06f-257e-58da-c36f560e29ac
22501134,191,2026,4,5,22501134,cf7704a0-b89a-daf6-2c25-14a9cc870b49
22501134,198,2026,4,5,22501134,8d64c0b6-3f0b-f584-e70d-8450be6955ab
22501134,20,2026,4,5,22501134,1dcb333d-fba7-734c-c4f4-b5358e7a5f27
22501134,210,2026,4,5,22501134,23c06e1d-8f98-d5de-c2c8-f25cb80c06fe
22501134,217,2026,4,5,22501134,68914636-655f-7344-5f10-942fb06d6cec
22501134,223,2026,4,5,22501134,0f4a4735-54f1-a5c1-ad86-536b635728ee
22501134,231,2026,4,5,22501134,1de5b5e6-fc48-b314-6531-567461a1e7d7
22501134,233,2026,4,5,22501134,8348cb7e-c95b-618a-d375-496ba13d4d36
22501134,235,2026,4,5,22501134,bd1d1486-b392-12f3-b02f-d554a85a8811
22501134,237,2026,4,5,22501134,477e3bc6-0b4d-531b-a22b-a464601aa6ee
22501134,247,2026,4,5,22501134,28a7f9c6-89c9-00c9-a807-ff97b3d877f3
22501134,249,2026,4,5,22501134,4578b454-35d8-b720-526b-268a1b3a86aa
22501134,25,2026,4,5,22501134,67b59e3e-9559-9aa8-9355-2b29a486bf53
22501134,274,2026,4,5,22501134,283b3cb8-fc2f-8288-8107-ed596dd5b411
22501134,281,2026,4,5,22501134,b4acced7-fea2-830b-0448-30a42ad70efc
22501134,295,2026,4,5,22501134,8bf8a02c-7008-a55a-a9ae-54b983c28afb
22501134,297,2026,4,5,22501134,8625883a-3667-fe32-6dd1-cda14d7a756e
22501134,308,2026,4,5,22501134,246b2d27-1359-3780-37c0-6771b147dbcb
22501134,31,2026,4,5,22501134,94a46687-2cfc-5273-ab1e-7fef95c39b79
22501134,318,2026,4,5,22501134,195603ca-706c-4067-7276-aca9318d6005
22501134,321,2026,4,5,22501134,2f4bb712-2e59-1832-1eae-ef6edbbd7490
22501134,330,2026,4,5,22501134,cff09550-ae67-d96d-a744-10bc83261898
22501134,365,2026,4,5,22501134,bf09cd8f-32d7-5296-e64b-f19203a256b1
22501134,369,2026,4,5,22501134,34cd2c24-5081-a844-9277-32596b0febeb
22501134,379,2026,4,5,22501134,cdd5b5c6-d2c4-32df-a267-8981614f378e
22501134,385,2026,4,5,22501134,ac0ca610-ee23-9bdd-ed7f-700f19ce8609
22501134,394,2026,4,5,22501134,97e05cde-4215-7e97-2f29-4a321511c318
22501134,398,2026,4,5,22501134,1b669b46-c0e5-2b6c-21f9-171d3d6bc09a
22501134,40,2026,4,5,22501134,95669e18-6048-285d-a305-4c4146508758
22501134,400,2026,4,5,22501134,06ea85fc-6284-f929-320a-e156ff74647e
22501134,410,2026,4,5,22501134,80c2af15-cccb-f4f1-ad8f-0fa5d28cbdd6
22501134,414,2026,4,5,22501134,fb10313d-c1d3-c872-2eaf-d2da082c3c92
22501134,423,2026,4,5,22501134,18d639ab-ca40-639d-7362-89dc96262c50
22501134,427,2026,4,5,22501134,48d5578c-aa03-673a-955a-b4248de55e5c
22501134,429,2026,4,5,22501134,62fe7360-231b-e721-8d21-62d4c229737b
22501134,431,2026,4,5,22501134,9134f81e-8654-65dc-d597-9c721e43acad
22501134,449,2026,4,5,22501134,f05d8155-4498-6cdc-538e-4617b2c688a6
22501134,451,2026,4,5,22501134,2c695f01-15b8-ece5-e57e-5a9dbc4a5db1
22501134,454,2026,4,5,22501134,d6853a2e-f929-bfea-0eef-4673a1fbe136
22501134,471,2026,4,5,22501134,9484bb2b-356a-8c9e-5a50-d4f4317f8292
22501134,475,2026,4,5,22501134,44e2ed98-785e-3af1-a256-dadf17a4f11e
22501134,479,2026,4,5,22501134,012a1868-8e58-b497-d94b-4597170b31b7
22501134,485,2026,4,5,22501134,fcc6d369-3454-dfce-9518-254e927fe08f
22501134,495,2026,4,5,22501134,4c255501-b061-33aa-27a1-f20c46aa9fe1
22501134,497,2026,4,5,22501134,f04549d4-7fb0-506b-99ab-dbc974620247
22501134,501,2026,4,5,22501134,98d3996d-caa3-c4bc-0a48-f213ed166265
22501134,51,2026,4,5,22501134,a13a6f8b-92b4-eb8b-3169-a1aeb7f5c958
22501134,529,2026,4,5,22501134,a5ed58ae-06b6-b7ca-7d10-6da087d43d83
22501134,552,2026,4,5,22501134,670e6e6b-8be0-47e9-99ca-434b5849abde
22501134,554,2026,4,5,22501134,a499e8c8-8f90-02c0-9d75-6ff2a660af1d
22501134,556,2026,4,5,22501134,da93a84e-9cea-cc96-11c7-a8ac40712a43
22501134,558,2026,4,5,22501134,7ff1f2f9-6d67-1dde-3718-a40631645457
22501134,56,2026,4,5,22501134,0ce1e5aa-93c6-2e2c-5b6c-e10e58f42e59
22501134,60,2026,4,5,22501134,f62c30f8-1167-f928-c6f1-2d19ca92c448
22501134,612,2026,4,5,22501134,30c03c5e-e4ad-bfec-3fb9-08f3be32d10e
22501134,614,2026,4,5,22501134,54f81467-e4d5-aa03-e719-b80bd6c2c971
22501134,616,2026,4,5,22501134,f22e216f-624a-23f4-43b1-419a31a46cb0
22501134,634,2026,4,5,22501134,2cb9a4d2-aea0-78d4-15a0-08ead21a5b17
22501134,636,2026,4,5,22501134,40b039c7-d2b9-2879-6379-5c892d760597
22501134,641,2026,4,5,22501134,e56676aa-b4fb-b314-9037-6ef9ae13707d
22501134,654,2026,4,5,22501134,e4765118-f6a6-37f8-e5a8-849d4b13a8a5
22501134,661,2026,4,5,22501134,dd3e8b95-41f1-dc63-f3d2-dae0e0b46fea
22501134,669,2026,4,5,22501134,693d131b-a964-2d5b-1a42-1de9062c5ffa
22501134,671,2026,4,5,22501134,fe1d76a4-cb43-6c95-6d2d-fd0c86b4bcc8
22501134,673,2026,4,5,22501134,5db3c798-fea6-0b21-7a34-9d0e5616786f
22501134,676,2026,4,5,22501134,00f5ca35-c55a-520d-5255-35068bf7096e
22501134,685,2026,4,5,22501134,f22ad6f6-b603-f80f-597f-7be151203f25
22501134,687,2026,4,5,22501134,1b4253fd-f7b2-4fe8-776f-ffada0b866c8
22501134,689,2026,4,5,22501134,8d231502-9a6e-c20b-10d6-5d7413a2b460
22501134,69,2026,4,5,22501134,cfa48efe-7434-e09d-ee0d-02736937ead1
22501134,697,2026,4,5,22501134,e2adb14e-4589-55a7-bdf2-7f9856518c92
22501134,705,2026,4,5,22501134,8d55d21a-f4a8-582d-f007-55c7c72a46bf
22501134,707,2026,4,5,22501134,bfbc2770-3c00-ecc2-554b-1614b78693cb
22501134,76,2026,4,5,22501134,efc86833-1397-2a50-e9ec-3fd7f4faf85b
22501134,83,2026,4,5,22501134,a35a33aa-34f1-ac4c-0171-2a9c63953544
22501134,97,2026,4,5,22501134,9b5b412c-6c48-d831-491c-d7792e31ae2f
22501134,194,2026,4,5,22501134,d494705e-5b3e-8729-9129-d5d77b03312c
22501134,218,2026,4,5,22501134,c11fb872-1569-7e7a-852b-6825793203ab
22501134,244,2026,4,5,22501134,ef78047d-4010-d486-72a1-02e138bd1478
22501134,275,2026,4,5,22501134,74dadcc9-4389-2db1-ebbb-716c016db97f
22501134,283,2026,4,5,22501134,ce98c6a8-09a8-e7f4-1955-fe860e2a0f08
22501134,298,2026,4,5,22501134,2f9793b3-9c02-b050-4567-3a5b59bd73e5
22501134,305,2026,4,5,22501134,af466e3c-9bf5-2e8b-bc0f-033cbc4b7077
22501134,344,2026,4,5,22501134,2e008873-176c-6b81-c21e-bbcfd7ed51f0
22501134,373,2026,4,5,22501134,ec4eec60-0ead-94fb-970e-17e460ede250
22501134,390,2026,4,5,22501134,f8b74d3b-48d3-d965-c044-4aca348eec10
22501134,403,2026,4,5,22501134,98cf4986-adf6-25f0-190b-dccc5645ae74
22501134,420,2026,4,5,22501134,35767e97-d758-c9f5-2d50-cc46ba326945
22501134,432,2026,4,5,22501134,be308d82-defd-e8e3-c4ce-07295d00ab6d
22501134,45,2026,4,5,22501134,f3a7cb66-cdc5-134a-7f23-bd976dd06417
22501134,544,2026,4,5,22501134,096d9768-266e-cd2e-fb04-adbf3f68a4e4
22501134,569,2026,4,5,22501134,74c6a066-811f-0282-ceda-333d31558c7a
22501134,644,2026,4,5,22501134,761f914d-5a01-c8bf-f43b-48550ad9f437
22501134,690,2026,4,5,22501134,2d234182-a20b-e7ab-3847-a4f2666f4c49
22501134,7,2026,4,5,22501134,a6967975-28d3-0210-7f0a-b1e5032554ee
22501134,93,2026,4,5,22501134,f64c05bb-45fe-a8c8-75fc-6c1b49ff9344
22501134,12,2026,4,5,22501134,135bf85a-de0b-16ce-730f-76478ef32df0
22501134,157,2026,4,5,22501134,bad7da5e-6654-980d-e681-14260e2cd058
22501134,220,2026,4,5,22501134,1bd6a416-115d-4132-76bf-7b2b115bffa7
22501134,221,2026,4,5,22501134,6f80ab25-3bfc-0c47-727b-566dd45f490e
22501134,23,2026,4,5,22501134,8ede3b28-3996-437d-ebc4-94c2e35be138
22501134,264,2026,4,5,22501134,9440e662-876d-7131-8bcc-7906bca3e55a
22501134,405,2026,4,5,22501134,8e4dc774-2d4d-7eec-2553-3eb7849205bb
22501134,482,2026,4,5,22501134,febc1922-5464-6a22-73f7-f9510ce3f8a5
22501134,659,2026,4,5,22501134,cd59cade-997b-5247-5803-98f0efde40d0
22501134,70,2026,4,5,22501134,fb1249e9-706c-81df-e6ce-5fabbcc69f7f
22501134,9,2026,4,5,22501134,9c4d7969-7316-8ce0-f58e-a56e4c919e68
22501135,106,2026,4,5,22501135,b04ee4ac-eba6-c6ee-7507-adfa837f6cc3
22501135,13,2026,4,5,22501135,02059f9b-1842-0c19-7a21-e78fbb52fbdc
22501135,140,2026,4,5,22501135,c59a4ab6-a444-326c-5d67-bb23370a0e77
22501135,154,2026,4,5,22501135,8804a11e-97d3-854f-e964-8318843c8420
22501135,158,2026,4,5,22501135,073a32c9-0ec2-e0f9-a1ab-f2898dadb7e7
22501135,194,2026,4,5,22501135,197236bf-517a-ed7f-9ea4-354b6c0b28a9
22501135,202,2026,4,5,22501135,a6a0ca64-b8c0-aeaa-dbf2-564215ce0ccf
22501135,207,2026,4,5,22501135,02871292-7c74-8fb0-fcb3-cf29bae0c3b8
22501135,211,2026,4,5,22501135,e3ebb7fd-b34e-53e0-ae07-4d31929d8887
22501135,22,2026,4,5,22501135,5337e98b-e528-c0bb-cb56-10f70f78b1c7
22501135,222,2026,4,5,22501135,2a28443e-1401-fb9e-0265-bee4904a41ae
22501135,223,2026,4,5,22501135,83365083-6389-f77b-2805-4f8abf733fdd
22501135,235,2026,4,5,22501135,633bdbea-d3b8-7d03-c080-2e1807a5cc59
22501135,248,2026,4,5,22501135,a5352346-7c07-9492-9cc5-88b394a8fdab
22501135,259,2026,4,5,22501135,b7264759-3f7e-d699-1fae-35d62472dfee
22501135,296,2026,4,5,22501135,b98012a1-550c-5e2a-6b80-e718441d8ab7
22501135,302,2026,4,5,22501135,19cd9c8e-853e-f372-2637-777529c19661
22501135,304,2026,4,5,22501135,782bd845-e467-3752-fd14-fcae6c44c00e
22501135,315,2026,4,5,22501135,10c29950-53b5-3990-b269-81a3457d3214
22501135,329,2026,4,5,22501135,d841a02c-7ea1-2b61-37e4-25277e3f97e6
22501135,33,2026,4,5,22501135,07569dad-e00f-da1c-ee3f-e3fe97514d4d
22501135,357,2026,4,5,22501135,f827c631-5f06-d189-acc4-4987da1303d7
22501135,36,2026,4,5,22501135,4298c901-fa17-240d-ab11-7643adaeb0d1
22501135,374,2026,4,5,22501135,580150a6-ad2a-2b97-753b-df831f30a27b
22501135,405,2026,4,5,22501135,aab735a1-0e52-cf3b-8cb8-e62895362b7d
22501135,424,2026,4,5,22501135,7d31c710-1906-61e6-4161-1a02995d1ba7
22501135,442,2026,4,5,22501135,900f985d-4991-af84-2b4a-7529fcd1d0d9
22501135,458,2026,4,5,22501135,3a6f2209-8cc5-5516-e88c-75e1c4acdb36
22501135,462,2026,4,5,22501135,be35035b-b380-84f8-b3af-fb7fc5b971dc
22501135,478,2026,4,5,22501135,1954e358-4228-8aa5-9a9c-2e3e9a820043
22501135,492,2026,4,5,22501135,94ab0499-89c6-78e0-7298-708543619c37
22501135,513,2026,4,5,22501135,0d0f2faf-9569-df56-954d-ebb1cffa14e5
22501135,515,2026,4,5,22501135,1506eb64-1b05-98b5-8ebb-27c65d8f4b2e
22501135,529,2026,4,5,22501135,33b7bfba-5a90-81b1-eaa9-3eb49ac92bca
22501135,549,2026,4,5,22501135,d4dc1fcc-352b-ec5c-e92f-605972106aa5
22501135,557,2026,4,5,22501135,c141c5da-88ed-fa20-762c-ecda9a46e22c
22501135,559,2026,4,5,22501135,8a5f0b7b-beb2-a3d5-d1b6-6a0fa0331fe6
22501135,564,2026,4,5,22501135,a24fe82a-c29e-2264-c406-1fc77b7a8eb1
22501135,574,2026,4,5,22501135,0cae9abd-33d6-cc6f-64b6-b3a42b56a65f
22501135,578,2026,4,5,22501135,300bcbcc-d76a-3687-b419-e6ab274fc6d5
22501135,585,2026,4,5,22501135,5489baab-3756-5d05-392d-8c1a054fc7d6
22501135,592,2026,4,5,22501135,9e7da536-2523-76c5-d06e-a2f386229a42
22501135,596,2026,4,5,22501135,f7ddcc19-c226-16d6-c531-92a0875cd195
22501135,60,2026,4,5,22501135,ee31d18b-0dfd-da4a-e931-0dd5cf1b9f92
22501135,608,2026,4,5,22501135,11297c4b-ec52-c07a-1bc1-185955128a41
22501135,624,2026,4,5,22501135,8a70048b-0f1b-7cc0-fe46-a8240a8cf9b4
22501135,626,2026,4,5,22501135,cebdf3c7-a072-5974-c1b5-dbf26eca70a9
22501135,64,2026,4,5,22501135,b2513222-af33-6206-3255-5b0cee6ef44c
22501135,641,2026,4,5,22501135,1b7cdb0d-c79d-e40f-66e9-024c52f6aa39
22501135,653,2026,4,5,22501135,4b3fa0fa-2d9d-e39e-868f-030a5127a82a
22501135,669,2026,4,5,22501135,8463263a-c28e-6589-5acd-2d03449395d3
22501135,671,2026,4,5,22501135,65793887-6a97-ddb2-6180-5c680ca0a811
22501135,674,2026,4,5,22501135,25f61e7e-032d-243a-eb77-e03277aaa598
22501135,77,2026,4,5,22501135,8033015a-d5ca-74d1-69a1-7c2ce65a50c9
22501135,95,2026,4,5,22501135,4d67d163-b470-2c7c-50fc-ca3ae29d37de
22501135,263,2026,4,5,22501135,f18bbeaf-8b9f-3cb5-4fff-91d8aa5e9b9f
22501135,359,2026,4,5,22501135,cf63f1a1-c6d2-01b0-431d-90b139bacf87
22501135,397,2026,4,5,22501135,98b087de-40a7-4a32-67c2-472650bb587e
22501135,505,2026,4,5,22501135,0f33716c-50ac-c779-93f9-c9fbebc98293
22501135,601,2026,4,5,22501135,d6a3f0e6-1ec2-2c72-b826-94ff86e12aea
22501135,66,2026,4,5,22501135,8606686f-12fb-45da-06ea-f076ac7e20b1
22501135,100,2026,4,5,22501135,7d2b7273-3b4c-a220-875e-1e8f3b71edc7
22501135,108,2026,4,5,22501135,6b574679-5491-753e-654a-50c2843973fd
22501135,11,2026,4,5,22501135,341d7b9e-f5c3-4267-fa54-81b8a5393757
22501135,120,2026,4,5,22501135,9ab5e0b5-ba05-938b-4cff-9860b6f9b2e0
22501135,121,2026,4,5,22501135,c0f5d0c6-3648-0d52-c41a-861c4fbb5692
22501135,128,2026,4,5,22501135,9afe2a7c-f2df-c13f-5bf5-db388d0c4b74
22501135,138,2026,4,5,22501135,24a66fa9-f89a-f5b7-ceb3-f76d08de4849
22501135,142,2026,4,5,22501135,0980a180-e8bc-3799-d9d9-4437a50a8b5d
22501135,148,2026,4,5,22501135,8a63cd5d-0a68-2f80-d840-ac6e325b4b5d
22501135,150,2026,4,5,22501135,cc23b644-77bf-8f68-e7d5-11202a28b62b
22501135,152,2026,4,5,22501135,bccd3eec-8b81-2d08-fbec-171fd4c53a44
22501135,156,2026,4,5,22501135,6abfeea2-0652-7e9c-37fe-2f820c1f4139
22501135,171,2026,4,5,22501135,597e0138-9ab1-cfef-e0b6-5ea7aa134d0b
22501135,173,2026,4,5,22501135,09da9dab-252f-b179-6352-627d3b2bbeda
22501135,174,2026,4,5,22501135,f0075f01-2e1d-7581-de47-47296fc9706e
22501135,179,2026,4,5,22501135,d207b995-b51d-b57b-da8c-90caf2999a05
22501135,18,2026,4,5,22501135,186692bb-22a0-8fbb-570b-e97d96b84234
22501135,181,2026,4,5,22501135,83e7a8a9-b918-5fab-6f37-0bf9f04d91e8
22501135,182,2026,4,5,22501135,8a617b89-0fac-c368-d46d-45681e3eaae4
22501135,183,2026,4,5,22501135,73a1ee52-26f5-0137-4f60-17f25f4bf5d7
22501135,196,2026,4,5,22501135,3cab2cde-c629-c042-7677-52a8451593ad
22501135,20,2026,4,5,22501135,7a293e30-c6b7-2bcd-8ab6-ebb4640238ce
22501135,206,2026,4,5,22501135,33159a6d-6ca3-359b-355e-795e00f32e9a
22501135,209,2026,4,5,22501135,1642ec02-ee62-eec6-e251-6f16bdd300ea
22501135,219,2026,4,5,22501135,146fa58d-e207-2c86-d4b5-30b45db92a8c
22501135,233,2026,4,5,22501135,be6a73a1-b7d3-7993-3edc-0287fd25daca
22501135,242,2026,4,5,22501135,ceee611e-0d2a-9918-1423-9ddc3d4bad5e
22501135,244,2026,4,5,22501135,76cf252c-0228-8997-d1a0-edfc14921ae0
22501135,246,2026,4,5,22501135,70b9e5b4-a04f-fad5-566b-bf47a6dcbf92
22501135,250,2026,4,5,22501135,988e9984-e0bf-ffd8-f378-182af7eaa605
22501135,270,2026,4,5,22501135,3d69ab02-6039-53ac-51db-391c05a5ec6b
22501135,272,2026,4,5,22501135,bac3a9a3-8980-b466-836e-c1d4c7300b6d
22501135,273,2026,4,5,22501135,e81b6ec0-510c-ffa0-46e3-da5b570c7c4d
22501135,278,2026,4,5,22501135,7757ab81-1fb6-91d3-3135-1a225d656113
22501135,284,2026,4,5,22501135,67104ba1-b81b-5a17-27a5-796ba8f595f9
22501135,298,2026,4,5,22501135,89ec9370-604e-67cf-1660-0042b5623a6e
22501135,300,2026,4,5,22501135,55aa9559-cb7b-e792-224f-ce12b2aca1ee
22501135,306,2026,4,5,22501135,1ed61950-3f68-ed20-4d24-502e5b8c2a00
22501135,313,2026,4,5,22501135,4f081e50-4844-b717-e1db-141414f1a406
22501135,320,2026,4,5,22501135,8c48c5d4-a2ff-af64-8e3d-61a97a1602da
22501135,322,2026,4,5,22501135,5f5bc970-a0fa-5515-3b67-00a64901cfeb
22501135,325,2026,4,5,22501135,38bd1a7d-4874-a3ec-7db5-f294fa41bd54
22501135,327,2026,4,5,22501135,a318675d-7798-4fb6-a8b3-63aee9554773
22501135,332,2026,4,5,22501135,ac8dad5e-ec8f-dced-f4c5-1b90ca2faa28
22501135,334,2026,4,5,22501135,37f27b67-a51b-9263-9113-d5905702ff0c
22501135,337,2026,4,5,22501135,581c0040-ceac-763b-37f4-88202636536c
22501135,339,2026,4,5,22501135,ea666367-1ff4-49d4-ee01-b7211dca5f35
22501135,34,2026,4,5,22501135,eb291190-c290-c7d4-ad0e-a3c6f0174f8a
22501135,349,2026,4,5,22501135,eb96d495-ccef-d2d6-be6e-0d6e55b0934e
22501135,355,2026,4,5,22501135,d7bf1842-85ae-ed20-0910-0248e86ff6fb
22501135,363,2026,4,5,22501135,12075335-80d9-8ae1-1387-d1316f9dc5f6
22501135,364,2026,4,5,22501135,811cd4fc-e18d-b7eb-fbf7-d2e79877bd41
22501135,366,2026,4,5,22501135,fff40114-e8a9-a84b-d5ff-19455dda8cd8
22501135,368,2026,4,5,22501135,6823577a-6239-6bbf-17b7-7d8463c01289
22501135,376,2026,4,5,22501135,623ae50c-b40b-7f88-48f4-b080e1255beb
22501135,392,2026,4,5,22501135,b067d330-3a8d-6f29-47b3-f801c36ce639
22501135,399,2026,4,5,22501135,3748daa4-4a8e-f6aa-aa3b-57be059c8722
22501135,402,2026,4,5,22501135,040e222f-3a44-46dc-05b5-0cfe05f94752
22501135,404,2026,4,5,22501135,6cccac7e-7844-8806-aba4-9a654d5adaa4
22501135,411,2026,4,5,22501135,1f0d26fd-85de-b676-1b03-f63dfc39f65a
22501135,421,2026,4,5,22501135,a4fd1d94-8d02-74f0-3c85-b018465bde30
22501135,423,2026,4,5,22501135,08606d28-bb51-0f14-479e-29bbe969b080
22501135,426,2026,4,5,22501135,a3b3a9a1-c3f6-606a-9880-93c440322ac8
22501135,427,2026,4,5,22501135,8200727e-1ba0-7860-1fe9-772aefedd79d
22501135,429,2026,4,5,22501135,2a77af06-e798-3c90-d5c2-ac120514dbfd
22501135,430,2026,4,5,22501135,7d5fedb3-efb7-17c0-f640-67df591d8781
22501135,444,2026,4,5,22501135,24c3fca7-85d2-9235-2aef-bc3638eebabb
22501135,477,2026,4,5,22501135,a8410fd4-2b8c-d44a-b3c9-d1a29c091f9d
22501135,482,2026,4,5,22501135,529cce26-d72e-059b-f410-c7c51d176a69
22501135,484,2026,4,5,22501135,b5b68764-04d1-bf71-fa6f-f6e36f9409cb
22501135,485,2026,4,5,22501135,612080b0-97cb-bb93-aee6-8e852e7f7578
22501135,50,2026,4,5,22501135,d8b1b69f-42ff-5561-c5b6-15a7482eb3b4
22501135,502,2026,4,5,22501135,e0644bda-8018-cc88-7046-93bfc3f3d283
22501135,52,2026,4,5,22501135,20cae862-8de3-b566-c693-f96bcc996ebb
22501135,535,2026,4,5,22501135,1c26cd5a-d1ab-b58c-2fe3-82435e04b212
22501135,537,2026,4,5,22501135,4e0a13c6-8d1f-fd17-140d-15c85db96eaa
22501135,547,2026,4,5,22501135,ab0c3aeb-081d-1464-d016-ac6e57716f21
22501135,551,2026,4,5,22501135,82dc6a34-a0e6-16ce-c748-ff819ac945ea
22501135,56,2026,4,5,22501135,d7537f62-8633-5b17-2c4f-b0c96ba12d75
22501135,561,2026,4,5,22501135,f0c5ff02-dd0c-63ea-95d1-cb205516ef56
22501135,562,2026,4,5,22501135,9d08f1a9-4049-8c06-2539-b9d025950a8c
22501135,566,2026,4,5,22501135,99a43830-41de-adfe-70a5-6e26556bffa2
22501135,572,2026,4,5,22501135,abd351ad-8f91-bf01-f86b-0ef31ee9cf44
22501135,576,2026,4,5,22501135,f3fc8ee7-2f43-79f8-cca5-d24ee13cb24b
22501135,58,2026,4,5,22501135,3f5b0251-e2d3-edfe-a552-56f16d91d764
22501135,581,2026,4,5,22501135,d62dff80-a09d-080f-7dc9-1dd281248b3f
22501135,583,2026,4,5,22501135,365f9816-77f2-7ba9-7f98-bc6ec2b9da9c
22501135,594,2026,4,5,22501135,14458195-1c3c-673d-94c3-8954f650a871
22501135,604,2026,4,5,22501135,2b35a6d7-b83d-24eb-1784-a556ca08b129
22501135,606,2026,4,5,22501135,7e5b4f1d-61de-5ac9-7e35-36981dc86e06
22501135,62,2026,4,5,22501135,04c80eb3-dba2-8908-2e4c-7fa54198f20f
22501135,620,2026,4,5,22501135,e98dac2f-636e-d852-4022-b54224a4bf81
22501135,622,2026,4,5,22501135,222bc596-1c07-77ba-cc89-eebf7f922387
22501135,628,2026,4,5,22501135,038e1ece-f02f-c626-b14d-57c15a634ed4
22501135,630,2026,4,5,22501135,732b96bc-0e5a-f673-8cd1-df17008bb552
22501135,632,2026,4,5,22501135,37b0d88a-2440-2f92-f4e5-ad2e218f0615
22501135,637,2026,4,5,22501135,8b10b47b-acc3-828f-9497-7806e131886d
22501135,639,2026,4,5,22501135,1d72aee4-c7cc-8e28-d8ce-c804a72e1f26
22501135,649,2026,4,5,22501135,65d566ff-41d8-726a-7b10-c1e3b8958b16
22501135,651,2026,4,5,22501135,35c709a7-e8a2-84b5-0b11-40e773fde45f
22501135,673,2026,4,5,22501135,42fe2b3c-e39f-6449-ae0e-edc082c5ea37
22501135,7,2026,4,5,22501135,b664da2a-c219-2371-44e9-3cc9d13d1dfd
22501135,75,2026,4,5,22501135,4763f0df-a9c1-d5bc-760e-bb350f987084
22501135,79,2026,4,5,22501135,9ba26e36-98db-ce56-c0da-a312f7cf3856
22501135,82,2026,4,5,22501135,d9bcfd7f-c916-6dc4-93be-5f1137a7a846
22501135,84,2026,4,5,22501135,488844c8-8c15-b378-0f0f-bca97434ee27
22501135,88,2026,4,5,22501135,e212894c-aba6-3268-27a6-2fc04a65faeb
22501135,9,2026,4,5,22501135,63d5f05a-ed2e-8b0b-64cb-2038223f6ebf
22501135,90,2026,4,5,22501135,319d46df-2bf9-0f04-2be3-4ba94435d147
22501135,92,2026,4,5,22501135,95f236f2-62f7-ad42-f234-2dd2f084bf08
22501135,93,2026,4,5,22501135,59acd3ca-59e5-d4f9-563b-7b66c756dc89
22501135,97,2026,4,5,22501135,ad8d70e2-bfd4-6477-60e0-92f4a6542d86
22501135,10,2026,4,5,22501135,a942e8e9-89d4-456a-abf4-4935779da74b
22501135,12,2026,4,5,22501135,7cd4513a-8f25-d613-0057-3d542a8d9cd9
22501135,122,2026,4,5,22501135,c74e6318-a5dc-f08b-8078-16a40d526bbd
22501135,129,2026,4,5,22501135,5c8a95c2-1eae-6b9c-3641-aa2763854f53
22501135,143,2026,4,5,22501135,8e4b594e-df81-d593-fd18-579196857ed2
22501135,149,2026,4,5,22501135,c654ab2b-5441-b40e-5284-ef44704ea446
22501135,151,2026,4,5,22501135,7693df32-6f17-c406-4edc-d600abd62076
22501135,153,2026,4,5,22501135,a80ca46c-58b6-534b-ff5e-50dcb6357957
22501135,157,2026,4,5,22501135,d0812acc-3b97-18d0-bf3c-2aee840975e3
22501135,172,2026,4,5,22501135,cbdd80d1-df88-64fc-4b68-41b8ec0f6fdd
22501135,180,2026,4,5,22501135,59033257-63e0-a7e8-fa16-3dc81392d978
22501135,19,2026,4,5,22501135,5e9a13e1-e4e6-9567-0c8c-273bc03301ab
22501135,201,2026,4,5,22501135,04035591-211e-2b4d-f361-bccde8786c91
22501135,21,2026,4,5,22501135,77fd33a0-cbc9-54e6-c7ff-2ba395354f72
22501135,234,2026,4,5,22501135,41e73e41-6121-aeba-eea3-c631e3898b78
22501135,243,2026,4,5,22501135,809e85bf-4fe4-3163-ac9c-20a4e67d3be5
22501135,245,2026,4,5,22501135,f0c53346-3730-01e3-38b4-2ac1a2f1148f
22501135,247,2026,4,5,22501135,48260dfa-6961-230c-b3c1-b1003528311d
22501135,271,2026,4,5,22501135,544fac91-c723-243e-7e4d-174eb46e7009
22501135,274,2026,4,5,22501135,73e9c639-f277-d4fe-9dd8-9a74894dfd55
22501135,279,2026,4,5,22501135,b9ec067a-a72f-4a82-9334-b1be835bce72
22501135,285,2026,4,5,22501135,9edc9c13-af1d-65a9-6cf8-5cc3e199e296
22501135,299,2026,4,5,22501135,79cc6465-a518-5f39-1148-0526c2fc971a
22501135,301,2026,4,5,22501135,866995c9-ff54-8743-91b3-3056475085ab
22501135,307,2026,4,5,22501135,6dc50f7a-c943-f12c-dd82-826769bddf80
22501135,314,2026,4,5,22501135,e5a402e9-0aa8-5db9-f75e-54215760d12c
22501135,321,2026,4,5,22501135,9a3e4b9d-efff-2908-695d-dbf765adc10c
22501135,326,2026,4,5,22501135,e2091425-0476-91e3-303c-13d0ed125a5b
22501135,328,2026,4,5,22501135,91518b29-6a30-0166-b0fe-dbd8798ccea0
22501135,333,2026,4,5,22501135,f0096b69-e48d-3d7a-5dee-d242e2a044ed
22501135,338,2026,4,5,22501135,e1047952-466a-b0ea-5558-3cd3acd78205
22501135,35,2026,4,5,22501135,1b2cf1af-1ee1-5ff0-2b61-ea50f33ed8f0
22501135,356,2026,4,5,22501135,84ce1929-e5f7-e6e2-948a-1bff632e1fa2
22501135,365,2026,4,5,22501135,34712531-71e1-4be1-e95a-d46406dd3cf1
22501135,367,2026,4,5,22501135,ab6d6aa6-ee39-2ec4-fab9-8020f3aea4db
22501135,369,2026,4,5,22501135,7ac35cff-8d34-2817-cfc0-343ebc929073
22501135,377,2026,4,5,22501135,999ae92a-b339-8c60-39f4-69291c3b7f20
22501135,389,2026,4,5,22501135,9025ca2b-d9eb-0835-625d-5bd335756768
22501135,393,2026,4,5,22501135,e76ce3a7-c822-76be-58ad-5475df836b3a
22501135,398,2026,4,5,22501135,d1fc4577-b8ce-eb66-5246-1bad325cc7b7
22501135,401,2026,4,5,22501135,ef3cb5b8-d2bd-fd8e-2642-7cfd49d3d9aa
22501135,403,2026,4,5,22501135,c7563535-82e4-297c-8116-32e4c4d25833
22501135,422,2026,4,5,22501135,441066d1-f284-8cb5-9f04-6db85c6b3646
22501135,428,2026,4,5,22501135,1cfe7eac-0448-597d-1d85-f3d9db914225
22501135,431,2026,4,5,22501135,e34c054c-40c0-4fd4-a5f1-3030c2997ebe
22501135,445,2026,4,5,22501135,f78634f9-2008-af7b-99f8-1629ef50e80a
22501135,483,2026,4,5,22501135,d42e1ca4-7725-167c-e2c2-9a161e505b78
22501135,507,2026,4,5,22501135,a9041c1f-f772-bc07-9f08-f2e176e4c740
22501135,51,2026,4,5,22501135,b2de204f-c4b2-36e3-ed3e-107c522e2bc4
22501135,526,2026,4,5,22501135,bcadaa09-399b-779b-d89e-d13582e5108c
22501135,536,2026,4,5,22501135,560bde6f-f3fb-b75a-3739-d9028a52bac8
22501135,538,2026,4,5,22501135,791576af-8b2c-e122-5110-8680bb8727f9
22501135,548,2026,4,5,22501135,5e72c903-9cba-6191-b346-e4c5fd7fc077
22501135,563,2026,4,5,22501135,a304c51a-7efe-cd98-d162-4260a841bef1
22501135,57,2026,4,5,22501135,5c1af219-52fc-6666-8f7f-770609250987
22501135,573,2026,4,5,22501135,4cb281a7-7a03-d013-2892-994860e3f55b
22501135,577,2026,4,5,22501135,9359ab1a-9446-79fd-9c55-14cadf5da4dd
22501135,582,2026,4,5,22501135,af4d5cb5-bdb1-1809-645e-7d2267b823ce
22501135,584,2026,4,5,22501135,17bac30e-23a9-b829-5e59-c4f7a7e8bb76
22501135,59,2026,4,5,22501135,fe992037-3f4c-1b5f-4815-3a3c9cb22f9c
22501135,595,2026,4,5,22501135,45b04370-2648-e475-99d4-fa9538afc57a
22501135,603,2026,4,5,22501135,7982c6db-0f38-a600-0af8-334b6935f8f0
22501135,605,2026,4,5,22501135,6b1092e1-208a-a7a9-0aa6-07b33fcda3c7
22501135,607,2026,4,5,22501135,015d1e44-379f-c8f6-ac06-9e88cc6f3a4e
22501135,619,2026,4,5,22501135,36b1b46a-43a9-29c8-cd9a-96aad5880e1e
22501135,621,2026,4,5,22501135,5ebbfe5a-e3cd-96dd-ca48-d1fd04c5eceb
22501135,623,2026,4,5,22501135,aaa77dde-25e4-40d4-b1b6-100059211eda
22501135,63,2026,4,5,22501135,70d3f481-3e48-8a51-1570-1b2ca835eb20
22501135,631,2026,4,5,22501135,2273926d-eb9c-8294-0370-cd98578ba6d2
22501135,636,2026,4,5,22501135,8f7d8109-a9b4-2239-183d-a40e0ee63091
22501135,640,2026,4,5,22501135,961e69ea-5f51-537b-7dab-75afe4bea1bc
22501135,650,2026,4,5,22501135,31ccebf5-2223-ab85-c90f-3c64481067fb
22501135,652,2026,4,5,22501135,3066ca0f-dae1-b519-2243-91e6ccb3f842
22501135,68,2026,4,5,22501135,7c96107e-28c5-f772-b3ec-1782df8657c9
22501135,76,2026,4,5,22501135,19fe3d52-bcea-160f-ed1a-331a93df751d
22501135,8,2026,4,5,22501135,9fa589e0-007d-9bf9-b473-5068d44beb74
22501135,83,2026,4,5,22501135,338d4285-d77a-935e-3ae7-68e18e70fcfd
22501135,85,2026,4,5,22501135,add38a05-fd78-5304-045f-095dfc7bd0b6
22501135,89,2026,4,5,22501135,5e612b02-124f-4c50-93a8-11603486eaca
22501135,91,2026,4,5,22501135,c39f8d95-767f-6747-c3b2-e7113928dc4a
22501135,94,2026,4,5,22501135,3a9e7164-5a20-9047-eb3f-03951e98842f
22501135,130,2026,4,5,22501135,1993ddea-9d54-d56f-fd82-7d35d5cbfa05
22501135,16,2026,4,5,22501135,0f868eca-31a0-e939-4f19-809073973318
22501135,177,2026,4,5,22501135,64812ce1-c7db-0513-d6e2-2d9a2bc6ce6e
22501135,204,2026,4,5,22501135,2abac2d9-bb8a-35cb-5494-924810ec71f9
22501135,261,2026,4,5,22501135,4a8470c5-3239-7b36-f93f-c5e84e50b3c0
22501135,268,2026,4,5,22501135,bc768e9d-46b4-457a-0575-9e2bb750d736
22501135,31,2026,4,5,22501135,9fb5cc0b-1f9e-e2bf-dba6-f9e48acf63b7
22501135,323,2026,4,5,22501135,ad65192f-8dfc-eb48-701d-cda7048b1a45
22501135,390,2026,4,5,22501135,84c4fe45-335f-0945-d2d0-3ce8247b1eba
22501135,432,2026,4,5,22501135,f4d1aee0-031e-977e-90f7-24bb1892347f
22501135,446,2026,4,5,22501135,2bac3ff4-4547-b337-61f0-15f1e80753c6
22501135,46,2026,4,5,22501135,2fe71a2e-b2c6-9780-070d-6f89f78f7b5e
22501135,460,2026,4,5,22501135,54dd8cff-13bf-4f30-afd5-d6c9bab8e958
22501135,479,2026,4,5,22501135,7e60ea3d-ec14-1fb8-abfe-08dcea870c1e
22501135,486,2026,4,5,22501135,1972482f-8a6c-473e-fab7-921e3a9ae1a7
22501135,517,2026,4,5,22501135,c32f520d-c611-3c51-b8a0-d8f52a6e3e9b
22501135,519,2026,4,5,22501135,9afef2e7-e29a-b2dc-a24a-a33e67ce5ee4
22501135,527,2026,4,5,22501135,378266cc-fd44-ebd5-025a-4fa6bbc7a93c
22501135,531,2026,4,5,22501135,120627f7-4338-3da3-05a7-ffca88672143
22501135,533,2026,4,5,22501135,dac2ed7b-2453-1ce4-7c5d-75cf2ad76963
22501135,599,2026,4,5,22501135,ee22931b-717d-3040-7274-facaf6fdb328
22501135,657,2026,4,5,22501135,29b61750-8f3a-5939-cb70-6420dd8e9c00
22501135,86,2026,4,5,22501135,cd05534e-6136-11bd-015a-6afb57ee119e
22501135,98,2026,4,5,22501135,51049f30-e8c7-c963-8d1c-837da06b3e3b
22501135,146,2026,4,5,22501135,d602c705-cb1f-9c3b-7c73-505fe65a247b
22501135,147,2026,4,5,22501135,53b9a6a8-7e2b-86fb-01f5-bda9acc7c91c
22501135,227,2026,4,5,22501135,84ebf2c4-3b9f-247a-4b12-2bba2650ff3c
22501135,258,2026,4,5,22501135,7241472c-6c43-665b-00d2-2674d9c2a7ad
22501135,267,2026,4,5,22501135,ac8223c3-ea49-b597-0d87-88243bce704c
22501135,277,2026,4,5,22501135,dcdbd955-af7f-6244-e7ef-8424055c5998
22501135,396,2026,4,5,22501135,a74131f9-4ad6-7b26-e9f7-b4529fe8537a
22501135,414,2026,4,5,22501135,706e3949-d21f-9bef-7e9b-f10b364f4527
22501135,500,2026,4,5,22501135,cd8dd75d-47bc-573f-8de7-9d22c39b9a73
22501135,53,2026,4,5,22501135,3f7d653c-6a0a-cc2a-1c10-983b5553c0af
22501136,112,2026,4,5,22501136,68a4958e-ce23-a774-3149-2983b1edc7c6
22501136,141,2026,4,5,22501136,00307f48-7669-0e7e-1818-c4900fbc13fa
22501136,143,2026,4,5,22501136,f8f4fe2c-b995-82c3-b5a1-357c014f7db7
22501136,145,2026,4,5,22501136,6690f79e-b5e2-f0c2-7655-8a17cb651bb6
22501136,147,2026,4,5,22501136,bf64237e-644a-36cc-370d-2dade40a5b91
22501136,158,2026,4,5,22501136,5361e359-6cef-3b6a-c3ce-ff7312431358
22501136,19,2026,4,5,22501136,91ca3654-74f0-3d8d-d432-4fbaaf43c294
22501136,215,2026,4,5,22501136,a270f167-f8f2-7e21-3b7f-2075378d6187
22501136,217,2026,4,5,22501136,bd2ded7a-48a6-7284-d1c5-6647234d6d7f
22501136,243,2026,4,5,22501136,8676b178-c3bd-7ebd-f91d-baeb22486cac
22501136,26,2026,4,5,22501136,65e02ef6-e91b-0d62-c67e-9691569b18e3
22501136,28,2026,4,5,22501136,c50dcc92-ea14-65f4-ecb0-5f1f53c33ae0
22501136,304,2026,4,5,22501136,ffb6540f-fd3c-5963-6a22-90f7317c0eea
22501136,308,2026,4,5,22501136,bc411610-1629-28f8-1817-8750cd03cd6a
22501136,32,2026,4,5,22501136,4e810375-8324-55bb-54a5-85b00c3d8083
22501136,322,2026,4,5,22501136,9b4e91ec-a766-8ab2-5aec-286f0715a532
22501136,339,2026,4,5,22501136,fa228e28-9949-a747-c12d-7d9f7a6e19c2
22501136,342,2026,4,5,22501136,838b2ee1-e3c0-b81e-59a8-2764847c83a9
22501136,344,2026,4,5,22501136,524aad98-0c8e-c6b8-6045-7320ef1c4fe8
22501136,367,2026,4,5,22501136,c6ea7af3-3bdf-1abe-c6e3-17d924728f5d
22501136,378,2026,4,5,22501136,50dac7f9-2e1b-520b-f246-bddeba3bf976
22501136,38,2026,4,5,22501136,a43a7fc6-16f0-056a-eb67-f8df6d995fca
22501136,384,2026,4,5,22501136,87820019-66c0-8e2a-fabf-388d848b1460
22501136,400,2026,4,5,22501136,d63133f8-4e1e-d358-501f-2e16d964f9a3
22501136,417,2026,4,5,22501136,4d9221d6-6a8f-22ea-2f93-e16614c236f1
22501136,425,2026,4,5,22501136,7e933e5a-a732-8831-c7b7-d621a1861075
22501136,427,2026,4,5,22501136,bf657b47-91af-e099-4704-c93898857602
22501136,453,2026,4,5,22501136,4c8972ca-c008-3996-366c-8c365d9d8aef
22501136,458,2026,4,5,22501136,2aec2e66-3657-0fe0-b4ae-bc96d0be910e
22501136,466,2026,4,5,22501136,10f2e892-bdc1-ba3a-3d9f-6824169afd5a
22501136,476,2026,4,5,22501136,a66a288a-755d-2442-1b2a-b0164426b5b0
22501136,48,2026,4,5,22501136,1f01d6f9-bcd8-09b6-d246-4fbb1d5a0d17
22501136,494,2026,4,5,22501136,20fa4a1d-461a-ca17-cfc7-7c653b8bb010
22501136,496,2026,4,5,22501136,121b2bab-9dd0-8f65-6b54-2894aa803417
22501136,50,2026,4,5,22501136,21fdc177-2b9c-eb25-8782-b4d5ce1ff67f
22501136,502,2026,4,5,22501136,cbe00521-d0b0-346d-2b96-663bc024f110
22501136,504,2026,4,5,22501136,990d267e-b379-17f3-3525-ba7ca14e9749
22501136,512,2026,4,5,22501136,594f634b-286b-19ff-494a-b69384c7dc46
22501136,514,2026,4,5,22501136,1e63f9eb-141f-17f9-736f-350199a16d55
22501136,516,2026,4,5,22501136,2b5fdb13-2f11-2b89-659d-f0ddfb949cd2
22501136,548,2026,4,5,22501136,293a3226-aa62-a6a6-7736-fea536adc5ae
22501136,550,2026,4,5,22501136,3706fc3c-f562-8130-8809-3fa21984b978
22501136,557,2026,4,5,22501136,c624f233-aa1b-4bc7-8599-2964695a6bac
22501136,569,2026,4,5,22501136,e61ffca6-9188-b3a6-af31-ac8defff27d8
22501136,62,2026,4,5,22501136,dfa6b9f8-3cc0-842f-0cff-9acea6d95720
22501136,639,2026,4,5,22501136,79f4bd52-49a0-f994-1920-3dc7567d0a25
22501136,641,2026,4,5,22501136,1c2f642d-ba37-c499-df62-6348dac4681e
22501136,645,2026,4,5,22501136,e753de9b-f3af-d8ec-edd2-7b703a522ac2
22501136,657,2026,4,5,22501136,196b9ab1-9e17-927e-6893-fc1cc3970489
22501136,66,2026,4,5,22501136,45d304ff-ab28-63c3-abdb-d7f85f1d89e0
22501136,679,2026,4,5,22501136,4ee50bed-b0ee-d00b-ad2e-53df00edeaa4
22501136,687,2026,4,5,22501136,01c53cd9-2c0f-ced2-f7ec-d919d50bd581
22501136,78,2026,4,5,22501136,9edcc197-8a3a-f0a9-9185-edbd0eeb8478
22501136,80,2026,4,5,22501136,9d666e00-17f7-1243-2c57-2a34f59c1fd2
22501136,196,2026,4,5,22501136,3423f788-4326-e304-60a3-b58c998c416b
22501136,240,2026,4,5,22501136,2bcb38c1-ad8c-a6c7-16be-4109cca913bf
22501136,258,2026,4,5,22501136,da3625c8-4cab-f303-0de0-d82ba57647c1
22501136,455,2026,4,5,22501136,d06bb6ec-2a4c-9469-5fe7-d29ab882c519
22501136,591,2026,4,5,22501136,ea660b71-7ca1-8085-4f87-6603bc68aad7
22501136,672,2026,4,5,22501136,c4f10eb3-1d88-43c5-91bf-7bde3ef100a9
22501136,683,2026,4,5,22501136,c5399246-b593-45d9-6a37-3dbae6d51d01
22501136,104,2026,4,5,22501136,adf4a883-1784-c5be-5294-531f2f873195
22501136,106,2026,4,5,22501136,156c3b53-f77c-0517-6b14-b88c024c40a5
22501136,108,2026,4,5,22501136,1f868a0b-b45a-cfe2-08aa-53413f9a8f20
22501136,114,2026,4,5,22501136,f7934ae0-6b8b-173a-6870-3142d6713f3c
22501136,123,2026,4,5,22501136,fd2e4a0d-6000-5cb7-49a1-02bad8903e4c
22501136,125,2026,4,5,22501136,ebb89cd4-4536-83fb-f9b2-088b0fc9d5c1
22501136,126,2026,4,5,22501136,fb87151d-0871-6c50-91c1-c6bf716e761f
22501136,128,2026,4,5,22501136,5b580408-8448-51af-db86-cb1bf2258519
22501136,129,2026,4,5,22501136,f9e1e29b-5ce4-2ffb-b277-8cc96720ad8f
22501136,13,2026,4,5,22501136,a95fc936-18d7-76e5-a654-51e584d3868f
22501136,131,2026,4,5,22501136,6ccd64d9-8e35-19e3-58b1-4ac888830884
22501136,133,2026,4,5,22501136,241e7296-ec0b-0e37-c13d-4b0858963a49
22501136,135,2026,4,5,22501136,6c60e79c-59c8-cad6-1ffe-e83ab56ec3c3
22501136,15,2026,4,5,22501136,5922639a-199b-d015-6c89-bc679bc4c937
22501136,164,2026,4,5,22501136,55a391e6-2235-c46d-5074-dcc510386987
22501136,165,2026,4,5,22501136,5754d566-d169-f2cc-33cb-1ff07c1d7fe4
22501136,167,2026,4,5,22501136,dcd53861-2121-deba-6c0f-902bb4ea1f32
22501136,17,2026,4,5,22501136,7bb3cc34-7aa1-9332-a857-059b20881e0f
22501136,175,2026,4,5,22501136,992e55ea-444f-7ee5-5c0a-f97a02166f5e
22501136,176,2026,4,5,22501136,eb70e4d7-4d5f-82c3-1cf8-fe714c308866
22501136,178,2026,4,5,22501136,f8c0c924-b733-78c6-94ff-6805e14ecbd3
22501136,179,2026,4,5,22501136,a7ab0de9-619f-0d12-dc1b-a461e35f2028
22501136,181,2026,4,5,22501136,fc6f2be2-5808-021b-bf31-cbd38b6ed32c
22501136,194,2026,4,5,22501136,a05cfb24-279c-fdd7-8535-9a6f9f6b4f12
22501136,198,2026,4,5,22501136,5a9b308d-a5e1-d59b-bfc0-4aa1235fa3b5
22501136,207,2026,4,5,22501136,1c73f9e4-881f-840f-eae6-8ee872f94d18
22501136,213,2026,4,5,22501136,a2f3ea3a-0ef3-3b94-7d2d-5f50f3ab7c82
22501136,219,2026,4,5,22501136,dd9cf974-1c88-7531-61c7-a65a25fbdc43
22501136,221,2026,4,5,22501136,a49809b9-7e0f-56b9-d222-4bc30e7d541b
22501136,223,2026,4,5,22501136,81396b8c-c522-29f9-2efb-e1dea4499fe0
22501136,224,2026,4,5,22501136,5430e4f2-d0cf-3dd7-eb7b-62996c0825a3
22501136,238,2026,4,5,22501136,e5ba7716-2da0-ff2f-d5e6-3f7b35ae37ab
22501136,256,2026,4,5,22501136,cf1eb48d-148d-a50f-cf2a-93dd84c96492
22501136,260,2026,4,5,22501136,53eaf094-b0fd-8999-4380-bfb891f93967
22501136,271,2026,4,5,22501136,c8483a5c-ce42-4bd9-3e63-0f5e2a7c5aa4
22501136,276,2026,4,5,22501136,8895f2e1-228b-4883-0869-ac5a09a6420d
22501136,287,2026,4,5,22501136,d4088d38-0ccd-c077-438e-61504881bf94
22501136,289,2026,4,5,22501136,34837e70-2db6-3df8-a9db-d328b3721357
22501136,291,2026,4,5,22501136,b913de20-9e15-b6b7-1b51-b90fedf0bd1b
22501136,293,2026,4,5,22501136,fcaad511-54cb-6afd-a6a4-1b3e3c18d821
22501136,295,2026,4,5,22501136,b6400d66-6d85-ca35-e641-257ca989c53d
22501136,310,2026,4,5,22501136,5302e7bb-2324-bb24-ddef-6ea8cba134ad
22501136,318,2026,4,5,22501136,9e577908-9636-1871-6bed-db447199545a
22501136,320,2026,4,5,22501136,0ce72d37-0398-fcb6-046f-d81229ccfd78
22501136,324,2026,4,5,22501136,3969d7cd-7f4a-8c35-64a0-b99dc4bef94b
22501136,348,2026,4,5,22501136,6d9e5a5e-4f92-b3fc-3397-5a5474c8ce5b
22501136,350,2026,4,5,22501136,50686be5-c833-2d21-9dd1-73a8769d0ca7
22501136,352,2026,4,5,22501136,5b056b8c-34ea-be62-d0e8-66592ab836db
22501136,354,2026,4,5,22501136,5bd194d0-1e6f-3b49-b017-a6b57c57388f
22501136,355,2026,4,5,22501136,456ba982-a862-b160-de3c-17ab23d9f1e2
22501136,365,2026,4,5,22501136,26747f0d-efca-2933-4eee-54ceaf9a6cc7
22501136,373,2026,4,5,22501136,919a7eb7-4d71-7007-1b78-9612a90f8e6b
22501136,377,2026,4,5,22501136,0a60651b-0dc5-b2b6-ca51-85d9ce3032a7
22501136,382,2026,4,5,22501136,3b784f1e-2561-2ac9-fb54-8dd1d7276985
22501136,386,2026,4,5,22501136,5ea301bd-7f5d-f6ae-86e7-413a839ed006
22501136,388,2026,4,5,22501136,ac04310c-ca3d-f58c-92cd-a4ed0039594b
22501136,390,2026,4,5,22501136,6a54e688-0c2c-f937-b03d-0913a4cdf967
22501136,394,2026,4,5,22501136,ad705b7e-b4ef-322f-b218-3e6395b1d25d
22501136,40,2026,4,5,22501136,3b64bb99-4c0b-7f38-e787-25032d12f271
22501136,406,2026,4,5,22501136,b377efb8-2c09-2b16-f78f-e5adab8b4576
22501136,415,2026,4,5,22501136,b8f6f177-a12a-9f80-de13-3220c8688b2e
22501136,42,2026,4,5,22501136,b4d9d596-c99c-7217-1c5a-b0ecdba7ae88
22501136,442,2026,4,5,22501136,23b57018-0124-9aab-e3b4-209257add48e
22501136,445,2026,4,5,22501136,eee6087b-a6ee-cbfc-78ed-ef7a181a558f
22501136,447,2026,4,5,22501136,1725ddcb-fd81-bcb3-2d49-1750b8decaba
22501136,451,2026,4,5,22501136,3a739115-b98b-6d92-ac4e-53ce01388452
22501136,460,2026,4,5,22501136,49794eb2-99e6-bcd5-1b57-448d4babdafc
22501136,478,2026,4,5,22501136,7a377cda-1534-df87-53fe-b9096986fb75
22501136,480,2026,4,5,22501136,252399b0-3b45-84e3-997d-f5abbc0be7f9
22501136,483,2026,4,5,22501136,1bd0c8f2-4dd4-5a06-4382-89175ab7e806
22501136,487,2026,4,5,22501136,0b78eddb-9235-aa95-ea10-866e59b49cf1
22501136,498,2026,4,5,22501136,6f5659f5-bf11-978b-0d62-bb1fd79673eb
22501136,500,2026,4,5,22501136,bc82e50f-da3a-4294-fff3-a2bae1c8eddc
22501136,511,2026,4,5,22501136,cbceb5da-49d9-d9e7-69cb-6ba19bf7555f
22501136,524,2026,4,5,22501136,9e8b069f-50b7-47a3-72d2-517ac81d9698
22501136,526,2026,4,5,22501136,424dc67c-bc0f-cf0b-679b-376878f5d362
22501136,528,2026,4,5,22501136,8bead7be-a8a4-4118-3b40-f090c264c9ce
22501136,530,2026,4,5,22501136,4745361c-1a93-8e9d-1388-bd32a6078cbe
22501136,543,2026,4,5,22501136,19706176-0667-56ee-e26b-423747f60377
22501136,544,2026,4,5,22501136,60a26ac5-4ed5-b526-c949-d8ea9f5c852d
22501136,546,2026,4,5,22501136,c042de5d-4c32-e8e0-871a-d22ac09a8e50
22501136,566,2026,4,5,22501136,fe2100c3-f579-d53b-ca74-2301459da661
22501136,57,2026,4,5,22501136,3c39b679-da3f-004e-8dfe-06ffebc647bf
22501136,571,2026,4,5,22501136,c7977ad7-8e99-3156-db21-d94065014ae5
22501136,573,2026,4,5,22501136,73d3c124-80ba-2288-cdd2-163472db6fe7
22501136,575,2026,4,5,22501136,180964d8-94fd-c913-2d6b-4907b2b78136
22501136,586,2026,4,5,22501136,060ba2da-0b58-1cc8-238e-673f648818d3
22501136,588,2026,4,5,22501136,fdc01909-55e0-decc-c7f4-5ab7341b8c4a
22501136,59,2026,4,5,22501136,711e7f1a-6bfd-db9c-e724-4a0acdf50ca7
22501136,603,2026,4,5,22501136,f03197bc-934b-6f09-84e4-ce0ab919a644
22501136,605,2026,4,5,22501136,8d62b55f-b934-a3f8-80bc-f88b34320845
22501136,608,2026,4,5,22501136,5b11061b-84e9-e903-87d0-e774ed35a644
22501136,610,2026,4,5,22501136,04b24a70-c098-e99a-4816-9a7880091409
22501136,612,2026,4,5,22501136,614e786a-442e-a5d3-2d15-185c8a84b4b6
22501136,622,2026,4,5,22501136,9a9b1d5c-ab41-dd74-17e5-ec1a4d56c016
22501136,624,2026,4,5,22501136,5fcab983-3d84-72b1-b10f-73d1c31ddecf
22501136,626,2026,4,5,22501136,29e7ccaf-cba6-1289-7fa7-f62cb80f592c
22501136,628,2026,4,5,22501136,3b17a737-0fea-0cf8-4019-54d65ba5eeed
22501136,636,2026,4,5,22501136,9e92d569-1c53-00fd-765e-bc0f96242c02
22501136,64,2026,4,5,22501136,cf9935d7-70b6-73d7-54ee-4f629899c36e
22501136,643,2026,4,5,22501136,24362bf4-87b2-11ed-3fd9-66b40401eee5
22501136,647,2026,4,5,22501136,175014ad-e7d9-8d3d-c0cf-e6267cdd937c
22501136,649,2026,4,5,22501136,8860978b-dba8-2e49-1e98-751fe1a77736
22501136,651,2026,4,5,22501136,33862455-59d7-9421-da26-ccc2b288d204
22501136,653,2026,4,5,22501136,12a4e830-2479-f110-15ba-bb506555f1cd
22501136,668,2026,4,5,22501136,3f0d13cd-cc14-eab6-ba5a-210c9016cad3
22501136,670,2026,4,5,22501136,6d8e68df-4047-f089-0b13-619f5cbaa31e
22501136,676,2026,4,5,22501136,3f05d974-3588-e674-312a-fc7df873ec1c
22501136,685,2026,4,5,22501136,4180b225-d053-fb27-e6ad-49d1486be66d
22501136,7,2026,4,5,22501136,049dbd46-5dd0-9fdb-f770-0e3419eabbce
22501136,73,2026,4,5,22501136,e2fc596c-aa7f-35eb-702c-57c90d33259e
22501136,75,2026,4,5,22501136,7df7583f-bb71-a919-2965-1c91ed066a7a
22501136,77,2026,4,5,22501136,6806bd35-7ddb-2176-e7b0-95f6428fc0bc
22501136,82,2026,4,5,22501136,b8f655e8-76d6-21df-b9b0-35d4c4822971
22501136,84,2026,4,5,22501136,5c845104-de6f-1ef3-aabd-09a34c038a30
22501136,96,2026,4,5,22501136,44cb30ec-e05d-ab5a-881f-adeac9d53909
22501136,98,2026,4,5,22501136,635e5542-0dc8-8bfc-5f0e-e51dede3d5ee
22501136,105,2026,4,5,22501136,188df090-58f8-ab7b-fa8e-68db1cf0c20e
22501136,107,2026,4,5,22501136,78ab0f03-8d5f-1417-da1d-29d7d2ce50c0
22501136,109,2026,4,5,22501136,e4bb5c72-acc8-1272-42ba-313ba35aba93
22501136,115,2026,4,5,22501136,7b8213ee-fecc-34f2-7d21-c4d591a5843c
22501136,122,2026,4,5,22501136,73eb62d4-8199-175b-2092-502768aaa5e0
22501136,124,2026,4,5,22501136,264dd24a-6276-85a9-5734-9632adf027ff
22501136,127,2026,4,5,22501136,aca82df3-ae41-36c6-7c9e-776f789d3baa
22501136,130,2026,4,5,22501136,c3c08e11-9c39-dd19-69d8-5e8701dde4c4
22501136,132,2026,4,5,22501136,44701ec1-7262-0f53-c434-8e41cf726084
22501136,134,2026,4,5,22501136,29b55adf-d03c-4f12-80d9-9c18f8dd2dc8
22501136,14,2026,4,5,22501136,d2f21fe8-edea-1a99-6bb5-bb7712b320e6
22501136,16,2026,4,5,22501136,5a2875b2-b067-a3d5-0ed0-69099357086a
22501136,163,2026,4,5,22501136,c8e0a1d8-4ae1-f18f-d8f5-1e152bd286b6
22501136,166,2026,4,5,22501136,07a4d3a8-b050-d8a2-b732-c9ad75380116
22501136,177,2026,4,5,22501136,94e27d2d-faf9-154e-c19c-b5be73e436f4
22501136,18,2026,4,5,22501136,4592bac1-ea1f-ae52-0f56-8aec65b841d9
22501136,180,2026,4,5,22501136,adfb53e6-9f2e-bfbd-05e2-01283a052c99
22501136,182,2026,4,5,22501136,30194dda-643b-938a-07ee-cc2257e28938
22501136,195,2026,4,5,22501136,30c2d5e5-563f-f421-9c80-21971b4bc10b
22501136,197,2026,4,5,22501136,0afdd848-cfb8-7908-ccfd-f9ba4bd65e83
22501136,199,2026,4,5,22501136,a4ab6aad-4b0d-c29c-9d2a-f5baa7d805ac
22501136,208,2026,4,5,22501136,843686ef-fd31-0b8f-e977-b0876b433caf
22501136,214,2026,4,5,22501136,2c6585ae-1a6b-de22-c52d-5967615f1b9d
22501136,220,2026,4,5,22501136,e08ee51c-4fbe-101f-c548-e3202f1a3da4
22501136,222,2026,4,5,22501136,5e10f319-59e5-d085-3ab4-072b123bcd1c
22501136,225,2026,4,5,22501136,eac5d26e-a9d2-8689-c6a5-effe721d827b
22501136,239,2026,4,5,22501136,2c26f78b-d67b-e649-49a2-aa3f8028a332
22501136,242,2026,4,5,22501136,2780e037-7c25-842f-1313-536c39f0c4ef
22501136,255,2026,4,5,22501136,549a1b53-a157-1121-3bf7-404ce5123d60
22501136,257,2026,4,5,22501136,bee6a18e-8d2a-8509-2196-9342f9360d3e
22501136,259,2026,4,5,22501136,1a3510da-cb7a-dcb7-a725-e3234b859373
22501136,273,2026,4,5,22501136,a5826d9c-02c4-b173-067a-efe6cbd09192
22501136,288,2026,4,5,22501136,6a5d9cde-d30d-583e-91a5-5f6148a41f41
22501136,290,2026,4,5,22501136,5f689eb1-241e-6511-934f-98a1e69e7061
22501136,292,2026,4,5,22501136,28738efd-bd9b-d53c-3976-7b422af5ae68
22501136,294,2026,4,5,22501136,19eeef2e-8a35-ab7d-6e81-68551e26d0dc
22501136,311,2026,4,5,22501136,e686b39c-b212-a4c4-0ad5-5432d3171be4
22501136,319,2026,4,5,22501136,883e2ca7-1b6a-0276-972d-b3915cff22eb
22501136,325,2026,4,5,22501136,58d236ad-0997-31c4-3ed0-b55676a22e64
22501136,349,2026,4,5,22501136,17f7fea1-e7c7-8a90-afd7-c56435ec17fa
22501136,351,2026,4,5,22501136,24c4a9b8-b0b7-7956-6d28-6abc65b6a4bd
22501136,353,2026,4,5,22501136,8d3ad1f9-7d01-5294-2b31-e37d9796cc38
22501136,366,2026,4,5,22501136,4e22d75d-4a47-fc9a-18a3-6ea5a4e6796f
22501136,374,2026,4,5,22501136,ff4542e6-c3ed-54c2-395a-66576137af10
22501136,383,2026,4,5,22501136,89d1cf51-f7fc-c3c6-d4f5-87cdfc256148
22501136,387,2026,4,5,22501136,f2afbe0d-bf5d-94a0-ea60-e8ee710220bc
22501136,389,2026,4,5,22501136,80c52e5d-ff56-905d-2b16-dcbb7173ddc7
22501136,391,2026,4,5,22501136,23c23ebc-3858-7515-947f-1b582e7d8caa
22501136,395,2026,4,5,22501136,3c6538f9-6c51-338d-7564-2431621501e6
22501136,41,2026,4,5,22501136,0c570dba-7a83-3b93-9b89-d1c6c883a4db
22501136,416,2026,4,5,22501136,7955c908-2456-1e62-062c-a6b14ae36bff
22501136,446,2026,4,5,22501136,089b0319-df6c-e9d2-d3b9-42cd42720444
22501136,452,2026,4,5,22501136,542ed411-5e0a-ec04-b0db-7267cfa6b610
22501136,457,2026,4,5,22501136,9bf1181a-dba9-67a0-23b8-fd97fb69527e
22501136,479,2026,4,5,22501136,46faba98-4e19-2653-2f3e-ddd43351f6b2
22501136,481,2026,4,5,22501136,590902c5-6f00-9978-e05e-1e66bb3a2db7
22501136,499,2026,4,5,22501136,c637ab82-3ee1-d2ff-0ea3-d267ae3e2807
22501136,501,2026,4,5,22501136,e46d06d5-3908-1b66-6a3b-4125b0204d1e
22501136,525,2026,4,5,22501136,541f92f2-36db-63b0-691b-96bd34933424
22501136,527,2026,4,5,22501136,d7023134-907f-41d3-efad-515136577b40
22501136,529,2026,4,5,22501136,2d6d9fcc-a9dc-dc4a-3297-2937cd2566a1
22501136,545,2026,4,5,22501136,09b6d313-32cc-21ac-9a47-5742a53565bd
22501136,547,2026,4,5,22501136,75d4ad52-21a8-95a9-a171-f4516fdff20e
22501136,568,2026,4,5,22501136,0e898d61-8ccf-1e8c-9052-905e1f9f512f
22501136,572,2026,4,5,22501136,0c7a8ffe-aea0-6ca7-c76a-78341977bdb5
22501136,574,2026,4,5,22501136,a1bbece6-388c-10ae-1342-e161c3340b34
22501136,58,2026,4,5,22501136,4ac149b2-01cf-8d55-a10b-2dc4b56f32ef
22501136,587,2026,4,5,22501136,19ddf6ff-94cc-1543-b9f2-e76fbb5c962a
22501136,604,2026,4,5,22501136,37a46a94-c1d1-864b-5571-817d1beb0017
22501136,609,2026,4,5,22501136,50f602c7-6bab-9f3b-fb7c-b6198daade64
22501136,611,2026,4,5,22501136,cd1b063f-1da2-063b-5f9a-b854716c1711
22501136,613,2026,4,5,22501136,01f72a01-7008-1f28-25c7-96e82228e69d
22501136,623,2026,4,5,22501136,b2c0217a-ede0-8d19-755d-876ad23773a1
22501136,625,2026,4,5,22501136,50b331d1-cc30-6fd5-7877-e65dfb3b0ca8
22501136,627,2026,4,5,22501136,8005a9e5-9a8f-7305-98ac-8eb28d15d57f
22501136,644,2026,4,5,22501136,c556f9ff-360b-9991-79aa-7c428e786be3
22501136,648,2026,4,5,22501136,c8f50c19-a3fe-5172-09d5-122e3cc1836c
22501136,65,2026,4,5,22501136,49556432-e08f-a469-e5af-c1a3f587b1f7
22501136,650,2026,4,5,22501136,b5ca5033-d9b7-d546-40b0-910a43d31c2d
22501136,652,2026,4,5,22501136,db084cce-e524-0a47-c1dd-79d837b2b9a8
22501136,669,2026,4,5,22501136,6a4c2178-8631-481c-2681-c689aa77e512
22501136,671,2026,4,5,22501136,5a5c5544-e592-264c-e82d-5c0f8c29453b
22501136,684,2026,4,5,22501136,54dc3fe2-90cd-7df0-41f7-32542d2e230c
22501136,686,2026,4,5,22501136,7289d0f1-9280-7b87-61f2-f085e33248b1
22501136,76,2026,4,5,22501136,84409eff-9b81-3d12-97d5-333814f86456
22501136,8,2026,4,5,22501136,ca585d67-1375-64f5-5d94-61917d28b53c
22501136,83,2026,4,5,22501136,2a634a3b-1131-0faa-03e9-177532d8e398
22501136,97,2026,4,5,22501136,c5fd864d-1e9f-5af8-c400-b26b3091dfa3
22501136,99,2026,4,5,22501136,8ab7c7ac-a68f-1988-00ef-676700d3d788
22501136,110,2026,4,5,22501136,747d34e9-b697-a06f-6eb8-bf1853e6ad5e
22501136,191,2026,4,5,22501136,f2678ddc-369c-87fb-7f32-911ded43a886
22501136,267,2026,4,5,22501136,672e374f-2782-0535-c141-c211bb559e7e
22501136,269,2026,4,5,22501136,6b666f67-5abf-2ef1-fec2-3e1629d2328f
22501136,274,2026,4,5,22501136,e4ca9f6c-c6ba-26e7-a2b3-54c41c73130e
22501136,34,2026,4,5,22501136,60ac8952-f3fd-903d-64ed-a1ce40c4fae9
22501136,346,2026,4,5,22501136,1c846154-c935-c714-6437-9bd39719877b
22501136,36,2026,4,5,22501136,af52e90c-6bf6-cc9f-389f-5fc9cbd9b62d
22501136,375,2026,4,5,22501136,fd9355ec-0b2e-38a2-0ae6-796a97db04a1
22501136,46,2026,4,5,22501136,22687706-af80-ab40-95b1-313d635b5b5b
22501136,522,2026,4,5,22501136,a693abb3-5383-0a1d-c619-fee083510105
22501136,584,2026,4,5,22501136,9be22936-f0bd-373c-a169-1fd4add4eb64
22501136,606,2026,4,5,22501136,14d1a818-9e00-9d5e-9db3-8fcaaa6821fd
22501136,655,2026,4,5,22501136,d732d248-f554-e6b4-b4e0-15f8f793bd3a
22501136,681,2026,4,5,22501136,b4ef18c8-9177-2f27-a18c-eefef42cd465
22501136,100,2026,4,5,22501136,5a021cab-771a-8654-efff-7d7f7bb7cae5
22501136,264,2026,4,5,22501136,c3855e48-0f59-f23a-52b7-b5c8a692a96a
22501136,279,2026,4,5,22501136,289ca270-cb18-a8ad-7acb-f02f7593abc5
22501136,482,2026,4,5,22501136,3fb9232e-4208-660f-7218-a51accb66b87
22501137,115,2026,4,5,22501137,8b05f855-749c-dcd1-5f25-96ad6d765f0b
22501137,14,2026,4,5,22501137,9f150d61-f00a-cf79-e246-41768db41cb1
22501137,173,2026,4,5,22501137,32594d2f-845d-855d-1add-cfc4c458f391
22501137,179,2026,4,5,22501137,d59188f2-0668-a528-2884-3ab45a9cd150
22501137,18,2026,4,5,22501137,55624520-7600-3318-93b3-1ec94ede597e
22501137,20,2026,4,5,22501137,a242ea33-2567-ac1f-dc36-39717a8c38c7
22501137,218,2026,4,5,22501137,99b353b5-7d94-6a02-504c-940686c6c3c4
22501137,22,2026,4,5,22501137,8f27abcf-449e-3074-7df1-6562530c9ac8
22501137,222,2026,4,5,22501137,daf07a27-0a18-7626-6a93-8ffbaf26941d
22501137,234,2026,4,5,22501137,0c019561-b351-3d70-b023-9f3fa875ab00
22501137,24,2026,4,5,22501137,f74221c1-602a-4a44-d0b1-215c01843d2a
22501137,254,2026,4,5,22501137,dc59a81c-70da-d2be-673e-4770e7eb2b9b
22501137,28,2026,4,5,22501137,3777050d-14d9-8a8b-7932-ce6cf920c85d
22501137,290,2026,4,5,22501137,49a7bdd2-3fa2-26b4-495f-78cc990b5d3f
22501137,303,2026,4,5,22501137,162b2223-2d1e-b188-28bb-c91bb3cd7ca0
22501137,31,2026,4,5,22501137,658bac79-406e-97d4-6898-559a571d382d
22501137,319,2026,4,5,22501137,8f7f9f2a-cd67-cfc4-d000-0c9af1ce9970
22501137,328,2026,4,5,22501137,cc73ed53-f59a-8611-9608-66069d2bc2aa
22501137,33,2026,4,5,22501137,122347bd-7fbf-29df-f9c4-95d2616d4df1
22501137,340,2026,4,5,22501137,c73ac0c6-f8f9-5bb5-6d38-179567dd338f
22501137,35,2026,4,5,22501137,26770636-1aef-07bd-78cb-2c08db6a53a8
22501137,362,2026,4,5,22501137,6bc6302a-7055-d918-71eb-d6ae63fb8eb9
22501137,367,2026,4,5,22501137,50e17808-9b9a-c376-0c22-8fbcbd736086
22501137,379,2026,4,5,22501137,0c580320-4221-b634-fc63-90f66ced6cc6
22501137,389,2026,4,5,22501137,e2f1bd9c-c378-09fa-5cff-0671476fb6d0
22501137,392,2026,4,5,22501137,eab12406-2c0c-26bc-8999-78286ef29476
22501137,419,2026,4,5,22501137,1b7c1d44-a7c5-cb2d-f625-766ba3ce0f5a
22501137,426,2026,4,5,22501137,509da7d5-a11f-b916-2551-8e79cfb04448
22501137,443,2026,4,5,22501137,bb1ea939-6c26-f6a4-a47f-8fee9b0e3a09
22501137,455,2026,4,5,22501137,99053f1f-275a-a0cb-1ace-ba1a4b5013b8
22501137,47,2026,4,5,22501137,de48a28a-aceb-79fd-9209-cb308f7b6dee
22501137,477,2026,4,5,22501137,ce29d685-c3a5-2de3-3de5-9ee257d89a54
22501137,485,2026,4,5,22501137,1ca91ebd-db68-bd0d-f48c-ef1a5f5f38ad
22501137,490,2026,4,5,22501137,a44c388e-d1dd-5448-9c6d-47126dacecf4
22501137,495,2026,4,5,22501137,bf872717-e3ad-db3f-4bfe-3c1afefd18da
22501137,514,2026,4,5,22501137,5b67f16d-0bf9-72ae-ca26-1f1ced159075
22501137,521,2026,4,5,22501137,5f55441c-c7c8-1cd0-cb32-4f51a548502b
22501137,535,2026,4,5,22501137,bf433b97-b001-d6a7-77e3-1ccd424a5e4d
22501137,537,2026,4,5,22501137,c9b83779-8a67-1ead-6de8-bc695ca53e91
22501137,555,2026,4,5,22501137,814ae6ba-0d38-74c9-5e29-15d363989457
22501137,566,2026,4,5,22501137,77678e5c-d7d3-b8c0-34af-8ce77ef0883a
22501137,587,2026,4,5,22501137,7e1fb026-320c-bb7e-d8ec-f519ab8e1037
22501137,593,2026,4,5,22501137,99da0463-b12f-d430-7f52-7d8e3fb088eb
22501137,612,2026,4,5,22501137,a5d0b7dc-f8e4-9c4d-399b-549138194a33
22501137,63,2026,4,5,22501137,e41a0abd-df8f-094f-e7d6-85fab75cc3be
22501137,633,2026,4,5,22501137,0e5c9341-c72b-1bcb-dbdc-6ee241380bb7
22501137,651,2026,4,5,22501137,fc0a2296-8630-0ad5-dc0f-b56171592f66
22501137,671,2026,4,5,22501137,ae643a70-fb56-a12c-11f4-8701a9eb3f54
22501137,673,2026,4,5,22501137,40c2399b-2c01-ca02-4283-9af7a4870afc
22501137,677,2026,4,5,22501137,cc6238c1-3fc3-e3a1-b3dc-44b6aca64206
22501137,682,2026,4,5,22501137,55b87885-fd33-34ff-3819-f46974d8f719
22501137,686,2026,4,5,22501137,8582cb49-5fe6-603a-cda9-2314b36ab307
22501137,89,2026,4,5,22501137,4daca47e-8e86-85a5-314e-885bae5bac2e
22501137,91,2026,4,5,22501137,5a0ee99e-51dc-d708-aa8c-771cb5b0dfdd
22501137,99,2026,4,5,22501137,7fae3a26-030d-c189-fe19-ce05363b52dd
22501137,119,2026,4,5,22501137,78125da8-d521-fac2-95c0-07b1309574c6
22501137,126,2026,4,5,22501137,f8f78a83-5ff0-4894-b672-cd9dcb22f5f1
22501137,256,2026,4,5,22501137,676398c0-c4ba-da6b-9f3a-72b3a3dffb63
22501137,314,2026,4,5,22501137,13caafbe-f2a6-0606-0da9-18de56dbbaf4
22501137,359,2026,4,5,22501137,d8bb9f56-00ae-f282-254d-f728c86801e1
22501137,531,2026,4,5,22501137,28c8835a-75a0-0d46-fcb0-e38fbd3d4964
22501137,10,2026,4,5,22501137,bd2d7b27-7485-6912-e80d-5a0f88ef9c9b
22501137,101,2026,4,5,22501137,7c7e09a5-0427-9d0e-8dac-23f070cd5d78
22501137,103,2026,4,5,22501137,7173d8c3-13c6-f871-c507-e7ff501f2a6f
22501137,105,2026,4,5,22501137,88f1a34f-84da-5e99-cc21-46f95e0ca19b
22501137,113,2026,4,5,22501137,809dd33f-c615-2882-7407-63df819b0c71
22501137,117,2026,4,5,22501137,1d298663-4d18-23ad-8b30-468bea26715e
22501137,12,2026,4,5,22501137,624809a5-8dbf-c5f9-39d6-e04ef0e628f7
22501137,130,2026,4,5,22501137,8721d6ff-2e2c-1ff0-c684-22261fe87430
22501137,132,2026,4,5,22501137,ae5e978f-f6c8-1f74-8d70-bc92a9a04d9d
22501137,135,2026,4,5,22501137,147e419a-a98f-b358-91f7-6670445d26e8
22501137,140,2026,4,5,22501137,8c59bb71-15bf-f10e-4f5e-e8a679fab79f
22501137,16,2026,4,5,22501137,fca0944c-57f4-478a-832e-eab42c34d5fe
22501137,167,2026,4,5,22501137,dd62ad69-8d69-2bab-addb-9a0f2b340abb
22501137,175,2026,4,5,22501137,5052a0fc-a5a8-88a5-593c-f86d8adc9362
22501137,177,2026,4,5,22501137,b2f536e6-2024-1bde-3daa-985bf9289ba0
22501137,181,2026,4,5,22501137,7600e3cc-a291-791d-4f7a-8d22d16d80e2
22501137,182,2026,4,5,22501137,8af82866-dd6e-1f3c-9d9c-aab9aff67082
22501137,184,2026,4,5,22501137,4d486686-8e08-52e7-770d-ad8e7a7f602b
22501137,186,2026,4,5,22501137,d14e8458-b038-406a-8a79-9b17bf421e94
22501137,192,2026,4,5,22501137,da4c2013-5ccd-45ec-26c1-7809f7265bc8
22501137,194,2026,4,5,22501137,38f4b2cd-d836-6930-9f5f-9611b49563cc
22501137,195,2026,4,5,22501137,41f1007d-ba36-e14f-6a3f-b47a02a8bcff
22501137,197,2026,4,5,22501137,33000120-3528-79eb-033e-d7d9e74e299f
22501137,199,2026,4,5,22501137,05a9b37d-30c2-6542-2d13-1a8aba1b47af
22501137,214,2026,4,5,22501137,7aed8750-444d-45c0-7b7d-df17bb9cec3d
22501137,216,2026,4,5,22501137,fa8f8875-e4d4-0760-2789-06ede3c71c3a
22501137,220,2026,4,5,22501137,f201a673-a18b-1bfa-a3ab-745ad01751b9
22501137,224,2026,4,5,22501137,47365d55-d59b-c97f-150e-305201e3f3b9
22501137,232,2026,4,5,22501137,768394de-59bf-b2d4-945e-9d4a781a7624
22501137,233,2026,4,5,22501137,8a07f2ef-3d91-6d23-47d7-4cb559fa8328
22501137,236,2026,4,5,22501137,7109c12b-2118-90a5-17ec-86a38d1324f1
22501137,244,2026,4,5,22501137,bc8fc8be-3601-f31b-0ae8-753bdf2b1249
22501137,246,2026,4,5,22501137,c7903715-8abb-84dc-2999-d2f75f744708
22501137,253,2026,4,5,22501137,5198e9f0-76f7-cfd9-c5ba-1e8ed77e5229
22501137,26,2026,4,5,22501137,36459d78-a342-eda8-b9eb-b0b034026baa
22501137,261,2026,4,5,22501137,634e53a6-844d-fdd2-702c-2ef910b18fc9
22501137,263,2026,4,5,22501137,efc67daa-a303-f8f7-445f-3d864df0b057
22501137,265,2026,4,5,22501137,064c8c67-ee93-f99f-880a-e09ac59dbcc3
22501137,272,2026,4,5,22501137,c9a8e41c-879a-f1b9-9edb-d5702fd33c6f
22501137,276,2026,4,5,22501137,60b25db3-d034-3866-2ed9-d7fb75cc6eee
22501137,278,2026,4,5,22501137,54aa07e7-3e06-4bfc-eb3f-5703e0188d73
22501137,288,2026,4,5,22501137,a11b7a1c-3688-e86b-48ba-17dbe1452e8f
22501137,302,2026,4,5,22501137,44b28093-9886-c71e-86f6-a537e832a5b2
22501137,307,2026,4,5,22501137,80308a76-4b1d-8a59-5967-b70356c7e6fb
22501137,318,2026,4,5,22501137,6827ce0f-7940-a92d-3fcd-c952b7358c20
22501137,321,2026,4,5,22501137,c9d71d5e-f140-c957-a55e-470a1ce63517
22501137,326,2026,4,5,22501137,f209c277-50c5-eb87-7e68-ff3b1b11df62
22501137,330,2026,4,5,22501137,db2b3841-d91e-e09e-8b99-b14ce50d0d21
22501137,332,2026,4,5,22501137,efc01e96-3309-1e05-344b-d5299b5cfc8d
22501137,365,2026,4,5,22501137,89efa78e-bd53-81e0-8732-70d2ad744931
22501137,369,2026,4,5,22501137,cfdab83e-26c6-6e17-a42f-333c521d1a06
22501137,37,2026,4,5,22501137,22143f7b-f440-9245-5700-46393fd5feeb
22501137,370,2026,4,5,22501137,86fe1bfc-4643-5cda-b40f-d2922aa75cbf
22501137,372,2026,4,5,22501137,38bfa8a4-55d9-221c-e124-920d6f508d09
22501137,376,2026,4,5,22501137,f98ef4c3-8854-e23f-a384-f48143ce67be
22501137,378,2026,4,5,22501137,9641e604-ad8f-93bd-b7f3-ec33d653d831
22501137,380,2026,4,5,22501137,746b9834-5d4f-632c-4d41-ddb4acf1049a
22501137,383,2026,4,5,22501137,d95bf00e-3bc1-6c89-6f19-c6a5f9b10d13
22501137,385,2026,4,5,22501137,0dd3a732-7fdb-f29e-8972-551c0ce5c2ed
22501137,396,2026,4,5,22501137,8c9a9ba8-0d75-ef78-c856-07ae58eddd7b
22501137,398,2026,4,5,22501137,a5efa5c1-87a8-be1c-6d69-24ac97879682
22501137,404,2026,4,5,22501137,49b624a4-dd80-9ccc-65f7-b5719339214b
22501137,406,2026,4,5,22501137,e4033024-1ffc-f2e8-8ebc-b178b87e2f65
22501137,41,2026,4,5,22501137,da32a71c-d052-2404-2c26-6a2db2ac7296
22501137,423,2026,4,5,22501137,ee449b38-6341-04d4-71fe-eef41dbd603b
22501137,43,2026,4,5,22501137,04c20d85-cd80-8794-cffa-ef8d33eedac8
22501137,434,2026,4,5,22501137,bbc7fda7-21f6-ebd1-36a5-66c25e1ae7b3
22501137,439,2026,4,5,22501137,5b24ee0b-2bbd-ead5-0936-60f6aec07ae7
22501137,457,2026,4,5,22501137,d5b25bdd-49cc-1c88-d010-119ec04a5fe9
22501137,465,2026,4,5,22501137,8d180a3b-4237-904c-1828-526c9ccb67a1
22501137,475,2026,4,5,22501137,e7464a03-b52d-8ba3-d529-0e3e1a12e202
22501137,479,2026,4,5,22501137,67ddd7c3-2cc2-e659-eb81-5dcf97e2133a
22501137,480,2026,4,5,22501137,3def0381-a220-bc13-7e20-e3f220699794
22501137,487,2026,4,5,22501137,c2590fa0-9c10-8045-fee9-ff06c72b8c99
22501137,488,2026,4,5,22501137,67f7b446-8529-90d0-6450-db34c520115a
22501137,49,2026,4,5,22501137,2974cac8-f32c-3ec3-6d5d-22a8a5ee115e
22501137,500,2026,4,5,22501137,ad04864c-f8bf-8d4c-3d78-563d6482f955
22501137,516,2026,4,5,22501137,9877bf97-c289-6a3f-90f6-883a57fa8ab5
22501137,518,2026,4,5,22501137,3c45a347-d794-b096-de60-e199656dc255
22501137,523,2026,4,5,22501137,7d562923-9493-fcfc-8b03-07766d87c954
22501137,525,2026,4,5,22501137,66ded547-dfc2-30c2-8b42-c5a3ed0bd345
22501137,529,2026,4,5,22501137,9617c4a9-80d8-a06c-a9be-3d0c302044e6
22501137,534,2026,4,5,22501137,6e6a0e6b-6e35-0c7d-d1d6-512859e1153a
22501137,54,2026,4,5,22501137,fb511e20-8128-1e27-a358-7f40326db2d1
22501137,544,2026,4,5,22501137,f39cf2f3-9bdf-fa5e-b6f8-823c9efd9e47
22501137,548,2026,4,5,22501137,837cbf0c-c76f-e6c7-bda8-85d2d5240436
22501137,562,2026,4,5,22501137,d351ec92-09ea-c899-172c-e2f8ef605236
22501137,574,2026,4,5,22501137,2e28e8e9-0d21-945b-4a0c-45df8d5be7d5
22501137,576,2026,4,5,22501137,1082368d-f571-86db-40d9-0e95ed4ef18e
22501137,581,2026,4,5,22501137,ee8db691-94ae-4847-b17d-4265d983a05d
22501137,591,2026,4,5,22501137,ba5f8a22-c2fe-b234-e05f-b1a50f14ea69
22501137,597,2026,4,5,22501137,1051e5c9-e8ef-038e-2168-9f64414699fa
22501137,605,2026,4,5,22501137,d482dfeb-a77e-d85c-9bb7-5de3c3e439d0
22501137,607,2026,4,5,22501137,f5bd672b-b01f-ac46-a468-664c186894a5
22501137,609,2026,4,5,22501137,26a733cb-be43-107f-6f14-9bda0d130eb6
22501137,611,2026,4,5,22501137,9f43551e-714c-20a8-da7d-b4e69f8590d1
22501137,616,2026,4,5,22501137,b75f72bb-0736-4017-798d-f85f45d8bb49
22501137,618,2026,4,5,22501137,dc04bab1-1e7f-3cdb-024e-f3285cee628e
22501137,620,2026,4,5,22501137,8b0d6cf8-1f2c-7ef8-45f6-07e36df16f3c
22501137,635,2026,4,5,22501137,9762cc80-9b18-cb8b-17a2-20060a82fe24
22501137,639,2026,4,5,22501137,26602015-3b13-074b-5e69-b1eeb45587c8
22501137,65,2026,4,5,22501137,3b32ae2c-bbaa-bbfc-6dd6-312d369547fe
22501137,653,2026,4,5,22501137,ed728d6d-27a3-5b0d-20bf-9be6b85b487b
22501137,656,2026,4,5,22501137,f15821fc-42ef-c7f5-882f-3ac7ec9dc12e
22501137,684,2026,4,5,22501137,5e92118e-b145-9151-eac5-00a323b266ae
22501137,688,2026,4,5,22501137,2f80a137-ad46-ba48-ed05-1e05a155cbaf
22501137,7,2026,4,5,22501137,7a8a029b-406e-fa6c-2b03-6c4fa7ef60c8
22501137,78,2026,4,5,22501137,faef984a-4365-7abb-9516-dc957c472d51
22501137,80,2026,4,5,22501137,5cab46ed-325f-8417-7349-074455d12216
22501137,82,2026,4,5,22501137,3c49c852-1034-e6a1-0c3a-653573e1aa78
22501137,87,2026,4,5,22501137,39f60a41-90fd-25ed-df2d-ea6705953c97
22501137,93,2026,4,5,22501137,0b5899cf-7c5e-9b77-a4c2-5b564c0e437d
22501137,95,2026,4,5,22501137,a1e18e3f-1135-0b9c-939e-3ad80863c209
22501137,97,2026,4,5,22501137,e7c4ce65-65dd-90f0-28cf-f971bc5b4051
22501137,102,2026,4,5,22501137,a7a65ae9-e66f-8c8d-3a9e-e6b439e4515f
22501137,104,2026,4,5,22501137,28b20f79-f61a-78f8-d6d1-c0d95cce0e16
22501137,11,2026,4,5,22501137,4f03300c-ab6a-a4ba-b8c1-7e2c2dbe46a8
22501137,114,2026,4,5,22501137,41aab536-6041-c6f4-7166-74e55c068fcb
22501137,118,2026,4,5,22501137,30286436-8596-be46-fde2-e2c043b0007c
22501137,121,2026,4,5,22501137,bb892b44-f7b8-9f88-024c-35fc7bee318c
22501137,128,2026,4,5,22501137,ca63ee16-0928-c058-0852-d71e337711fd
22501137,13,2026,4,5,22501137,92b83887-97bd-9c8b-74a5-a86208392b4a
22501137,131,2026,4,5,22501137,4a73b2fc-49e9-a737-ad27-26dffda4f7d5
22501137,134,2026,4,5,22501137,5c165238-2edb-e97c-4d8a-3f3fae8b2864
22501137,17,2026,4,5,22501137,e4d9d75f-de8e-e3f7-f424-c9d2827a259d
22501137,176,2026,4,5,22501137,d7f7c4b1-b5ad-6415-4460-0dbbb7f7c68f
22501137,178,2026,4,5,22501137,1e586882-1eae-3efe-cfd2-6e0cfedcead4
22501137,183,2026,4,5,22501137,12b71917-f012-81b7-cffc-641473db3342
22501137,185,2026,4,5,22501137,d6e398ee-212d-3d59-6bb0-4b2829558592
22501137,187,2026,4,5,22501137,a89e9cfd-d65a-c300-587f-dd4a70aeb011
22501137,193,2026,4,5,22501137,29934671-bde0-24c7-4f06-49c7b907bfa1
22501137,196,2026,4,5,22501137,0beb9fa3-d12c-1602-4e31-0a6fe45add01
22501137,198,2026,4,5,22501137,5ec94b5e-b354-1245-6ba6-17d6d7e70393
22501137,200,2026,4,5,22501137,3102436e-c3b1-24fb-2002-e143a020ddf9
22501137,215,2026,4,5,22501137,d903ec21-0856-7546-7a3b-1fb872b0e4b9
22501137,221,2026,4,5,22501137,2d19db00-91c2-d6d4-d89a-1ccd955770ec
22501137,245,2026,4,5,22501137,ef0c62cf-a3b8-1bde-e1cd-edf0bb447e1f
22501137,247,2026,4,5,22501137,b79d40d0-a69b-03aa-35d3-bb0446beb746
22501137,252,2026,4,5,22501137,544aabaa-1521-887d-32ca-e106ecc53aa4
22501137,258,2026,4,5,22501137,0adf86db-0387-efaf-5235-342a9fbe2615
22501137,262,2026,4,5,22501137,333725dd-37f4-8ea7-2a1b-523b5ea7047c
22501137,264,2026,4,5,22501137,91bc1fe0-1943-ee1d-57fd-9cfb4c93083b
22501137,27,2026,4,5,22501137,00439420-96ac-7a3a-fec6-a3f52904f45d
22501137,273,2026,4,5,22501137,d65aea72-3756-16ef-a551-15ce2c02ca9e
22501137,277,2026,4,5,22501137,3b485272-f891-51a5-8f7a-d4af7102e106
22501137,289,2026,4,5,22501137,9fb98744-6d32-4c96-be76-07a9046c2244
22501137,308,2026,4,5,22501137,9694c89b-c8e4-c9e5-67d6-7716cb705aa7
22501137,316,2026,4,5,22501137,93577d5b-e2b3-2ea4-a053-9267412635fc
22501137,327,2026,4,5,22501137,efedc318-229f-416e-528f-162a4703edc3
22501137,331,2026,4,5,22501137,f2ee1785-a917-31c2-22ad-45f5ec5427bd
22501137,361,2026,4,5,22501137,086e996f-a3d3-a84e-bec7-2cbad54b62c1
22501137,366,2026,4,5,22501137,20f72008-7a2b-b172-5c29-32f141342782
22501137,371,2026,4,5,22501137,ef71cc97-4112-9144-dfd4-0a33840136d2
22501137,377,2026,4,5,22501137,3318d067-e901-a0dd-e4ab-506498861801
22501137,38,2026,4,5,22501137,54a5abdb-201b-3551-8ae3-894fcfa9ff73
22501137,384,2026,4,5,22501137,2bc23d23-9717-081f-a40c-9c74bf67844e
22501137,386,2026,4,5,22501137,98755f85-4871-df3a-d43e-93d9821eaf84
22501137,397,2026,4,5,22501137,2999b499-b32e-6b61-a2d2-a78b40e0ded3
22501137,399,2026,4,5,22501137,9546e11c-4ff5-247a-ba9c-8a6d54b30073
22501137,405,2026,4,5,22501137,ff0beac1-41ee-722b-67f4-47c268e2696d
22501137,407,2026,4,5,22501137,152b5f73-63ce-5a1a-6e9a-e5e51e38434f
22501137,42,2026,4,5,22501137,34c3856c-5cef-76bb-531c-b3c1d334d685
22501137,424,2026,4,5,22501137,dda73682-f843-9210-d579-f04c44bd8536
22501137,435,2026,4,5,22501137,eaa22b67-a537-f096-d6b2-9e2f18560e31
22501137,440,2026,4,5,22501137,18e61e5f-1d71-8de1-038a-d2992636ac3e
22501137,464,2026,4,5,22501137,54fbc906-281e-f568-7d7b-ac0d9e541a6b
22501137,466,2026,4,5,22501137,bc595b2a-a1fb-1506-8f44-8263da43f9b9
22501137,476,2026,4,5,22501137,ad21f060-51fc-306d-ec86-d5edae2ddd55
22501137,481,2026,4,5,22501137,87d93893-a61b-77f6-1b86-88ade1db9828
22501137,489,2026,4,5,22501137,d0572ed9-a74c-bce1-440b-40a497456918
22501137,50,2026,4,5,22501137,fb313e2f-93aa-1bff-53a2-de408a8c7f8e
22501137,517,2026,4,5,22501137,604aa344-7568-b35d-a2eb-cd8bd3fe80cd
22501137,520,2026,4,5,22501137,372abf4d-51c1-f652-da45-8a78ba745256
22501137,524,2026,4,5,22501137,921a3f39-b761-a370-344b-8bef17a7f764
22501137,530,2026,4,5,22501137,f6c4ea01-c7ca-013c-650d-509cd529f5b7
22501137,533,2026,4,5,22501137,904d2756-8343-d5ff-23f7-05c042f90129
22501137,55,2026,4,5,22501137,78fe3af6-4b30-1ed3-37df-0b4cbfb35e38
22501137,575,2026,4,5,22501137,67ee90a8-1b39-2f7d-0630-8f2797fd2e9d
22501137,580,2026,4,5,22501137,7f7ae6c5-8fbc-9c01-7e84-a1be387cec9b
22501137,582,2026,4,5,22501137,8f25e590-5655-81d0-3d8a-0c2e898ca5a9
22501137,592,2026,4,5,22501137,e4c68724-0279-a374-4a62-d9df7b1c5815
22501137,600,2026,4,5,22501137,fba87fc3-dc69-c81f-ccb0-ffb316f7fe40
22501137,608,2026,4,5,22501137,e277486d-f52d-9501-3732-86a82853de47
22501137,617,2026,4,5,22501137,116b4a4b-390f-b8e6-06d4-b839359280f6
22501137,619,2026,4,5,22501137,b85f5251-52fb-ca11-4412-fb2f78e1fbd6
22501137,621,2026,4,5,22501137,4504fa8e-3055-c9cc-7835-62734263dbc0
22501137,636,2026,4,5,22501137,50ad430a-0a0b-d4c0-ed2d-ead57a3e2986
22501137,640,2026,4,5,22501137,80fed07d-f994-ec9e-3b12-39104c01845e
22501137,655,2026,4,5,22501137,42fbae50-268e-4676-a479-348dac0d63bf
22501137,66,2026,4,5,22501137,db195a2d-1df7-fe98-2b18-dbbee6ad3e5d
22501137,685,2026,4,5,22501137,ca2a1632-a42e-9229-8af5-dd045cd8eb7b
22501137,79,2026,4,5,22501137,88d90bdf-c315-a882-9946-4ed35d1d2b72
22501137,8,2026,4,5,22501137,7d29e3a0-7af9-d3d3-3c2a-acd7f3526f6c
22501137,81,2026,4,5,22501137,8bd54de9-37a1-5e70-6338-4754054016a3
22501137,88,2026,4,5,22501137,48a974be-c6f6-477c-7090-05344eb25879
22501137,94,2026,4,5,22501137,654eeee9-6b3e-8f1c-db46-25bc772480e9
22501137,96,2026,4,5,22501137,043e5534-6560-bb8d-5889-51401327f386
22501137,98,2026,4,5,22501137,e9a2ccd9-b012-44c5-5750-86fd5fa7c43e
22501137,147,2026,4,5,22501137,c72a94a9-90d8-0ec9-4b06-98eabdc0d277
22501137,171,2026,4,5,22501137,f5c7da20-708a-bd5f-b16a-94eddc528cbd
22501137,259,2026,4,5,22501137,8fc3767b-5ed7-e3d0-93bb-837088a7933d
22501137,274,2026,4,5,22501137,d04d55c1-71ed-b2dd-d34e-79134073e6cf
22501137,305,2026,4,5,22501137,b9b88602-e055-a72f-37c4-ddccfa4384a5
22501137,338,2026,4,5,22501137,db4babde-8712-950c-d842-aed33ddf9bf9
22501137,387,2026,4,5,22501137,ae728f29-afb1-0865-136b-3b7360a7c1b4
22501137,441,2026,4,5,22501137,d025a7a8-9d69-8368-696c-12cade70120a
22501137,549,2026,4,5,22501137,0e1f733e-5242-e0d6-27f3-3edbaa500a29
22501137,551,2026,4,5,22501137,253d662a-5c12-a17a-1e34-5e7a8a895b70
22501137,553,2026,4,5,22501137,0d12b671-e246-5a95-f02c-4f8c4062f16b
22501137,572,2026,4,5,22501137,b3b6b870-3bf9-36c7-8eae-624c848cda36
22501137,59,2026,4,5,22501137,ef6cf91b-9ee9-7c31-58f7-eaca4482d172
22501137,61,2026,4,5,22501137,e26a4085-147c-d3c6-d146-6de15a551f37
22501137,67,2026,4,5,22501137,f6277206-fd75-4206-4224-c85172963c59
22501137,679,2026,4,5,22501137,1e367d05-672a-767b-c26a-ea9fd965e8b4
22501137,133,2026,4,5,22501137,14bc0804-0909-95d6-c15d-06c00b6cd351
22501137,217,2026,4,5,22501137,7a045c8d-fa36-23d4-defa-b1b9313dec39
22501137,335,2026,4,5,22501137,bf90ca3c-6513-06c7-a955-d257f06d485b
22501137,375,2026,4,5,22501137,60b3eb94-d32a-fd15-20ea-ed09fa9fccdd
22501137,391,2026,4,5,22501137,ed3c9b5a-9b8d-4055-1701-a4cd58a9da04
22501137,418,2026,4,5,22501137,98410fc1-3740-77a1-9706-a1bdc3b8daf3
22501137,425,2026,4,5,22501137,9937ebb6-137a-f455-7a7e-15a23db43769
22501137,436,2026,4,5,22501137,72a9a7b1-7bf2-56a4-93ef-523b8a4796fb
22501137,482,2026,4,5,22501137,1392495b-84fc-ec33-9c02-323e33999d18
22501137,494,2026,4,5,22501137,bbe962ab-ed2a-f4eb-373f-c38ee433781d
22501137,497,2026,4,5,22501137,a2436226-0193-9d0c-1f2d-1842afdf36f9
22501137,51,2026,4,5,22501137,ddb123b2-dd2d-b48d-60c3-45ebc7f29c64
22501137,541,2026,4,5,22501137,fdca2d67-acf5-e1ac-ff7a-84943029b35d
22501137,58,2026,4,5,22501137,3e285540-f134-f9f9-b185-fabc557b4534
22501137,681,2026,4,5,22501137,d73a1d31-8196-0e22-4df0-bef5bfafccc9
22501137,69,2026,4,5,22501137,cb02bd71-d304-c65a-8ab5-f88d2a709112
22501138,11,2026,4,5,22501138,2aef7013-df9b-2cf2-5210-91e413f7902f
22501138,110,2026,4,5,22501138,76f9e0e9-607a-f57b-c8cb-0dad26d9d34e
22501138,13,2026,4,5,22501138,d7fb2ab4-18e2-54fc-a772-a22f3eeb2c54
22501138,135,2026,4,5,22501138,a30d754d-c1b2-0ef8-de82-5f085a9a35ce
22501138,14,2026,4,5,22501138,6acf338c-c983-98e3-e54f-e05f8ee4dd1a
22501138,148,2026,4,5,22501138,3f5dc4b0-1a70-28e8-4d5a-05482d1a7beb
22501138,153,2026,4,5,22501138,bcc7a40d-50ef-b629-7d2f-803b0c2abca3
22501138,186,2026,4,5,22501138,b77666d7-dfac-777e-24b0-801980eda072
22501138,192,2026,4,5,22501138,5f9ebfd6-b11b-9698-2429-99f4ed1eaaa7
22501138,196,2026,4,5,22501138,c0608a53-7c02-8ef4-bebb-aaba3acc543e
22501138,198,2026,4,5,22501138,c8576123-ecf8-e624-e736-cdf4ba3afd60
22501138,20,2026,4,5,22501138,a2593cff-59de-7d1a-fd38-b58096013e79
22501138,245,2026,4,5,22501138,f8c06df5-ae80-73a0-738f-e2e3d6ad6bf3
22501138,265,2026,4,5,22501138,4adeefab-5103-fe81-e486-018eea0b300a
22501138,267,2026,4,5,22501138,d47c1d65-e139-1281-591a-58f55b645972
22501138,30,2026,4,5,22501138,0bfd9314-d3c0-357c-11e9-0c04d1bff1da
22501138,314,2026,4,5,22501138,df2a5478-ae21-6810-e471-b8c88526e64b
22501138,338,2026,4,5,22501138,f5cae737-974d-adc4-8bfe-1162aa71777b
22501138,347,2026,4,5,22501138,4b358379-b833-14ae-25f9-73683f17fd63
22501138,36,2026,4,5,22501138,8cb0f8cd-1999-067f-99aa-e7efc6c44cd1
22501138,382,2026,4,5,22501138,24021a9d-c91f-a078-06b2-75f934332b63
22501138,391,2026,4,5,22501138,ccf3835a-9b06-30a4-6ae3-1173816238db
22501138,421,2026,4,5,22501138,1f30b013-a675-69f3-f388-a10cb7afb586
22501138,454,2026,4,5,22501138,899cce8d-22f7-75c7-31ae-f655353c13b0
22501138,457,2026,4,5,22501138,dd30873b-d3e9-5d96-de23-bb9caa94c827
22501138,461,2026,4,5,22501138,20f5d7b8-0ef4-21b1-f93f-287da713eb5b
22501138,466,2026,4,5,22501138,2833830e-6857-c512-f719-48986925f868
22501138,522,2026,4,5,22501138,2a5ac277-0f67-8799-4f6e-2a73b01c0e00
22501138,529,2026,4,5,22501138,a5bb0234-cc59-7163-a47e-618e6c30d4f4
22501138,567,2026,4,5,22501138,9caa6644-8ced-fa0e-77c1-e4028960348e
22501138,569,2026,4,5,22501138,2cb1ae6a-cdcc-4ef9-b1e1-61b61c9080ed
22501138,58,2026,4,5,22501138,c80dd928-0918-279d-c5de-e29d1c6c98de
22501138,582,2026,4,5,22501138,c414eca7-fa06-10a6-9dab-9b0353c292d2
22501138,60,2026,4,5,22501138,53bc1eb7-8f2c-2d8d-4bfd-fb1c56c6322f
22501138,604,2026,4,5,22501138,471e0c57-8e78-a891-a0fc-56ff6009e8f5
22501138,611,2026,4,5,22501138,e475433d-fa55-1dee-82d0-5ceb18c9c714
22501138,625,2026,4,5,22501138,4edd88dd-ce33-ec27-bfa2-acb15e08fa42
22501138,648,2026,4,5,22501138,d3fc255b-caca-e0b4-b5ac-356aa3f4d547
22501138,658,2026,4,5,22501138,47a15020-3837-80eb-f5fc-630b88943d8f
22501138,660,2026,4,5,22501138,0d56aa52-0ccc-48d6-e559-39e3b63d68e6
22501138,74,2026,4,5,22501138,77efd035-f746-c5a9-eba4-a88723796e8e
22501138,82,2026,4,5,22501138,7355bdb3-4bb2-f39b-911d-3518293ffa4e
22501138,84,2026,4,5,22501138,d7493f14-c2fe-5c7c-9d70-eaad2a62a18d
22501138,92,2026,4,5,22501138,05762143-79cb-7445-df75-f4012923a25c
22501138,94,2026,4,5,22501138,ca5efa3d-0ed5-ab1c-9244-86e8277cce91
22501138,150,2026,4,5,22501138,4c83cf41-20c4-2a34-ad15-eb089f0be8cc
22501138,256,2026,4,5,22501138,bb352b38-118a-b1e8-6781-e010f2393c64
22501138,282,2026,4,5,22501138,17be770d-f3b9-6427-d76f-e3f746d85e9a
22501138,32,2026,4,5,22501138,65b922a9-751b-932c-c282-2512ae8870b8
22501138,343,2026,4,5,22501138,ce524933-e1f2-1445-643d-d1d5d540aa6f
22501138,404,2026,4,5,22501138,e682ce7e-ced3-ab99-8645-8b839cb30c8b
22501138,437,2026,4,5,22501138,7fb1a936-5c62-4641-842c-1f96e7794c3d
22501138,488,2026,4,5,22501138,ba3b6c72-e8a1-9663-bfcf-8f2990d91f3c
22501138,514,2026,4,5,22501138,f30f1800-4178-44e6-ea80-09624b76ff95
22501138,531,2026,4,5,22501138,b1438cc2-e029-4ac3-70cf-10232fa61e8c
22501138,613,2026,4,5,22501138,33aff525-1164-72ef-ad3a-538b468d2008
22501138,627,2026,4,5,22501138,cf75ca76-6f96-7ac9-619b-52fa8cf4f09f
22501138,635,2026,4,5,22501138,3fdc9407-1017-4bcd-e712-3055adfcd9d0
22501138,102,2026,4,5,22501138,6ebd3d27-108a-0978-dc68-578b68635779
22501138,108,2026,4,5,22501138,00818ac1-13a9-4807-2de3-3f589b9edc54
22501138,112,2026,4,5,22501138,ea869a4f-cefa-1a01-d138-81402511db08
22501138,114,2026,4,5,22501138,5e5d53d7-b764-e289-ac86-8e03e6669d79
22501138,115,2026,4,5,22501138,1f2aa19e-c5bd-7718-4c61-626e6088083d
22501138,119,2026,4,5,22501138,534d9136-570a-8bf4-3f33-103ea9bdbb6b
22501138,127,2026,4,5,22501138,7689c85c-1916-99d4-fb54-57c51399a637
22501138,133,2026,4,5,22501138,55aab04d-4cbc-f690-5d94-30bffb4826cb
22501138,141,2026,4,5,22501138,810b67c9-9656-ec3f-1a27-286e186f151c
22501138,155,2026,4,5,22501138,fad52434-fbac-5a8c-58c3-b40f5c58dd59
22501138,16,2026,4,5,22501138,650badc5-5c97-4899-0036-9f831595a617
22501138,167,2026,4,5,22501138,0055a62a-b4d5-55dc-af07-ccbd03e88480
22501138,184,2026,4,5,22501138,6c28ec1e-78cb-d9c4-a08d-440ea6be1a42
22501138,189,2026,4,5,22501138,6ab05042-3378-c320-cb62-4fd9220ab9bc
22501138,19,2026,4,5,22501138,3b483505-9cc8-c9e1-a9de-7a0262ac78fd
22501138,194,2026,4,5,22501138,4a36eef2-b21d-8f3b-4fa3-1c450da4b7e6
22501138,200,2026,4,5,22501138,574c1724-331e-ec96-3921-9d94144565e2
22501138,207,2026,4,5,22501138,f7f1e6aa-63e3-bd04-4361-e027ae1e9ec4
22501138,210,2026,4,5,22501138,9b5aa329-e582-e819-f4e7-b2752e0ee90f
22501138,212,2026,4,5,22501138,bff0b00a-2acc-1002-f1d9-62babe8a9200
22501138,218,2026,4,5,22501138,185d9844-6d6a-aa10-8ff3-f38d1db7ead8
22501138,220,2026,4,5,22501138,6a1c0eb4-0703-91c6-57f4-638322917d42
22501138,25,2026,4,5,22501138,3b22d611-1973-f2c0-4c63-9838d505d329
22501138,254,2026,4,5,22501138,a3de2a2a-3543-18e4-bfe7-843b6c68d4c3
22501138,259,2026,4,5,22501138,6c73421f-56dd-cf80-00f4-53eafe7639ff
22501138,269,2026,4,5,22501138,e3fb2596-a3f3-ae87-485c-78c56dbc2cb6
22501138,27,2026,4,5,22501138,cdbb6296-f213-9fe5-0db6-ce274bb64fa8
22501138,271,2026,4,5,22501138,fd4f5b75-59c1-a0c7-e40e-5f2f94ecce3e
22501138,280,2026,4,5,22501138,6c0a69eb-dc81-60c9-bc33-19ed4ef2cf01
22501138,285,2026,4,5,22501138,100d8c3b-21b9-74bc-1f69-77d6052e94f0
22501138,292,2026,4,5,22501138,c250c610-b961-8dfb-01ab-4045b48ec4f5
22501138,294,2026,4,5,22501138,33573240-f14c-1cf4-101f-40069daa001f
22501138,296,2026,4,5,22501138,77f5c722-157a-1d7a-32fc-b5272792f324
22501138,297,2026,4,5,22501138,ac6a0832-1b96-6770-204b-be93236039da
22501138,308,2026,4,5,22501138,82930897-2005-cacb-e1bd-6cda456e4eff
22501138,310,2026,4,5,22501138,007bedd3-0942-994c-8dcf-a6a781450ff3
22501138,312,2026,4,5,22501138,f39fa57d-ecea-070d-2960-6616923c0d49
22501138,319,2026,4,5,22501138,33328e25-3880-e5d3-b99d-10d802723e5f
22501138,321,2026,4,5,22501138,be300ea3-f2bd-adda-d8e4-b8694b0330df
22501138,323,2026,4,5,22501138,2a0cb2c7-b8e3-5a3c-4bd0-1ac85977d333
22501138,330,2026,4,5,22501138,5f287dcf-2771-1db1-fa65-ec9d2cc0f77b
22501138,331,2026,4,5,22501138,d50c447a-34c4-d68e-85bf-989c9cb0d4cd
22501138,340,2026,4,5,22501138,50ddff88-50d2-dc72-d444-e6ff208cde9b
22501138,353,2026,4,5,22501138,1efec8d3-29ef-2e2d-53c0-1458992701d7
22501138,359,2026,4,5,22501138,073603e1-1665-2686-41f1-8796244ebdf6
22501138,365,2026,4,5,22501138,fc1a982e-2600-f97f-6941-1cf47c8487df
22501138,371,2026,4,5,22501138,f48afc5b-fa11-4baa-46a5-a332aea592aa
22501138,373,2026,4,5,22501138,0661135a-228b-0a30-f760-2c836224ca6b
22501138,375,2026,4,5,22501138,c4c618c3-5d62-a644-d38f-ab0d13036d77
22501138,376,2026,4,5,22501138,ee794ff0-29d2-f182-d322-4f822485c246
22501138,38,2026,4,5,22501138,1dd6e930-11d4-4322-f5b9-f47c1749b181
22501138,387,2026,4,5,22501138,3debd587-d847-fef1-bdac-dc0a1615d325
22501138,389,2026,4,5,22501138,d08a9d57-e592-d27f-0066-d72720cdda6b
22501138,394,2026,4,5,22501138,c094f1f4-a2a1-3707-cd80-b3357abe67c0
22501138,401,2026,4,5,22501138,ea3f99b6-6d37-14c3-a3f9-07d0f2f70c31
22501138,403,2026,4,5,22501138,f9ad453a-c672-9c6c-35ea-411559bfff2b
22501138,407,2026,4,5,22501138,78ec21ae-b2a4-6027-af8f-e762d9e6d1ed
22501138,409,2026,4,5,22501138,5aa018fe-ecae-a7be-a47a-b8d4e1356f0c
22501138,411,2026,4,5,22501138,c60ee49e-33db-45d5-b619-549bb718b00d
22501138,430,2026,4,5,22501138,88f28308-23d7-708c-fe70-786d127393f4
22501138,435,2026,4,5,22501138,d0579ee5-fe61-b8be-2960-d299716a2224
22501138,440,2026,4,5,22501138,a62ce438-8997-3dfc-a199-df7a60de1f7b
22501138,450,2026,4,5,22501138,38681fef-30f2-b42b-66ab-483903cf0baf
22501138,456,2026,4,5,22501138,3a827fd2-1767-e415-bc93-d5906a856ddf
22501138,459,2026,4,5,22501138,69fa052c-ffb3-9205-23a4-eb8b88d2666c
22501138,47,2026,4,5,22501138,a74e91ce-f96d-973e-8ebf-366776a160b1
22501138,472,2026,4,5,22501138,06395d33-7847-1043-b2ec-7c4a9216feb9
22501138,474,2026,4,5,22501138,b7dbc5df-9665-00cc-52db-39e17f4e23fd
22501138,483,2026,4,5,22501138,e528de30-1b1c-ba7e-739c-8ce9476d1648
22501138,484,2026,4,5,22501138,959600c0-4a5c-cbdc-828c-be70cd087b27
22501138,491,2026,4,5,22501138,6213997f-57f8-ca6c-26a7-d816e565619b
22501138,492,2026,4,5,22501138,0fe3360d-ed88-375b-8c72-bdc9f43cbb29
22501138,50,2026,4,5,22501138,6aaf5976-2a4a-6dca-3f8a-8382d9806e6e
22501138,509,2026,4,5,22501138,fba7ff96-90cc-4a20-24d9-74dfe40b8db9
22501138,511,2026,4,5,22501138,41c3caf2-f507-cb03-c125-54f14cc50733
22501138,512,2026,4,5,22501138,00477f9d-e337-7311-4cd3-1163b50a90f5
22501138,520,2026,4,5,22501138,b158bfe3-894f-01e0-c1aa-458332884f69
22501138,524,2026,4,5,22501138,72180c7d-fd51-ce28-6379-3af262a7eda7
22501138,526,2026,4,5,22501138,9b4683a7-9161-d74d-50e3-3044c1e8189e
22501138,528,2026,4,5,22501138,93dd899a-7072-ca6c-48de-1306347c5686
22501138,54,2026,4,5,22501138,b79b3f4d-a0b8-c893-c20c-a530183f245d
22501138,543,2026,4,5,22501138,5492aea2-ab8e-c571-138b-b5b951f19f59
22501138,56,2026,4,5,22501138,bb5bcb95-b3b4-0b6b-6af1-b75a93fb1da4
22501138,561,2026,4,5,22501138,aedfeec8-6f82-b313-f577-79b0852421b1
22501138,564,2026,4,5,22501138,e36f71a9-4231-2e1a-6799-d3c235269cd3
22501138,571,2026,4,5,22501138,e05aef18-54f4-9315-499c-9c409741f136
22501138,581,2026,4,5,22501138,360a2055-2e05-c84a-4030-e12356de2f79
22501138,584,2026,4,5,22501138,63fb1de2-af34-468f-fdae-9aea1be45fe0
22501138,594,2026,4,5,22501138,d307cb18-1cbc-a35f-0851-a43906521748
22501138,595,2026,4,5,22501138,7571433a-fa12-906e-7645-0699609f8982
22501138,598,2026,4,5,22501138,6340ca3a-7d03-13a7-7891-7d68eb33a142
22501138,600,2026,4,5,22501138,bebb5f6e-0be2-f8fd-4a39-ff42b40a74fb
22501138,602,2026,4,5,22501138,44da53e7-3c63-c65a-5b13-aef3f87393c1
22501138,617,2026,4,5,22501138,17746c52-af7f-8f0d-5902-5439fce1f91d
22501138,619,2026,4,5,22501138,fc77c19a-4aac-284e-de30-b58f409e51da
22501138,62,2026,4,5,22501138,b784e57a-25a6-da2a-cc15-2df31f8e0b75
22501138,621,2026,4,5,22501138,964d505f-7e64-b174-4cf3-ab916f2f6e05
22501138,638,2026,4,5,22501138,4994059b-8ff6-a100-1fa5-45d949f5dc2f
22501138,64,2026,4,5,22501138,be381153-ac04-e341-f7ed-87a53b91e492
22501138,640,2026,4,5,22501138,6696391b-132c-1859-5c34-b1a8fcae7496
22501138,65,2026,4,5,22501138,686e6a28-f802-46a7-0ece-c3734d63a3ac
22501138,653,2026,4,5,22501138,8cdf8626-7cda-5770-98b7-9e9814915d29
22501138,655,2026,4,5,22501138,b743e6e9-2794-df1a-7e56-e9adfe1db2a8
22501138,671,2026,4,5,22501138,daad6e02-1040-0161-2fcc-bc4892605c88
22501138,674,2026,4,5,22501138,74a5615d-21f3-f41d-da3e-1b2e25ae810a
22501138,676,2026,4,5,22501138,91fde9ba-8c6e-8e3f-7006-d4a445190f92
22501138,7,2026,4,5,22501138,7750c542-dfde-e7a8-bc57-296c1c76be27
22501138,701,2026,4,5,22501138,0ee7f361-c5bd-fb2b-453e-fd03cff42d92
22501138,712,2026,4,5,22501138,3ec8b5d4-ddcf-daa3-a1f2-dd8a0eff53ff
22501138,714,2026,4,5,22501138,b8f56606-78a8-1a71-bab2-b1b2f84840f4
22501138,716,2026,4,5,22501138,6dfec729-7d06-8b7d-f52f-4827ced4a40b
22501138,717,2026,4,5,22501138,8cb62ab9-2f97-eb56-0775-6bc74658aa80
22501138,752,2026,4,5,22501138,52026a53-9d36-0873-daec-780e1c3e854d
22501138,79,2026,4,5,22501138,19a54cbc-712c-3eee-0f68-3a5d7105d91d
22501138,85,2026,4,5,22501138,ff31c8c6-fcd9-0393-661d-b4fe6cd04b69
22501138,87,2026,4,5,22501138,a5aed4f6-36b4-40f7-d04f-4fb8cefcaef7
22501138,88,2026,4,5,22501138,96616bf5-532d-887c-7b71-f2f4180fbe4a
22501138,9,2026,4,5,22501138,83aacf32-42e0-2025-b0a7-29ae84821d95
22501138,90,2026,4,5,22501138,bc04ef27-b8be-340a-49d0-28f3c0d667d6
22501138,10,2026,4,5,22501138,a47e0fb7-90a0-b313-3895-d8764a543623
22501138,101,2026,4,5,22501138,f1dd19d2-5548-95ff-049a-7befc6aea0da
22501138,103,2026,4,5,22501138,c6d626a0-0018-c6f4-5bd9-14061d0c3a34
22501138,109,2026,4,5,22501138,eef3adf3-10e7-5cf5-2851-ed981f86d602
22501138,113,2026,4,5,22501138,2ba7477f-b75c-2936-54d3-3c2c6ca91abf
22501138,120,2026,4,5,22501138,09cf4301-f0a8-6d7a-541d-a5722a49f645
22501138,128,2026,4,5,22501138,2a2f0fa3-d3f4-f006-ae89-4255af6ce11b
22501138,134,2026,4,5,22501138,5f528f3c-c924-efdf-41f5-a9d570784e1f
22501138,142,2026,4,5,22501138,ae9211f3-58af-1f0c-27c0-98c6cdc59542
22501138,147,2026,4,5,22501138,aa0e79cf-c9a0-4458-f6da-dd863b5ed48e
22501138,152,2026,4,5,22501138,b7d81497-0610-224a-fe51-bd458c2e836c
22501138,156,2026,4,5,22501138,b406b67e-540b-ef91-d7e6-cd8e283f2449
22501138,168,2026,4,5,22501138,ab9126c2-6bc2-1f0f-5f35-7d870a4f4444
22501138,17,2026,4,5,22501138,c0fa6ae2-1bee-9365-7983-c53dcede8c85
22501138,190,2026,4,5,22501138,3bf29eaa-c8db-31f6-f999-a10deeac6ca1
22501138,195,2026,4,5,22501138,07168292-95d7-9ce5-7a78-28d6d461a9ce
22501138,201,2026,4,5,22501138,dbc75eac-7e65-48bb-f081-3c25fd6f458d
22501138,208,2026,4,5,22501138,b17db38c-d5e7-2ae4-6367-11b87c4e0f91
22501138,211,2026,4,5,22501138,faba9467-000e-18e5-1698-3ded7939c127
22501138,219,2026,4,5,22501138,32609af2-117e-c86c-8d71-66184352ce70
22501138,221,2026,4,5,22501138,a6898ee1-c267-4b5b-fa42-10ecab3cef0d
22501138,238,2026,4,5,22501138,bb48f881-31fb-f82b-3cc8-1be4c4a5e154
22501138,255,2026,4,5,22501138,0bf4fe0b-fa06-5daa-df6f-898a7ac21507
22501138,258,2026,4,5,22501138,b1c179b9-b562-1af4-451e-5f59410ff3c4
22501138,26,2026,4,5,22501138,dbd60c37-6df1-ee9f-e0ab-1529128eb76f
22501138,264,2026,4,5,22501138,e26e97b1-37d1-af4f-c1d8-788ed0d5cd33
22501138,270,2026,4,5,22501138,bf9dc42c-56c7-a4d6-f047-78b878e1bbb9
22501138,272,2026,4,5,22501138,bc716959-d32e-dae7-dcdc-0759def40221
22501138,281,2026,4,5,22501138,ca9a7b39-a8ae-79c3-23ac-5b050e2e72be
22501138,284,2026,4,5,22501138,12ffc0ce-bf36-0d4a-6632-c543f95e635a
22501138,286,2026,4,5,22501138,4a9b9091-0e41-b478-fe3b-41cd39c204f0
22501138,291,2026,4,5,22501138,28884261-61b3-f31c-f10b-a1286da4b477
22501138,293,2026,4,5,22501138,b1875f71-fba3-c34e-871a-1308b052de03
22501138,295,2026,4,5,22501138,1ac97bb1-686c-ab22-5240-403c9d0fd18c
22501138,298,2026,4,5,22501138,9073207f-1053-b18d-3442-4d40a1ba9353
22501138,309,2026,4,5,22501138,69ef3d6a-4c9f-3f76-b8ef-2d539debc4e4
22501138,311,2026,4,5,22501138,27e7dc34-9a85-00c7-789b-836f45369036
22501138,313,2026,4,5,22501138,f055ca17-8a38-0a05-f30f-03bd28b93018
22501138,320,2026,4,5,22501138,110489c0-35e8-49d7-0607-c38da0dd5c93
22501138,322,2026,4,5,22501138,238dae6c-98ed-f730-2a4a-46a0214ddb3f
22501138,324,2026,4,5,22501138,93914bcf-1c67-3701-6ea0-0478e0481ea5
22501138,34,2026,4,5,22501138,dc885850-8167-dcf1-f9aa-c5059f2d8491
22501138,354,2026,4,5,22501138,5232668c-ddea-f6af-6782-4fe9caee977c
22501138,372,2026,4,5,22501138,d03002ea-92f7-fc2c-8b00-1aa9a5a2cb57
22501138,374,2026,4,5,22501138,95ee81b3-ad41-ce24-7b11-c65b8d258a41
22501138,377,2026,4,5,22501138,5f6576cd-2c3e-a822-1674-21c7fd74ba3f
22501138,388,2026,4,5,22501138,f80c94a5-4b1b-4a6f-8ac7-c64ec45f1aa5
22501138,39,2026,4,5,22501138,902ebc8b-cbfa-34ed-4167-b43bb3f4aa1c
22501138,390,2026,4,5,22501138,993fc7be-1ac1-4f37-d3c1-52b0e90777b0
22501138,395,2026,4,5,22501138,db656041-6fcc-17bf-9eea-d66d56b2a71b
22501138,402,2026,4,5,22501138,bd813c93-5e1e-626f-be04-6e401008b1f8
22501138,406,2026,4,5,22501138,07aa18d5-eab5-689e-4b1e-617d5311cfec
22501138,408,2026,4,5,22501138,dfdae2f9-892c-876a-fc27-2d349c971d9d
22501138,410,2026,4,5,22501138,d4cd4395-969e-7c91-dbd2-aeb1d41d8b40
22501138,420,2026,4,5,22501138,1e650b36-7315-7fbf-4174-46c963d88b52
22501138,436,2026,4,5,22501138,79d2583d-53ba-f8b9-b088-31e891333d16
22501138,439,2026,4,5,22501138,63a4e3d6-1736-e42b-f17b-215bd9bf3eb2
22501138,441,2026,4,5,22501138,3b68dba6-90d6-e2fa-9ae0-e74707b099d2
22501138,46,2026,4,5,22501138,128a3a81-bc35-7e53-807c-350a69e31595
22501138,460,2026,4,5,22501138,51e30412-d93d-06fe-e464-ccf56151f0b8
22501138,473,2026,4,5,22501138,13845a2c-d23e-fb77-8358-9dcbcc573dc8
22501138,475,2026,4,5,22501138,9e355210-0998-2ff1-cce6-c4382c0e48ee
22501138,48,2026,4,5,22501138,e060fc36-1503-77d0-d570-06ab4067441b
22501138,485,2026,4,5,22501138,aecae7e0-0da1-b167-9bd2-ef4b7bf75f9f
22501138,490,2026,4,5,22501138,e93c8dd0-e8e1-59c3-c45b-a5c6f017c1ff
22501138,51,2026,4,5,22501138,cb9af055-e5e1-f3f4-4ac5-ec620e36b6e5
22501138,510,2026,4,5,22501138,689247c8-755e-f834-f7cf-0bbe67e52e49
22501138,513,2026,4,5,22501138,66cc7c74-53df-7e2e-be57-0756b2842dc6
22501138,521,2026,4,5,22501138,a1bfc1a9-202b-9150-cacb-30fefb821c09
22501138,525,2026,4,5,22501138,c334f092-ee3b-95d7-fcc1-a9c82d2c0ac6
22501138,527,2026,4,5,22501138,5cf3ee87-88f7-4b8d-f9e8-d47e998fd61c
22501138,532,2026,4,5,22501138,cbae5573-4736-675b-7eb8-2363126ddc33
22501138,55,2026,4,5,22501138,55052ed2-7c20-e961-35df-e63cdaf551ec
22501138,562,2026,4,5,22501138,5000f6aa-d003-a0e7-f9fd-97a51f36ee56
22501138,565,2026,4,5,22501138,f590809a-02fb-2ac1-4215-14779f41ac75
22501138,57,2026,4,5,22501138,3d21bc02-badd-fb71-c207-646e2af8323e
22501138,572,2026,4,5,22501138,defbbf8d-a0da-c223-4493-82aa626919c7
22501138,585,2026,4,5,22501138,94e5a4e8-2a62-d356-d022-a68ae8b00ef4
22501138,599,2026,4,5,22501138,677a680f-c062-290f-f5d5-2e7fd8149662
22501138,601,2026,4,5,22501138,6910496a-448e-15c1-1197-514d6c1334ed
22501138,603,2026,4,5,22501138,4e3d6168-b840-c1ed-ff93-c131b9ad4980
22501138,615,2026,4,5,22501138,4de25094-0298-7496-5d32-a734eeecf008
22501138,618,2026,4,5,22501138,25ebdf3a-7bad-f828-53b3-ca1ce8beee7b
22501138,620,2026,4,5,22501138,856169ad-be62-aa71-a228-eefc14502c6d
22501138,622,2026,4,5,22501138,69c5f800-e7e7-5ecd-2833-759a254904ba
22501138,63,2026,4,5,22501138,06e14bc8-8cbe-e0ac-a4df-f9d80b163bc1
22501138,637,2026,4,5,22501138,073e9eaa-af14-3687-7f8a-f51ff222a718
22501138,639,2026,4,5,22501138,4e459f5f-679b-fb60-7059-e6d6920bf005
22501138,654,2026,4,5,22501138,5090ea8b-0e34-7af8-0766-91c4853ad829
22501138,657,2026,4,5,22501138,11c914af-a504-24e7-95ed-0b1dba1952cf
22501138,66,2026,4,5,22501138,a13c695c-2f95-66ec-4deb-1e0c49b5bb09
22501138,672,2026,4,5,22501138,55ab3c03-ae37-171e-1be1-0053e9d55151
22501138,675,2026,4,5,22501138,9c504099-0dff-9928-3644-8c789c6ceb0a
22501138,686,2026,4,5,22501138,acdad807-ab1e-ec49-ffa0-84f976ea88a8
22501138,694,2026,4,5,22501138,2f9947d5-fd32-5792-6153-4a5292400900
22501138,702,2026,4,5,22501138,1b1a2d0d-5961-ddb6-70e0-5a04d1658d23
22501138,709,2026,4,5,22501138,1f213eaf-a25c-32bb-77a3-bbebb2136741
22501138,713,2026,4,5,22501138,1a8e4bcc-c450-4fdb-3ae4-1fb24d754b4b
22501138,715,2026,4,5,22501138,db905d35-7d57-0056-e1b9-8defc49bcf03
22501138,753,2026,4,5,22501138,3e1d543a-57ec-e95c-dbe4-b7fb35f8162c
22501138,8,2026,4,5,22501138,c7fb7f4c-8b27-2108-db98-72364316e13e
22501138,80,2026,4,5,22501138,b7c3b5e3-d2df-2a8c-7db6-b88e3297a79e
22501138,86,2026,4,5,22501138,acaf1659-39ba-2730-915e-53148bf9bc88
22501138,89,2026,4,5,22501138,53744010-5c5b-22da-8c93-a6618fb1bf82
22501138,222,2026,4,5,22501138,6f80398b-7542-1fbe-5314-144516c2a28e
22501138,224,2026,4,5,22501138,97884098-c094-558a-0bfa-a1ed15ed60d4
22501138,243,2026,4,5,22501138,83b4fa0c-3c7c-ed47-f577-74ae4f2a6d24
22501138,336,2026,4,5,22501138,3bfa2773-a88e-ac4e-e8f5-3b4d6854d99f
22501138,360,2026,4,5,22501138,0d059fdb-c413-2081-a55d-1be35211299c
22501138,363,2026,4,5,22501138,eddb65fc-ed55-b293-7bdd-0c5c5b9c645b
22501138,451,2026,4,5,22501138,2e5f90dc-0cf4-3973-95d7-81c5592b0661
22501138,552,2026,4,5,22501138,4dede3f0-df12-9d0b-7997-60c9fc03534f
22501138,579,2026,4,5,22501138,16ec08c9-d24e-0cec-a134-46ab06f56f4b
22501138,586,2026,4,5,22501138,8ee2b6e0-b6d6-d9f7-4402-27bc6adb3498
22501138,646,2026,4,5,22501138,643fe2bc-2989-604c-5929-ff06319155ea
22501138,665,2026,4,5,22501138,fc0f99aa-7b40-1636-85d8-d8784ad28974
22501138,695,2026,4,5,22501138,ecedf9b0-1f43-9a1b-4475-2807c49802f5
22501138,136,2026,4,5,22501138,8ae2c5ab-68df-607a-64dd-61c32ce4e648
22501138,166,2026,4,5,22501138,a1151587-8c60-b5e7-d63a-1d419c244791
22501138,191,2026,4,5,22501138,bd7b7bf9-268e-e9d5-aaae-556ad078a847
22501138,327,2026,4,5,22501138,e7d56ccf-5bbb-978b-db16-4f9924d10bc5
22501138,362,2026,4,5,22501138,b34f548d-76ba-e801-222a-135381659185
22501138,386,2026,4,5,22501138,a0d6b527-6637-d23a-c0d2-bdf52b1b117b
22501138,453,2026,4,5,22501138,8aa98aa0-99df-1035-1390-b22c118f3c8b
22501138,471,2026,4,5,22501138,5eab9e10-8b8d-f60b-12e3-ac2be4e38d9f
22501138,480,2026,4,5,22501138,450fdc1e-7cea-0877-fc26-242ae4a00ae2
22501138,49,2026,4,5,22501138,407a57de-e2f5-5eea-e7db-0dd66f6b52d4
22501138,535,2026,4,5,22501138,48d7d373-9503-5261-574d-d88dd89b8535
22501138,548,2026,4,5,22501138,0bc30055-3be5-1eda-894b-63b2e28becb3
22501138,662,2026,4,5,22501138,fa5bc29d-b37f-ce15-0256-fc9042956144
22501138,673,2026,4,5,22501138,6ffc07f3-72ba-b376-5f22-24ebc5764df5
22501138,81,2026,4,5,22501138,d26d7359-17ee-e828-d918-a816516b1115
22501139,113,2026,4,5,22501139,ba3c109f-90b1-d05a-21e7-d9abdb002927
22501139,129,2026,4,5,22501139,e97c7f4f-3886-dd04-3019-103599ce3405
22501139,137,2026,4,5,22501139,3483aa0e-2ae6-48c0-f305-5b3caf7949cb
22501139,139,2026,4,5,22501139,b8f9d189-c3ce-de48-d561-fb1ff5da4e52
22501139,142,2026,4,5,22501139,11f7e934-6d11-ba42-2154-aaea88036932
22501139,16,2026,4,5,22501139,bce79889-6e32-a058-8532-ee8e3e415790
22501139,172,2026,4,5,22501139,5e1236c5-947c-c4dd-1ce2-707a01c8aacb
22501139,176,2026,4,5,22501139,8e716040-b33d-cc66-64bf-17c8b1c069fc
22501139,181,2026,4,5,22501139,31c269ae-028c-1f56-e032-c25fb1f4d428
22501139,191,2026,4,5,22501139,279484e9-ed6d-e098-1dff-8412b4e27687
22501139,201,2026,4,5,22501139,d5618020-e405-75ef-beb4-c20ce72cdd74
22501139,215,2026,4,5,22501139,097aa8c3-ebb4-c03f-a47b-c4cfc94ad7f9
22501139,235,2026,4,5,22501139,8e1cd634-1b22-549c-b847-fcd6bcb7e95a
22501139,241,2026,4,5,22501139,7d9cbbf4-5d5b-ff41-36a7-4d696a8919f3
22501139,248,2026,4,5,22501139,c7b7dc60-0d53-adca-b241-c0620a7a0b4d
22501139,252,2026,4,5,22501139,980ee1e3-8a9b-4c4c-b394-62ecaa7f993a
22501139,271,2026,4,5,22501139,d40de563-9a7d-7196-4b24-0d03467308d0
22501139,273,2026,4,5,22501139,cacee8fa-3d8e-ee30-7563-66c94b519d78
22501139,288,2026,4,5,22501139,ed695091-8031-d2a7-e5b8-3049ff1d5419
22501139,29,2026,4,5,22501139,4d33eda7-cd2d-75ef-2c2d-30f925a21de2
22501139,290,2026,4,5,22501139,7d8f0b22-48eb-84cd-fa54-d5863581e1b8
22501139,293,2026,4,5,22501139,e121f756-2429-10f8-96f2-ef74d6c0e797
22501139,295,2026,4,5,22501139,31133bf3-0d4f-dfe1-7a03-fe42da206697
22501139,307,2026,4,5,22501139,92dc37b1-897a-361b-caec-5177df824481
22501139,308,2026,4,5,22501139,5700dde3-edc3-c8a6-f0fe-f30cff405795
22501139,329,2026,4,5,22501139,68e85c99-0978-0ba3-2828-13f421733608
22501139,33,2026,4,5,22501139,755af784-6028-a417-6f9c-35dc811200df
22501139,331,2026,4,5,22501139,e7b55601-602c-7740-d1f9-6c306009d39b
22501139,338,2026,4,5,22501139,9ce9c64c-a2ea-27ec-c2c9-6fc81ceb140d
22501139,343,2026,4,5,22501139,f258a943-8256-649b-b3b9-50d54cd64681
22501139,352,2026,4,5,22501139,9576a398-8f9c-6ae4-de13-e44650b799e4
22501139,354,2026,4,5,22501139,4afaae19-d930-beb8-f170-cc1dd723fb22
22501139,356,2026,4,5,22501139,f953234c-a375-db3c-3863-be6bdc66142e
22501139,37,2026,4,5,22501139,05130bb2-85a4-bccc-bf70-885f7a83c7b4
22501139,39,2026,4,5,22501139,4f710dec-1340-29d9-4122-c980346b6136
22501139,405,2026,4,5,22501139,35caa535-07c9-2804-0fab-58994fc40550
22501139,414,2026,4,5,22501139,1e8b8b1e-c668-3d6a-857f-c25a1c2d226e
22501139,432,2026,4,5,22501139,63c21577-6fe9-92b9-893d-e6bb3e42d2ae
22501139,434,2026,4,5,22501139,4da0ba56-dc6f-3039-fa5d-3adcbf7791bf
22501139,436,2026,4,5,22501139,99d42252-1b74-264c-024f-3a83944728c9
22501139,448,2026,4,5,22501139,4890cbde-0ad9-edc2-4fab-240de5b138d3
22501139,48,2026,4,5,22501139,251fb4ac-dd38-969f-7246-12f733283185
22501139,482,2026,4,5,22501139,a2211ef7-4b64-6e65-bb6c-1cc7feb7274d
22501139,50,2026,4,5,22501139,20ef4879-d750-884b-4fab-b9bc4e0d7bdb
22501139,504,2026,4,5,22501139,86569570-6941-0b4b-d3e0-ea6cfa57312c
22501139,513,2026,4,5,22501139,653014da-ef71-eef7-cee9-5da0eb33726f
22501139,518,2026,4,5,22501139,fd0d240e-ba25-fc2f-ab34-ec15e21f5030
22501139,530,2026,4,5,22501139,81e6257b-fb07-ca36-0270-390f024ce5ef
22501139,538,2026,4,5,22501139,1dc1e863-eb17-d68e-afc3-34341c7f771e
22501139,54,2026,4,5,22501139,f519afd0-8f04-c0df-e926-19558c225bfb
22501139,561,2026,4,5,22501139,fac745b6-82c0-5a60-cdf8-7e8970cc89c1
22501139,567,2026,4,5,22501139,2361b624-7924-2f79-6507-77626d4f083e
22501139,586,2026,4,5,22501139,67835b1a-eccf-6b35-9056-611d844a4453
22501139,590,2026,4,5,22501139,c2cc7e4d-fcf4-1c9e-0acb-cedafb51a301
22501139,592,2026,4,5,22501139,08982d85-4e45-ae3a-3088-cdf159d42d23
22501139,604,2026,4,5,22501139,0c051e52-272b-a559-66ae-f9ac3f0c78d0
22501139,616,2026,4,5,22501139,0f380c20-a4e6-0ff4-ef04-c3340d6a3773
22501139,618,2026,4,5,22501139,ddec965b-acd9-7c92-5f0c-efb4c258e4ae
22501139,620,2026,4,5,22501139,9271b682-82e8-82cd-1575-bdcdbcc9dd8a
22501139,625,2026,4,5,22501139,6c525e7b-a12f-a4d6-da7e-9f7080ae2618
22501139,64,2026,4,5,22501139,91a591c6-ce27-c3b7-7685-50275c4b4263
22501139,647,2026,4,5,22501139,2e8dbe7e-402c-1a7a-8f6d-3ebe14f6f384
22501139,651,2026,4,5,22501139,eff2de2b-619b-67fa-cc61-2ca864dea307
22501139,653,2026,4,5,22501139,0334742b-9ad2-2ff8-9775-dc64c78ea0e9
22501139,656,2026,4,5,22501139,67a91eab-d36e-0de8-c52a-c74e19df27fd
22501139,66,2026,4,5,22501139,3211d6ef-2632-b3d1-d879-0723a2699d80
22501139,80,2026,4,5,22501139,161268b0-cca2-1f04-4657-f776f80d5fe3
22501139,82,2026,4,5,22501139,e36a2afe-9fc4-d893-cc5c-a136e16784bc
22501139,89,2026,4,5,22501139,a3ce195e-411b-ddad-1e88-b072cd0b7109
22501139,107,2026,4,5,22501139,c5122165-df2a-913e-589f-7af9fa8b2b64
22501139,18,2026,4,5,22501139,60ba68ff-df81-4d84-a6fc-8731f01c4a6d
22501139,263,2026,4,5,22501139,fd6590f4-72b8-5350-0dd4-35a8c8cb9f71
22501139,31,2026,4,5,22501139,a6d7e5c9-01be-efb5-c360-307fb67071ec
22501139,311,2026,4,5,22501139,e8c81eb9-7467-4a10-6612-919513e6d143
22501139,335,2026,4,5,22501139,d0a1aa97-0f3f-03cc-ce7c-efa345da2ac8
22501139,378,2026,4,5,22501139,dd1e8076-856f-627c-bf69-a2c290ce91cf
22501139,445,2026,4,5,22501139,3f55b048-2eef-5d7a-708e-3024cc6aa114
22501139,579,2026,4,5,22501139,cfceefb1-9955-65c6-af65-fc48e1ad6d82
22501139,582,2026,4,5,22501139,d5352bae-9363-a6bb-2011-074c038d1579
22501139,86,2026,4,5,22501139,c672898e-5b87-928d-708a-54cf633d7406
22501139,10,2026,4,5,22501139,d5df1635-3705-ef0e-bc61-9a0a773dfdfa
22501139,102,2026,4,5,22501139,1ea73104-a143-623e-9aad-bc4ce8f9da74
22501139,104,2026,4,5,22501139,c2087777-5290-628f-9392-fff411ae7769
22501139,105,2026,4,5,22501139,a6de437e-c34b-7c48-8ef6-037265d9e74e
22501139,110,2026,4,5,22501139,a5d4d091-f9cf-9a8d-e626-f82cff564472
22501139,12,2026,4,5,22501139,cea15e07-67f9-7339-4ddd-ae0da7ea9fee
22501139,124,2026,4,5,22501139,50d92890-3133-a3ce-a643-edf0a8c749cc
22501139,127,2026,4,5,22501139,2bf5b95b-c6c7-a66f-8e32-538a56024e98
22501139,131,2026,4,5,22501139,430884dd-115e-c00f-719f-2bffc2e4d74e
22501139,134,2026,4,5,22501139,c5fca273-7da2-d386-2499-16d699e2d60b
22501139,135,2026,4,5,22501139,367ced45-e836-27b0-df1c-3e41350d9b68
22501139,15,2026,4,5,22501139,652fed0a-3a01-76ee-2710-a4e7e0d95d44
22501139,151,2026,4,5,22501139,1b897d05-593a-5fad-de2c-6e114f45dfe3
22501139,165,2026,4,5,22501139,5150d609-9c2e-7bfe-5fdd-af600904c365
22501139,166,2026,4,5,22501139,00f6bbbd-a664-1ac2-c2b7-aeffd9fbe9de
22501139,168,2026,4,5,22501139,9b06c95e-c723-1c65-401e-26ddda3d4930
22501139,174,2026,4,5,22501139,c7d4af35-3613-b90f-4a7f-adb5a121b5cb
22501139,179,2026,4,5,22501139,df93f152-32c4-f23f-ac7e-4fe285da01af
22501139,188,2026,4,5,22501139,05ea4bcd-9e14-5be2-a9cc-9ce020b4d35b
22501139,190,2026,4,5,22501139,276fc2f7-ec64-e57a-f856-92f1ea55eb90
22501139,193,2026,4,5,22501139,9a832eb5-fab5-4c49-6217-972fe458ce47
22501139,196,2026,4,5,22501139,400e6ac3-1159-e332-b520-f60004a119ba
22501139,199,2026,4,5,22501139,53194267-0df1-a814-2697-9bb52a24c56c
22501139,213,2026,4,5,22501139,ab0c99b4-579f-8736-c13b-d840ad8470ec
22501139,217,2026,4,5,22501139,fc78bf9c-cdc1-9847-065c-beeaf6a014b2
22501139,221,2026,4,5,22501139,eaffacdd-f742-be41-8c89-f3020c327960
22501139,23,2026,4,5,22501139,34686341-b6f4-2b6a-a717-3cc44583877e
22501139,237,2026,4,5,22501139,b66065eb-f7bb-e4d3-4546-7b070cede73e
22501139,24,2026,4,5,22501139,1f26e9c9-4bda-4e92-e474-779f0a5d8273
22501139,244,2026,4,5,22501139,26af70b0-01fc-77b9-6152-7e1db84b3fd5
22501139,250,2026,4,5,22501139,2197dd31-a3fc-554c-5e76-83f9aab63f88
22501139,255,2026,4,5,22501139,13a86802-dd03-e909-72d3-2d3d003d2682
22501139,261,2026,4,5,22501139,9a36cf3e-fdf3-4256-9747-62bdc23b0314
22501139,266,2026,4,5,22501139,a5a90a0a-523d-b656-7007-155454eab671
22501139,268,2026,4,5,22501139,40b4e749-9f85-84b1-f6c3-3b129ee83ccf
22501139,27,2026,4,5,22501139,fb284ce9-9113-f3b7-9d8d-9300d72f53fd
22501139,270,2026,4,5,22501139,90eb5a03-e180-9617-074f-0d58de9609c0
22501139,275,2026,4,5,22501139,2e588106-e5e7-5921-1013-010965af5622
22501139,284,2026,4,5,22501139,c2912165-779f-5317-2691-b317afd9e9e4
22501139,286,2026,4,5,22501139,fc7f1e00-3278-1ac8-32a4-d66dfa301924
22501139,292,2026,4,5,22501139,16dea802-e023-b6b8-05a9-727b94726bac
22501139,297,2026,4,5,22501139,5b40ea79-069f-d908-dc7d-91a309e7c5b8
22501139,303,2026,4,5,22501139,18dfe18a-55b4-8c9e-c9cc-5b43476e2cf2
22501139,306,2026,4,5,22501139,97f7e705-dd98-1b5a-d2b7-be6b82d05fc0
22501139,321,2026,4,5,22501139,cc21aa4b-449e-a02b-3699-8c09d5b6990c
22501139,333,2026,4,5,22501139,5dbf9f4e-ec65-4055-233f-ebbd58b089f2
22501139,345,2026,4,5,22501139,6909a322-4b17-ecbd-fd10-6f07cb365127
22501139,360,2026,4,5,22501139,ca43df39-f80d-3715-d939-e6dca619b68e
22501139,364,2026,4,5,22501139,96bf0826-8d77-02eb-75cd-000b5d6f46f1
22501139,366,2026,4,5,22501139,e8ffed65-d88e-bb48-200f-f4afec8a10d6
22501139,367,2026,4,5,22501139,ca423e62-fc84-83e2-5020-2136f9baa1fa
22501139,369,2026,4,5,22501139,d599c2ec-032e-f76d-6fca-c7e308da47d5
22501139,381,2026,4,5,22501139,d950687f-2287-87cc-7a9a-789630488b04
22501139,382,2026,4,5,22501139,2e74c678-cd34-2847-0e4e-1984d2536a56
22501139,387,2026,4,5,22501139,56c065ea-3b9a-7e66-4566-3d9716926846
22501139,391,2026,4,5,22501139,c63b4953-4409-4c59-70fe-ac73aeb440cd
22501139,393,2026,4,5,22501139,b6892a1d-af7c-c902-ccb1-1eccc46924ca
22501139,400,2026,4,5,22501139,9a9327af-649d-67ca-012e-ec1683903981
22501139,402,2026,4,5,22501139,48ea2e3d-bfac-a4c0-25f8-87cd876e4a57
22501139,406,2026,4,5,22501139,7b468797-ce46-7e32-e411-3e0e7c00ec9e
22501139,408,2026,4,5,22501139,580ffd66-0c4d-5418-5bc3-c5a864b0b4c4
22501139,41,2026,4,5,22501139,fb08094a-cff3-b9a2-ba19-74c6214c21ff
22501139,410,2026,4,5,22501139,109fe539-a8b7-9d59-bc40-bd9fa6055bd7
22501139,43,2026,4,5,22501139,869b11e7-be7d-39ce-992d-1e825724b1f4
22501139,430,2026,4,5,22501139,fbfb4748-0ed9-eacf-c110-dbe03201fe16
22501139,438,2026,4,5,22501139,86e8aeb8-68da-b141-0074-44bcad7c0bf9
22501139,440,2026,4,5,22501139,fab36da4-0dc6-b446-171e-bad60d87fe0b
22501139,443,2026,4,5,22501139,a969cd55-df7b-148c-e670-4ffda80c28d5
22501139,453,2026,4,5,22501139,b4194c25-c34a-3de6-4691-73ccf47321b3
22501139,455,2026,4,5,22501139,a5b4522e-8b4b-fc2d-1b97-5e3efaf9c7c9
22501139,457,2026,4,5,22501139,7ddbf971-e91a-fba4-c94b-404412aff8eb
22501139,458,2026,4,5,22501139,d4923037-83e5-9015-6753-4b086cb7f4bc
22501139,46,2026,4,5,22501139,518309a3-7f7c-da61-3beb-ef386b2bbceb
22501139,462,2026,4,5,22501139,f0b5a15e-3e00-2e6c-3cb3-fd6175393bd7
22501139,464,2026,4,5,22501139,6c655cf2-9818-517e-a2d9-d3dbec81e739
22501139,471,2026,4,5,22501139,dda2a76e-4c73-1bbf-5a38-04ecd0672043
22501139,473,2026,4,5,22501139,f1c68d55-80b9-bba1-5415-805ea0589839
22501139,477,2026,4,5,22501139,3016acf5-f7a2-8522-a1eb-9708bc96c676
22501139,484,2026,4,5,22501139,8ab1c3c1-d41b-9d7b-5240-7bd156ae839e
22501139,486,2026,4,5,22501139,19f4f8ca-af3b-4288-6d3f-17f2f3cb7500
22501139,488,2026,4,5,22501139,c73646fa-dcd0-febc-0ae0-ea0ec109b7d3
22501139,496,2026,4,5,22501139,5daa29f7-7706-e722-99e0-a76bb0ea3d2c
22501139,509,2026,4,5,22501139,83cfdf78-f272-3713-8b01-cefbad26bdcf
22501139,511,2026,4,5,22501139,5d248294-41c2-35e1-4308-a79a945f1527
22501139,52,2026,4,5,22501139,f07b095d-daa6-6506-ca8e-a4eb223881d2
22501139,520,2026,4,5,22501139,3a253744-a2b9-db3a-d602-2059927b657f
22501139,532,2026,4,5,22501139,b435a737-653b-b372-ad81-f5c5dbeb8f64
22501139,534,2026,4,5,22501139,fe5ae237-5988-eb2e-1f7f-3e30f8ae49f3
22501139,556,2026,4,5,22501139,36157b6d-5fcf-0c7c-d32a-283af7b9bbba
22501139,563,2026,4,5,22501139,34d5b3e7-228b-1b57-f287-82f3ea966943
22501139,565,2026,4,5,22501139,4cc8da54-2fb3-d4c4-76e3-8323f14a631a
22501139,569,2026,4,5,22501139,b82a7a6e-2760-272e-a744-6e51f6a37c05
22501139,575,2026,4,5,22501139,1a716984-114e-6e4b-8e3a-917206421ea0
22501139,577,2026,4,5,22501139,c2a094ff-0e62-2303-3b1c-8a3bbec7ff36
22501139,594,2026,4,5,22501139,1689c2fb-31ea-033e-ec74-41078bb584a5
22501139,596,2026,4,5,22501139,080467d0-6e53-af4d-01da-2f5affad99c7
22501139,61,2026,4,5,22501139,0ec70a9a-3cc3-0c76-7845-aae2ecbaa2a0
22501139,622,2026,4,5,22501139,c7c058c6-a327-143f-cd79-2041e94228c8
22501139,623,2026,4,5,22501139,705599e0-72af-56b8-b095-595566eba844
22501139,63,2026,4,5,22501139,4279e3fa-167c-a08b-aa11-efdcfc7dcab1
22501139,634,2026,4,5,22501139,ebbc906b-cc59-7a77-e189-7e5e2cd4cc3a
22501139,642,2026,4,5,22501139,21764792-939a-07a7-9b46-d6c130712e51
22501139,649,2026,4,5,22501139,b4121df4-d4c6-f2d5-86db-2e3c04bcdd03
22501139,655,2026,4,5,22501139,30d1b021-8130-bb29-62de-f9bfff6753d9
22501139,658,2026,4,5,22501139,9b1921d5-8a9a-e628-2677-0fad8fe4adaa
22501139,659,2026,4,5,22501139,02d3aa96-7c7f-9fcd-2ac6-8f100f8e4217
22501139,660,2026,4,5,22501139,9b2e077d-a924-ac72-d5b9-4aaab92df1f9
22501139,7,2026,4,5,22501139,9f85d000-410b-feb8-e81d-1a673f122b0c
22501139,78,2026,4,5,22501139,099a4e98-71b6-ffae-9fca-a06fb9f59761
22501139,9,2026,4,5,22501139,82b40aae-d90c-0e39-fdd7-57bcd2c6a07a
22501139,91,2026,4,5,22501139,6053f6f1-f5c5-0c76-65ab-a2a486f0f943
22501139,93,2026,4,5,22501139,e8c1723d-8864-5d6c-cc4d-4cacd60849bb
22501139,103,2026,4,5,22501139,f862fdf4-4a2d-13a8-2678-4b8e8b116d06
22501139,106,2026,4,5,22501139,25b47f25-1ea0-68af-1d1f-15ae5089736f
22501139,109,2026,4,5,22501139,66a5b145-6b2a-5dfd-1216-7dcba6877f6f
22501139,11,2026,4,5,22501139,62bf5b44-45dc-ca7c-b071-a7b04e803383
22501139,111,2026,4,5,22501139,14c9f611-9b5f-5f9a-0624-b1d7c9abd6e2
22501139,123,2026,4,5,22501139,9eec9092-014f-5df9-f54c-68cdb128fc48
22501139,128,2026,4,5,22501139,77c20073-0e4d-78da-0e0c-697871d82b9e
22501139,133,2026,4,5,22501139,c7cddb3f-7cfa-13c6-cc7b-baabec428225
22501139,136,2026,4,5,22501139,9493473c-13ae-e0d6-e88a-93a484dfef71
22501139,167,2026,4,5,22501139,0e73d5f5-b529-20d4-2495-029cf99a8265
22501139,169,2026,4,5,22501139,e8c142e3-f65d-8507-2841-bd8116fbdce5
22501139,175,2026,4,5,22501139,eba561fa-482d-dd5b-3194-236ce402fb93
22501139,180,2026,4,5,22501139,6a6d2f3e-6144-fe7e-57ac-437bb70d04c1
22501139,189,2026,4,5,22501139,27db8e48-bd62-e109-5807-844fe2764ee9
22501139,194,2026,4,5,22501139,747af169-9408-5e5f-59a4-f9164f3d79e5
22501139,197,2026,4,5,22501139,a5cd6452-c396-8ec5-4053-ad8be9ef6c4a
22501139,20,2026,4,5,22501139,9f99a658-0704-1f1a-037f-a49bc29784f7
22501139,200,2026,4,5,22501139,4a6bce34-8af7-a1c2-5c39-17e52e5ed314
22501139,214,2026,4,5,22501139,844da34f-b184-2084-d304-d11d5b570c27
22501139,222,2026,4,5,22501139,0d6afca6-e316-a3c8-43af-b72988cef94f
22501139,238,2026,4,5,22501139,32520dba-8a6d-f2a8-dbd9-cff72c38c3d9
22501139,245,2026,4,5,22501139,7ce858ed-06de-dd68-33da-c6545b467b25
22501139,251,2026,4,5,22501139,e9c7e502-dd74-87e2-235f-3ef79a3928a0
22501139,256,2026,4,5,22501139,8ca97976-1824-39e0-c484-5bd40edec148
22501139,262,2026,4,5,22501139,465f2ce0-4fae-5b17-7ab7-b10742f3079e
22501139,265,2026,4,5,22501139,3c8d01c9-6269-8025-7bb1-0c2ac26c05c1
22501139,267,2026,4,5,22501139,53eaffd7-b4b3-0a16-cfe5-bce66dca7dd5
22501139,269,2026,4,5,22501139,82d29295-b0c1-1411-dd8d-ed2619191235
22501139,276,2026,4,5,22501139,f934cda5-199d-6424-9675-5ae8fc6dfc58
22501139,28,2026,4,5,22501139,5ecc2b9d-3e15-411f-5fae-0c646fc7f829
22501139,285,2026,4,5,22501139,ad15d9e9-b2bf-2c6f-70d3-0c61336babf3
22501139,287,2026,4,5,22501139,9ff7908b-54fb-d710-d840-230321b4fe3b
22501139,305,2026,4,5,22501139,c0abcf43-da8c-27e0-7d3c-2ce3867bc7d9
22501139,32,2026,4,5,22501139,e5401f6e-ccad-6e3c-0a48-f2b875696841
22501139,322,2026,4,5,22501139,68a56378-bf71-53cc-0a15-25a9ad678b25
22501139,334,2026,4,5,22501139,aa52ce17-8b55-ad95-f2e6-59ffc1ab6bf9
22501139,337,2026,4,5,22501139,e7dc09d2-5a80-8a3c-5d39-17ec1403cafb
22501139,346,2026,4,5,22501139,821141b9-5782-ccb5-4f65-cb9e0c8442cc
22501139,365,2026,4,5,22501139,7b50018b-1dd6-f362-4944-6d940e6a23e1
22501139,368,2026,4,5,22501139,552c0a9c-f6cb-a4e6-3168-0c860c91d6fb
22501139,370,2026,4,5,22501139,48ab843c-773e-379d-aff2-c7888ed07ff9
22501139,380,2026,4,5,22501139,73a4af0b-3f78-1c32-3a82-f95520e65506
22501139,388,2026,4,5,22501139,e4ff8583-d27a-ce82-2ea2-26f0def1dc00
22501139,392,2026,4,5,22501139,59d49984-4ee0-d4fc-513d-c7c23f279beb
22501139,401,2026,4,5,22501139,8bdefc57-bd99-088d-e660-69616af3fff9
22501139,407,2026,4,5,22501139,abc22624-5294-afcd-dec1-97fe1d15911d
22501139,409,2026,4,5,22501139,073fe1e9-6f71-0594-d8e0-423121c8b184
22501139,411,2026,4,5,22501139,5f4c9693-835a-732c-dc96-ef3a8e280412
22501139,42,2026,4,5,22501139,421df55b-4dfd-a452-2018-7fceb65b47be
22501139,431,2026,4,5,22501139,f6ef81c3-9685-7468-8d9f-3fa7b6a51867
22501139,439,2026,4,5,22501139,ecbde47e-cefb-4ebf-0909-13d6b0e3e74e
22501139,44,2026,4,5,22501139,4eba4920-12cb-cbc8-28b5-9c94fe9b9816
22501139,444,2026,4,5,22501139,3f00357a-07e9-bb88-64b6-8d41ba68274c
22501139,447,2026,4,5,22501139,d2974537-88d2-9972-b2a5-f49d31c084e9
22501139,454,2026,4,5,22501139,55e4a046-9d05-5556-7187-70f99cd6ca8c
22501139,456,2026,4,5,22501139,3ed3fc6b-dd6f-0469-0be2-1e3635ed3dc8
22501139,459,2026,4,5,22501139,f4ab55de-63cd-60d6-d47d-6ae1c9f4a941
22501139,463,2026,4,5,22501139,b7fee676-d9d4-2d85-60fd-fb63444bc5dc
22501139,465,2026,4,5,22501139,339c3e71-a350-1209-7613-2140cb0be412
22501139,47,2026,4,5,22501139,50283d90-5b4c-86ee-e30c-f37e0b05c91b
22501139,472,2026,4,5,22501139,99a0137d-7af3-52f2-6bc6-4d974c41d8dc
22501139,478,2026,4,5,22501139,d1abe05e-a2e0-4711-0d35-afdb3bf0b4a2
22501139,485,2026,4,5,22501139,8f88b41b-d705-543b-bddb-a362ee148787
22501139,487,2026,4,5,22501139,139a8268-295c-f327-227b-acd48acab817
22501139,489,2026,4,5,22501139,64e2fecc-dc1b-2d08-10f0-759484b2ecd2
22501139,510,2026,4,5,22501139,594c8161-9617-cfa0-f946-32ffbbaf79db
22501139,512,2026,4,5,22501139,472d4d73-4b04-1ffb-0956-1f5969488179
22501139,521,2026,4,5,22501139,c6ffdcd9-3875-e7c6-b64c-1e676dab7f37
22501139,53,2026,4,5,22501139,334c9927-f1c9-661d-cfbf-e37906b1da68
22501139,533,2026,4,5,22501139,257a29ad-9474-f5d4-627e-2e282ef73e4f
22501139,535,2026,4,5,22501139,ab4e1bdc-4156-3cae-8155-1666c58ee7fb
22501139,555,2026,4,5,22501139,d22d14e6-6940-d145-8de5-bd84922ffb50
22501139,564,2026,4,5,22501139,7370df06-7a02-9c59-7adc-b74751a0d2ee
22501139,566,2026,4,5,22501139,cbff8d2a-1c5f-c736-e1c5-cb9781a51f6c
22501139,576,2026,4,5,22501139,0b051e8f-72ba-b5be-6eeb-9e4849baa44a
22501139,578,2026,4,5,22501139,af3bb301-73be-f752-38fe-d45018e6ef81
22501139,581,2026,4,5,22501139,61546450-5929-c70a-b7ae-86ad09f3791c
22501139,595,2026,4,5,22501139,70306220-a259-316c-21be-8ec01e081881
22501139,597,2026,4,5,22501139,bd32bd69-6500-830d-747e-46d6dbf403fc
22501139,62,2026,4,5,22501139,81d8d602-c51a-cc91-922d-151b22379230
22501139,624,2026,4,5,22501139,755e8e0a-0412-43af-b2f1-e35af4b9c8a6
22501139,635,2026,4,5,22501139,937afce8-2898-c771-e3a9-51cc4115cf9b
22501139,643,2026,4,5,22501139,027530b5-0ac7-4791-5df2-e48fabe064ee
22501139,650,2026,4,5,22501139,77ee06f6-08e3-0def-52b9-de2dce914875
22501139,79,2026,4,5,22501139,5f4b023f-dc47-3f99-1a53-47264bd4a01f
22501139,8,2026,4,5,22501139,763fef7a-418c-f065-731a-f88575072fb3
22501139,88,2026,4,5,22501139,a6cb8a30-5069-b0d3-369c-5c33ec380e70
22501139,92,2026,4,5,22501139,628b399a-3cee-f6bf-f36c-abcd74938216
22501139,94,2026,4,5,22501139,aed92a1e-655c-52a1-f081-0846e2066499
22501139,149,2026,4,5,22501139,dab257f6-e867-3e49-3b93-e73916d6db1b
22501139,186,2026,4,5,22501139,e3064511-6a2c-8b02-5f2d-571096d03bbe
22501139,223,2026,4,5,22501139,10c3151f-b374-cfdf-0e45-88e70ecc8550
22501139,239,2026,4,5,22501139,7ddf36f2-bd02-dab3-bb7a-3cb8a48b092b
22501139,246,2026,4,5,22501139,ca3c118a-3e69-75b6-cd24-90cd7608d156
22501139,25,2026,4,5,22501139,7ebfc23b-03a1-2148-3c4a-09afffb1db2e
22501139,301,2026,4,5,22501139,55d89ee3-6bf5-9ce9-3a59-3c862a5490ab
22501139,358,2026,4,5,22501139,2d0c7496-0293-f0d0-51cc-74ae6679d31c
22501139,389,2026,4,5,22501139,6bbe468b-3d4e-4bef-5fb0-dd295377b185
22501139,412,2026,4,5,22501139,55dbb6ba-15e8-64d2-f98d-bbf0c5058627
22501139,441,2026,4,5,22501139,32c76d81-6998-7935-5f63-ca68fb4ad2e1
22501139,460,2026,4,5,22501139,42b187a6-4d3a-9e6d-115a-40f353912cbf
22501139,491,2026,4,5,22501139,c9452f37-ac7f-05e5-fff3-26824421d65a
22501139,522,2026,4,5,22501139,7986c8c9-70dd-11fb-f15c-adb2f615d892
22501139,536,2026,4,5,22501139,ef70ad7e-d435-445b-92b1-802adb5ab2da
22501139,588,2026,4,5,22501139,250597ca-70d6-45a1-77bf-a62eaeba077e
22501139,602,2026,4,5,22501139,6151e6c0-ad85-8407-6d62-960aa00d1a87
22501139,68,2026,4,5,22501139,7242becb-e9a1-971c-9795-709f40bbdcd1
22501139,84,2026,4,5,22501139,7c6aed20-c6b9-1fad-5552-92ea5f2b23e0
22501139,195,2026,4,5,22501139,fdc342e0-fd98-a5f3-9222-b375ddf86c81
22501139,203,2026,4,5,22501139,ef3d2d43-f285-0477-f44d-5d69dcaf98de
22501139,204,2026,4,5,22501139,e080e8a1-186e-36c2-7c19-bdc92193abd8
22501139,298,2026,4,5,22501139,ffc2fa1c-0e8c-99b5-199f-a43d39e5e3b8
22501139,342,2026,4,5,22501139,699ad3b9-22cc-4da7-5279-6ef8a987270c
22501139,351,2026,4,5,22501139,4fac6c7f-0cad-1c33-1983-7f7e1ee0d2a5
22501139,45,2026,4,5,22501139,c7730f66-4f50-9169-c883-249308987597
22501139,468,2026,4,5,22501139,7f799eaa-bb52-7d9a-407d-26946f84807c
22501139,481,2026,4,5,22501139,7729c015-7625-efa8-c600-697b524957bc
22501139,503,2026,4,5,22501139,d47bba45-34bc-462b-441d-6ad52df58c85
22501139,506,2026,4,5,22501139,cccca751-47b6-0136-3769-4dc2d9524366
22501139,515,2026,4,5,22501139,891392b1-f250-75fb-6f86-25becdfe9661
22501140,111,2026,4,5,22501140,14661a8d-5cd8-22f3-aca2-4f9e9c2bee55
22501140,117,2026,4,5,22501140,aaa0e0ed-ed3e-d561-94aa-970e3c237f9e
22501140,135,2026,4,5,22501140,be1b3bcc-9cd8-8037-2f86-5ad58a1b1a6c
22501140,140,2026,4,5,22501140,09f21e81-fd1e-3622-0a5c-590a3b5fd693
22501140,148,2026,4,5,22501140,2881141f-5d03-96dc-e8f5-2cd78ac5f9ec
22501140,150,2026,4,5,22501140,a4b09b6f-b0ad-64c9-b6f1-6c4a507e173c
22501140,175,2026,4,5,22501140,0c2c1cd0-6b86-d71a-011a-c2b11a088533
22501140,179,2026,4,5,22501140,4f63e376-041c-df6f-f063-feaa312e7023
22501140,19,2026,4,5,22501140,c60b3b5f-471a-6c6e-a45e-e6cd6899ea83
22501140,197,2026,4,5,22501140,d6ed7903-b3b3-cdf8-fba0-6539a4266af0
22501140,203,2026,4,5,22501140,74eb6088-f097-ba27-24d1-9f414dc62740
22501140,205,2026,4,5,22501140,cb576076-ea46-0401-7b8d-8b69b0be573d
22501140,21,2026,4,5,22501140,a0faf28c-08b5-5132-04c3-30bac18d60d8
22501140,219,2026,4,5,22501140,37c70a88-9113-be85-3fca-2a628b53849f
22501140,242,2026,4,5,22501140,fc7bb6e2-cd1f-e5ca-f2d3-d231346b49a6
22501140,246,2026,4,5,22501140,ddee2c71-036b-d517-638a-426e45b22da6
22501140,257,2026,4,5,22501140,1a64d936-a222-fbaf-dd96-bd017be07d77
22501140,283,2026,4,5,22501140,1b9ce455-5adb-f625-9689-44df236c6e86
22501140,304,2026,4,5,22501140,f4acfed7-470f-4f41-bcb1-80ec0ef20d2f
22501140,319,2026,4,5,22501140,dcfa2ae5-53a1-f057-9749-0f41446ccad4
22501140,340,2026,4,5,22501140,5765a175-99c7-8bb9-f740-dfa53c5b7961
22501140,359,2026,4,5,22501140,69df913b-9415-294f-87c6-b4a0a26d3021
22501140,361,2026,4,5,22501140,88f26614-f90d-4ae2-2ca6-db201646b6ed
22501140,374,2026,4,5,22501140,ad31cf9f-3100-c601-f8b0-54d87509a54c
22501140,386,2026,4,5,22501140,5378ea1f-02d5-43d9-9fcb-a030f26cca7c
22501140,388,2026,4,5,22501140,7a5ee4fb-a7a3-8374-8bf4-c5f1d4575f7d
22501140,390,2026,4,5,22501140,f060ebfb-fe66-9f2f-4abf-0ab87acf360d
22501140,393,2026,4,5,22501140,f8ac08a7-81bf-6531-6d24-e3694258211d
22501140,399,2026,4,5,22501140,124e4936-6497-1506-acf9-cb94ce3adad3
22501140,40,2026,4,5,22501140,b4d8e1b4-7a33-7bb3-a37f-164c425d42f5
22501140,401,2026,4,5,22501140,ec7d6a0e-8662-ebc1-0e02-8dc1e65143cc
22501140,406,2026,4,5,22501140,4187260a-a4c9-1004-f0e8-ffb099ea10c5
22501140,413,2026,4,5,22501140,0c39a10a-d25a-0b7a-9295-3eb91a5ad57c
22501140,416,2026,4,5,22501140,b4812a9b-57d5-f437-dae9-3a71067c7bc2
22501140,418,2026,4,5,22501140,44996873-39f1-eaff-60d9-85e6b3c69498
22501140,43,2026,4,5,22501140,ae0d265d-108f-2f4b-871c-6f64d4a16941
22501140,430,2026,4,5,22501140,74397317-b142-cae7-e34a-e18864fbe633
22501140,46,2026,4,5,22501140,c47bb003-f8c6-c78a-a92f-a53c14fbd697
22501140,464,2026,4,5,22501140,b19c3961-0e06-663a-d3ec-ef59c27cc366
22501140,469,2026,4,5,22501140,a11ad2d7-97da-514e-6a4f-1c31bec36280
22501140,485,2026,4,5,22501140,1ce0e974-668d-5da7-d7e6-0f4eebbb4ffc
22501140,501,2026,4,5,22501140,0dd94dce-6caf-004b-43a5-39871656d63c
22501140,503,2026,4,5,22501140,87794adb-ebb5-7ad4-6613-b7ab4ed29633
22501140,507,2026,4,5,22501140,b04be02b-ce8f-05e7-7ef3-ce70626db009
22501140,51,2026,4,5,22501140,c0555c41-b730-2290-bd80-e457231b44b6
22501140,554,2026,4,5,22501140,12935c91-7307-d5e6-e510-03dd008ed109
22501140,556,2026,4,5,22501140,2bf43419-c4f5-c847-d68e-517f1e8f9a59
22501140,56,2026,4,5,22501140,0780bdec-d362-5c75-ff15-f7971022b992
22501140,587,2026,4,5,22501140,6d12aa9a-edf5-f7c1-af00-a1547533d4a1
22501140,603,2026,4,5,22501140,1dc37f81-6734-19be-4acf-f7e37ae9028b
22501140,613,2026,4,5,22501140,eb7af464-8cf0-fdc2-61b2-302ed6d3a5e3
22501140,622,2026,4,5,22501140,794d67b7-6347-e6a0-cc8f-aabe1035bfa8
22501140,635,2026,4,5,22501140,c0384942-4c1b-4708-1880-5fcf9c839fb5
22501140,650,2026,4,5,22501140,ed6b6072-9248-ea9e-7e69-d3b753f21357
22501140,659,2026,4,5,22501140,1f58c15c-648d-48fe-a112-6f2641645944
22501140,680,2026,4,5,22501140,686954d3-52d2-82ff-1250-96f82cd994e6
22501140,686,2026,4,5,22501140,e15b994b-a41b-fc24-7a2a-7318bcea0dfc
22501140,705,2026,4,5,22501140,222965a6-549e-d091-7571-e1b65e61acf7
22501140,85,2026,4,5,22501140,10f1551a-9265-ae93-8878-9f4f99c6781b
22501140,87,2026,4,5,22501140,2afea8f6-852c-fd2c-d030-9062b6a51895
22501140,9,2026,4,5,22501140,95128656-6866-cb39-2e30-ee584c17d618
22501140,90,2026,4,5,22501140,952e18d9-430e-a552-bfb6-2fb11967e367
22501140,92,2026,4,5,22501140,fd5174d0-4730-5ff1-68e8-e8b82feb1677
22501140,184,2026,4,5,22501140,08f22ed5-734d-9785-43f7-16a605200fe7
22501140,23,2026,4,5,22501140,0a74cfdc-0651-2236-f558-36132b6b3903
22501140,322,2026,4,5,22501140,202ac521-1965-cf8c-ad0a-1c703bc7528e
22501140,479,2026,4,5,22501140,faee0865-201b-65ae-5dd4-29b61dd3bf1f
22501140,53,2026,4,5,22501140,4639b72f-70ef-1001-2fdc-45607be2184b
22501140,675,2026,4,5,22501140,08a6b9c7-fb56-6a8a-10ae-ee0d8162bd7e
22501140,113,2026,4,5,22501140,1a204f43-61a2-7e61-d8b2-27a78cb25f9f
22501140,114,2026,4,5,22501140,c43a73c8-c255-30cb-0548-75d40f7409b5
22501140,116,2026,4,5,22501140,7179a8b7-f433-4d05-097b-6802436c1a1d
22501140,119,2026,4,5,22501140,b21cd3de-e215-9527-95a4-8712b68f5fc2
22501140,121,2026,4,5,22501140,188d0a8b-6d77-8b6d-1d54-aeb9f81e8a7d
22501140,123,2026,4,5,22501140,46d5c3ea-59b9-a458-f113-bde561c435a1
22501140,125,2026,4,5,22501140,202a0d56-2f90-f4bf-c205-c46f77d4beeb
22501140,13,2026,4,5,22501140,7469081f-0ea3-12b5-a42c-59535edab333
22501140,138,2026,4,5,22501140,405994f1-f83e-7b39-d82b-ebd24f6b53ac
22501140,15,2026,4,5,22501140,dbb92627-324d-c085-982c-e89163ee7430
22501140,160,2026,4,5,22501140,403e555c-66a7-fdf4-f015-76dab14a6f0b
22501140,162,2026,4,5,22501140,642038bc-79bf-3fd5-9b1d-532b2dc18543
22501140,166,2026,4,5,22501140,07d544ab-6367-546f-69bf-b7f4381b61b9
22501140,17,2026,4,5,22501140,72104624-338f-6020-79ac-9ab1cbee2099
22501140,177,2026,4,5,22501140,5c1a07a2-efe5-2550-985a-143aad5651a1
22501140,189,2026,4,5,22501140,7f635d9c-c082-2b46-3cef-94a5c31ed84c
22501140,199,2026,4,5,22501140,fd9bf085-2023-697b-bbc3-6922af564365
22501140,200,2026,4,5,22501140,10be81c0-9357-eed5-62d9-642698139e94
22501140,202,2026,4,5,22501140,59e91d92-36dc-badb-d6e9-f7769816f34d
22501140,217,2026,4,5,22501140,ad1d83f0-07fb-2c0f-0218-88eb92aa4a7b
22501140,221,2026,4,5,22501140,8717092a-cfad-633d-5c25-93578ab797b2
22501140,223,2026,4,5,22501140,eeadf536-31a7-9617-30d5-5597f001cf63
22501140,224,2026,4,5,22501140,3eaf6d0a-23f7-9f0e-e5b3-a2b08304af44
22501140,226,2026,4,5,22501140,9ee5dd76-0762-3fca-9046-396f96588b28
22501140,228,2026,4,5,22501140,e864a293-895b-37ab-843c-377b01f71bea
22501140,230,2026,4,5,22501140,41cc47f4-ec08-bdc0-d567-a3691e7103e5
22501140,253,2026,4,5,22501140,0b3cb574-6443-1127-c53f-67df42d15fe5
22501140,259,2026,4,5,22501140,0f03b182-8654-bb5b-ad77-28aeaac5e9a3
22501140,264,2026,4,5,22501140,804cb90f-af35-b4c6-e0e0-573ce31218c1
22501140,270,2026,4,5,22501140,8ee2229f-b82f-2e2e-4971-a2cd383fcdcb
22501140,272,2026,4,5,22501140,0bf1892d-89a6-8359-bdce-fe41bf94e2da
22501140,277,2026,4,5,22501140,cab9e448-dc3d-a06b-cd25-9bdd1a212650
22501140,279,2026,4,5,22501140,bb78773c-bda0-6e76-1787-4f2d7ea77c84
22501140,28,2026,4,5,22501140,51ac82d4-a597-ca99-2fe3-5a420277deea
22501140,281,2026,4,5,22501140,5150edab-8929-1086-c689-56c9b867a76c
22501140,296,2026,4,5,22501140,1c3d5c62-8611-774f-c1a8-3fa9701474aa
22501140,30,2026,4,5,22501140,ecfddf27-010c-ef78-160b-40f5dc0d253e
22501140,306,2026,4,5,22501140,86d2ac7b-67a7-4eeb-d67a-3e9fef34da91
22501140,31,2026,4,5,22501140,384b6c98-e831-996d-2ec0-032b9f1a2056
22501140,315,2026,4,5,22501140,d9516834-127c-eb9d-700c-74f8d13ea520
22501140,321,2026,4,5,22501140,098ab443-0df5-7d7f-d707-21526b472f5f
22501140,324,2026,4,5,22501140,91a3db97-caad-c8f3-6d73-ad4263031190
22501140,33,2026,4,5,22501140,c2be9e5e-4fa5-b249-37e2-4a4977a1eaa3
22501140,335,2026,4,5,22501140,cfecabac-e1c6-a81f-f8a8-aa8699c6a788
22501140,337,2026,4,5,22501140,53f66ce0-2d04-aec1-1027-d7a638d08459
22501140,345,2026,4,5,22501140,6b820dcb-58c9-ce85-8fe8-b45402561123
22501140,347,2026,4,5,22501140,5be3021c-cab2-590b-8130-7e2cffb267d0
22501140,357,2026,4,5,22501140,2f80473e-c6ee-ee51-ded9-4859c905b4f1
22501140,367,2026,4,5,22501140,4024f60d-3200-c01b-0f46-9470b9a904a8
22501140,369,2026,4,5,22501140,adb0ebd6-ab5f-834a-5e3a-ff5314903d74
22501140,37,2026,4,5,22501140,d5c14467-89d0-5456-d4fd-60c4a827b7be
22501140,371,2026,4,5,22501140,982a5aeb-5ed9-1465-6149-9ddd08cc2e8c
22501140,392,2026,4,5,22501140,5bd6bcab-3799-465e-9176-f9716f1b08b8
22501140,395,2026,4,5,22501140,754d26c0-5452-9220-46ad-4d79408eed00
22501140,397,2026,4,5,22501140,1ac02143-58eb-2307-d88b-db8c7bc7e5fb
22501140,403,2026,4,5,22501140,d206b546-7b82-26c4-9754-2e144bd0aa97
22501140,404,2026,4,5,22501140,18771180-4c34-f189-1ec6-69322d1e492f
22501140,42,2026,4,5,22501140,44652b51-afab-fc8b-13f8-7edd3a434576
22501140,432,2026,4,5,22501140,bb6d972d-febb-9d56-b7c3-947ebd0f4808
22501140,45,2026,4,5,22501140,53b696e8-96ee-d991-9206-2ad437e683e2
22501140,475,2026,4,5,22501140,17835dea-df51-b7a2-41e2-4a7e25afa23b
22501140,477,2026,4,5,22501140,d1c6775e-6c6e-657a-ee8b-3aad7b9e982f
22501140,489,2026,4,5,22501140,a9086ce8-3ee2-df62-a37a-158d88459317
22501140,490,2026,4,5,22501140,ae2ee0d1-ce68-b13a-6a28-08f162dac572
22501140,513,2026,4,5,22501140,91846fe8-0703-44b3-b9f5-cf9fd364f456
22501140,514,2026,4,5,22501140,997dcfd3-de8b-527e-d620-43837bfaf296
22501140,522,2026,4,5,22501140,a32e9785-70c2-c0ad-f3f2-5c9c3a86b135
22501140,534,2026,4,5,22501140,05e024fa-c810-d78e-ca38-5364cc8abff4
22501140,535,2026,4,5,22501140,98781302-1254-6cf7-d525-ad2fe6678065
22501140,545,2026,4,5,22501140,4567ec08-ac6b-c6ab-b79d-d1f7cfcd4bc2
22501140,547,2026,4,5,22501140,35262602-b0c2-1217-2c9e-7606ff157271
22501140,548,2026,4,5,22501140,b7237706-0265-4d4e-b460-06a11981d7f8
22501140,552,2026,4,5,22501140,3219d218-f7eb-d931-3a69-eb9783589532
22501140,558,2026,4,5,22501140,ee3c7137-e841-24e4-10de-5c371be1ddef
22501140,560,2026,4,5,22501140,20cb1e6a-bd1b-ca36-bfb9-1e24047aa930
22501140,564,2026,4,5,22501140,52fd7fce-3f3a-a680-85f8-2e10d0ca5df6
22501140,566,2026,4,5,22501140,9b601677-c585-82f6-ea3f-e60d6e557ac7
22501140,578,2026,4,5,22501140,1e9454fb-392d-d1a1-1634-19cbaf4df606
22501140,585,2026,4,5,22501140,df28dae8-03a6-5134-eb36-d04f7030c6d2
22501140,590,2026,4,5,22501140,c5477ad2-c30c-1141-d94c-6c3bf4bf1005
22501140,592,2026,4,5,22501140,58acc38a-c879-6870-4904-378a3e782d76
22501140,605,2026,4,5,22501140,6f4f55af-d48c-8253-893f-6717e3dcb18d
22501140,607,2026,4,5,22501140,670f9c0a-4ae1-51b6-3de9-178a365629e6
22501140,609,2026,4,5,22501140,75c863bc-ebfc-7336-62a6-f5f652c139b1
22501140,616,2026,4,5,22501140,caf03b8a-da4f-2b9a-4103-e9320ff6eee5
22501140,63,2026,4,5,22501140,efc86099-ea3e-8e1d-f293-d61a0218ad7f
22501140,633,2026,4,5,22501140,a18f0988-af63-1f76-3811-02d172b16c9e
22501140,637,2026,4,5,22501140,6acd4988-824e-2e60-3ef9-ad0ab65cb4c2
22501140,640,2026,4,5,22501140,3af1c061-5391-1261-4946-8f600bbc503b
22501140,642,2026,4,5,22501140,9475ee75-7080-a9eb-55fb-2635f291c9b1
22501140,648,2026,4,5,22501140,45a64c66-53e5-7425-fe65-62a8b38dc4b3
22501140,673,2026,4,5,22501140,7faab570-ab04-af87-c807-e895266d573c
22501140,678,2026,4,5,22501140,4d396d7f-724e-a722-9fe5-71d40194bbe8
22501140,682,2026,4,5,22501140,7aadbfdd-9339-7dd8-da52-2c0ebc9ca6b8
22501140,684,2026,4,5,22501140,23624fec-aadb-3aa3-fbc6-2313145c4754
22501140,688,2026,4,5,22501140,0ae8c6da-54ea-a465-5809-b110c379cd4a
22501140,69,2026,4,5,22501140,6f0cf36a-3690-1574-a4e7-8563e201fbac
22501140,690,2026,4,5,22501140,e262eed4-f870-518e-4ab9-740d880ff6a2
22501140,703,2026,4,5,22501140,6d3fbdae-ea26-53b6-f3cc-26eb2801dd1d
22501140,71,2026,4,5,22501140,2071dfc1-e622-fcd8-c066-7559289286cf
22501140,72,2026,4,5,22501140,748c7d9c-c4e3-bb26-eca3-0883b6622023
22501140,728,2026,4,5,22501140,9bb60343-fa88-eddd-6ebb-9a0d420a93fc
22501140,730,2026,4,5,22501140,7283d78c-da53-3d87-25f8-4169c9097e15
22501140,738,2026,4,5,22501140,231baa4b-9381-5426-ea5e-7da9b126c358
22501140,74,2026,4,5,22501140,d453ecdf-2cf5-6532-0ff8-f720e3b1ff29
22501140,89,2026,4,5,22501140,505acf62-885e-4953-2249-aa269d542858
22501140,94,2026,4,5,22501140,2fbf03b7-5945-4000-1c25-a54faf6ded70
22501140,96,2026,4,5,22501140,00505786-fd43-5acd-882b-a19536301ccd
22501140,97,2026,4,5,22501140,1b3f8cae-ef53-b75e-d842-212ba2e7781c
22501140,99,2026,4,5,22501140,663048e5-33e5-af7d-9e00-02238b86ec50
22501140,115,2026,4,5,22501140,6c83d18f-ef0a-89a5-d2b2-e25626a090b0
22501140,120,2026,4,5,22501140,8d54564f-847a-8377-ecf8-0d1ed7aa6093
22501140,122,2026,4,5,22501140,31e6f273-6561-d299-4067-adbf62009306
22501140,124,2026,4,5,22501140,5a36e15c-dc6c-a2db-2ff4-79c9ee9cd097
22501140,139,2026,4,5,22501140,37989735-4c54-0c9b-d0df-f930009f137e
22501140,14,2026,4,5,22501140,6096819b-6c52-ee73-1c29-c5bd59e7a4b4
22501140,16,2026,4,5,22501140,ce33ef62-e97b-8d07-2259-df67afc15937
22501140,161,2026,4,5,22501140,7aeabe6c-0703-fea2-e6ae-ca0a13874726
22501140,163,2026,4,5,22501140,79d07fbb-6227-2061-df0f-b71d64a0358e
22501140,168,2026,4,5,22501140,b1c0fbe1-0821-c427-c628-202506b71cdf
22501140,178,2026,4,5,22501140,02cc7169-6138-2213-38a6-bf976621772a
22501140,18,2026,4,5,22501140,324bcb5e-13fe-7e3c-b90c-f6ea220459a5
22501140,186,2026,4,5,22501140,91595181-e329-86ee-1992-99833516c584
22501140,201,2026,4,5,22501140,75f72c9f-6144-77bb-00c1-a56fd6e33c5c
22501140,218,2026,4,5,22501140,efca6a18-76a5-04ec-5b87-60fe9267bae7
22501140,222,2026,4,5,22501140,d21afbce-fd29-5b30-4e21-67b4b2c4efc2
22501140,225,2026,4,5,22501140,552bff0e-e020-735e-9280-57e837ad37f5
22501140,227,2026,4,5,22501140,79ce32a4-c62b-3693-009b-ae9026229031
22501140,229,2026,4,5,22501140,0712b598-e8bc-994d-b60e-4798241def70
22501140,231,2026,4,5,22501140,f70d1a29-18a6-607d-d43e-881111ebe3cb
22501140,25,2026,4,5,22501140,d757bec0-ee52-7892-d477-ee021198d4b3
22501140,254,2026,4,5,22501140,cd33f04d-eba4-b771-b91a-8b092addd7e3
22501140,260,2026,4,5,22501140,d7a9867a-9944-6520-9808-4425bc5a5ff0
22501140,265,2026,4,5,22501140,4a3bba96-c3b1-851a-11db-3b3d06a244dc
22501140,271,2026,4,5,22501140,78469cfb-fae5-2ec1-ca68-f49d526f6027
22501140,278,2026,4,5,22501140,c32bf199-95f8-9029-ab72-20bea2c1a98b
22501140,280,2026,4,5,22501140,02bd0a13-b69d-affd-278f-8ccd0dc3aedc
22501140,282,2026,4,5,22501140,398fdb02-4fed-e55e-d44f-a685693839de
22501140,29,2026,4,5,22501140,f6c71a24-11d8-a786-67d0-d7b8db58a946
22501140,307,2026,4,5,22501140,38182c17-d6ac-296c-d4a3-9faf5fdff59b
22501140,314,2026,4,5,22501140,58703ee4-076d-e4c0-b18e-3ffc07e8bf08
22501140,316,2026,4,5,22501140,c959b5ee-217f-85f3-2629-429f3160831b
22501140,32,2026,4,5,22501140,2b2013c6-33aa-9785-91be-6512f9e8651f
22501140,323,2026,4,5,22501140,e6ce28f8-db8c-8b29-9ad3-9cced26b934d
22501140,325,2026,4,5,22501140,a27b21cd-adbb-c189-4f71-82743ad8cdac
22501140,336,2026,4,5,22501140,b04878ca-73b7-8b38-fa94-682af2155553
22501140,34,2026,4,5,22501140,30abad8d-7c5c-b157-8330-d1bdb647fff1
22501140,346,2026,4,5,22501140,c6f78449-12ff-9594-4003-2dce8cccaf36
22501140,358,2026,4,5,22501140,43f5b1e7-e394-b3c9-86df-74928e991641
22501140,368,2026,4,5,22501140,e5c06984-88be-82e7-d066-98905f509d1f
22501140,370,2026,4,5,22501140,fb363325-5d8b-acb3-15b4-13658a18def3
22501140,396,2026,4,5,22501140,74ae2d71-1bea-86c8-ffd9-09bf878ba2da
22501140,398,2026,4,5,22501140,9619eb87-8ee2-1719-2e07-c442aedbe7a9
22501140,405,2026,4,5,22501140,23cb13b7-9034-80de-c0ca-61f354c0d56b
22501140,427,2026,4,5,22501140,1b76531c-12a7-06b9-cb44-d61c56b5e74b
22501140,438,2026,4,5,22501140,f4928a1c-8e5a-73f1-a398-f7f770c75d47
22501140,449,2026,4,5,22501140,cfbd4216-172c-547f-0b83-734c48357d74
22501140,476,2026,4,5,22501140,1e7d39ce-ebbb-5c59-cf6d-5296715d4d18
22501140,478,2026,4,5,22501140,91dd84f1-b4ae-1bba-a798-1dee3acb293e
22501140,491,2026,4,5,22501140,9cbae82e-1cd8-7b89-3ac6-d48e33bb09f5
22501140,517,2026,4,5,22501140,185baf50-c798-4cbf-c348-f99088181e6a
22501140,528,2026,4,5,22501140,825e9e85-9448-dda2-a8d4-7ca383d06b09
22501140,546,2026,4,5,22501140,aa90d60c-507b-17fb-4a25-0e1a2f151b8b
22501140,55,2026,4,5,22501140,e5bce3d3-cd2e-1985-be4e-76126aeff963
22501140,553,2026,4,5,22501140,5e9bd007-57f6-a6c5-4881-77cddd20c857
22501140,559,2026,4,5,22501140,2a4ae3f1-2df4-d4b8-5b47-e4e79b4a6b95
22501140,565,2026,4,5,22501140,3b4bad6e-d3b4-4179-9149-75f55466a500
22501140,567,2026,4,5,22501140,12fe65d4-b3d6-d299-d991-ffdd41d04710
22501140,579,2026,4,5,22501140,c6f64a61-3718-eb08-8701-f54e3c2f2e0e
22501140,586,2026,4,5,22501140,ad945e42-f787-3c24-71f4-6845422e43a8
22501140,593,2026,4,5,22501140,f42311f3-f767-c4f4-2c56-dbc0a2ac6308
22501140,606,2026,4,5,22501140,6c8458ff-6e67-3eff-bf84-7e36dbffb181
22501140,608,2026,4,5,22501140,8a37a08a-087c-bfea-1e62-754cbbc20385
22501140,610,2026,4,5,22501140,9aa8f24e-8e52-5b4c-918e-3389d831637b
22501140,617,2026,4,5,22501140,61a49115-526f-0571-1de2-01b981ea7a9a
22501140,632,2026,4,5,22501140,373bdc42-c3fb-9bbf-f9f0-86ee9c0ca2e9
22501140,634,2026,4,5,22501140,ee6e0096-1483-dadb-6e87-1ffb394f7405
22501140,638,2026,4,5,22501140,ff627cd1-b89e-124d-8ec8-f341ffeaa7b6
22501140,64,2026,4,5,22501140,fc4c5625-d51b-6d3a-0186-7bd703b463f9
22501140,641,2026,4,5,22501140,795a5df8-bd61-330f-7a7c-ab5d94be8737
22501140,643,2026,4,5,22501140,88a69f68-8bdc-4851-ab12-fc32914f6a5b
22501140,649,2026,4,5,22501140,f4e8ae52-e7e8-813a-1e57-b5330127f7fc
22501140,668,2026,4,5,22501140,fa90e3f4-4725-9f55-f8e1-af31895adba4
22501140,677,2026,4,5,22501140,a5639461-ac49-87d5-76dc-7e1874c40532
22501140,679,2026,4,5,22501140,19cb5da1-555a-a11c-ed12-67fb2b6dfcd8
22501140,683,2026,4,5,22501140,186747b3-30ee-cb0d-1715-f56847403179
22501140,689,2026,4,5,22501140,a0b6b456-350b-b79e-9372-d328ec8679bd
22501140,691,2026,4,5,22501140,154ad819-1c19-c1ad-97d7-26de17771e44
22501140,70,2026,4,5,22501140,48d927d4-1a44-143c-aea8-13fc65797795
22501140,704,2026,4,5,22501140,17431545-5685-007a-55e2-8a40cb24cccf
22501140,729,2026,4,5,22501140,5f63856d-6fc4-45b1-8a8e-de2446c88075
22501140,73,2026,4,5,22501140,8b10ffd4-2545-ebfb-c841-873d84578364
22501140,75,2026,4,5,22501140,841f970b-5e43-5b88-907a-6176f0d4fed2
22501140,84,2026,4,5,22501140,0713f9c1-0b70-4ac1-6fdd-1f846b379379
22501140,95,2026,4,5,22501140,7787c2a6-c9ac-5e93-a91e-07e772ff4b53
22501140,98,2026,4,5,22501140,7d2be8c2-17c9-9e3e-225e-3a03dc0c89b3
22501140,11,2026,4,5,22501140,84696af1-2c0e-bd50-d921-2cc5a267664b
22501140,164,2026,4,5,22501140,aef58457-c05b-8571-2bde-a80b01e87b7e
22501140,173,2026,4,5,22501140,c9be75da-89f3-613c-d3b3-da5fa38af16d
22501140,244,2026,4,5,22501140,8091ddbf-c437-0d75-9a32-4aaf15b9af70
22501140,26,2026,4,5,22501140,cae2b0f0-f6e0-54da-0845-3b4b24440556
22501140,266,2026,4,5,22501140,bfdb0672-dde0-848d-58d0-f95824010f66
22501140,268,2026,4,5,22501140,5cd07dda-d560-3da3-1adc-935fa4956c51
22501140,294,2026,4,5,22501140,3fc6ef52-1eec-b719-7b35-081467904a1e
22501140,298,2026,4,5,22501140,56da319d-5fcd-1273-1616-469cfdc62fe7
22501140,317,2026,4,5,22501140,2f1739b1-50df-4ab2-fe2e-794dd07b172d
22501140,338,2026,4,5,22501140,5c30a90d-5e7b-71a8-bea5-38ecaba327e3
22501140,35,2026,4,5,22501140,96254263-7653-8924-5d11-294b17b93424
22501140,384,2026,4,5,22501140,8c472676-3574-5104-4c3e-0cce77b64e94
22501140,411,2026,4,5,22501140,c8831b3b-7589-b93b-532d-e4839813bd26
22501140,458,2026,4,5,22501140,669bd7e8-b46b-2364-4d8b-1606a70babc7
22501140,611,2026,4,5,22501140,a65cc3d1-7c8e-e967-1bd5-038ad1691323
22501140,7,2026,4,5,22501140,7ae0b710-008d-2a5d-1ba3-2723f73837a9
22501140,287,2026,4,5,22501140,8b16365a-4c1f-fd47-e50b-701b03a157b7
22501140,531,2026,4,5,22501140,99744839-51c1-de7d-dbeb-8d864cd9fae6
22501141,105,2026,4,5,22501141,4a7d5af7-361a-d5e3-e3cb-e150e4cae5e8
22501141,107,2026,4,5,22501141,d70c19a8-c0e4-d4e3-39d4-7667c094c3d9
22501141,112,2026,4,5,22501141,e5da327f-56b2-4e8a-3e52-f478116b106c
22501141,124,2026,4,5,22501141,789113f0-b420-339c-8c08-751bfd4c47fe
22501141,126,2026,4,5,22501141,c6f55f48-9c7e-4b75-fe88-78ae06b90b41
22501141,141,2026,4,5,22501141,7729b7aa-c488-8801-43c7-dedff1123be4
22501141,143,2026,4,5,22501141,360a5981-8bac-4036-02df-c9206faf1f03
22501141,154,2026,4,5,22501141,d1384755-4582-96cd-86cb-dd106a846417
22501141,156,2026,4,5,22501141,d8d8346b-f184-6554-778d-cd2a3b7748b5
22501141,158,2026,4,5,22501141,86f409b9-0ec6-7da9-f724-6243500de3e2
22501141,162,2026,4,5,22501141,88ae9e71-7d4a-f739-dc75-2a045fd35066
22501141,175,2026,4,5,22501141,fc2d2b36-8ce8-0bfa-7b79-ebb1d98b1e3d
22501141,18,2026,4,5,22501141,41d57580-3ce9-c32e-93f3-042d35eec783
22501141,186,2026,4,5,22501141,0d870520-f1fd-2646-9ea8-af7fbd278b85
22501141,194,2026,4,5,22501141,52753fd1-cdc1-b13a-f0ac-bb68d64076cd
22501141,196,2026,4,5,22501141,a1a7782b-6e34-5c01-f2cd-02041bfde98b
22501141,213,2026,4,5,22501141,93a19aed-1afb-a722-c3c9-d6725a808612
22501141,233,2026,4,5,22501141,52a24149-8c63-fd1b-4d4a-2b3a98c8cb29
22501141,259,2026,4,5,22501141,700ad94d-e2a8-00f1-2ae8-ad090a096c3c
22501141,261,2026,4,5,22501141,fb3dcaa8-8be2-b5e1-0adf-5166c67ab60f
22501141,266,2026,4,5,22501141,af657088-7210-bda7-5fc6-56016c9e26d1
22501141,286,2026,4,5,22501141,1da70e7c-3226-aeaf-0fc2-a1a819ac2fa3
22501141,299,2026,4,5,22501141,9f70b8ed-8685-6b8a-49ab-471c352499c7
22501141,319,2026,4,5,22501141,364dee74-c78f-39c3-7af8-95766a4caa80
22501141,360,2026,4,5,22501141,ed976251-09f2-d331-49f3-613676af2392
22501141,367,2026,4,5,22501141,77930011-8ad5-592e-fd52-8a59ba5513d6
22501141,369,2026,4,5,22501141,53d77c18-61ef-2f08-3a88-725057014865
22501141,38,2026,4,5,22501141,8ef495d4-0905-f791-1b83-cc2ea720e63f
22501141,396,2026,4,5,22501141,956d1e1e-da22-3e2e-3a57-763ea43d6c9c
22501141,399,2026,4,5,22501141,89aba0ec-532c-e8f8-8066-323657223e0d
22501141,422,2026,4,5,22501141,3807e09e-5665-a6a4-9126-694fea120682
22501141,426,2026,4,5,22501141,a23ced4f-5549-9212-b675-9a333245d65f
22501141,434,2026,4,5,22501141,8daffddc-9363-b7a7-f06c-cbc0d5189234
22501141,436,2026,4,5,22501141,19713c98-7a57-0de3-08b3-e25d7f9f5a8d
22501141,443,2026,4,5,22501141,4bc33748-2e02-0867-e67f-7c8076b3627d
22501141,449,2026,4,5,22501141,bb0b82c0-ce84-62d1-6a91-bd87875c468e
22501141,456,2026,4,5,22501141,84850717-abf0-00e6-f9aa-8945b41ecc8c
22501141,467,2026,4,5,22501141,941feff7-b184-0527-dc7e-37c61d367aee
22501141,496,2026,4,5,22501141,65d52aab-cde5-801a-7ba7-221eba70f34a
22501141,504,2026,4,5,22501141,81964129-e512-3cc1-d42a-08444ee31fe6
22501141,516,2026,4,5,22501141,c8655adf-ff48-b3c8-0287-f5a7e5c82390
22501141,521,2026,4,5,22501141,467c121b-29bc-db43-f427-7deb5f57e806
22501141,539,2026,4,5,22501141,93748623-66f6-1862-6047-cf1686930c91
22501141,54,2026,4,5,22501141,441ebb99-64b0-24cc-9376-02141a0ce35f
22501141,56,2026,4,5,22501141,8b8832a4-2b8a-1ecd-fb9f-fac2a842860c
22501141,565,2026,4,5,22501141,f201a880-0fe9-3fa5-d49b-5ddc9127b6f9
22501141,567,2026,4,5,22501141,2a3d5475-c350-66ff-2445-3dda1ef74276
22501141,57,2026,4,5,22501141,8c3b430e-8758-132c-95db-9df8b51c09ce
22501141,576,2026,4,5,22501141,f510b2a3-3f10-f5f8-b2f5-660ee41f4454
22501141,606,2026,4,5,22501141,e2818445-8871-2089-0226-c35c3af10fcc
22501141,611,2026,4,5,22501141,a509a1d8-51b9-2586-d4e3-fe1bed66ff69
22501141,645,2026,4,5,22501141,99ad96e0-55ef-cdc2-9e89-9da57f5fb32b
22501141,654,2026,4,5,22501141,95d36112-7e66-3376-6801-99a044644b67
22501141,660,2026,4,5,22501141,981f6dec-0dbb-202b-3a22-c9e6d97218ef
22501141,69,2026,4,5,22501141,4cfdab66-4cc4-cb51-7b4d-1aaa5bad9b2e
22501141,187,2026,4,5,22501141,dbcdb72f-1219-7e68-4acf-9e2f258bc6c9
22501141,226,2026,4,5,22501141,f449a2c0-bac9-994e-c763-1da287f7a6bc
22501141,23,2026,4,5,22501141,0f5bcea6-48bf-dbee-fb0b-99eed0aef444
22501141,276,2026,4,5,22501141,11d3a87b-b405-a857-d2cf-49c90751ca36
22501141,438,2026,4,5,22501141,14f9647c-aa16-3883-5c36-6918cc0aff2c
22501141,476,2026,4,5,22501141,f804e3a9-52e6-a826-5d8e-345adcfdd82a
22501141,518,2026,4,5,22501141,9ef404f9-efb8-555d-9719-0445e1fdca2b
22501141,568,2026,4,5,22501141,138666ee-c6e9-d1fd-1435-5a8f9e2a935b
22501141,580,2026,4,5,22501141,058ad965-f080-bece-6a05-c9ed64011f8c
22501141,109,2026,4,5,22501141,a670c209-6ca2-f56d-3019-b25da76d7022
22501141,11,2026,4,5,22501141,23df158a-3399-9b33-247f-b639579b2aa8
22501141,111,2026,4,5,22501141,ab0c7bfe-000e-22d0-0cdb-5e6fd6c05200
22501141,114,2026,4,5,22501141,483b31af-1ea4-f8f2-e2b3-e7b4a837553f
22501141,115,2026,4,5,22501141,161cfc8f-0908-0c8d-dc38-f9e466ef8484
22501141,117,2026,4,5,22501141,885625dd-d55c-8068-d50c-e2b78092e5f4
22501141,12,2026,4,5,22501141,5d9b12f4-80d8-5716-6860-7797e6bad4c3
22501141,121,2026,4,5,22501141,c98a56b4-d051-4ff2-bed9-07f7ad98d8fd
22501141,123,2026,4,5,22501141,7217472e-a15a-60f1-81b0-e71ec74ec45b
22501141,13,2026,4,5,22501141,53e7f313-7928-c999-7a8c-f0e8b0521a0e
22501141,139,2026,4,5,22501141,53a8d986-7724-63bf-4ef1-fd3e5d4a8af4
22501141,146,2026,4,5,22501141,820269c3-7f9b-fc53-bdf8-3cb6f8b20374
22501141,183,2026,4,5,22501141,ebb4b80d-f5d7-2cee-8e1f-5f7a5e4e8768
22501141,198,2026,4,5,22501141,9f2357a1-4f9f-b43f-8d6f-da57eb3adadb
22501141,20,2026,4,5,22501141,f01980dc-3bb1-2216-20bb-29890a8cc155
22501141,207,2026,4,5,22501141,0f612c18-613b-2bfb-bd28-e4674d1fbb35
22501141,21,2026,4,5,22501141,e5372d58-2105-2e6a-092b-bfce6e65d7ee
22501141,211,2026,4,5,22501141,da36e71a-74bc-d22c-18f5-c61b3236669c
22501141,236,2026,4,5,22501141,7f3b16de-d464-4285-205e-13a68bc2c164
22501141,237,2026,4,5,22501141,2e9909ff-1fd3-0c70-ffe7-006748f788b9
22501141,247,2026,4,5,22501141,d100a39e-282b-6c44-9240-b5ce6b2bd9c5
22501141,25,2026,4,5,22501141,8405ccec-63e5-b517-8537-f42f0530b6e5
22501141,250,2026,4,5,22501141,d291ad09-d9f9-8f51-5d4c-404bc3cf0c1f
22501141,252,2026,4,5,22501141,4f86d302-1fab-e09c-a640-9cceef0f64f6
22501141,254,2026,4,5,22501141,6c0be0fc-4f1b-97a6-2efe-c2e005daf3bc
22501141,263,2026,4,5,22501141,1562a08e-6fe7-a26d-3b96-42d048daccdd
22501141,265,2026,4,5,22501141,8697fef4-5516-991f-0173-cf95574841dc
22501141,268,2026,4,5,22501141,e97dfaf2-c7b0-eff9-9dc9-ae6a2da657ae
22501141,27,2026,4,5,22501141,e941fd30-a805-c3dc-0ba1-73ead7b7bdf7
22501141,270,2026,4,5,22501141,0a7070f3-7bc8-5914-d7a2-9f1a7c2b7341
22501141,272,2026,4,5,22501141,285698db-8b81-cd09-7026-25eeda8d17de
22501141,285,2026,4,5,22501141,8b6082e1-35e1-885e-1dd9-8ab4871efd07
22501141,288,2026,4,5,22501141,86d4d16a-fe97-fdb9-29cb-6e1ebd02b5d0
22501141,29,2026,4,5,22501141,c5e0eff2-59c0-47bc-117b-df7e0f2b9c52
22501141,295,2026,4,5,22501141,1d90774c-6b02-ec5e-d234-577488acc3e0
22501141,297,2026,4,5,22501141,35b227ec-ce54-c80e-62a1-710b7edd4371
22501141,303,2026,4,5,22501141,2ead3713-1cb8-ea18-0d7d-650c4b10bacd
22501141,321,2026,4,5,22501141,efda285e-2d71-f2b1-eda8-5c35e3ee4679
22501141,324,2026,4,5,22501141,d108427e-ba4f-cb01-649d-14e3dd12aff2
22501141,328,2026,4,5,22501141,a63e0ac4-28dc-8083-8bc1-76d83a0edde1
22501141,33,2026,4,5,22501141,66430ee2-4a19-d97c-d604-c547cdf0cc09
22501141,330,2026,4,5,22501141,53e7b904-1329-5f9c-8be1-f54cf4237bd7
22501141,331,2026,4,5,22501141,8ccefd57-78a3-f1a6-9309-de6cedf8183b
22501141,34,2026,4,5,22501141,df5453d2-1a6f-0314-23b0-2923252bdd20
22501141,341,2026,4,5,22501141,ac68288e-1a22-ce7c-99b4-dc4108aa092f
22501141,345,2026,4,5,22501141,6b22469a-4ccd-cffe-4a94-8fd3db397679
22501141,346,2026,4,5,22501141,12094a49-a5ad-5db9-fc34-1d5211bac61f
22501141,349,2026,4,5,22501141,eaf74af8-a9f7-1eaf-e4ac-b1dde5e7687d
22501141,356,2026,4,5,22501141,df372efa-3b24-3ada-2c34-f7217487e863
22501141,36,2026,4,5,22501141,327fc28b-436e-864f-4e43-3beeff79fb51
22501141,362,2026,4,5,22501141,cfa64a2d-1258-fa66-9f4f-c833860b6cd5
22501141,364,2026,4,5,22501141,d7557c4e-6584-827a-571a-900acc7fd653
22501141,366,2026,4,5,22501141,6c1a7af8-6b15-9259-0d02-b81d538fd394
22501141,371,2026,4,5,22501141,65f4bc10-6a4c-1bd6-7542-17d9056870be
22501141,391,2026,4,5,22501141,95cc1779-e157-f354-324d-d9f2124258a0
22501141,393,2026,4,5,22501141,d9baa399-c188-ff9d-5ad8-a3aef62e57b3
22501141,395,2026,4,5,22501141,82ae58d6-9ac3-3022-4efa-df2d02d57253
22501141,398,2026,4,5,22501141,973859b9-eac5-b52f-6cb3-36d259566326
22501141,415,2026,4,5,22501141,0b07164f-9aad-2a06-5565-56e38cd331b4
22501141,419,2026,4,5,22501141,55110d9d-e534-86ea-4019-781794dc6d07
22501141,44,2026,4,5,22501141,b440d4cb-836e-67c1-b38b-c15ef2730946
22501141,441,2026,4,5,22501141,aaca3527-3e8b-b5e0-dc7d-48ecb3c68bb2
22501141,445,2026,4,5,22501141,e9a30b07-900a-b8bf-4ea4-1059b551d62d
22501141,459,2026,4,5,22501141,3f883be8-36a0-d6d8-e098-93e676ae8a5e
22501141,46,2026,4,5,22501141,094a8509-5f37-2229-a0c0-a8425e171c9d
22501141,463,2026,4,5,22501141,d4de16ae-01e0-5ca8-4f23-3ebf1d991973
22501141,465,2026,4,5,22501141,90abb6f7-85df-4988-89ba-bc89dfbb14e5
22501141,469,2026,4,5,22501141,196000cf-4819-ee93-984d-f9ae9d39f9f1
22501141,48,2026,4,5,22501141,05ec82fe-a531-a464-9318-36950c9034f8
22501141,49,2026,4,5,22501141,0f0627c8-18e6-2392-a565-c37667702561
22501141,491,2026,4,5,22501141,ec2de396-8222-bba1-d2ac-9382e7243f25
22501141,492,2026,4,5,22501141,6fc41d8c-c8c6-5de2-44dd-83920952ca02
22501141,494,2026,4,5,22501141,4c5b564c-1064-1568-5287-1f5e6a0acdbe
22501141,501,2026,4,5,22501141,769f6a1d-39cc-2305-3f64-4b5b658e5ca3
22501141,503,2026,4,5,22501141,7c02d8d1-abd8-6395-98d4-be5090b9dde8
22501141,51,2026,4,5,22501141,e0066217-4849-c908-f4a1-b98313ed6012
22501141,529,2026,4,5,22501141,dcbdfb7a-9516-928e-c156-3fce3777db3d
22501141,53,2026,4,5,22501141,a0a45817-9b5d-47b8-a786-00cba9c666b7
22501141,535,2026,4,5,22501141,fe28e586-cb59-c5e1-a682-20ad7ee76a15
22501141,537,2026,4,5,22501141,8adcafa9-6006-6a46-f4f1-893fc4759d77
22501141,541,2026,4,5,22501141,ec8f77a8-9e20-2015-6727-52688e3a197c
22501141,544,2026,4,5,22501141,58df96b6-f08f-f743-aa00-476b51d64429
22501141,545,2026,4,5,22501141,daa1a67c-676d-4fe1-f976-cc6dc0c2cfcf
22501141,547,2026,4,5,22501141,a65f5cc9-0127-f439-b994-b6cb23566b9a
22501141,551,2026,4,5,22501141,153b4fab-89ad-2eab-4bd5-aaeec8d6d10a
22501141,553,2026,4,5,22501141,bcdcc3a4-8743-22ea-62ca-2988330fa8bd
22501141,562,2026,4,5,22501141,5db65ef4-06e2-3e75-3b94-dbebf447a045
22501141,572,2026,4,5,22501141,8a2ec2d8-7f14-00e2-af21-5b34d0cc01c9
22501141,574,2026,4,5,22501141,137ae1c6-4c4d-a399-d404-9e702e99db8f
22501141,583,2026,4,5,22501141,c4bd2f9b-7636-db3b-113d-0230b5f73ab0
22501141,591,2026,4,5,22501141,e5a74d52-38e8-2af7-165b-91c27c0d5d65
22501141,602,2026,4,5,22501141,5414ac37-6e75-7157-0e89-b4faabe9aed1
22501141,604,2026,4,5,22501141,bf78afe5-fe84-e168-6fe7-fb0b2d52fab6
22501141,615,2026,4,5,22501141,3abbc8f3-3ae2-8159-ca6c-63c8f73ba168
22501141,621,2026,4,5,22501141,a2e22932-9579-bf88-9b1c-cad7654a3e4f
22501141,623,2026,4,5,22501141,197bddc3-ba26-4703-767b-f52e22384589
22501141,636,2026,4,5,22501141,1dc737c0-043b-710c-383e-c1d44d2461c8
22501141,643,2026,4,5,22501141,20203a34-1a51-7c0c-ce75-d417f7a2aa0c
22501141,647,2026,4,5,22501141,e1ace75b-8748-5c95-6dc2-27bff0a13428
22501141,650,2026,4,5,22501141,f051de04-cc5e-d4d9-636c-8f687c354f51
22501141,651,2026,4,5,22501141,25b2e064-0b77-abb0-083a-eab8f30ed3a0
22501141,653,2026,4,5,22501141,82f89b1f-7d55-886d-e760-7e2943396dbe
22501141,656,2026,4,5,22501141,b8b9e05e-5de3-10c0-b889-73c494d1059c
22501141,658,2026,4,5,22501141,3ada2ec1-9b82-1c80-2bed-fe77dca7b99c
22501141,7,2026,4,5,22501141,a05c7a57-cbba-81ca-91ec-3cc9c7253165
22501141,71,2026,4,5,22501141,ee68b474-f5cb-e86c-50ea-6e356eb15ee3
22501141,84,2026,4,5,22501141,17c1c5da-7316-cd63-517b-3f14c5f9f878
22501141,86,2026,4,5,22501141,3c8f8331-bdf5-862e-9f1c-1a35ff6dfa60
22501141,87,2026,4,5,22501141,66016d82-4834-4a73-3b51-76d051cc64b6
22501141,89,2026,4,5,22501141,9ef31bfe-6129-6a68-299f-eed2b4524c1a
22501141,9,2026,4,5,22501141,47d26a09-cfbb-962c-8895-5a74418593df
22501141,92,2026,4,5,22501141,58b208b9-7558-157b-2690-7a9ae520a606
22501141,93,2026,4,5,22501141,e03e3000-976c-be99-d64e-98a25f85d9a9
22501141,10,2026,4,5,22501141,e6cf4565-2670-553c-b658-413c8d3e57d2
22501141,110,2026,4,5,22501141,1b493011-b5ee-2435-cc83-b0d8414c2b59
22501141,116,2026,4,5,22501141,ea824d8d-9328-89ad-f5d4-802da72775bc
22501141,122,2026,4,5,22501141,141d9836-f5a5-f54c-44df-6e787dfc0d1b
22501141,140,2026,4,5,22501141,f760d00a-0edc-0b8f-e9bb-14916ac76095
22501141,184,2026,4,5,22501141,f18956bf-ebd3-6718-59d8-3964972dd92a
22501141,199,2026,4,5,22501141,f1f6dd7a-71d1-759d-04cf-76d6d9bec301
22501141,208,2026,4,5,22501141,94a6c7dd-988c-ca2d-e4df-336ff8fd4d99
22501141,212,2026,4,5,22501141,21d7f11c-f5f5-d30f-987b-3df7d93b6649
22501141,22,2026,4,5,22501141,be5361d7-b08d-d26f-ddd7-e188bf7bc95f
22501141,238,2026,4,5,22501141,811b4951-6bab-53ed-8c7e-e51b87d71c87
22501141,24,2026,4,5,22501141,e68f6e1c-c701-c0c2-42e9-d6f5f4f1a1be
22501141,248,2026,4,5,22501141,750af14f-cc9c-6057-c7e9-ba3d7f085a84
22501141,251,2026,4,5,22501141,d72525b5-48a1-3a43-1899-b39c76c08732
22501141,253,2026,4,5,22501141,2dee410d-e7bd-176d-e5df-3cb9814504e1
22501141,26,2026,4,5,22501141,8208e7dd-b7a3-d420-a83b-797cf21863e1
22501141,264,2026,4,5,22501141,82b42b64-1373-3535-a1e1-1dc0c12d9a42
22501141,269,2026,4,5,22501141,64f012e9-4129-6d3f-d851-46bef00430df
22501141,271,2026,4,5,22501141,923d87f2-7516-eade-b332-41981968df5f
22501141,278,2026,4,5,22501141,7708a74a-5e35-9780-7eaf-f304669a00ed
22501141,28,2026,4,5,22501141,8ba322ea-efbb-fa4f-b4f4-05a90560cf66
22501141,289,2026,4,5,22501141,6a9f65e6-dc1c-51eb-e56a-d3aa479f5345
22501141,294,2026,4,5,22501141,8dbce475-1647-d595-f425-29fa39be9600
22501141,296,2026,4,5,22501141,b2742c47-c833-3deb-9110-f962d55912b6
22501141,298,2026,4,5,22501141,41a210a8-2378-00b7-653e-1f97798c8a15
22501141,30,2026,4,5,22501141,e7b42727-d672-9b18-4c36-f1f02e7851bd
22501141,329,2026,4,5,22501141,e6974f4a-dd12-b9a6-2e0a-08affc3b7ae6
22501141,340,2026,4,5,22501141,458a31e2-09c4-6c18-5884-007879128425
22501141,342,2026,4,5,22501141,73b70f8d-412c-c16b-0c98-14b9087827f8
22501141,35,2026,4,5,22501141,ba701234-e234-22eb-1ff7-d0deffc06c69
22501141,350,2026,4,5,22501141,e6b46a48-840c-037c-7875-92904ebec52d
22501141,355,2026,4,5,22501141,ba928072-ca0b-6adc-6d27-517200931d43
22501141,357,2026,4,5,22501141,384f8742-2e17-15bb-1530-00297284d035
22501141,363,2026,4,5,22501141,dce342d2-f50a-5a44-029f-01535a063ce5
22501141,365,2026,4,5,22501141,c2722be1-2444-ae78-a715-b4007164f38a
22501141,37,2026,4,5,22501141,2020ab07-7b5a-174f-94b2-cbe3863a2040
22501141,390,2026,4,5,22501141,0b24d96f-a68f-44d5-4250-4c45444a3faa
22501141,392,2026,4,5,22501141,1cfbceb0-cb20-4881-4494-a11f556efd05
22501141,394,2026,4,5,22501141,da4b208f-bcd8-908f-cd44-edcd188fda16
22501141,409,2026,4,5,22501141,4376bf04-ea84-f60e-1e7d-20366603c068
22501141,43,2026,4,5,22501141,c297642f-e8fc-a3d8-cd99-3c43b69aded9
22501141,440,2026,4,5,22501141,583f6a68-2cd6-9fac-bcbb-b9f3d8cf018c
22501141,442,2026,4,5,22501141,383116fe-4f98-a156-8717-4b5c4a21a275
22501141,446,2026,4,5,22501141,40eccf8f-8dbe-7784-59ca-21d2b680bac0
22501141,460,2026,4,5,22501141,95442f9e-ba1b-e320-089d-09a7235b32d7
22501141,464,2026,4,5,22501141,a7de52fc-5074-12c3-c7e1-fef8e2d44552
22501141,466,2026,4,5,22501141,da1d9326-0bc7-0638-5600-b417a1979fd7
22501141,47,2026,4,5,22501141,24e91b0b-1a96-6df6-11b3-19a2e94100fd
22501141,470,2026,4,5,22501141,8c71ec75-cc32-4cd8-c509-92201c4bda77
22501141,493,2026,4,5,22501141,fdc6a720-fdfa-bdfb-a317-1e6259157c0b
22501141,495,2026,4,5,22501141,26dcd677-2103-2269-a758-eefa28932643
22501141,50,2026,4,5,22501141,ff323b1d-3e58-4daa-fc1b-498fe854bd0e
22501141,502,2026,4,5,22501141,7f071eb2-b529-ca49-e2aa-c8549a31c571
22501141,52,2026,4,5,22501141,057d5789-1069-b702-545c-56620a8aa4f2
22501141,520,2026,4,5,22501141,a7030fc2-591e-ff7e-52df-c0efa9db2cd2
22501141,528,2026,4,5,22501141,f492c13d-72c9-c8c4-9ecb-d15e75f1e5e1
22501141,530,2026,4,5,22501141,16b358de-4ff2-f95d-43ec-f3aa34d77dad
22501141,536,2026,4,5,22501141,0b9180ef-0bfd-f987-c7e7-1e3582a90ca4
22501141,538,2026,4,5,22501141,01b3aad4-380c-2907-0d12-c2dc53b5002a
22501141,546,2026,4,5,22501141,37ee97f3-3f58-5d55-56eb-0a2a6a46cc3d
22501141,552,2026,4,5,22501141,3f71d5fe-0c64-9712-659f-8225a3a6fba3
22501141,563,2026,4,5,22501141,3c1f4f6b-1a1f-3557-11f8-434bc65a573d
22501141,573,2026,4,5,22501141,53f13700-ff27-6899-31b7-eb5043f2cb46
22501141,575,2026,4,5,22501141,e9ff3829-8c10-2a91-b1f8-3f8980f71859
22501141,582,2026,4,5,22501141,eac3253a-9ae1-c628-5770-7e0cb6843bbd
22501141,584,2026,4,5,22501141,dfe612c3-748c-016c-a58c-0d69a74cb56a
22501141,603,2026,4,5,22501141,6c630ce4-abe8-8500-47f8-7f937c9ce17a
22501141,605,2026,4,5,22501141,4541a278-d3f3-b4e8-b31c-b76c82e8653c
22501141,622,2026,4,5,22501141,7a16c81a-4faf-1023-4f9f-f63f602f7acf
22501141,637,2026,4,5,22501141,cdebdc81-a671-ade8-f45f-1506f328f2a4
22501141,644,2026,4,5,22501141,d711874e-8668-130c-bfd8-05a55ca279c8
22501141,648,2026,4,5,22501141,d47fd420-5bd1-ccdf-ffcb-2de2c3754b38
22501141,652,2026,4,5,22501141,e869154e-cda5-f374-45f0-f05f359f902a
22501141,657,2026,4,5,22501141,91abd4d9-a335-f974-172a-2f07e1acca30
22501141,659,2026,4,5,22501141,4d972a27-77f7-2fc9-ebda-b2f339744039
22501141,8,2026,4,5,22501141,bd03770c-2ad4-9be0-0d2e-2e5438a8f939
22501141,85,2026,4,5,22501141,949a0c91-6f1c-abdd-f72a-81a607e09b2d
22501141,88,2026,4,5,22501141,3f1786de-05cb-a5a6-1fdb-1a329b0b537a
22501141,94,2026,4,5,22501141,f46c2b84-6fce-65c8-0ecd-e821855b9ec5
22501141,128,2026,4,5,22501141,d0fc7edd-dc98-3926-f2af-992ac054d06e
22501141,160,2026,4,5,22501141,a90a89ef-d5e0-23ce-191e-167d728be542
22501141,174,2026,4,5,22501141,a3e03da4-df1e-4b69-cbb3-74259dd4a7a3
22501141,181,2026,4,5,22501141,6db5924a-f4ad-9e02-c009-0b03bfce0c24
22501141,205,2026,4,5,22501141,ff9c9e2f-7460-3420-6193-681b9fc8e41f
22501141,239,2026,4,5,22501141,ad4bf96c-cc54-f0ba-8e7a-c6388c0fc0a6
22501141,31,2026,4,5,22501141,4a28b0f5-00e3-ce80-b578-b3826fc309a4
22501141,310,2026,4,5,22501141,697e66ef-793d-3ca3-c5a1-048758cd4dd5
22501141,312,2026,4,5,22501141,cf50162a-783b-48ea-e21d-14a853179a42
22501141,326,2026,4,5,22501141,c58aabd4-2ba7-7b80-5cf3-13ac1805a1df
22501141,343,2026,4,5,22501141,81961bd3-df6c-0ed5-dd6d-0d72960231dc
22501141,358,2026,4,5,22501141,84d49d88-1f3b-36d2-ee22-fc6370377f90
22501141,382,2026,4,5,22501141,3b76ea27-cadd-efdc-dc30-c3a4015a8912
22501141,424,2026,4,5,22501141,6fb5d750-5808-b8ce-9cd8-61592d01de59
22501141,447,2026,4,5,22501141,f1cd28e9-b8ef-4e1d-66a2-363c0816753b
22501141,457,2026,4,5,22501141,01bfcb5a-98c1-5525-5061-3f789179feb7
22501141,510,2026,4,5,22501141,2838f540-2c0d-4fcd-be56-4b370fa93aa2
22501141,542,2026,4,5,22501141,18a3261d-4010-5605-b926-236a67291471
22501141,560,2026,4,5,22501141,08e48bdd-91ea-fdd5-eda2-70247b2ba5a4
22501141,578,2026,4,5,22501141,c611987f-7091-5160-4438-1728ea408ecc
22501141,624,2026,4,5,22501141,4759fe6b-e0bf-7588-c3ec-c38d6f32c41c
22501141,664,2026,4,5,22501141,90724135-f82c-61ea-8cb3-de39c71fa6fc
22501141,67,2026,4,5,22501141,b0729605-2853-aca9-8f30-8ea21c7cb1f4
22501141,90,2026,4,5,22501141,ab89f498-9966-1e7a-1d4c-15a121ed3f00
22501141,166,2026,4,5,22501141,7a47460d-9f3e-c85d-3c61-ac446c01595d
22501141,169,2026,4,5,22501141,41cc6871-8bab-4600-dc5c-2c4ab8f50db3
22501141,412,2026,4,5,22501141,cb39d5f9-11bc-24aa-d84a-4bc670754030
22501141,418,2026,4,5,22501141,a347c118-8000-bf82-131c-da13ae99aa15
22501141,433,2026,4,5,22501141,f16e3bd6-b283-3224-40a5-ab0aadd392da
22501141,451,2026,4,5,22501141,33d1fade-3053-4977-f4ab-5dca7dbbded7
22501141,526,2026,4,5,22501141,7ad4aed8-76f0-7b13-d866-d3c39fcc4989
22501141,564,2026,4,5,22501141,c9d1c658-0eaa-7a4b-607d-1d8c3ec616cf
22501141,595,2026,4,5,22501141,f0f8e3da-807e-6a3e-c402-585d54ab53c7
22501141,620,2026,4,5,22501141,8789f59a-4594-e225-99ab-e1ac959a81b2
22501142,11,2026,4,5,22501142,64ad4f63-9603-5739-7276-5260fae45b60
22501142,112,2026,4,5,22501142,36ecdd39-1bf2-4119-c9df-1b1f6802c259
22501142,121,2026,4,5,22501142,5f1ce055-3930-cf4c-5953-36cd37e5827e
22501142,124,2026,4,5,22501142,1f760f0d-201f-57dd-915b-2d33a8d10914
22501142,138,2026,4,5,22501142,9af4ec62-6711-c126-8612-581b4c6ce7dd
22501142,143,2026,4,5,22501142,dd00cde7-6724-43ce-5f6c-9a5c0a778cdd
22501142,145,2026,4,5,22501142,0ee1b5f7-d6ae-52dd-c166-685cca776b65
22501142,15,2026,4,5,22501142,7d876af6-5fd2-b443-8de5-84ceba296378
22501142,164,2026,4,5,22501142,1517d18f-04d0-4942-1946-221e92253a62
22501142,174,2026,4,5,22501142,0999b6a1-9c6a-7d7f-1ca6-e690d3b4e101
22501142,184,2026,4,5,22501142,bf10fb23-7ca3-5099-8d3e-a1d6b05b4ce6
22501142,227,2026,4,5,22501142,28706325-c9b0-5bac-2b6d-85155f1d8c95
22501142,231,2026,4,5,22501142,4bace915-5793-d3f2-7263-9363e50a5c25
22501142,24,2026,4,5,22501142,6548d069-510c-f344-d84d-5e697027da66
22501142,26,2026,4,5,22501142,27c593e6-2b01-6358-9d47-c541cde3ae08
22501142,277,2026,4,5,22501142,fc1b170d-9897-188c-316b-f8a3e4e558a9
22501142,281,2026,4,5,22501142,275e6fbd-abc8-5b19-7ef9-993cbcb2ade5
22501142,296,2026,4,5,22501142,dbc89bc7-7621-b9ce-fc4c-4ca0db1c79d3
22501142,310,2026,4,5,22501142,59eb33d1-38fb-49bd-b429-15d6516d91b1
22501142,321,2026,4,5,22501142,ee9b09cb-fb1f-51b5-0934-bf8cd3d363a8
22501142,34,2026,4,5,22501142,23a00fa2-67bd-f633-3a90-121bedf28f45
22501142,344,2026,4,5,22501142,325162eb-ac9c-2d23-2caa-bf91cd7acd75
22501142,349,2026,4,5,22501142,91a3949b-4c26-5456-c011-d803d79c8375
22501142,356,2026,4,5,22501142,a0d0d819-eff0-9477-bf65-b298b5279507
22501142,360,2026,4,5,22501142,43a634c5-8740-3972-0d2f-fcd62de76299
22501142,362,2026,4,5,22501142,13aebc6e-3597-c46e-14e0-b4e3e825337a
22501142,366,2026,4,5,22501142,69c63b6f-3d97-8501-7614-0940a49b5907
22501142,372,2026,4,5,22501142,bb4f17ea-15e8-b19e-e4a5-fcd8b4d1f357
22501142,376,2026,4,5,22501142,00fd4d3e-715d-f3c2-49b1-e09fbc0e4024
22501142,406,2026,4,5,22501142,5d2b7b45-3459-50bf-d8a0-85507d54750e
22501142,41,2026,4,5,22501142,4a0072d0-f3dc-b695-3727-76d28e016660
22501142,412,2026,4,5,22501142,ad77136b-91f7-ad93-269d-f0d90fbb086e
22501142,43,2026,4,5,22501142,2d0dd000-61a0-dfa1-e876-1fe5259dcf9d
22501142,430,2026,4,5,22501142,8cc91327-ffbc-dc1d-a87d-bc674b85f1b8
22501142,435,2026,4,5,22501142,f95c770e-9894-a10c-93d6-7f4ae56e0be5
22501142,437,2026,4,5,22501142,9733e8e1-7b93-1829-b0f1-c91e27cdcf2e
22501142,449,2026,4,5,22501142,d1fa35fd-b425-534e-b73b-a03d187df05e
22501142,45,2026,4,5,22501142,2fd9fc23-9dfb-1226-8b41-396846c14ee2
22501142,461,2026,4,5,22501142,1684d33a-5f39-5266-d8dc-afce266ea472
22501142,488,2026,4,5,22501142,59082a10-8b91-a182-e413-3411a70b9f4f
22501142,500,2026,4,5,22501142,5e5fc2be-8b11-ee32-5893-07c45bddadf6
22501142,511,2026,4,5,22501142,155af789-f9b1-003d-c64f-d394700b672d
22501142,54,2026,4,5,22501142,62210637-a1a5-529f-141c-93e797ecca31
22501142,554,2026,4,5,22501142,a089bfd2-4afa-03f1-1138-51acd9819fbd
22501142,591,2026,4,5,22501142,25f091a8-5cf9-6f24-0c8b-f87b6d9c0006
22501142,594,2026,4,5,22501142,b3a18c43-1c26-99b2-8264-4a0f40e22eaa
22501142,597,2026,4,5,22501142,b4e70033-0766-e3e8-314a-3a54879999e4
22501142,618,2026,4,5,22501142,ec3b281d-ad81-7483-8272-2b7aea6fe5c4
22501142,624,2026,4,5,22501142,34f5238a-eaae-7712-64fd-7f56bc7f5c76
22501142,637,2026,4,5,22501142,e07ac404-0cbc-0c0b-fbd3-4366568257ed
22501142,642,2026,4,5,22501142,d7840617-70a5-bbbb-97dc-223add32f6a7
22501142,648,2026,4,5,22501142,9a53e635-dad4-560d-1ace-ce72ccdefc47
22501142,659,2026,4,5,22501142,ec90939a-54b9-e672-2d85-3ae07e53152b
22501142,661,2026,4,5,22501142,5967b58e-4e0c-a78d-b92e-c02d2e5b468e
22501142,663,2026,4,5,22501142,b6bd75ff-6523-bce0-e929-ce2beb5c9af4
22501142,667,2026,4,5,22501142,d06669b1-bdbb-b36a-2535-2ee4b193c6ea
22501142,669,2026,4,5,22501142,8b0135c4-d6d3-c462-8d09-96c8d5ae038a
22501142,676,2026,4,5,22501142,b5ba7e66-b49a-77e4-1e2c-f7be8b16e234
22501142,683,2026,4,5,22501142,18b5a133-982e-6efb-5ef4-971081a12d71
22501142,693,2026,4,5,22501142,99cac4df-eb5f-a6e1-4bbb-f1fb8b4ec6dd
22501142,7,2026,4,5,22501142,103d699b-f95c-03cf-b4f9-f2619076e7f4
22501142,75,2026,4,5,22501142,4e7090a4-18fd-b581-0805-86897833f5cc
22501142,77,2026,4,5,22501142,7cd755ac-ce2a-f447-13c4-54b56a474733
22501142,89,2026,4,5,22501142,2c3940b4-8176-6b70-87ac-897a64c9e265
22501142,103,2026,4,5,22501142,c1477b74-0225-be21-8d3f-b246854ae5c8
22501142,130,2026,4,5,22501142,07f8feb3-a484-9984-76b4-2273827e4357
22501142,263,2026,4,5,22501142,412ce989-34de-e1a7-6dc5-870c31b6ea8e
22501142,432,2026,4,5,22501142,8a42ff29-b1f2-17ce-2569-ee6b8b9413f0
22501142,514,2026,4,5,22501142,fc21c846-51f9-e344-9ab8-c935434d9cf8
22501142,522,2026,4,5,22501142,e739b373-7773-cf9d-e8fa-6e0f4f0a1735
22501142,576,2026,4,5,22501142,2cff13c6-8ce3-2f0f-2516-b10abd3aea8f
22501142,579,2026,4,5,22501142,2e0028fb-736d-c268-aaf7-76fff4b0ee86
22501142,599,2026,4,5,22501142,d10cfaa3-85f9-6eb2-bde4-a36d3af09afa
22501142,69,2026,4,5,22501142,a3030261-94c5-88b2-f0cb-b1ef84e3f3f0
22501142,106,2026,4,5,22501142,688941ee-d125-0177-01a5-61d3f0789200
22501142,108,2026,4,5,22501142,58e2ddcd-93af-3b1e-f0d4-04593a94e001
22501142,110,2026,4,5,22501142,91157f04-3568-702d-6fd6-76afc087f51b
22501142,122,2026,4,5,22501142,73cdd20b-634a-1778-60c9-5a415f07fa83
22501142,127,2026,4,5,22501142,a5865651-8b01-6c1b-d69f-65db2f2e1f79
22501142,13,2026,4,5,22501142,e34ab997-6467-76b9-3f5e-f2278aef1295
22501142,136,2026,4,5,22501142,3cdafd56-9d89-da43-4c1f-b89408436ab3
22501142,147,2026,4,5,22501142,9870d796-f855-5526-9ad2-0db7ffc365e1
22501142,159,2026,4,5,22501142,f45fbfeb-8bff-3023-7cbe-e99fa919976a
22501142,161,2026,4,5,22501142,a00a65e4-dc59-9b20-3295-8b9443f3b918
22501142,162,2026,4,5,22501142,72062116-6746-fff5-f11d-708a84361a5d
22501142,166,2026,4,5,22501142,6a363a4d-f5d8-71f2-fa89-ea90470224eb
22501142,168,2026,4,5,22501142,7486c072-3f4f-9e43-a140-f424b00863d1
22501142,17,2026,4,5,22501142,b9e6d287-7fbc-983b-04d1-8df7b42aaae8
22501142,172,2026,4,5,22501142,2020cff2-f828-a6bb-61d4-5298ec2ee0dd
22501142,194,2026,4,5,22501142,1a89bbce-b79a-6079-92f5-4ec2033e21b7
22501142,196,2026,4,5,22501142,b12b38e1-22b5-aceb-ea5e-48874c0cf012
22501142,207,2026,4,5,22501142,97fc407e-0ec1-e379-702d-0e0788c936a3
22501142,21,2026,4,5,22501142,02202680-ef60-4c80-33ec-d16c25344479
22501142,22,2026,4,5,22501142,d22328ec-be3e-44d7-71f0-aef0d3a5bcb0
22501142,223,2026,4,5,22501142,ba67d02f-a686-0bbc-e6b2-eb117e6ecad3
22501142,225,2026,4,5,22501142,3b3fa3d0-467a-9541-db08-1a0f7e659368
22501142,229,2026,4,5,22501142,e1f04a09-51f3-b084-acd6-c10b7d5fbc70
22501142,244,2026,4,5,22501142,f8191f14-25e7-3e7e-3803-8224f18070a1
22501142,246,2026,4,5,22501142,ce1945e8-b2f7-6066-5e47-8c4683d1e3ed
22501142,248,2026,4,5,22501142,0fa7aa57-697e-ef02-b49b-82bd74f5829d
22501142,252,2026,4,5,22501142,1ecc6273-5bf6-8de0-2a22-97333f8953b5
22501142,262,2026,4,5,22501142,9ed2e448-ad49-39ac-9dc6-bb860de97b38
22501142,272,2026,4,5,22501142,c2c30988-c385-e68a-2708-58f844a176e8
22501142,283,2026,4,5,22501142,f2683142-6851-9b27-d0ba-ae2963331393
22501142,285,2026,4,5,22501142,416d0af7-4b17-d2da-3d1f-2c0e2693a5d3
22501142,286,2026,4,5,22501142,1e84d1e3-83c5-ce40-c23b-36d95d7c2515
22501142,288,2026,4,5,22501142,64cddff8-6d2e-9f16-7d88-e1862e1ca834
22501142,298,2026,4,5,22501142,4ffc50b1-09f7-bff7-cddc-9aa2ae488259
22501142,299,2026,4,5,22501142,9145e691-bca9-fd57-dca6-4fc94b8b59e1
22501142,301,2026,4,5,22501142,990c458b-9732-0de1-d170-b10c601fb7ea
22501142,303,2026,4,5,22501142,8fc2e13b-212a-2e29-1d67-8b85f31e4e54
22501142,305,2026,4,5,22501142,97ec3ec8-6cf1-453d-13ae-435554a17acd
22501142,312,2026,4,5,22501142,24149bd3-c79b-3d09-3370-9887676e08db
22501142,313,2026,4,5,22501142,b697ad63-bbd2-1bc6-61b2-5f5539de8e1c
22501142,32,2026,4,5,22501142,2dd5c0aa-3cd9-b568-1b2b-070262c35edf
22501142,328,2026,4,5,22501142,b8c23443-ae6a-4a1e-a7f4-80e905935261
22501142,358,2026,4,5,22501142,dbd9efda-5cd1-9184-daf1-5f7e17ce3284
22501142,364,2026,4,5,22501142,70571769-b839-5749-caeb-c348c7430610
22501142,374,2026,4,5,22501142,8fe4c570-33b2-2fb3-2436-e865ae74f9d4
22501142,381,2026,4,5,22501142,aa5b209b-5c15-18c9-a000-fb9f43435729
22501142,383,2026,4,5,22501142,0290f3d8-90ac-45e6-2d16-8f092043ef80
22501142,385,2026,4,5,22501142,5eac2e25-1158-de41-101a-fee04285d88f
22501142,400,2026,4,5,22501142,69713d5d-753e-2d02-d2d9-ce90ef4c9025
22501142,401,2026,4,5,22501142,c438ab93-81c2-8085-0842-a51ea0cb534a
22501142,402,2026,4,5,22501142,58079d2b-f6de-43bc-580f-358856fcfcb1
22501142,404,2026,4,5,22501142,37643c70-448a-6c31-18c2-ae3532cdcbc5
22501142,414,2026,4,5,22501142,2dc80c64-1503-3983-723b-2f2fca0e1bfb
22501142,424,2026,4,5,22501142,0df1805b-69e8-fa51-ce3f-68540e07d99f
22501142,445,2026,4,5,22501142,21ec4caf-18bd-9760-1fd1-a0703e837174
22501142,452,2026,4,5,22501142,a5da55f3-2a0e-d2b8-d983-e0854d979f22
22501142,457,2026,4,5,22501142,6112db13-fbf7-4d22-909f-1832815cec69
22501142,462,2026,4,5,22501142,86655e46-e5fb-4281-e723-d265eff599ba
22501142,478,2026,4,5,22501142,a95f9b1c-1ecb-6d6b-2797-f9c412d2713e
22501142,485,2026,4,5,22501142,2af2630f-c6b4-3661-78bf-615963111e41
22501142,487,2026,4,5,22501142,56b2fa4b-e991-72c6-663e-3b34f2e1bc69
22501142,53,2026,4,5,22501142,1844744c-1825-2ade-9d38-cdf12a977cb5
22501142,545,2026,4,5,22501142,708eb043-a0ce-132a-21fe-b07621f71035
22501142,548,2026,4,5,22501142,465c5fea-d08e-dc71-c284-deebd859f4f5
22501142,549,2026,4,5,22501142,dc5d7739-ceb8-596b-2e3b-e51a20af8769
22501142,551,2026,4,5,22501142,a2ff36b8-bfc5-3505-a1d9-c4016be77de1
22501142,553,2026,4,5,22501142,f901624b-21f8-3aed-776c-e76fd3f99b6a
22501142,556,2026,4,5,22501142,3ad93c3c-acea-0043-a7f7-4a2f3758a43f
22501142,56,2026,4,5,22501142,588bb545-ed18-560a-c265-ae3e07041de4
22501142,568,2026,4,5,22501142,dc24fa27-772b-09ec-6e76-fd68b5f7d983
22501142,570,2026,4,5,22501142,49c67fe4-e265-03b9-aa1d-0f53a8766e10
22501142,587,2026,4,5,22501142,30003bea-dc8f-abeb-23f9-12b34116f895
22501142,589,2026,4,5,22501142,e3c527df-26cc-e8d9-0c68-f1ce78039fe1
22501142,593,2026,4,5,22501142,c64eedee-f5e8-cc9f-1b88-50aa12f730a5
22501142,602,2026,4,5,22501142,dd0e1c91-976a-fc1c-5bc7-75faaaab3f96
22501142,616,2026,4,5,22501142,abf6f696-281c-572c-6d9f-20c720564291
22501142,622,2026,4,5,22501142,3e2c1bb9-33e0-b3d5-17f5-c7da02fe7a68
22501142,634,2026,4,5,22501142,90e44fcc-0a03-6825-16b8-61d68009886d
22501142,64,2026,4,5,22501142,e2b9d2f7-7fb3-5b82-6f0d-17b1443ce753
22501142,646,2026,4,5,22501142,e1e33d3b-707d-20d1-36f8-be04b011cb2a
22501142,65,2026,4,5,22501142,63982043-d123-0286-483e-a7c750177ea5
22501142,655,2026,4,5,22501142,562eb06f-53c6-6acc-ecba-19dde4456e91
22501142,665,2026,4,5,22501142,e5a08e88-d750-cfa2-cefe-471a07b00bc4
22501142,67,2026,4,5,22501142,bf5ddfc7-7540-0a4c-177b-e167dfb89d53
22501142,678,2026,4,5,22501142,2286fdae-d742-e9bd-8ea5-52a3b9fd771b
22501142,695,2026,4,5,22501142,c9aac045-3336-d7e3-80ac-5ac6c48f4720
22501142,71,2026,4,5,22501142,1b47b94d-a851-17af-2433-946738312416
22501142,73,2026,4,5,22501142,7bdb5c83-2b6f-29dc-005f-aa7f2bfb6a27
22501142,9,2026,4,5,22501142,4e6714b2-4a7f-f656-6831-f48680e0958b
22501142,91,2026,4,5,22501142,ceeedd47-bc43-caaa-fd7a-60cc83b9c673
22501142,10,2026,4,5,22501142,130e2159-e50b-5e72-ade6-7fecac93218f
22501142,105,2026,4,5,22501142,b2cfba1b-574f-99da-a4b4-1645da19cf5e
22501142,107,2026,4,5,22501142,f84d420e-aa9d-604a-3e27-37ada1184fc2
22501142,111,2026,4,5,22501142,97861af9-1aa3-f76a-a514-04926fec86ca
22501142,123,2026,4,5,22501142,651b35d8-5a1c-2f9b-e9a7-b34e20a87911
22501142,128,2026,4,5,22501142,3f07e98a-33c9-14c3-3fec-45f4dafaa348
22501142,132,2026,4,5,22501142,2daed9d4-7641-86fc-45c8-c610b098f834
22501142,137,2026,4,5,22501142,5c0f86b2-c79a-39fe-47eb-98a1d6b230a6
22501142,14,2026,4,5,22501142,1a591a76-6125-30b6-bbd8-405e4d350ffd
22501142,148,2026,4,5,22501142,985fa71e-6996-fa3f-d9f2-70d7a380a7eb
22501142,160,2026,4,5,22501142,e234afd3-7627-bb16-0449-ef68035b0d1d
22501142,163,2026,4,5,22501142,712b9d55-cca1-c0d1-dc2e-a9b29d58505d
22501142,167,2026,4,5,22501142,6d5b1d5f-2b06-0d8d-ca35-d126998ca968
22501142,173,2026,4,5,22501142,ca112684-884f-df51-8197-9523cc552e2c
22501142,195,2026,4,5,22501142,2b3ef63d-4ee0-9d19-3be1-e753f8cb0c07
22501142,197,2026,4,5,22501142,a388bfec-7af2-95e2-498b-cc85d46e096f
22501142,224,2026,4,5,22501142,a1397b03-7b79-3fbb-7e0d-7c2c820f6e18
22501142,226,2026,4,5,22501142,9a1201d5-3201-3dc8-76ed-6245d6138169
22501142,23,2026,4,5,22501142,fea8d9ac-14be-1437-aee5-f6349ea267fa
22501142,230,2026,4,5,22501142,79a445b9-f901-93cb-83ec-c251dbbdd5c1
22501142,245,2026,4,5,22501142,c7c2b02a-f651-0fe7-0d2d-809d84b3c53b
22501142,247,2026,4,5,22501142,5d368172-e969-e9f5-6c24-606b14b3d684
22501142,253,2026,4,5,22501142,51647c24-97af-c668-6b38-1a4651030ca0
22501142,284,2026,4,5,22501142,b7a00b9f-4637-43a3-6340-a2ad19aeb1c2
22501142,287,2026,4,5,22501142,723f5ada-6a53-a6a5-a30f-01082a37ddad
22501142,300,2026,4,5,22501142,223fdf94-1088-4046-a3ce-09323b316a56
22501142,302,2026,4,5,22501142,799adc5f-58db-8076-c8de-c41d453f0700
22501142,304,2026,4,5,22501142,49e79eee-eb66-b967-ab83-64ba6fa65abd
22501142,33,2026,4,5,22501142,1357c90b-53c7-aa2f-8f46-786686c10537
22501142,359,2026,4,5,22501142,b25c25ea-e276-9e65-3869-92a2e1c5c63f
22501142,365,2026,4,5,22501142,4fd9113f-8fe5-5115-cf16-288d35304ed4
22501142,375,2026,4,5,22501142,b4e51ad4-ae32-f7c7-6edb-e8eca9576807
22501142,382,2026,4,5,22501142,4973b922-d877-6599-043f-f88e13ca68f8
22501142,384,2026,4,5,22501142,6f5b1d89-aac7-934e-9d59-63d2daa9fbe5
22501142,386,2026,4,5,22501142,ed42b788-2d6a-4e66-d9e4-f98f3f6990c9
22501142,403,2026,4,5,22501142,86b892a1-fa91-0553-2957-dead127ceb82
22501142,405,2026,4,5,22501142,e1e7aa49-0190-d88a-6f6f-b2a0fe982238
22501142,425,2026,4,5,22501142,0f397b53-fffa-7642-5a90-fbf1f4dcc705
22501142,434,2026,4,5,22501142,33bfc4ca-8239-2ac0-224b-98d8c2b865bd
22501142,446,2026,4,5,22501142,ac3d846a-af57-1c83-9b5c-e4e79c33c446
22501142,458,2026,4,5,22501142,7931a12d-3f71-35e2-befe-e8d85f53de5c
22501142,463,2026,4,5,22501142,0ce6edc9-60db-e5b1-2208-212705291c43
22501142,484,2026,4,5,22501142,a22afde9-f626-498c-1e49-7a22fe0ec924
22501142,486,2026,4,5,22501142,850c1c8b-ec87-bfa8-9682-64b75dc401cd
22501142,507,2026,4,5,22501142,df00a085-aa0f-36ba-a9c0-de89df61693a
22501142,524,2026,4,5,22501142,3014cbbd-fde4-01d2-d805-6ff7e702553e
22501142,550,2026,4,5,22501142,2bede605-3509-c154-e663-9ee642ce26ea
22501142,552,2026,4,5,22501142,ca902245-0abe-2c03-5d84-6aa20efdefc9
22501142,557,2026,4,5,22501142,4be8e4e4-ecb2-d97d-0ab1-8b577642fe64
22501142,569,2026,4,5,22501142,bb40304a-cabc-60e4-a5e6-23e20aa1e6bc
22501142,57,2026,4,5,22501142,8ccc1009-c08b-a0a3-953f-bbc09acc9bea
22501142,571,2026,4,5,22501142,af5ac361-1a72-38b0-d7e8-303ca04414ea
22501142,578,2026,4,5,22501142,bd1914f4-5a73-c5ca-f0e6-e56cb438ba51
22501142,581,2026,4,5,22501142,4243d5fc-528a-418d-dd6e-771ab80dbb38
22501142,588,2026,4,5,22501142,3f2d1030-0cf8-cc69-0cd8-d46ad5614c29
22501142,590,2026,4,5,22501142,817db3de-dba8-e74b-a9ee-d87ad6b6bdbe
22501142,601,2026,4,5,22501142,59711770-b764-511d-5c6c-9cb7fd5813e4
22501142,617,2026,4,5,22501142,8b1a8d99-0867-6319-f2f6-ea5e8c26cb6c
22501142,623,2026,4,5,22501142,82452d5b-ea8a-7522-f05a-356e2b3beafb
22501142,647,2026,4,5,22501142,07fc01cf-4ca8-c292-b3e4-c022238b40ac
22501142,656,2026,4,5,22501142,85314666-7996-e900-7480-4e0a32b78759
22501142,66,2026,4,5,22501142,af56f92c-6fb8-14c8-6dd2-44dc11e66a2e
22501142,666,2026,4,5,22501142,a4784a29-13f2-969e-bc75-ac9f1dbf917f
22501142,679,2026,4,5,22501142,7fe2619b-5557-9570-0884-36b53ac813e4
22501142,68,2026,4,5,22501142,1008a830-b06b-e180-2756-0961b608c777
22501142,70,2026,4,5,22501142,1ab9e63b-63a0-ec5e-e310-94bb9a703396
22501142,72,2026,4,5,22501142,e7c4392e-757e-4df1-e1fe-5eebd20e5503
22501142,74,2026,4,5,22501142,cbc0b830-9239-e111-ed70-5517173ac432
22501142,92,2026,4,5,22501142,41dc1fb7-d952-1785-8c62-66443dafab2f
22501142,19,2026,4,5,22501142,f8b9339d-a921-26ec-1422-f735c3358250
22501142,198,2026,4,5,22501142,be7783d2-db28-f948-fb11-bc27f276f273
22501142,200,2026,4,5,22501142,e46a286c-aa4b-6e02-064f-61a79c44f87e
22501142,221,2026,4,5,22501142,648b1463-2716-7c04-6b34-dc8cfe12ae59
22501142,254,2026,4,5,22501142,6de77380-0ecd-4113-54f7-d8c3f42d2e64
22501142,279,2026,4,5,22501142,21749aab-2a6e-1396-68dd-5aa2e44e4b56
22501142,28,2026,4,5,22501142,0bcd90b9-a195-baaf-59ad-12ca9537ec46
22501142,319,2026,4,5,22501142,2fdd5fc2-6b2e-1c79-8bd7-d395cc7f46ef
22501142,447,2026,4,5,22501142,1ada4690-01a2-8c81-662e-db265fa955da
22501142,459,2026,4,5,22501142,6fd0250a-440b-3a10-b7cf-612e42b2ba48
22501142,657,2026,4,5,22501142,b00a786e-aa47-c18e-2d74-c16370065b11
22501142,109,2026,4,5,22501142,9ad3799d-0e9e-7270-e565-5b5baa7388ec
22501142,133,2026,4,5,22501142,be2c8e10-206b-72e9-e86f-5c4bb7989429
22501142,142,2026,4,5,22501142,47589be7-1931-5a94-8f7d-bd5b97612b74
22501142,169,2026,4,5,22501142,e461c15f-b2bb-27ef-da64-61cca8cab9ba
22501142,204,2026,4,5,22501142,87a6a085-8e15-0b72-cc94-d036b5e8748e
22501142,323,2026,4,5,22501142,fb08fa7e-0c5e-e170-dd92-5fce061b5f25
22501142,378,2026,4,5,22501142,df617b7c-9d16-9a9b-dcbe-3c917c3fb466
22501142,399,2026,4,5,22501142,671ec5fb-9290-fc5f-be81-4eec22642392
22501142,508,2026,4,5,22501142,4159086d-4bad-d31a-5b6e-87445c88d59b
22501142,633,2026,4,5,22501142,7fbba460-e5ba-d7ce-8624-bcc34a7c53a5
22501142,650,2026,4,5,22501142,2ef0daf2-e974-d610-c307-ccbcc496a87e
22501142,93,2026,4,5,22501142,98eae5e8-3b5c-6366-a12a-16adb7202c60
22501143,107,2026,4,6,22501143,09b24d89-b778-dd4c-5485-706b2aedf9dd
22501143,122,2026,4,6,22501143,164073ba-bbf3-bbdb-6300-da00571f5cc0
22501143,126,2026,4,6,22501143,838ef8ce-722e-8511-8215-cc6ed0c02556
22501143,13,2026,4,6,22501143,973100a0-2d5d-5701-cb9c-33f4e9e59bef
22501143,130,2026,4,6,22501143,28f8e169-f05c-75d1-41a9-d8478b002a2b
22501143,134,2026,4,6,22501143,7333c809-f8b1-d6c2-99bb-89bee72550ad
22501143,15,2026,4,6,22501143,b54f4f49-e107-b18f-ce4f-11f7c54d83c8
22501143,183,2026,4,6,22501143,4bb8791e-43e0-c087-ccd5-93ea968b0611
22501143,21,2026,4,6,22501143,3ea1adc7-c09e-4efb-ff3a-56b639a1187a
22501143,23,2026,4,6,22501143,433ad611-e89a-0786-acaa-54404cc9e104
22501143,236,2026,4,6,22501143,6532566b-0380-1494-860b-32a6c2bbb78f
22501143,25,2026,4,6,22501143,a028c61d-21ba-469e-f555-03ec63e5cbb9
22501143,263,2026,4,6,22501143,809a2840-3e38-9f19-b361-d69373dc4efd
22501143,274,2026,4,6,22501143,6a05507a-9a50-9c37-0133-9f7c4ac19b67
22501143,277,2026,4,6,22501143,b3b9eae6-01f4-8637-1e7f-68537cc88164
22501143,28,2026,4,6,22501143,92dd6370-505d-aa0b-0141-65ceb6c9a0ec
22501143,288,2026,4,6,22501143,1a195d6d-db5b-756f-ca85-7ce462b57a41
22501143,290,2026,4,6,22501143,b8352aa0-9865-f613-2845-f33abc95e1ed
22501143,305,2026,4,6,22501143,e64871bb-a6e9-99db-3afc-6a1f80a0061b
22501143,333,2026,4,6,22501143,563077c7-93d4-f071-a5d1-26211cdedb43
22501143,349,2026,4,6,22501143,b498f9b9-3127-eb0c-a000-818a7cda90f8
22501143,351,2026,4,6,22501143,a37d9f1f-9467-0a20-c8d8-7e034dc8160d
22501143,360,2026,4,6,22501143,61a5040f-2f42-4db5-5781-b1bba6939021
22501143,362,2026,4,6,22501143,e4f47e17-bc82-7606-b1b7-c946eeaedf51
22501143,368,2026,4,6,22501143,45071967-b451-d872-aa96-55cdebbfa213
22501143,372,2026,4,6,22501143,5e08e187-c8d0-c441-6852-c0c848e3bb6c
22501143,393,2026,4,6,22501143,f0834e29-a5a5-4c52-d1bd-651bd3be30c6
22501143,405,2026,4,6,22501143,b2fbbf00-bc0d-8c72-e081-54fd51add616
22501143,412,2026,4,6,22501143,609a8377-bca9-cd90-1633-b951b08305bd
22501143,444,2026,4,6,22501143,a0f95750-1e54-87af-40a8-c5a466b87eb4
22501143,471,2026,4,6,22501143,f27d4a06-9f3f-4b4d-2e7d-e3714ef6b541
22501143,486,2026,4,6,22501143,147a0f8b-ac7f-d58d-ac6c-54210467c6be
22501143,490,2026,4,6,22501143,0622e296-5212-26be-db28-3c292d4726ce
22501143,544,2026,4,6,22501143,d0e9b61f-9073-3de4-c91e-9294b7f5794b
22501143,559,2026,4,6,22501143,f11a70e3-2f50-c556-ec77-679e8ae70e5e
22501143,572,2026,4,6,22501143,1a319b05-330e-55dc-14aa-f30c5b696adb
22501143,578,2026,4,6,22501143,1030f8c1-ce12-80cb-f87c-b4bc50f08b66
22501143,605,2026,4,6,22501143,f6975d20-54a9-69a5-cb43-f42b1ef7bd4e
22501143,609,2026,4,6,22501143,0bee5e4c-3f12-7ed3-75c4-c258523d36f6
22501143,612,2026,4,6,22501143,75730cf4-18b7-3853-bbd8-6d33ba445edd
22501143,618,2026,4,6,22501143,5b7f5b26-353d-7744-9347-eb70c2310015
22501143,622,2026,4,6,22501143,c30fb065-546f-84a0-faee-29d1a5071e42
22501143,627,2026,4,6,22501143,eccc8b97-6380-9a82-19e1-e262e7d707aa
22501143,662,2026,4,6,22501143,ff69a998-240c-a0b4-b08d-6d56044cf159
22501143,69,2026,4,6,22501143,f4ec3518-3104-f692-45c0-37a8c1f9d2ef
22501143,72,2026,4,6,22501143,43983eee-57cc-523b-0d7a-3e146714d30a
22501143,74,2026,4,6,22501143,9e3e7531-e7fc-0b87-58bf-62489484d584
22501143,82,2026,4,6,22501143,c28e1310-676a-e7c9-74d7-d198c49ae6cf
22501143,93,2026,4,6,22501143,83f6bd0c-92cf-e27c-2880-094ff8c4bcc5
22501143,95,2026,4,6,22501143,efe2071f-bbeb-a104-41dd-41ff24264967
22501143,97,2026,4,6,22501143,077848e2-b183-652c-cf7f-792c5f475747
22501143,99,2026,4,6,22501143,2e4e21ca-a146-c8ee-0d65-51e4919ba88f
22501143,140,2026,4,6,22501143,740cdd55-71b7-a70e-0e20-2e9d3ece90ed
22501143,147,2026,4,6,22501143,d7ad0be6-e539-8f63-3bb4-09aa8a368325
22501143,193,2026,4,6,22501143,bb4588f9-5dc7-70a9-53e4-f349014e9b5b
22501143,209,2026,4,6,22501143,6b0969df-b9d2-b982-9588-fed53a6d624f
22501143,320,2026,4,6,22501143,d76a2ae2-a3b8-ccf8-a0f1-caa3e562a349
22501143,327,2026,4,6,22501143,258865ad-4069-346a-03dc-8b8fec61b884
22501143,340,2026,4,6,22501143,e1f17829-77d6-eb7f-a04f-26c761eed947
22501143,381,2026,4,6,22501143,02fdc97e-2be7-1e8d-77a6-b254df03eb4d
22501143,483,2026,4,6,22501143,d0a991cb-5e53-d32b-5c46-371e8f219c35
22501143,511,2026,4,6,22501143,1f90f7f8-db73-8e19-32ae-f8df96a85464
22501143,526,2026,4,6,22501143,40c6fb4a-df4a-c8e1-f9ec-db76a2d2c5fa
22501143,101,2026,4,6,22501143,275f66a3-15d3-6a58-e16d-51e81e271663
22501143,103,2026,4,6,22501143,fe2c17d0-dc02-4210-4d5c-2db57ae6e420
22501143,11,2026,4,6,22501143,9f06b33b-b48c-6725-e127-ec156cf4986b
22501143,112,2026,4,6,22501143,04a4885d-f323-61b0-f7f3-657d77943892
22501143,124,2026,4,6,22501143,6746b46d-49b8-65a5-27f0-59972ee8ea66
22501143,128,2026,4,6,22501143,3aff25be-f68d-1dd5-ec41-626194f0f0e1
22501143,132,2026,4,6,22501143,2f7f34c8-a3e2-6ad5-c314-dea3c02b3ff0
22501143,136,2026,4,6,22501143,65834e7a-b757-bad1-94f4-f5b6ccc54dcc
22501143,138,2026,4,6,22501143,c31882b1-3f7f-8b5b-bb7f-56b36f97f069
22501143,156,2026,4,6,22501143,84742bcc-9a0f-4eef-48c0-12a88d9468a9
22501143,165,2026,4,6,22501143,906a7ae0-22e6-7ebb-5499-176bd8cf1044
22501143,166,2026,4,6,22501143,401bbb0b-4710-db75-2508-1fe495a8aed1
22501143,168,2026,4,6,22501143,450e1332-da03-beba-5fea-b1d992772436
22501143,181,2026,4,6,22501143,f80bcad0-c703-c692-a535-e4c8a5d1af93
22501143,185,2026,4,6,22501143,9183596b-d877-bc8e-fb9a-00cb27dab889
22501143,191,2026,4,6,22501143,682f2819-243d-979b-7c20-711f75baab00
22501143,195,2026,4,6,22501143,47211a5a-c4b9-8bc4-7968-6379f8fabf57
22501143,196,2026,4,6,22501143,864b6d50-3881-0f8b-80a9-0fae56983029
22501143,207,2026,4,6,22501143,347dc302-83b7-a904-dc7e-f3f6465580f2
22501143,213,2026,4,6,22501143,087692b5-698d-578f-3cf8-8d97c816dc15
22501143,215,2026,4,6,22501143,f1ddee9b-4b28-1bd3-f1ab-f5b38442b20c
22501143,217,2026,4,6,22501143,15ed680d-da84-ad9a-fc0f-e955e54602d6
22501143,218,2026,4,6,22501143,145eecc6-7013-1bb6-be27-42590c8988e4
22501143,228,2026,4,6,22501143,c8d88ed9-8edd-b6e4-332c-8b23e97db5aa
22501143,230,2026,4,6,22501143,59293892-1579-d510-09db-4f2766620a98
22501143,241,2026,4,6,22501143,678ed5cd-3f62-a854-9a32-82a7cce5f27e
22501143,244,2026,4,6,22501143,32e164cc-52ac-4715-c3c9-1740c4f18d36
22501143,246,2026,4,6,22501143,285fe0fe-72f1-aded-99f1-ceb4d386aa67
22501143,258,2026,4,6,22501143,a7203285-136c-e621-8a70-0456f3f6aa40
22501143,260,2026,4,6,22501143,594bbfdb-6045-6e86-2ad0-a10981badf43
22501143,261,2026,4,6,22501143,ac1556c2-ff9d-9108-b11d-5a4cda1c79e9
22501143,265,2026,4,6,22501143,de9a6d51-ac9b-ccb4-73a6-9005afe97290
22501143,269,2026,4,6,22501143,731e27c6-4321-541c-7633-be1915d1c207
22501143,279,2026,4,6,22501143,72e16d64-01a9-c146-95e9-2c77ac05c22a
22501143,280,2026,4,6,22501143,765ce386-af1f-acf3-bd48-46a57a8ee2c1
22501143,281,2026,4,6,22501143,6b3cb8f4-3bb4-074f-2564-192c25b1f568
22501143,283,2026,4,6,22501143,4cdaa4cf-855a-5615-be76-232f9230e9fd
22501143,292,2026,4,6,22501143,fbecb528-1dcb-663d-8134-8a111d4e1bba
22501143,297,2026,4,6,22501143,41a5c12b-b605-d4ac-3396-abbde2c5fc9e
22501143,30,2026,4,6,22501143,f3439225-0182-296c-8f8d-89786d914fa0
22501143,307,2026,4,6,22501143,bd01f4f6-8297-ebde-00fe-0fdc03213b19
22501143,308,2026,4,6,22501143,04ab2b07-e062-6d90-f77b-9a04af1c56ac
22501143,310,2026,4,6,22501143,d6f0cab9-fd1e-1387-a8cf-939854990bd5
22501143,312,2026,4,6,22501143,acd0629b-5d5e-48a5-41e4-11d0e3775386
22501143,324,2026,4,6,22501143,3d798fad-c307-684a-31a5-62ddba7e1dd8
22501143,33,2026,4,6,22501143,419acd9f-7493-1624-0c03-f019f0399192
22501143,335,2026,4,6,22501143,f10a0729-6858-b448-ef0a-e946f8690b07
22501143,337,2026,4,6,22501143,de54e625-de09-0985-e3f6-719b83c0dd1d
22501143,343,2026,4,6,22501143,8e78e123-cb19-8868-9129-42244b846bed
22501143,345,2026,4,6,22501143,1b74603e-4d6d-7417-18c5-0352e4575be0
22501143,347,2026,4,6,22501143,0dd68439-f433-31d8-23a4-25f11b5a6232
22501143,358,2026,4,6,22501143,b2b03006-9773-b65c-ad99-7431645ee80b
22501143,367,2026,4,6,22501143,238a3134-e733-98fa-d802-c9f865795283
22501143,370,2026,4,6,22501143,dc5888ba-6bd2-f19c-76f0-75143583d6b8
22501143,377,2026,4,6,22501143,30ed44bc-9fb0-7e29-2141-8292acea3101
22501143,379,2026,4,6,22501143,5ab785c3-a985-9e62-bcac-21c93aebf4a8
22501143,384,2026,4,6,22501143,99c2a2fb-86ea-1d16-8c87-046ae9026925
22501143,390,2026,4,6,22501143,d9ebb519-cdc9-86bb-fe8d-5ac5c9391288
22501143,392,2026,4,6,22501143,c79972c1-93c0-1d76-0cee-00b8b583e585
22501143,40,2026,4,6,22501143,bf99788c-7ead-3231-72fe-3c2264ffff50
22501143,408,2026,4,6,22501143,ed0bd8aa-fcda-25db-7a6a-009025d15bd0
22501143,410,2026,4,6,22501143,2890a22b-077d-b7f8-74ec-ae6ae1c48f3f
22501143,423,2026,4,6,22501143,3a459174-b118-a44f-dacc-ee0732fe40ec
22501143,431,2026,4,6,22501143,42763d6e-fcc9-6775-abc1-abd84e9ba96b
22501143,437,2026,4,6,22501143,6bd4c853-687e-e508-ab8e-57117c1ccc59
22501143,440,2026,4,6,22501143,b0b5fdac-966e-b41b-1c3b-93990501ef3a
22501143,446,2026,4,6,22501143,aef174fc-9cba-9610-14fb-a183cb062f75
22501143,458,2026,4,6,22501143,c9ff568f-2533-a7ff-34c1-d2676947b734
22501143,460,2026,4,6,22501143,d0b40f1b-281e-6edf-8361-975579aede4b
22501143,462,2026,4,6,22501143,deecc4d2-20bb-aa34-b174-5a1b5a2e45d2
22501143,465,2026,4,6,22501143,3d9003ad-8dcc-623d-00ff-435e4811b5c5
22501143,467,2026,4,6,22501143,32bb3cf6-f91b-2bb9-6bae-e852a6142998
22501143,469,2026,4,6,22501143,36dc2e13-096e-bbef-17f7-0b10a5af578e
22501143,47,2026,4,6,22501143,38507684-e54f-d026-ee0a-affb25f38f64
22501143,476,2026,4,6,22501143,6ab4da35-7d2b-dc66-c651-55d9e0aa623a
22501143,488,2026,4,6,22501143,32adf970-4ad7-9712-d43f-ee9eea7535fb
22501143,49,2026,4,6,22501143,e12d3147-4f26-0bcc-ad55-2ed2de654ec8
22501143,502,2026,4,6,22501143,0cba24e7-d2d1-d9c3-e8e3-ce18da439012
22501143,504,2026,4,6,22501143,84a15883-1923-51ac-bbcb-86ff4c9f20ff
22501143,507,2026,4,6,22501143,22531563-9a93-ffc6-51a1-b9c07bacaa02
22501143,51,2026,4,6,22501143,c33a84ea-0f06-9ad0-a29a-8c6a0ceb0458
22501143,515,2026,4,6,22501143,7243407f-6090-525f-2380-0b01553ee083
22501143,517,2026,4,6,22501143,e2e07206-74de-7f06-0c74-13a2d0867333
22501143,519,2026,4,6,22501143,172c132c-3974-a965-da37-426849c601f4
22501143,529,2026,4,6,22501143,ea65f368-4aff-3705-9ee4-61bfec35deb8
22501143,530,2026,4,6,22501143,f3c4c814-0cd5-747c-d642-15886e248dc0
22501143,532,2026,4,6,22501143,901363c7-2723-8629-e6bb-b12011137efe
22501143,537,2026,4,6,22501143,456a01eb-b706-4313-4fd2-c6d845165643
22501143,538,2026,4,6,22501143,e03b1568-bef0-61cd-2d6f-97929f48d350
22501143,540,2026,4,6,22501143,43fec9d1-d12f-479b-a285-9437fd687994
22501143,542,2026,4,6,22501143,ea5a45ec-6395-445d-46a1-63ea8fbc4bb7
22501143,555,2026,4,6,22501143,01856e38-9261-1dec-7e9c-48110e65b251
22501143,557,2026,4,6,22501143,d9086e38-68cf-d805-5145-c9821f3a9efc
22501143,570,2026,4,6,22501143,9f042f58-fcfe-5ec4-c074-59f366a9b53e
22501143,576,2026,4,6,22501143,fb32fd9c-4597-ac38-e641-9b59b2eedcdc
22501143,580,2026,4,6,22501143,b14a2397-b724-e48e-4ee8-5876a656f881
22501143,582,2026,4,6,22501143,b8d13ba8-6422-be98-6063-65c880645373
22501143,584,2026,4,6,22501143,2292eb97-2d23-e7e1-d6ca-cc6b16a255a2
22501143,586,2026,4,6,22501143,30f40347-6d61-1e26-9abb-e4951876fcd3
22501143,59,2026,4,6,22501143,abb3cc33-0303-c288-208c-cb9fe9d87661
22501143,598,2026,4,6,22501143,fc427624-e54e-158f-f72c-07be81a07208
22501143,599,2026,4,6,22501143,d1798995-df05-10ef-978b-d8e0ced0fa43
22501143,61,2026,4,6,22501143,1d24027a-7339-04f2-c716-2e315a7539ac
22501143,624,2026,4,6,22501143,f4f81520-98df-92e4-94ab-0269b7d03fdd
22501143,631,2026,4,6,22501143,f8ba1c8e-b817-c10a-341f-29ba98e2370b
22501143,633,2026,4,6,22501143,70f39921-6479-5032-10a3-8f2fe806f815
22501143,636,2026,4,6,22501143,ea950eff-936f-2fbe-a20e-1c8c92cfdd2e
22501143,638,2026,4,6,22501143,2c748065-4023-d593-c37f-c6193fff1b9e
22501143,640,2026,4,6,22501143,c682a7bd-ec29-1783-1447-313aeb8c01b1
22501143,643,2026,4,6,22501143,327cad8b-b4f4-b330-5523-225ea186cfa1
22501143,644,2026,4,6,22501143,e985ef02-5f5e-0b08-239f-6b7e48b700fd
22501143,7,2026,4,6,22501143,3e40a70b-e1f1-dc0c-2434-b438faa66ae3
22501143,71,2026,4,6,22501143,73c36f18-11c2-a135-57e7-9cadacf43d00
22501143,76,2026,4,6,22501143,f3cb6944-ffcb-ab1f-aa71-fe8738f3cce9
22501143,78,2026,4,6,22501143,981507d5-f9a8-790f-6317-ebc8b5b0ab25
22501143,102,2026,4,6,22501143,7bc9898b-8a3a-620c-4e9f-55572bab9c00
22501143,104,2026,4,6,22501143,72a41d9e-dffb-8fc6-bcc5-e430a58c4a55
22501143,113,2026,4,6,22501143,c8dbc151-19a5-565a-d314-ec13af41b7de
22501143,125,2026,4,6,22501143,9072e732-749e-4c91-c3c6-cc6d542fea25
22501143,129,2026,4,6,22501143,0ead1c44-7e31-45fc-7643-551e5efec3a7
22501143,133,2026,4,6,22501143,b186f443-2866-4666-7cce-4fcaf94bddbd
22501143,137,2026,4,6,22501143,73277c45-b6e2-777c-dbd3-026444367c7f
22501143,139,2026,4,6,22501143,0a4a3245-b935-f09e-42ea-eb8810e0b4e4
22501143,142,2026,4,6,22501143,c8d8172e-a4b3-dd96-331a-6889ae86abc8
22501143,157,2026,4,6,22501143,1191f092-9228-6f58-6a5f-30a7dfcce157
22501143,167,2026,4,6,22501143,f6eef027-462d-ad55-cc43-e00efafdb489
22501143,182,2026,4,6,22501143,5ef6d518-56e9-3b7c-794f-a4538d1ee3d5
22501143,190,2026,4,6,22501143,6e6755df-5414-86ba-7e3e-b446f12826fa
22501143,192,2026,4,6,22501143,b60067b0-7659-24ff-1243-821aef5271be
22501143,194,2026,4,6,22501143,c9c0e637-2718-ae49-8aab-5e964fac4bdc
22501143,197,2026,4,6,22501143,c402e1d0-c8be-61b6-765b-421c4af25e54
22501143,202,2026,4,6,22501143,90516e85-1378-2d85-d1ed-792f12dc8d76
22501143,208,2026,4,6,22501143,b6767ff8-2fc3-0e2d-e977-1c8c325bddd2
22501143,214,2026,4,6,22501143,a7947cb6-6e09-db02-eb0a-42be62b1049c
22501143,229,2026,4,6,22501143,50ef4602-9512-b730-9fdf-3a0da276d6e2
22501143,242,2026,4,6,22501143,ae4e6a18-ec45-56f9-02d1-940a3f957662
22501143,247,2026,4,6,22501143,d982f666-4bf1-5a9f-9c93-e0c9f04b298f
22501143,259,2026,4,6,22501143,5335ad4d-890a-0ad7-3542-782ec8cbae4e
22501143,262,2026,4,6,22501143,9cce6f3d-0b62-b95c-a90c-0cfa7006c050
22501143,266,2026,4,6,22501143,b563fcfb-e3c5-73a9-83ab-f6b5f9f084e3
22501143,270,2026,4,6,22501143,0774fdca-bebd-8054-1277-145a58b0e2a5
22501143,282,2026,4,6,22501143,b2d50f1c-946c-0ecc-9b26-04194afca558
22501143,293,2026,4,6,22501143,7c7a9872-f7f9-96ef-dc31-0f0dae9071af
22501143,298,2026,4,6,22501143,bc3427a1-8c04-f9ec-a3a7-dfb91d355b3f
22501143,309,2026,4,6,22501143,1c9a7abc-5eeb-18e7-24db-8c85e602c339
22501143,31,2026,4,6,22501143,767967c2-97cc-6f5d-02d2-09839e7f8661
22501143,311,2026,4,6,22501143,1bdbbc9d-0552-b9ec-ef0b-e81994fb314c
22501143,321,2026,4,6,22501143,c096212c-6774-267e-f27f-d4ab03da2983
22501143,326,2026,4,6,22501143,891d5935-e175-587e-b02a-5ceb0af1a9ca
22501143,336,2026,4,6,22501143,f692adc5-72a5-f009-090d-8ca78270e762
22501143,339,2026,4,6,22501143,9b093d92-3493-1e08-72d7-856c5c42ac11
22501143,342,2026,4,6,22501143,16cb60e4-0abf-2dd4-3322-59d6c3495e02
22501143,344,2026,4,6,22501143,59f879a6-bd1e-044e-1418-298857a579f4
22501143,346,2026,4,6,22501143,601ec52b-8e70-6edd-3a55-4d1b65a05524
22501143,348,2026,4,6,22501143,2c7d19ff-1d52-54c3-78fc-86b197ae8d0e
22501143,357,2026,4,6,22501143,ae5c794e-2e2c-010d-7bed-835c957ba479
22501143,359,2026,4,6,22501143,8d250b34-f9fa-7f9c-47c1-5fecc4b6765f
22501143,371,2026,4,6,22501143,dda96c8a-6fe9-8ee0-2455-b36551081c0a
22501143,378,2026,4,6,22501143,3308f02d-a7b9-b958-41f8-e434c2135e83
22501143,380,2026,4,6,22501143,200149b4-4f7f-bfe2-0756-58d20e143220
22501143,383,2026,4,6,22501143,4161a19e-ea1c-87d9-7064-135937a83d7e
22501143,385,2026,4,6,22501143,b999d911-4bce-88cb-1b2d-04c574833ba6
22501143,391,2026,4,6,22501143,39e84833-ddf3-dbbf-33c1-f11e66d56d93
22501143,409,2026,4,6,22501143,52d43522-8081-3472-2071-6e150bc45267
22501143,41,2026,4,6,22501143,29f98e3d-325c-e30f-b31b-1d3394ff7df4
22501143,411,2026,4,6,22501143,9943faa1-d466-f0d9-44dd-5cb7ceb65eb0
22501143,424,2026,4,6,22501143,db832983-1f54-4e97-a7d8-521fde1a4e94
22501143,429,2026,4,6,22501143,5b29676b-e4ff-95d2-0ee3-5733924e09d9
22501143,432,2026,4,6,22501143,694c3f04-040f-612e-9687-826e0cbf7926
22501143,441,2026,4,6,22501143,89f41e9b-43ac-419d-1073-cc0b5acd22e6
22501143,447,2026,4,6,22501143,1f5afc1d-2fde-23c3-5233-1406f76a8e0f
22501143,459,2026,4,6,22501143,5a0a2465-8c66-ef9e-a185-4a9e82461ec0
22501143,461,2026,4,6,22501143,58aee193-b8ab-cb83-58ff-8e6f0cb78904
22501143,464,2026,4,6,22501143,328f9c33-c984-f980-08ac-f3d2bc6b6e65
22501143,466,2026,4,6,22501143,c151472a-66eb-6092-8eb7-b523815d1caa
22501143,468,2026,4,6,22501143,296eb962-43eb-1a58-ebbe-9618b895c474
22501143,470,2026,4,6,22501143,d61de6e5-c2ff-c002-7d1c-0145275ac320
22501143,48,2026,4,6,22501143,ca8a6821-19e8-8492-ab85-5715e5f258e0
22501143,485,2026,4,6,22501143,de6ccb37-2b75-d6bd-762b-673010db0264
22501143,489,2026,4,6,22501143,4786bfb1-7e50-bcfc-202c-4ad5ad42b063
22501143,50,2026,4,6,22501143,11981e20-aabb-4603-8198-33df315c5fa1
22501143,503,2026,4,6,22501143,f0619bba-1ca5-2e2f-805f-1e1623f479ae
22501143,508,2026,4,6,22501143,def468ca-012d-b876-19ab-0d71c7d87e3d
22501143,516,2026,4,6,22501143,1dbabcc8-c7ce-a669-3e89-e91e85f34bcb
22501143,518,2026,4,6,22501143,8708022a-3422-1753-c8b1-878bb356d238
22501143,520,2026,4,6,22501143,43815917-417f-e8cc-436c-99cac4e36b55
22501143,528,2026,4,6,22501143,b3d617cb-c979-da78-3905-fb919df89cda
22501143,531,2026,4,6,22501143,33c7f51a-d4fb-99cb-c0ce-20d02f7da31c
22501143,539,2026,4,6,22501143,67bb21e0-6da2-e587-016c-d8cee18fc2ab
22501143,541,2026,4,6,22501143,4f84aa13-d0d1-ce9f-ddca-2cffb474b661
22501143,543,2026,4,6,22501143,5578cc63-b0ee-74e9-ff70-60749d2a8a62
22501143,556,2026,4,6,22501143,88548ab4-28fd-fcd7-7eb6-8a33dbcaaad3
22501143,558,2026,4,6,22501143,7174c645-7a99-540c-c6d0-c7cccc943d0d
22501143,571,2026,4,6,22501143,f896b294-3be2-9a40-f5a9-e0f156b5787d
22501143,577,2026,4,6,22501143,d9a1e76b-428e-db0e-982e-7ba9658bff1e
22501143,581,2026,4,6,22501143,35531607-de27-8e4c-fcc3-2cf26fbe39ee
22501143,583,2026,4,6,22501143,1e249b6a-74cf-c568-1b43-bd5bc5d8e784
22501143,585,2026,4,6,22501143,458aee95-a1f8-2a07-b8a3-582c409722b1
22501143,60,2026,4,6,22501143,3fbc2b05-7bfd-6f41-fc67-ad1c9afd1e77
22501143,600,2026,4,6,22501143,dcf2f0bc-bb68-aec0-5bdf-1f0077bc955d
22501143,62,2026,4,6,22501143,c0065d99-14a2-854c-e722-b02deb6a892b
22501143,635,2026,4,6,22501143,c8ee97a6-1864-e648-d848-62eefa78837a
22501143,639,2026,4,6,22501143,bf1ccad1-936e-da70-f0b4-b8ab7b1b2c7e
22501143,641,2026,4,6,22501143,6c7e94d5-1062-4161-1161-acdbfb888b1d
22501143,645,2026,4,6,22501143,2449b272-158a-24be-9ca5-73c910259ae8
22501143,77,2026,4,6,22501143,0ea5772b-11fe-b9a7-8b62-f1ee3ed956de
22501143,79,2026,4,6,22501143,5d7cd9b6-d78e-17f5-5a11-e2d70e98cd94
22501143,8,2026,4,6,22501143,1939c965-27f4-f9be-1816-5c9e6daa925e
22501143,105,2026,4,6,22501143,f23fcb94-7eef-e9a4-e085-bf07bc0199cd
22501143,158,2026,4,6,22501143,802dc750-b459-f52a-84ca-f27b2c6724db
22501143,179,2026,4,6,22501143,1f780fe3-bdcc-fe83-b754-90e8a23971db
22501143,226,2026,4,6,22501143,b4f1f6fa-f635-fc89-cc06-27e62ed9c512
22501143,267,2026,4,6,22501143,5a978794-8656-4e5b-e36b-0aa6fcb48439
22501143,303,2026,4,6,22501143,c19ff4a0-221d-36ad-f30e-2a680da95c44
22501143,322,2026,4,6,22501143,64ebca58-edbe-8b7e-2839-5cdb6165b79d
22501143,37,2026,4,6,22501143,e5346c7c-a92c-eb26-7472-6be46863e7d0
22501143,438,2026,4,6,22501143,9eef85a4-85d0-f7bc-9062-43f3dd88ed6f
22501143,442,2026,4,6,22501143,37afcaa3-e8df-a9c5-39cd-a72ec40b4f63
22501143,509,2026,4,6,22501143,f3e711ac-5b41-2ff2-ea3a-8ab4321bafde
22501143,574,2026,4,6,22501143,3a25dfea-b17c-8a2a-fc15-ded3e524da6f
22501143,607,2026,4,6,22501143,e7ee49c2-4373-8588-b174-165774b185ee
22501143,629,2026,4,6,22501143,d4bd876f-58e2-4a07-1f3e-838aaed6cd40
22501143,80,2026,4,6,22501143,1c699231-2536-cc52-379c-0d699a321aeb
22501143,9,2026,4,6,22501143,4a78f5da-18c7-00b9-299b-323f4573e426
22501143,12,2026,4,6,22501143,705cd725-167c-f0ca-3a46-b9fa96df4e09
22501143,240,2026,4,6,22501143,7f813c4a-324d-cfb2-0cec-dbf965aac260
22501143,243,2026,4,6,22501143,a7a61304-5445-d0e5-f80f-35b683219973
22501143,245,2026,4,6,22501143,d10eb725-b6c1-6e95-2636-3bdc2d4cbbb5
22501143,27,2026,4,6,22501143,d9cfed8d-b2b7-30c3-459f-0ce83b02d833
22501143,296,2026,4,6,22501143,3b17ca55-4813-bcea-e701-0ab3d2b828ca
22501143,32,2026,4,6,22501143,7c35456b-73b5-9f9f-7fa8-acc373c81297
22501143,366,2026,4,6,22501143,550b0933-1c09-b7e8-902b-26a699ab6de6
22501143,39,2026,4,6,22501143,8cf27ce2-9a97-215d-c9f9-7b233280eebb
22501143,407,2026,4,6,22501143,71c35610-8bb7-f7e7-1001-0c111965c624
22501143,473,2026,4,6,22501143,3dda10b3-c19d-15e3-719a-dc095b4665bd
22501143,536,2026,4,6,22501143,0501f938-e732-99dd-abb1-c5717be55303
22501143,58,2026,4,6,22501143,d396d495-b053-a789-dce9-41438fcedbd6
22501144,106,2026,4,6,22501144,3d264874-4c41-b58d-4908-9664bd1dbd1d
22501144,123,2026,4,6,22501144,1907ded6-8c52-b118-70c1-097ad8f3a11c
22501144,125,2026,4,6,22501144,e2ac828c-010f-72be-9a09-eb9bef5209b0
22501144,130,2026,4,6,22501144,94624e63-e0bb-0d4a-f426-9c942fa5343d
22501144,134,2026,4,6,22501144,31fdb799-b8b2-8724-4640-6733646e4ca2
22501144,147,2026,4,6,22501144,b3b4a42e-ed3a-8f89-0927-45d565d9533d
22501144,21,2026,4,6,22501144,3a884a20-3988-5cbd-4a0f-097513cd048e
22501144,215,2026,4,6,22501144,b63428c8-ee6b-e34b-0180-e1be3dd19222
22501144,220,2026,4,6,22501144,cea81340-f1cc-ce88-e114-e42b3a37fac3
22501144,227,2026,4,6,22501144,7823a881-ba42-daad-2c5f-c28c66992fc0
22501144,23,2026,4,6,22501144,c40b2824-5f07-741a-64c5-a497ba1ed1e7
22501144,234,2026,4,6,22501144,5552d8b7-d432-93fa-c841-7f2fe3cf466e
22501144,263,2026,4,6,22501144,70aecab1-af20-6989-b254-cad01e906762
22501144,268,2026,4,6,22501144,01c40625-7359-a08c-099a-5669196861e8
22501144,283,2026,4,6,22501144,a3c44b1b-8fa2-5696-6d50-bf03a00dcdb3
22501144,285,2026,4,6,22501144,398df903-710c-38d8-0870-37e00128ff0b
22501144,330,2026,4,6,22501144,7e880d3b-797e-23d8-6ce1-f37a18c68e60
22501144,349,2026,4,6,22501144,474ff4dd-239c-3a2b-d801-6a5ab797e32d
22501144,353,2026,4,6,22501144,5becaa1c-4321-d468-662c-1f230c9c5dc0
22501144,356,2026,4,6,22501144,a7ef9a46-3a7b-50ff-893a-c7b2cdbfdde0
22501144,366,2026,4,6,22501144,3be6e9e1-4755-40a1-ea85-efccaba69161
22501144,369,2026,4,6,22501144,74d6e0cc-1d3e-eae2-79f9-31e446cb198f
22501144,371,2026,4,6,22501144,1a1d7f65-ee27-6005-3ba9-722ee00a58c2
22501144,407,2026,4,6,22501144,844fd1b3-aacc-e34b-1178-647d24ea1b63
22501144,412,2026,4,6,22501144,e946eb78-8cb5-01df-5042-48416c286b64
22501144,413,2026,4,6,22501144,0e6f342f-6ef0-96c2-7a47-4ca2fce30321
22501144,440,2026,4,6,22501144,073ff21d-8a8a-2519-5632-7f1161525937
22501144,442,2026,4,6,22501144,1dc078f3-8ab8-714f-71e0-4c935abdcdaf
22501144,459,2026,4,6,22501144,06999b25-20b3-4e60-faaa-108f6f619753
22501144,46,2026,4,6,22501144,1d632913-83ce-9f55-f713-40ce77c61ab4
22501144,463,2026,4,6,22501144,3db65c01-a275-b594-4e91-c3d57cbd16ea
22501144,468,2026,4,6,22501144,e5b8f6fa-06a3-47fd-21e4-9de9e39ecee9
22501144,484,2026,4,6,22501144,2cf1f944-6bd8-f051-758f-541979ebc706
22501144,492,2026,4,6,22501144,3a3e638e-8c20-598d-9ebc-797fadd5c29d
22501144,504,2026,4,6,22501144,02a1cb62-a5d6-b857-08a2-7c9b8989e367
22501144,507,2026,4,6,22501144,8110cad0-1601-2d49-1a21-39d272699dd6
22501144,51,2026,4,6,22501144,dec85511-1fc4-ec13-a8df-330aabc09547
22501144,548,2026,4,6,22501144,33bddb6f-6eca-01e1-b0b1-dcf1898e3122
22501144,554,2026,4,6,22501144,5ea733d1-5d73-4de0-4d71-8130d8a41da9
22501144,558,2026,4,6,22501144,c98cc6af-c1f1-8d88-36f2-135913f8d6a7
22501144,575,2026,4,6,22501144,7cbbfd27-e925-5c0d-651d-71f3f9d912b5
22501144,585,2026,4,6,22501144,7ffdb9d1-c9ff-dab8-f54f-2614b887e98f
22501144,606,2026,4,6,22501144,73721592-7d59-7be4-243b-c98b6a441172
22501144,620,2026,4,6,22501144,28312356-80b1-aea3-ee31-d8e2b78c9821
22501144,625,2026,4,6,22501144,02b5381f-a52d-667d-1105-d61c1a67fc88
22501144,634,2026,4,6,22501144,02840fbd-d874-966b-62c5-56d23bd1d9bd
22501144,647,2026,4,6,22501144,635ec6fb-9712-f197-3aca-e4f078551955
22501144,649,2026,4,6,22501144,0e80cbbd-bdd8-5c8e-90d5-dde465fb99d1
22501144,667,2026,4,6,22501144,1b7b5fcf-96bb-6e83-4c46-19f3b2717273
22501144,670,2026,4,6,22501144,5219013a-543e-2e08-48a4-a5dfcc0a2da6
22501144,676,2026,4,6,22501144,1abf1eae-58a1-656f-a881-dad84713a263
22501144,682,2026,4,6,22501144,a4f12c90-af51-bf83-36ae-200620567e32
22501144,691,2026,4,6,22501144,9c9a2fcf-cb80-d196-7fba-12991c6271c8
22501144,695,2026,4,6,22501144,667f30b3-1ecd-4236-a344-cf6618d49cad
22501144,699,2026,4,6,22501144,3f43500f-f061-43b3-dd0f-c7883d6f7203
22501144,71,2026,4,6,22501144,251b2ebe-b92e-9506-26ef-3a280853972b
22501144,715,2026,4,6,22501144,f227cc18-a1a6-59bd-3b6d-528610ba38e8
22501144,76,2026,4,6,22501144,5b41f6ad-9624-b148-210b-bbe30d349f4e
22501144,78,2026,4,6,22501144,6a123248-bc5c-de17-10cd-6b6562bae1d4
22501144,95,2026,4,6,22501144,15c08090-560b-1b69-c9c4-4f4047d5a9cc
22501144,149,2026,4,6,22501144,02ac337b-c882-b1e5-58d8-a6e357b6c430
22501144,177,2026,4,6,22501144,306708c2-20ca-65c0-7208-c5f0975f76e1
22501144,242,2026,4,6,22501144,43110599-83b2-44a7-a2f8-c7891a69f0c2
22501144,245,2026,4,6,22501144,ab4af0f9-7f70-5f02-4047-44c6581356dc
22501144,301,2026,4,6,22501144,24c9a803-ab05-8de9-e809-32f30d98e314
22501144,409,2026,4,6,22501144,47434d0d-86ca-6156-8ac7-ecd1a3e0e3af
22501144,418,2026,4,6,22501144,3b4d8ca8-bbd6-7ba3-48e4-aeb6c9cb1704
22501144,489,2026,4,6,22501144,121d6a8d-7902-cb09-82e7-2495f3400178
22501144,513,2026,4,6,22501144,9d99bea6-9464-61f9-6ea2-59a1d2264d03
22501144,527,2026,4,6,22501144,4d75e034-5494-04fb-ca45-6423f40e2d82
22501144,579,2026,4,6,22501144,7c770a6b-fd27-ea0e-b58b-58d9153963a2
22501144,587,2026,4,6,22501144,c9d538ea-6207-8da2-e4a7-23506be554ce
22501144,664,2026,4,6,22501144,78f5282f-63e0-4a08-e510-8c2abf59d399
22501144,712,2026,4,6,22501144,44178dba-34ab-df78-693d-d058f3bb23a7
22501144,741,2026,4,6,22501144,532c2403-18b3-f797-7082-361560bec3e7
22501144,9,2026,4,6,22501144,3736e6f1-75b5-8a0a-c45d-56ba8611fd04
22501144,115,2026,4,6,22501144,6d5f8984-c517-ea07-e5de-2561d4156248
22501144,128,2026,4,6,22501144,3a916d8c-3495-c4af-2180-62c1fcbbf92b
22501144,13,2026,4,6,22501144,4462ed18-7051-3850-6038-694006e6aea6
22501144,132,2026,4,6,22501144,fa397265-d7f4-07d4-c70f-317d7ad3382c
22501144,15,2026,4,6,22501144,5299bf92-d7f1-34ba-2eff-98210dbcc3b0
22501144,153,2026,4,6,22501144,c6ff0306-cf4b-fd21-74a6-0735c84d34a5
22501144,155,2026,4,6,22501144,26aa6e27-73ce-481e-c819-bbccbeed9aa7
22501144,167,2026,4,6,22501144,9bf3c9c3-e0f4-fadf-df2a-80ad45d7cbed
22501144,169,2026,4,6,22501144,f84153df-ba26-777a-8787-f32f02a7cfaf
22501144,19,2026,4,6,22501144,98b055e6-aa5e-8aba-e0a7-e71763b9f6e9
22501144,195,2026,4,6,22501144,b0126394-b795-3fa6-4c10-b0c46ac27068
22501144,197,2026,4,6,22501144,01a7f3f8-3d04-0a47-e015-2a65760f2dec
22501144,206,2026,4,6,22501144,352192d1-458f-84ff-ad68-f26a92dfc3dc
22501144,214,2026,4,6,22501144,0167dcd8-e684-a89b-6394-bf563daf0955
22501144,218,2026,4,6,22501144,3c1abb4c-eef0-0544-b0cb-8a3a016ff1d3
22501144,229,2026,4,6,22501144,b0e7d1ae-7adc-3862-ff24-dafda9d306dd
22501144,236,2026,4,6,22501144,52041e87-c971-c09a-4adc-4a022936b8dd
22501144,25,2026,4,6,22501144,b38e78f8-6243-6e6c-ab6d-20aff2610bbb
22501144,265,2026,4,6,22501144,839b9684-039b-7adf-9454-0b3737f4c123
22501144,279,2026,4,6,22501144,aa8e4a88-cdbb-7836-3a38-cb6322596b9b
22501144,28,2026,4,6,22501144,0fb54317-7962-a309-7a2a-f740c4402350
22501144,281,2026,4,6,22501144,a2e0e622-e68d-d687-33dd-0e2af0087372
22501144,295,2026,4,6,22501144,36a02351-ed6c-8000-af7e-a0ca62f97fad
22501144,297,2026,4,6,22501144,ecd15d28-7c5d-236b-cda7-14eaaf3ef257
22501144,299,2026,4,6,22501144,b3e61af6-8264-837d-0b0a-3dd9062a58e9
22501144,30,2026,4,6,22501144,6d07ddf5-e03a-c632-1bbe-7356ef412a69
22501144,303,2026,4,6,22501144,faf66d12-3a0f-77f6-6b30-1506c075d01a
22501144,305,2026,4,6,22501144,77a8dd71-89a9-1df9-419f-282a018f679e
22501144,31,2026,4,6,22501144,ca1be8b9-0cf9-eb55-6b06-c6894553b07a
22501144,317,2026,4,6,22501144,77b3d62a-291f-77fb-127d-fc9fe1f964eb
22501144,318,2026,4,6,22501144,b063f4d5-934a-4177-7e21-7f297eebd11e
22501144,326,2026,4,6,22501144,3f7d2fef-2144-769d-3f26-1b185329a6f3
22501144,33,2026,4,6,22501144,13176e4d-9ad6-4b4f-7713-44772f99fcdd
22501144,337,2026,4,6,22501144,3617ebca-7d52-a718-7dc4-fd95ecff0a53
22501144,351,2026,4,6,22501144,8f1a1da2-a079-878f-f093-f180b947bcb4
22501144,355,2026,4,6,22501144,7f5e6d6c-dbdc-930c-0e27-078c071d1d00
22501144,364,2026,4,6,22501144,e817d0f1-4845-09cb-e0fb-5869bb8810e7
22501144,368,2026,4,6,22501144,44b743dc-31a8-436c-1c36-ef07d6386b0f
22501144,376,2026,4,6,22501144,1e925c81-d082-fad4-7d29-ce984dd1d61d
22501144,38,2026,4,6,22501144,3e24559d-c145-713e-6d09-9e17e94f8d46
22501144,402,2026,4,6,22501144,d2fb7eff-4293-8227-f9a6-7e5a35a4293e
22501144,404,2026,4,6,22501144,96799897-184a-6f0a-24c2-819c4b32fd71
22501144,406,2026,4,6,22501144,79da5fe2-4594-cc57-901f-23b7e0048b48
22501144,416,2026,4,6,22501144,faafcd20-847e-2c9d-ecb0-de2f9ca4b26f
22501144,426,2026,4,6,22501144,7478704f-3e61-9c1a-50a8-672ceb292285
22501144,430,2026,4,6,22501144,52f34680-c57a-339c-b278-74cd50016a35
22501144,432,2026,4,6,22501144,880a84c5-4aef-c148-5549-95e54feef1d0
22501144,434,2026,4,6,22501144,0c3a4f23-6773-e49a-6716-45ae579732c2
22501144,436,2026,4,6,22501144,6fb46491-ee48-b587-22da-add17fd60bef
22501144,444,2026,4,6,22501144,9fbabe49-98b6-9f6d-b4c8-037a6a8dc448
22501144,446,2026,4,6,22501144,3704aec5-bc9e-8afe-06ff-b841f6b17c16
22501144,456,2026,4,6,22501144,f6d1588b-a67e-4cd9-b51c-12d7efaa5262
22501144,466,2026,4,6,22501144,70e3f365-dabb-8015-19b6-6a2417cf9754
22501144,48,2026,4,6,22501144,e203eacd-62f4-2aaa-968d-8c210929ad30
22501144,485,2026,4,6,22501144,166207bb-0bb3-bcf4-f622-89005450e274
22501144,496,2026,4,6,22501144,dfeac8a5-2b63-5328-650b-683b3bd16460
22501144,498,2026,4,6,22501144,9c5d252d-ac10-4846-2488-9695bf13cd7b
22501144,50,2026,4,6,22501144,7f625fc4-e485-38cb-6835-c1ff6031f476
22501144,500,2026,4,6,22501144,fb76a058-6d05-e590-5e59-f3ebd0cb44ea
22501144,509,2026,4,6,22501144,858ae486-157d-b5be-0fd0-ed413c22e4ae
22501144,516,2026,4,6,22501144,6c7abb31-d43d-8888-6da6-ee465d401bd2
22501144,541,2026,4,6,22501144,433fb73a-ba6e-824b-a2ed-ebd065f88ce6
22501144,553,2026,4,6,22501144,dcfddc78-9ac4-fd98-49a5-11941019baae
22501144,556,2026,4,6,22501144,002eda57-37b4-61bd-15a2-c680af3036b6
22501144,573,2026,4,6,22501144,afe03a81-d74f-5ad8-10d6-1f97d28e32c5
22501144,577,2026,4,6,22501144,4ee8c3fc-130a-7f81-cf92-934d1938904d
22501144,583,2026,4,6,22501144,bf3ca162-20c1-de29-c14b-9850bd630b7a
22501144,59,2026,4,6,22501144,c63f533a-7006-b88f-b022-23a73c17e2c4
22501144,591,2026,4,6,22501144,eef2bf35-1515-bf0d-567e-12e113b07420
22501144,612,2026,4,6,22501144,5064ae55-9e54-17fb-d22b-bc375b085974
22501144,614,2026,4,6,22501144,8bce71e3-16f4-a906-d577-8eec1526f865
22501144,617,2026,4,6,22501144,7721970b-2c55-cd25-ca24-91fb838814a1
22501144,628,2026,4,6,22501144,d5d43312-de58-b30c-0a38-aa8e045b46d2
22501144,630,2026,4,6,22501144,ef3e87b5-9c8c-53a0-ed51-c0cc0a3bdbdc
22501144,631,2026,4,6,22501144,5647a60a-3e8f-57e5-f980-18ef746effd1
22501144,668,2026,4,6,22501144,7b4bc167-bec3-7bd3-d8ad-996a9fa1ea83
22501144,678,2026,4,6,22501144,a22eede6-1c32-d874-0929-94ef077e7346
22501144,680,2026,4,6,22501144,a52797ad-9632-c52e-e3ab-2a82e16f8825
22501144,688,2026,4,6,22501144,7929acd0-827f-7fcb-acb9-258541a74cd1
22501144,73,2026,4,6,22501144,d51e4d38-a242-5b64-4cf5-323695106262
22501144,732,2026,4,6,22501144,a0e66ec7-ab61-a988-8812-a21b41fc005e
22501144,734,2026,4,6,22501144,adff9328-2581-8640-8a97-b5e5bece5869
22501144,737,2026,4,6,22501144,404b4228-aae4-5851-5a1b-b39a7bad5912
22501144,739,2026,4,6,22501144,1e1eac2a-5f2e-e574-bde4-97bba4198439
22501144,74,2026,4,6,22501144,83c1f250-be1b-37aa-51bf-b048969b3d13
22501144,745,2026,4,6,22501144,89519eb8-2535-bd5c-6034-5e47d8159e02
22501144,87,2026,4,6,22501144,56e5ca3b-d13b-5b5d-02b2-596ccf501710
22501144,91,2026,4,6,22501144,6a530c3c-3dec-f028-f438-029e0a41ca4e
22501144,93,2026,4,6,22501144,7a7b6c99-d632-f3d1-c4d1-ff8cd1c37097
22501144,114,2026,4,6,22501144,ff3d3c1e-129b-3c20-a411-b3426fe6ba28
22501144,116,2026,4,6,22501144,774a9f15-a5a2-2b17-af46-031f65737d87
22501144,129,2026,4,6,22501144,a62c52b8-ae83-175a-c92a-3c4522353581
22501144,133,2026,4,6,22501144,679b4f31-b115-b424-991e-5ed739508cc5
22501144,14,2026,4,6,22501144,02d30788-98f3-8732-b620-fc041d5d4071
22501144,146,2026,4,6,22501144,c1ce774f-7576-ccfb-c406-6adb67974728
22501144,154,2026,4,6,22501144,bc1a1683-bd8f-7cb6-793e-3cef2b579bb1
22501144,16,2026,4,6,22501144,627228fb-2ee6-e436-e825-bf41baa39b3d
22501144,194,2026,4,6,22501144,36db4330-bc2f-5a09-062b-cb9ad2e27df8
22501144,196,2026,4,6,22501144,7a0dc884-7207-fcbc-3835-75d88cf8fb58
22501144,198,2026,4,6,22501144,cebcfe4b-f792-2de9-d59d-2c92a1ce08c3
22501144,20,2026,4,6,22501144,6de6e628-04af-0a64-dd1e-8f47c81866ec
22501144,205,2026,4,6,22501144,5f9a3f9c-8407-f5f0-967d-3b851766ba6a
22501144,219,2026,4,6,22501144,2a2a4b2a-9916-96d6-f775-9b33d686ecc3
22501144,237,2026,4,6,22501144,7a5a738f-26c8-f2fa-131b-05c20f9848e5
22501144,244,2026,4,6,22501144,bc77b1f8-9561-4260-21ae-43c86febc873
22501144,254,2026,4,6,22501144,987395e3-59d9-2233-c8b4-0d2246bfa1b0
22501144,26,2026,4,6,22501144,5a5274b8-5bba-a7ed-5ee9-965cd61fa7ab
22501144,280,2026,4,6,22501144,2d873cbe-ba4c-605f-3448-93a026bda9df
22501144,282,2026,4,6,22501144,47bca209-783a-8183-3582-76f8bbc24281
22501144,29,2026,4,6,22501144,76db7907-6f34-0b54-7d8f-9aa002f4667c
22501144,296,2026,4,6,22501144,7852a4b8-72f4-2931-685a-36086beba644
22501144,298,2026,4,6,22501144,df141e04-b22b-d8ba-0e32-777077e45209
22501144,300,2026,4,6,22501144,66e7e2b8-4da4-8a81-1eea-21d61664d25b
22501144,302,2026,4,6,22501144,f0e857ea-02dc-2d6c-c417-901c20bcb088
22501144,304,2026,4,6,22501144,7660ec74-c732-8529-c2fc-d47bd6bb1f99
22501144,32,2026,4,6,22501144,3435a991-c73d-6196-9f8d-31c3e26c5fe7
22501144,327,2026,4,6,22501144,e69d51d3-d189-aeab-d34b-d719eb05dbe9
22501144,352,2026,4,6,22501144,6016ea4c-6553-54b2-3b0f-8d1eaac2754e
22501144,365,2026,4,6,22501144,ef2fd285-77f6-78b9-2aa7-9b5ff893be32
22501144,403,2026,4,6,22501144,b3f9e36a-ee64-e326-a39d-f1518ee394d9
22501144,405,2026,4,6,22501144,4c101ad5-a0e3-c173-61ab-9335430d57d0
22501144,411,2026,4,6,22501144,7eace77e-f3fc-e4f2-9f08-a721c80703de
22501144,427,2026,4,6,22501144,adc77583-9f1d-0219-70c5-3be48f4153f1
22501144,433,2026,4,6,22501144,e77c593e-2bfb-74b8-092f-866ff62b9227
22501144,435,2026,4,6,22501144,f6067270-457d-9cda-579a-4ef4ad28a29f
22501144,437,2026,4,6,22501144,c4e1a156-c337-9bd8-e0cb-48324e458f2f
22501144,445,2026,4,6,22501144,b2de92e3-9448-d35f-697f-7177911cf49c
22501144,457,2026,4,6,22501144,b41df664-8b69-95bc-3bf7-dd028f4135f2
22501144,467,2026,4,6,22501144,0132136c-ecb7-f99e-9e11-b8d59997339d
22501144,486,2026,4,6,22501144,64e08024-9f26-853f-4b74-4c68773a50bf
22501144,49,2026,4,6,22501144,9d109818-ba9a-b25d-fc89-4b23d4a37d7d
22501144,491,2026,4,6,22501144,edf140b8-90f6-a3e5-f3d7-ad92bb85819d
22501144,497,2026,4,6,22501144,118a6beb-f80f-3acc-ea13-ced089780278
22501144,499,2026,4,6,22501144,7e26de20-7980-c868-1030-8a9026ac1a0d
22501144,515,2026,4,6,22501144,a98af71d-b088-cc52-c1e6-4de506df5938
22501144,517,2026,4,6,22501144,292fd4fd-551d-07af-e8f6-95e10601d4eb
22501144,542,2026,4,6,22501144,9a949b52-36a9-2569-7bf3-5c69b0ff3777
22501144,557,2026,4,6,22501144,e64cec9f-1dd6-a7fe-8768-290064d20cb6
22501144,574,2026,4,6,22501144,32927041-e87c-f542-7fbe-4d085517b0f4
22501144,578,2026,4,6,22501144,53a0c6fb-268b-fd01-ccb3-5c4c7698ed2c
22501144,584,2026,4,6,22501144,c4500c7e-e514-cfa9-295d-f3120663a02e
22501144,592,2026,4,6,22501144,a5182e25-e061-bc6c-0d8b-51956ec5a5ce
22501144,60,2026,4,6,22501144,3c021de9-656e-4817-df00-f8250a238ed5
22501144,613,2026,4,6,22501144,06f5abb9-f684-a03f-9043-7f071382a476
22501144,619,2026,4,6,22501144,3e2358e1-e83d-10f9-9231-43d3b01a962f
22501144,629,2026,4,6,22501144,6a3e29ea-a942-24bf-083c-798e6c860a8a
22501144,666,2026,4,6,22501144,1890c963-b946-dd1c-f77c-6469cb8645ac
22501144,669,2026,4,6,22501144,7395a4cf-9c74-ca07-8a0b-7c851221c794
22501144,675,2026,4,6,22501144,ad283681-5458-3333-bf06-64af245e8075
22501144,681,2026,4,6,22501144,4b949165-4f6c-ecbf-2b85-68fdea9371c7
22501144,714,2026,4,6,22501144,fc10278b-2349-be18-483b-7a72f21a9768
22501144,731,2026,4,6,22501144,0b25aa6f-0357-db2a-d50f-9f3799605408
22501144,733,2026,4,6,22501144,2d5c649f-a9cd-5382-2d97-124887b2b174
22501144,740,2026,4,6,22501144,d9c44ddf-5a9c-c988-5adb-9b888a5d6861
22501144,75,2026,4,6,22501144,4d76f5bb-5b1b-4279-b90f-3ed21a057115
22501144,88,2026,4,6,22501144,51b5df8a-2bd5-6855-5fcb-8c4d7a22ba10
22501144,92,2026,4,6,22501144,b7d58cfd-19a0-6fbd-194a-7933a97241a4
22501144,94,2026,4,6,22501144,8bdfa51b-0599-1ac1-d3eb-62e3a34aed93
22501144,117,2026,4,6,22501144,c1320bf8-ce50-d359-3434-3ef8d84bf7ee
22501144,119,2026,4,6,22501144,29389801-88e8-a6b9-c646-ab2932f0fa34
22501144,161,2026,4,6,22501144,0a12103e-447b-a497-c3cf-389541467d70
22501144,17,2026,4,6,22501144,1eeaa5c4-dacb-1db4-618b-bf05998ee246
22501144,212,2026,4,6,22501144,c8afe36f-7fe6-1f57-506b-3beed8be21b9
22501144,225,2026,4,6,22501144,d55cc0f1-49d5-2306-4c45-bebe5ed9bb4b
22501144,275,2026,4,6,22501144,d8c32aa2-273c-6ab4-c6e6-ac4ed239005d
22501144,277,2026,4,6,22501144,94641fb1-c3f2-0cde-2465-ac3295afe1be
22501144,312,2026,4,6,22501144,d868edd3-7d6d-5cbf-277f-f22b217b7967
22501144,315,2026,4,6,22501144,01799371-83dc-6282-2b04-32088c271f08
22501144,342,2026,4,6,22501144,c166164c-6772-9fe9-f732-b0a4c4a4a741
22501144,374,2026,4,6,22501144,980f4b46-56c4-08f0-553b-1e3f8b13d5a7
22501144,386,2026,4,6,22501144,faf1bbef-620d-46b5-9077-61398ea8d94f
22501144,388,2026,4,6,22501144,62b40d52-b10b-278a-8ee5-0e747d337514
22501144,400,2026,4,6,22501144,51e7ad7f-1bd7-a24e-5d8f-dbafc93254ba
22501144,428,2026,4,6,22501144,5732e9f7-9b44-7f90-debe-8ba0362b8568
22501144,461,2026,4,6,22501144,02399a54-0c8a-0ec1-1f32-574e3f51bfa2
22501144,494,2026,4,6,22501144,3501da0d-9dd8-82b2-6f3e-a6e5b8095587
22501144,604,2026,4,6,22501144,4f8e38a4-bc76-b1b5-9cba-4993d8a9b490
22501144,632,2026,4,6,22501144,a65044cf-af86-0b74-493c-1ec782599f77
22501144,642,2026,4,6,22501144,63fc698a-09b6-6f79-ceb4-5201a0e48584
22501144,693,2026,4,6,22501144,1cd9572b-54b1-f572-2301-e8087b0a4bef
22501144,697,2026,4,6,22501144,c3374de3-f274-9568-198c-99cb8de8f4cf
22501144,7,2026,4,6,22501144,ed162728-0374-6a3f-57b6-70f9c5feb8ad
22501144,80,2026,4,6,22501144,ce2e64b3-0fd9-60be-fc09-098f8103bf76
22501144,127,2026,4,6,22501144,d9406b0b-565f-964e-f478-3d2f26c73ebc
22501144,168,2026,4,6,22501144,643d7b36-0d27-a432-163d-12f9d2b438ab
22501144,27,2026,4,6,22501144,608d9b57-6201-bfd5-1113-4f58ce8733ab
22501144,415,2026,4,6,22501144,6bfd32b7-2aab-4ffd-13a6-85729eb88af8
22501144,42,2026,4,6,22501144,72217efe-4497-b67e-1b93-35370e8ac529
22501144,501,2026,4,6,22501144,41e56afb-61ef-2c66-1aee-2c635d7b4267
22501144,84,2026,4,6,22501144,50da7f7f-d345-8da7-4116-3ec348a91882
22501145,101,2026,4,6,22501145,077e4515-43eb-02a0-e277-6a81fcc071f3
22501145,109,2026,4,6,22501145,af03187e-fb20-45b8-e24e-33f90a696ee5
22501145,121,2026,4,6,22501145,7d634563-1f50-af2a-f932-0aee5ddf08f5
22501145,141,2026,4,6,22501145,113a579b-ba44-6994-9953-a76e958c6e27
22501145,153,2026,4,6,22501145,6ed19dbd-c1b9-d6e7-951c-2e8229fc1e76
22501145,157,2026,4,6,22501145,a1e57be8-1029-8705-2bc3-94c972efec65
22501145,177,2026,4,6,22501145,45d5bc49-c762-4c4a-9f98-c996530de836
22501145,199,2026,4,6,22501145,4799cfd5-13f5-8f67-edf5-aa142c381ef3
22501145,202,2026,4,6,22501145,d81600d1-490a-39be-0a98-8cc28c5ce32a
22501145,22,2026,4,6,22501145,b90d5a2d-1640-88ab-8e1b-d68a4fb7d178
22501145,221,2026,4,6,22501145,b2765fc7-3160-2ae2-2f54-8a2ecc119b92
22501145,231,2026,4,6,22501145,7fc98a0f-9e42-2b60-581f-84bae672649b
22501145,24,2026,4,6,22501145,53bbc049-708e-d315-ea00-6cb390eebe03
22501145,262,2026,4,6,22501145,f8410a66-9eb5-a84f-b106-06c4710cba6b
22501145,272,2026,4,6,22501145,294f20c9-784c-d5e6-b1f1-ab94194cb620
22501145,283,2026,4,6,22501145,bce0e97e-737c-4071-ce25-bf1c09e838bb
22501145,285,2026,4,6,22501145,5fde63eb-c57c-d2de-6cb1-b3a33f058433
22501145,301,2026,4,6,22501145,263830b1-1e90-9932-6315-17d3c7d0ee1b
22501145,303,2026,4,6,22501145,b8eb2d0d-6cc3-b1f2-67b4-8cf8071fe226
22501145,317,2026,4,6,22501145,79c7ebaf-d484-d44a-bb61-e1c0f37b208a
22501145,328,2026,4,6,22501145,53e32046-76f5-35eb-ef2d-7228dc3a62d7
22501145,330,2026,4,6,22501145,d0e6b1a2-f6c7-9b9f-3cf2-b54c1a40a3e0
22501145,332,2026,4,6,22501145,50514dad-1647-a323-1a3e-5982ad54cd9b
22501145,338,2026,4,6,22501145,230cfe32-36f6-7d56-7ed0-29cc02ef6988
22501145,34,2026,4,6,22501145,1ee83181-a549-e126-8c0f-086c14dfab5b
22501145,340,2026,4,6,22501145,3fd1e2e6-66ca-7c64-44d2-a9a72c59e1f9
22501145,346,2026,4,6,22501145,4881049b-1cbf-78c7-d540-e94e7381c44c
22501145,348,2026,4,6,22501145,25a460ef-98af-f0e6-eb8c-fe0bbce67211
22501145,350,2026,4,6,22501145,bbaf27f4-fcd8-7fe4-9c33-eedff98f761c
22501145,365,2026,4,6,22501145,b17595f5-fc95-14ea-0f6d-adb2f147c265
22501145,367,2026,4,6,22501145,cc029252-0058-6ad8-e00d-4fc8bdf40c21
22501145,371,2026,4,6,22501145,d2c4b806-0dba-dcd0-ee7e-18fde2c42923
22501145,38,2026,4,6,22501145,11fd7ba7-8a91-ab7b-f683-6c772b9c76e7
22501145,403,2026,4,6,22501145,8cb8e0c9-e01d-c765-ee6e-6edda449098c
22501145,406,2026,4,6,22501145,94345ce7-9e66-8222-0e0a-8c7c2f68307f
22501145,414,2026,4,6,22501145,8661dd24-a8a3-1aa9-169b-0cd2eb655c71
22501145,437,2026,4,6,22501145,7243e531-f7b0-670c-ec4d-645ef34ad83a
22501145,439,2026,4,6,22501145,dfe6d105-47aa-bacf-8a12-3afb75e1dc26
22501145,441,2026,4,6,22501145,ff234b98-3f02-491c-df33-b5fc3a3ba994
22501145,450,2026,4,6,22501145,1579e092-1122-f8af-d125-eb4db3073206
22501145,454,2026,4,6,22501145,9ef606ef-b207-1dd0-7d65-19ed4ead17d9
22501145,457,2026,4,6,22501145,0bf97e62-8c61-925a-87d5-f6f7362473b5
22501145,46,2026,4,6,22501145,8f775791-855a-60c2-906a-024985375774
22501145,481,2026,4,6,22501145,d7f0a6ef-3b40-3b54-97cc-4f5f22627186
22501145,483,2026,4,6,22501145,4694658e-bc02-43e0-ec1d-2007a2dd7b1f
22501145,516,2026,4,6,22501145,f8b5390f-3761-cce5-bd1b-a82e4f110153
22501145,521,2026,4,6,22501145,850e4b88-caa3-8a1b-982b-a1ec656610e8
22501145,538,2026,4,6,22501145,0953728f-b411-eda8-cb3a-a6339543c235
22501145,540,2026,4,6,22501145,8e1632f8-8214-374a-78a3-a8f0e41f5fa5
22501145,550,2026,4,6,22501145,dd029268-41f3-ce24-be9d-b2767e415fc2
22501145,552,2026,4,6,22501145,95ad4772-0761-b510-9668-3db3316e9f37
22501145,554,2026,4,6,22501145,bb374447-ef8b-5995-36fb-6199e4ae3f09
22501145,556,2026,4,6,22501145,be89ee36-25d2-b41f-d256-7646b81e5b59
22501145,558,2026,4,6,22501145,741fc904-3bea-a586-8697-77aba4dc9aba
22501145,560,2026,4,6,22501145,b7284779-f35e-79b6-a3c4-e91fd7a6c3e5
22501145,588,2026,4,6,22501145,62894df8-2670-8968-0842-fe1cec94f017
22501145,605,2026,4,6,22501145,84b5f633-2035-42e4-1bd3-4ef2622084b8
22501145,609,2026,4,6,22501145,0bdb42ed-7fb8-d749-e3cb-c79d191b349c
22501145,613,2026,4,6,22501145,da9ef5d4-3b70-fabd-d23d-342fe3833023
22501145,615,2026,4,6,22501145,cc8738a9-2461-b043-38d9-4d35e6b97d01
22501145,646,2026,4,6,22501145,2e6380f3-38f9-b81f-a113-cedfb074a8a3
22501145,648,2026,4,6,22501145,58d9b843-3db2-9965-aac0-b4d23e88c1b0
22501145,67,2026,4,6,22501145,1c85bb71-51f4-4054-a3eb-2d6fea5e02ce
22501145,675,2026,4,6,22501145,f3058ed8-6b98-4587-47ed-320f5a0bcb8e
22501145,679,2026,4,6,22501145,366afc16-77b1-05d2-2eea-558e721245d4
22501145,681,2026,4,6,22501145,80291672-bc88-c8e6-5f0b-d7488da3812d
22501145,81,2026,4,6,22501145,549fb143-dd1e-14c3-c31c-ca2e3ed2d973
22501145,85,2026,4,6,22501145,d8c7e887-2bf4-86cd-2bdf-00c2796ffa49
22501145,105,2026,4,6,22501145,78de1414-8ba9-f3bf-69b5-c493b72d3a6c
22501145,147,2026,4,6,22501145,108a5f86-8c78-b2f4-7738-7ed6559e0a6a
22501145,155,2026,4,6,22501145,dd7bd0a8-5a54-d849-e490-d14d73e5d4f8
22501145,233,2026,4,6,22501145,8d6abf98-c6ca-b1a5-8749-798a40d0519a
22501145,274,2026,4,6,22501145,465fd29d-4130-d479-b725-5e0aae0cf0e2
22501145,426,2026,4,6,22501145,cf353b1f-debd-6829-b557-75f3ab274633
22501145,485,2026,4,6,22501145,ebb77456-2b97-5a55-58e2-0fdee1dd8719
22501145,64,2026,4,6,22501145,2272afd4-9fff-c050-9f6e-737a633840c4
22501145,654,2026,4,6,22501145,7f33a11b-5efa-c864-0a28-72466313c8c0
22501145,10,2026,4,6,22501145,9562c8ae-6de9-9c6c-20f9-1a9c5bdd92b5
22501145,103,2026,4,6,22501145,3bebadf9-c402-708c-2896-83c63ec7eb52
22501145,108,2026,4,6,22501145,c3ff3858-bfcc-946f-1662-8f9047d9811e
22501145,119,2026,4,6,22501145,ef99971b-afc7-efa8-5368-66012fb66912
22501145,12,2026,4,6,22501145,4ce0f785-2e7c-488a-d020-d0099b6177c8
22501145,123,2026,4,6,22501145,9ddd0eb5-6abf-cd90-17de-f7fba02bd42d
22501145,125,2026,4,6,22501145,538f70c2-d926-2c26-5759-07a829004458
22501145,129,2026,4,6,22501145,a7d528d5-c2db-09d8-53c8-4cddec0e3eb0
22501145,139,2026,4,6,22501145,81087330-6a86-11fd-5221-3cea907bb552
22501145,14,2026,4,6,22501145,343f23b0-5d3f-23ec-0f7e-abd893f87e56
22501145,143,2026,4,6,22501145,d70fddd2-9fe6-e69b-9362-bb52dc8f3185
22501145,15,2026,4,6,22501145,75e95ced-f114-d093-7620-20fed633b245
22501145,164,2026,4,6,22501145,bab86dd6-2595-08c8-d0e5-230748da1a4c
22501145,17,2026,4,6,22501145,21c17f8a-801a-8a81-8d2b-337ae013de0b
22501145,180,2026,4,6,22501145,daeab213-c1b2-3f17-1e4c-b649f4d4ce63
22501145,186,2026,4,6,22501145,816dc1b1-bad6-f44e-0763-ae7f1409f884
22501145,197,2026,4,6,22501145,d5fe2703-a641-c9f0-f229-30800d0b4432
22501145,198,2026,4,6,22501145,e652c0cf-0cdb-76e3-28bc-a8a091071c9c
22501145,201,2026,4,6,22501145,07a52aed-2e7d-161c-2cde-db8cc116173e
22501145,214,2026,4,6,22501145,8aa77e86-37ee-78d4-fec6-9b53691c3571
22501145,219,2026,4,6,22501145,3900aaa6-45fb-835c-f131-1676bded1025
22501145,236,2026,4,6,22501145,2705c53b-56cc-e389-46bc-4758946a2a1f
22501145,238,2026,4,6,22501145,6effb8bb-d193-4563-a424-ef5f3afaf268
22501145,242,2026,4,6,22501145,1a6d2a16-1066-b1e2-379a-5f73a9715747
22501145,244,2026,4,6,22501145,dc0b9f7e-e19f-7781-87dd-6ca9a65aa49b
22501145,248,2026,4,6,22501145,512fc421-a002-5f55-2ac7-2f778c52c96b
22501145,250,2026,4,6,22501145,6247d1bd-6dee-8c11-0faf-97e4524d9cb4
22501145,26,2026,4,6,22501145,65e0fb03-309e-e3fe-ee29-c9a86b99874e
22501145,264,2026,4,6,22501145,ac862971-f2f3-c983-7377-3a166bdd77b9
22501145,270,2026,4,6,22501145,0b41ed61-727e-3ee2-f893-d64a9b167e82
22501145,277,2026,4,6,22501145,03550544-d1bb-f71b-8d67-35195b1a336d
22501145,279,2026,4,6,22501145,efd82f4a-51a3-8758-8f7f-affde800828d
22501145,28,2026,4,6,22501145,55b1835f-0acb-d107-4686-98e9da770071
22501145,293,2026,4,6,22501145,27577850-444d-e2a3-c4f2-c1492ddeb6df
22501145,305,2026,4,6,22501145,0a03c49f-85c8-cee0-bc95-f7b773aadbbe
22501145,313,2026,4,6,22501145,51220d7d-eb59-1255-e1d9-c3c890bd2a07
22501145,315,2026,4,6,22501145,5e56ebf5-cbfc-178d-8237-480cf1204858
22501145,322,2026,4,6,22501145,4d69a5b4-8cd6-c120-c836-bda0f6043457
22501145,334,2026,4,6,22501145,0fa662ec-21cf-b92c-1ffd-bcda5fe48967
22501145,342,2026,4,6,22501145,bb19679a-0baa-281b-8993-a74bb3c8b327
22501145,344,2026,4,6,22501145,de33e5ab-1c84-0adf-ac27-dff30e5d0723
22501145,36,2026,4,6,22501145,61b2e6e1-2045-51da-04be-d7feeb67d450
22501145,360,2026,4,6,22501145,41ea81cb-1be3-4a8e-a431-f29ffb8b8514
22501145,378,2026,4,6,22501145,9c47002a-c227-aecb-4363-6697b821158c
22501145,384,2026,4,6,22501145,33918d70-3ed4-a4ea-bbad-635be3caf414
22501145,386,2026,4,6,22501145,3fc2c9e9-eed8-e788-d00c-7730e80345dd
22501145,398,2026,4,6,22501145,e8d857b3-6917-d3a7-1493-f1be0c9d9e5b
22501145,401,2026,4,6,22501145,d10969be-2edf-e07f-3cff-587e07044c8f
22501145,404,2026,4,6,22501145,964cb621-ac18-2a17-859d-6ede51fd4b24
22501145,408,2026,4,6,22501145,d41ea510-67e3-808a-4399-1002d95f0025
22501145,412,2026,4,6,22501145,fabc27d0-7725-a58d-eb77-9f9c56a172a1
22501145,429,2026,4,6,22501145,b9524b38-84e6-594c-d862-718f9206f0e7
22501145,43,2026,4,6,22501145,b2b43e75-7d41-9510-7f2b-8bd73cc0798c
22501145,431,2026,4,6,22501145,ede76885-4df1-78b2-890f-59cc3ab262ac
22501145,433,2026,4,6,22501145,34c9bd07-5bda-fd3e-929e-5fff4816a0ec
22501145,435,2026,4,6,22501145,de6a760f-7980-c900-3ded-d358f3162540
22501145,44,2026,4,6,22501145,970cbf0f-da36-2bfd-9882-df2c572886ea
22501145,443,2026,4,6,22501145,87ec0251-6143-4af7-9272-41b34e33152d
22501145,452,2026,4,6,22501145,2ecb5b0d-e46f-49e0-cf9c-da6c94ad6cb4
22501145,464,2026,4,6,22501145,9b83574c-6cd5-7c57-645d-71fce2d88751
22501145,466,2026,4,6,22501145,4d1916ad-fc11-a3bf-fe61-ed20c4abfc65
22501145,469,2026,4,6,22501145,0b4a5814-f234-9d55-1c7b-bb237dceaa0d
22501145,477,2026,4,6,22501145,90b27d5e-5329-2a58-5b08-c81347e32f28
22501145,479,2026,4,6,22501145,2e689f34-5730-f553-84af-8d7c2c30e12c
22501145,48,2026,4,6,22501145,46a6266a-d35f-22f2-c716-e9a6aa12bc04
22501145,489,2026,4,6,22501145,2941f801-2ba5-3a05-7f35-3d210f655c8d
22501145,496,2026,4,6,22501145,16b21a5c-d022-e3dd-7e07-d1cb3201a32e
22501145,500,2026,4,6,22501145,c81fb4cf-2bd9-788b-f341-63699918248e
22501145,502,2026,4,6,22501145,f19cfa3c-032b-7ffd-4238-2f045e48fcf6
22501145,510,2026,4,6,22501145,e5fb75a2-83b3-b1da-7c9c-4c379417291c
22501145,519,2026,4,6,22501145,beb3282b-fc35-1bb1-85f6-2ca011ffd0fd
22501145,548,2026,4,6,22501145,92b1a15c-2745-a005-444e-4ac0de3cf4e0
22501145,549,2026,4,6,22501145,b94322a3-a2bf-89cb-a034-3513790ee019
22501145,569,2026,4,6,22501145,6c11a46d-2575-a5d1-3819-430a1d087404
22501145,596,2026,4,6,22501145,acb34bbf-c596-fabe-e618-4db6be011b98
22501145,598,2026,4,6,22501145,26408b9b-d801-6081-81e1-8b24821c6916
22501145,604,2026,4,6,22501145,83ef6ecf-9271-a4fb-aa09-9e39965c4a91
22501145,607,2026,4,6,22501145,9540a6f9-dbc9-ed92-7260-64938f644bd5
22501145,617,2026,4,6,22501145,73b9c8b3-52ee-4ca6-061f-869a4d9ada20
22501145,628,2026,4,6,22501145,f12c5521-88cb-8b6a-9c2d-c67b57970930
22501145,629,2026,4,6,22501145,ffd2eae6-b3a5-632f-0aa4-36e135f557c4
22501145,63,2026,4,6,22501145,cc9d2038-a045-1cb5-4508-6472d794a0cd
22501145,637,2026,4,6,22501145,2e8e42f3-c688-6650-9543-708de89308fa
22501145,639,2026,4,6,22501145,c4386079-d98a-5594-a518-94594139518b
22501145,641,2026,4,6,22501145,bd69a7b2-5b8c-f72f-2f3e-5fa669d3cd92
22501145,642,2026,4,6,22501145,03945500-2550-ac04-3cb0-40f969fc3c23
22501145,650,2026,4,6,22501145,bd411110-ac60-2a28-83ee-18566387aaae
22501145,672,2026,4,6,22501145,32b7f912-1696-d62d-77de-69e6fa1b6465
22501145,677,2026,4,6,22501145,1d79f3c5-26b6-1492-02b2-606f3217165e
22501145,693,2026,4,6,22501145,78882b03-3558-47b6-c764-fe23f60c3353
22501145,696,2026,4,6,22501145,a08a0783-9035-ca36-c3bb-9ea65eca66c3
22501145,698,2026,4,6,22501145,91a9eeed-3590-3b00-7141-9c62f47886b0
22501145,7,2026,4,6,22501145,22f399c3-fa93-295a-c515-04345b35a623
22501145,704,2026,4,6,22501145,02693372-2fe6-fde5-04d7-050aa0c536e6
22501145,713,2026,4,6,22501145,d42ea462-fe8c-7608-55ce-cfa7a5a4f7cc
22501145,78,2026,4,6,22501145,55d69141-b987-5c6f-3122-e14a70bb761c
22501145,79,2026,4,6,22501145,97c6be6a-b463-1d52-c691-841871465886
22501145,8,2026,4,6,22501145,35612bb4-9b0c-5578-8c73-a744bbf8b59f
22501145,83,2026,4,6,22501145,15289532-9411-bd27-00bd-385f092f87ef
22501145,89,2026,4,6,22501145,895011ec-3928-f847-1d1a-fae568825c1b
22501145,91,2026,4,6,22501145,b97ee416-2460-e9f9-5cd8-d45381ad13e0
22501145,93,2026,4,6,22501145,9b94a8cc-8492-96e6-8405-30d900539b82
22501145,95,2026,4,6,22501145,0c33fd6e-edd6-5cf8-5b3d-285dd172e1ca
22501145,99,2026,4,6,22501145,a01fe26c-0133-f858-6f60-730a933a31f1
22501145,100,2026,4,6,22501145,81e6aa3d-b4ed-4dd3-c8ae-fb5dd46c135b
22501145,104,2026,4,6,22501145,2bbaefc1-ecdc-311a-a241-3c5de3717baf
22501145,107,2026,4,6,22501145,6cbd941a-d67c-26f3-04d0-2d74bf0b6ab5
22501145,11,2026,4,6,22501145,339ac00d-d45d-e480-37f5-13162b859aca
22501145,120,2026,4,6,22501145,827ff636-c39b-0dc6-ff7b-f86d45dadf39
22501145,124,2026,4,6,22501145,680f0e0c-2696-bd32-30f0-3ded57342455
22501145,126,2026,4,6,22501145,a0746a0d-0036-521e-0346-e1e12423a6a2
22501145,13,2026,4,6,22501145,6d93fce4-37bd-378e-303e-424da9f2e699
22501145,130,2026,4,6,22501145,2f9e06e6-6599-ad5e-e389-b4d2452f9fe6
22501145,140,2026,4,6,22501145,3fa637c0-bbb0-c6ec-a8f8-a503a634f516
22501145,144,2026,4,6,22501145,cfb4d672-e323-d743-e144-d0ead7c3540d
22501145,156,2026,4,6,22501145,81022a41-8599-2597-46e4-67a95f70d20f
22501145,16,2026,4,6,22501145,2a77abc6-2006-5304-2522-e43bb268e256
22501145,181,2026,4,6,22501145,8ab09ec5-a8c2-5aed-4cb9-172f7624c895
22501145,187,2026,4,6,22501145,52f29b0f-16fd-6dff-34b0-24ad44edc113
22501145,196,2026,4,6,22501145,5db384a2-3c5c-1941-460c-9152cc87bce4
22501145,209,2026,4,6,22501145,c69ffce2-3cc3-dd14-8a77-35e23a7c4317
22501145,220,2026,4,6,22501145,92c80c73-55da-3c6a-5d18-d981907fc29a
22501145,235,2026,4,6,22501145,ed8b685b-122d-a8e4-9dec-2d8244b416c5
22501145,237,2026,4,6,22501145,c1c9198f-9e1d-bee6-5491-10fd887eb1a7
22501145,243,2026,4,6,22501145,f46dc1ec-c39c-26e9-a161-92c7dec0d10f
22501145,245,2026,4,6,22501145,3b85f3a1-5760-dc50-a2d8-93fcea487ac6
22501145,249,2026,4,6,22501145,81ec6823-c7fb-5c2b-e5c4-dacd78e055d0
22501145,265,2026,4,6,22501145,28bb0662-1c89-05c3-5c8e-390e4569b0c8
22501145,27,2026,4,6,22501145,4b913a22-f3cb-1af3-ef21-164132811263
22501145,271,2026,4,6,22501145,db3e3217-e102-8f95-05ea-bd7b037d476b
22501145,276,2026,4,6,22501145,bc07c6fc-6f01-25ba-98f1-cde67e323c6a
22501145,278,2026,4,6,22501145,c08ba818-bbd9-f84a-45c6-7a3c0b4d8ffe
22501145,29,2026,4,6,22501145,b9d03a20-0648-bc46-c8bf-e0c974004746
22501145,300,2026,4,6,22501145,59b84ab4-1f5b-1bae-b023-d5b7b6d7b02d
22501145,314,2026,4,6,22501145,c0ce8913-931a-4dd8-99d2-6b4ddf5d324e
22501145,316,2026,4,6,22501145,21e0d74e-b03d-d13b-1990-38538cce240c
22501145,323,2026,4,6,22501145,07b0dc9f-a1be-41f1-1533-52237308bf8a
22501145,335,2026,4,6,22501145,aa98afce-04e2-1ef3-0553-0b6528a7a0b5
22501145,345,2026,4,6,22501145,31ac254a-1882-1139-5c29-da7e98832bed
22501145,37,2026,4,6,22501145,e64ae8ad-a211-fbf8-1499-b41e51dbc909
22501145,370,2026,4,6,22501145,dc8e1ed9-cc03-08b2-e847-b848f1cbbb28
22501145,379,2026,4,6,22501145,62cc43e0-5afd-2d42-66df-6cc207b3ee54
22501145,385,2026,4,6,22501145,2d1f0033-713a-7999-cf09-503b55e368d7
22501145,402,2026,4,6,22501145,b8685f0e-1cdb-6156-d7c7-c778610b44bb
22501145,405,2026,4,6,22501145,9e4b3c54-ec7e-2229-0b63-488cacd8848e
22501145,409,2026,4,6,22501145,27f101ee-a949-e117-5438-4c51773671fb
22501145,413,2026,4,6,22501145,846c9b55-d2e7-49e2-298b-cab76a60339a
22501145,428,2026,4,6,22501145,e590bdcb-1e43-2045-db6c-6381b87f97d0
22501145,430,2026,4,6,22501145,bf2c1e83-767d-2da1-8231-6bcf08f188d1
22501145,432,2026,4,6,22501145,64c6693d-4e6a-6602-429a-6da9794877fe
22501145,434,2026,4,6,22501145,a023b978-febd-acfa-33ef-2157189de44d
22501145,436,2026,4,6,22501145,c717593f-46f7-4555-73ef-0237d267c0c7
22501145,45,2026,4,6,22501145,58e814b8-9952-dca3-3542-62ed39e3cafe
22501145,453,2026,4,6,22501145,e53c7684-e353-6c39-f412-d303198c2e3a
22501145,465,2026,4,6,22501145,a5f92737-36f6-a119-c2ea-8564ee611488
22501145,478,2026,4,6,22501145,85d75eea-a2ec-ef8d-2022-ca61f988d1a5
22501145,480,2026,4,6,22501145,65f7e67c-4806-fdd0-cafe-f31d5d307e95
22501145,490,2026,4,6,22501145,16dcce38-5a3d-75d0-21db-7cdec22d7e2e
22501145,497,2026,4,6,22501145,2228a20a-e606-e343-50b5-c6a3295fd5d0
22501145,501,2026,4,6,22501145,1240aff2-1711-5ec9-8588-fae124695821
22501145,503,2026,4,6,22501145,c3d0becf-b51b-7181-ef56-7e5c4549f943
22501145,509,2026,4,6,22501145,39601450-60f9-6042-2a48-39937f36bf0c
22501145,520,2026,4,6,22501145,94e16eac-6009-2d0e-9ac2-2bbd23e1e449
22501145,545,2026,4,6,22501145,50a6f81f-2b67-1955-fc14-c624116de8ac
22501145,570,2026,4,6,22501145,2c02ffa5-e1fd-7cb6-067c-eb056beb82cd
22501145,597,2026,4,6,22501145,6d79f5ff-1578-15d1-93e5-a84bef4e936a
22501145,608,2026,4,6,22501145,0bcb4df7-8218-ec48-6a06-0799ef9a16e7
22501145,618,2026,4,6,22501145,9629e4cc-a45a-9d58-a3a8-03dc2c52715b
22501145,627,2026,4,6,22501145,27975e97-0c25-239b-15ca-1e9dec2c32b3
22501145,638,2026,4,6,22501145,39541a4f-1824-527e-a2e0-8fbb4489651d
22501145,643,2026,4,6,22501145,b9a85473-6628-eb91-c2fd-73ae03eafb42
22501145,66,2026,4,6,22501145,02747ad6-7c9b-77a6-14a7-170334b42367
22501145,678,2026,4,6,22501145,3b522f18-7be1-317f-bf53-ccd5661db1a8
22501145,697,2026,4,6,22501145,cdb5e44a-4fd5-c1c2-5c43-dd4282e1ab49
22501145,699,2026,4,6,22501145,7322d195-533d-02b9-9e96-bf7313a9067b
22501145,714,2026,4,6,22501145,e3f83902-b2c4-6217-84ae-337d72c89a0e
22501145,80,2026,4,6,22501145,f2ee7d09-3123-792b-e60c-c1914ed003f7
22501145,84,2026,4,6,22501145,667ad96f-e659-2fca-5af5-d2c52a3ed9e7
22501145,9,2026,4,6,22501145,64fe675f-8d26-cdca-124c-effa75922742
22501145,90,2026,4,6,22501145,9e38c087-a731-d9f8-fed8-3bbf4a82cfe1
22501145,92,2026,4,6,22501145,ca2e84dd-5331-662e-73f9-3369b78118f3
22501145,94,2026,4,6,22501145,0a4a155e-a5c8-787d-6582-b5719524944c
22501145,127,2026,4,6,22501145,ed45724d-3002-0f56-381b-d62277367a00
22501145,131,2026,4,6,22501145,c9b8af0b-59b7-7b74-d789-7adf3c202a43
22501145,145,2026,4,6,22501145,1dfc3692-361f-8906-bb4b-9fc7c949eb04
22501145,159,2026,4,6,22501145,25fd9a92-0075-f0d9-ccb8-87d126bdea8c
22501145,188,2026,4,6,22501145,0c4cd617-beb0-4cc1-2595-7770ccb02f31
22501145,212,2026,4,6,22501145,dfb53731-94bd-8fd3-b996-6fecb87b2b7e
22501145,246,2026,4,6,22501145,6c6e779b-2e70-d189-e3ee-5811be239bf0
22501145,30,2026,4,6,22501145,d19eb782-35fd-0bcd-f7eb-5b655dcddcc8
22501145,324,2026,4,6,22501145,73c7b9a5-be43-09cc-dc6f-cb818aeb3a93
22501145,326,2026,4,6,22501145,ace6ec81-2a99-7d87-38d8-1209c3957755
22501145,336,2026,4,6,22501145,9e5f51cf-f517-7af3-8f2e-f7c90fbe2d79
22501145,410,2026,4,6,22501145,bae9bb22-9a13-5aa6-2198-897b1a0b1548
22501145,467,2026,4,6,22501145,25d54411-59ca-d202-2aa2-549eafc3c707
22501145,498,2026,4,6,22501145,0041a646-1d3f-b3fe-a035-3fe854dff0b9
22501145,512,2026,4,6,22501145,f4d6e7e3-b6ce-3479-6b4f-322117546a21
22501145,514,2026,4,6,22501145,3c5f4e16-2854-1d8c-9d3e-69b67aa5b00c
22501145,546,2026,4,6,22501145,41fd0001-93bd-015f-342f-3471bbdbc8a1
22501145,644,2026,4,6,22501145,90e8d8de-1d25-5af7-ae72-026db95e0237
22501145,87,2026,4,6,22501145,8d73c6a9-46ad-a0e8-71df-d327dfe62715
22501145,211,2026,4,6,22501145,85bf7961-d22c-9f9c-404a-9ad1ce45739a
22501145,40,2026,4,6,22501145,f3f3fd48-77ae-8f18-0596-74721d4fce35
22501145,461,2026,4,6,22501145,14a1ee32-ba1b-1db2-c87c-ef0cd091f28b
22501145,511,2026,4,6,22501145,1604372e-51ea-d085-4f05-907c63c12ef7
22501145,611,2026,4,6,22501145,54a2ec03-39a2-e15a-ca51-7858ac9144d3
22501145,612,2026,4,6,22501145,e7f85505-27a7-f320-2d52-c91eccf6af29
22501146,105,2026,4,6,22501146,31429605-e853-41a7-2b03-a3bbdf8e2860
22501146,124,2026,4,6,22501146,5bac256d-04f0-5a48-fe4d-9412ae9a03d6
22501146,146,2026,4,6,22501146,4a3cf072-8b65-bb6a-f5b5-5b40b84cfcc4
22501146,151,2026,4,6,22501146,84383ff9-de76-f3a4-8582-4d537352783f
22501146,155,2026,4,6,22501146,b0da2ea9-152f-0c0b-4616-899ef0ba8936
22501146,163,2026,4,6,22501146,6c52d7b7-b6d6-242f-88fb-e20b0caec5e0
22501146,17,2026,4,6,22501146,45a03c95-eb87-8891-e602-2d9488512990
22501146,211,2026,4,6,22501146,ab6508d2-ca43-cdc2-5ab2-2d9319457ba7
22501146,219,2026,4,6,22501146,3bc40d43-ce7d-019d-93d8-ba470fbc466a
22501146,221,2026,4,6,22501146,4d9eb81c-9dfa-9e91-0694-fb90328d343e
22501146,23,2026,4,6,22501146,f5a34887-1188-2927-6cc9-a7b7b5949963
22501146,231,2026,4,6,22501146,65b10cf2-3e03-39c8-63bc-186d22e423d6
22501146,237,2026,4,6,22501146,fe714b62-0bfe-6897-90bf-1d84790c4a05
22501146,239,2026,4,6,22501146,4c86e967-aa55-a433-0432-3fd1dfc996d9
22501146,258,2026,4,6,22501146,c661d9a7-c491-b8ab-5471-975b6e6b3a70
22501146,265,2026,4,6,22501146,980d5955-56cc-533a-ec25-07b9a5baf97f
22501146,272,2026,4,6,22501146,4611b933-d66a-8e49-f663-54a0bc6e97d4
22501146,287,2026,4,6,22501146,1ee43c08-d678-f2bf-20e4-5e4d47b638e4
22501146,296,2026,4,6,22501146,14c64282-1fd4-3c81-c645-8558f7801fe2
22501146,314,2026,4,6,22501146,c8b4bdaa-753c-1287-22d4-9aa050a03cb0
22501146,322,2026,4,6,22501146,d6548173-fd24-c51f-4122-423a5f52881a
22501146,331,2026,4,6,22501146,f8e89aca-33f1-fea8-fd72-dff3302f35ae
22501146,384,2026,4,6,22501146,978511e6-38f6-98ff-2b3d-e4fe1a1d9c52
22501146,390,2026,4,6,22501146,f6f06b23-bb2f-975e-cc15-3e86f00ed937
22501146,392,2026,4,6,22501146,0ba77b6d-1763-6381-ad1e-b7dcf172a884
22501146,394,2026,4,6,22501146,8cde6834-1e37-e85c-5a48-2bc5260b242e
22501146,398,2026,4,6,22501146,7704d512-15a9-3625-5039-723f0e7d55a6
22501146,402,2026,4,6,22501146,493b9f0d-fe2b-251c-05c2-250dcf050e60
22501146,406,2026,4,6,22501146,a53981c2-24e9-a192-d05f-e184a7034815
22501146,414,2026,4,6,22501146,faab82ea-6f53-4fc2-487d-5926d2003625
22501146,424,2026,4,6,22501146,e1b27f97-7c8d-2871-7abf-c7ab615a671c
22501146,435,2026,4,6,22501146,75ac6b00-1bb6-befb-474a-bc8665ae3e31
22501146,477,2026,4,6,22501146,75cd3864-d469-bfac-f79c-d9aed2e58edb
22501146,519,2026,4,6,22501146,9aa4819c-b0bf-f3f6-4bcd-6532ff15f2c8
22501146,53,2026,4,6,22501146,86f5be6e-f81d-4ebf-fc98-ef0a4fd384eb
22501146,534,2026,4,6,22501146,a402b1eb-2bf2-3858-a805-4c542484ebdc
22501146,55,2026,4,6,22501146,23d0265f-1f2c-ae07-58a4-5c138fb789da
22501146,559,2026,4,6,22501146,d5140170-3e04-738f-ebbe-7150c5266198
22501146,575,2026,4,6,22501146,bc4921e1-fee8-8868-4f7d-01922697753a
22501146,587,2026,4,6,22501146,94390c79-5bac-304e-ba59-3cf1000e143e
22501146,592,2026,4,6,22501146,be52ab7c-fdc9-7a52-10b6-de88234b34df
22501146,611,2026,4,6,22501146,ab9e0170-f0fe-f30e-91fd-7ee3e6fc6813
22501146,67,2026,4,6,22501146,a71858fc-abb4-7eb9-02b3-b3b9586e21c1
22501146,674,2026,4,6,22501146,065fe7ae-9774-0946-cc2a-c9be08bb14e4
22501146,681,2026,4,6,22501146,925f5448-0274-2303-939c-ec75c24e3699
22501146,76,2026,4,6,22501146,759370c3-0324-c5b2-a6ee-a587835c5a25
22501146,78,2026,4,6,22501146,2de5029e-263f-f3a3-7f0d-34f1baec8bda
22501146,81,2026,4,6,22501146,f38a0397-e064-794b-d581-74dced686226
22501146,11,2026,4,6,22501146,d658ef46-e636-825d-4510-aeb972e3af56
22501146,137,2026,4,6,22501146,ef79d662-0142-e11d-6f1a-a2683fc27d27
22501146,148,2026,4,6,22501146,f0d8bfda-fc38-39e7-97b2-873c6c6f2034
22501146,190,2026,4,6,22501146,8f0471b8-004d-b02d-8de5-0f6e8c9f0f36
22501146,381,2026,4,6,22501146,a42a7ec9-b686-9bd7-44b2-194544852964
22501146,480,2026,4,6,22501146,51d32e04-4f82-f26c-6eec-0704bde1ff27
22501146,508,2026,4,6,22501146,3fef8740-1488-c271-f453-c6214f81910c
22501146,634,2026,4,6,22501146,bb9fa96b-fdab-7abb-436f-24796c751b97
22501146,678,2026,4,6,22501146,3c42519a-b764-2068-9313-d18ee83a5c1b
22501146,73,2026,4,6,22501146,cefc0af7-494c-0233-7311-e3869b933c5a
22501146,100,2026,4,6,22501146,180a3a8e-966c-e976-92ff-edfdb089a91e
22501146,101,2026,4,6,22501146,fea570d8-43e3-c0fb-ba4b-1b8ac118ac21
22501146,114,2026,4,6,22501146,2ae7dba5-37a8-f865-b74a-21f2061249af
22501146,122,2026,4,6,22501146,4ef45878-0009-6e80-6721-6b920a0366d5
22501146,136,2026,4,6,22501146,f702ae57-6720-4b5c-5317-851e002926a6
22501146,140,2026,4,6,22501146,a5b267db-149b-8400-82bb-21c00a20c151
22501146,15,2026,4,6,22501146,1c2e31a1-dd37-a7bb-daf5-d9553b02597d
22501146,157,2026,4,6,22501146,770b743b-94ee-e7d2-b442-20198ba659f9
22501146,164,2026,4,6,22501146,c086ebc7-f627-0693-a25c-2ffb3b912db1
22501146,181,2026,4,6,22501146,13dd6533-e4c1-3839-fb09-36905a7e1098
22501146,188,2026,4,6,22501146,944ad0fb-9b1e-51c6-8abb-70325837db86
22501146,193,2026,4,6,22501146,4a1d01dc-332f-7674-35b5-bfdf831e0c34
22501146,197,2026,4,6,22501146,fde9a1e9-809c-49cf-7b29-6cb92a2eabd7
22501146,21,2026,4,6,22501146,b53db497-ba96-d1fd-7372-c0db9c6e50ce
22501146,210,2026,4,6,22501146,46d4a05e-48a5-7b8f-ec1f-32991de19065
22501146,224,2026,4,6,22501146,6b413fc3-619c-31a8-e790-3571ee646087
22501146,243,2026,4,6,22501146,7045cbcc-cefa-9df9-7d0d-261c379191e4
22501146,244,2026,4,6,22501146,b3aa8a04-0d8a-91b7-88a6-87bae757e7bb
22501146,246,2026,4,6,22501146,0e2a2cf5-9e73-41cd-0e14-95b2294b32ea
22501146,247,2026,4,6,22501146,e901ada4-2dd3-ba82-5d95-87898def9ce7
22501146,249,2026,4,6,22501146,2bc6ffe2-816b-1bb2-0697-c72407e9e7b8
22501146,25,2026,4,6,22501146,0520dbee-2985-21d6-0f9c-4bdc60cdbc40
22501146,267,2026,4,6,22501146,3422587c-a06b-779b-dd52-234d0023afe2
22501146,270,2026,4,6,22501146,6f1da041-dd10-ded3-3792-bd48a74034bd
22501146,285,2026,4,6,22501146,9db9feb2-28b1-947b-8d5e-4e1cd36e2f16
22501146,289,2026,4,6,22501146,3fde2016-cd0d-e744-b567-4fdc957602d3
22501146,291,2026,4,6,22501146,789e59d2-a0d0-7918-48d3-168603f00d31
22501146,293,2026,4,6,22501146,4da79d3b-3125-04de-87bb-76e0967e0b4b
22501146,294,2026,4,6,22501146,8fd50e6c-ce7d-5eb1-f35d-2b21a8f8503d
22501146,298,2026,4,6,22501146,77792010-5555-8648-dd71-6552f3cecb5c
22501146,300,2026,4,6,22501146,4a7de499-d886-548a-9588-a592623e0e32
22501146,302,2026,4,6,22501146,a6144ac4-7699-708d-a3a9-eee73043cbdc
22501146,308,2026,4,6,22501146,8a76b3a1-b660-16f4-7082-a7dc46971ce2
22501146,31,2026,4,6,22501146,a313c92a-8825-65b6-3549-7f10c0aae07a
22501146,310,2026,4,6,22501146,bace19a9-60a8-8cfa-f661-ae0d57ea625b
22501146,312,2026,4,6,22501146,76d854ea-d208-a639-2ae3-838890c48678
22501146,324,2026,4,6,22501146,49a3a7ac-fe5a-0695-f40b-1a26e6b00246
22501146,326,2026,4,6,22501146,5caefa03-d382-86e0-b50c-65dca817590c
22501146,33,2026,4,6,22501146,1c3c58a0-fa1e-5873-0087-6ac16f3f158c
22501146,330,2026,4,6,22501146,3ed9c650-403c-4867-a1e3-d05e3d01c44e
22501146,338,2026,4,6,22501146,9e395dd5-090f-e812-0b07-d9f4c6c63709
22501146,35,2026,4,6,22501146,0e6065dd-ff9a-fcb6-c70a-a0d570e68a54
22501146,354,2026,4,6,22501146,7bbc3e92-20ec-2fcc-bcc1-170a61bbb296
22501146,357,2026,4,6,22501146,971557ec-37b5-a140-caec-36942b92bbb5
22501146,386,2026,4,6,22501146,e74fee5d-2807-a381-5aa4-72e03d6fa69a
22501146,388,2026,4,6,22501146,8233a470-2632-4d0a-e625-9af633b55131
22501146,400,2026,4,6,22501146,d879cd22-84ad-d8f7-6def-b18173cf4d32
22501146,404,2026,4,6,22501146,cb5a4f2f-1adf-70a3-1863-cabbca6b3a2b
22501146,409,2026,4,6,22501146,302a06c9-0e58-0653-1611-c171d9c66884
22501146,41,2026,4,6,22501146,979e2fff-06df-95e6-6f7c-aa6ef983c268
22501146,412,2026,4,6,22501146,cc5bcd12-674f-9e71-9a44-d94dd7eb0123
22501146,417,2026,4,6,22501146,8b81b92f-dbd4-a64e-08ad-f54618b0b5ed
22501146,426,2026,4,6,22501146,d9e313af-c11f-5147-1c96-cc77fd11ad86
22501146,43,2026,4,6,22501146,e35a595e-0e4a-2922-3818-12b6a9c9476d
22501146,431,2026,4,6,22501146,f986ce99-8a81-c909-0011-3a594fde6619
22501146,433,2026,4,6,22501146,c2c0ed02-1ecc-7883-1d2b-b8ff361b69ab
22501146,44,2026,4,6,22501146,cf0e44db-9ede-aae2-4b40-f7d8f4b804b2
22501146,452,2026,4,6,22501146,c4ae9f5a-3ee0-72f7-30fa-2b65b2e36269
22501146,458,2026,4,6,22501146,e7b5deb8-2e24-5259-b348-cda9bcb0b3d8
22501146,46,2026,4,6,22501146,dab72b96-060d-686f-8f3b-15d404ed19ef
22501146,468,2026,4,6,22501146,9ed48e44-0fc0-3588-5c3f-70818af74ee3
22501146,470,2026,4,6,22501146,b44a52cb-59cb-76e9-91cc-b3bf7888286d
22501146,472,2026,4,6,22501146,ad4decac-121f-bc09-6dd0-38cef80005c5
22501146,474,2026,4,6,22501146,07a4db09-92c6-f506-0c76-a26483f7cb25
22501146,48,2026,4,6,22501146,37be4c37-af33-8bc8-0fce-a60d0c51a6dc
22501146,484,2026,4,6,22501146,9af54f8e-09fc-1659-a27c-49abda0ad64f
22501146,486,2026,4,6,22501146,c24df252-8fe4-20a2-41eb-33ca96321eb7
22501146,488,2026,4,6,22501146,f79e0aa4-70b2-41cf-2674-1896573fcb83
22501146,490,2026,4,6,22501146,c99d0a6a-e0ef-7136-9f79-c8aaf3b05e27
22501146,50,2026,4,6,22501146,7d69408e-e761-76c5-9e44-b4b04cc24df1
22501146,506,2026,4,6,22501146,bef475c0-750b-3f48-d7cf-b5a377668273
22501146,512,2026,4,6,22501146,2dfdef55-5b8f-b8d6-7762-9da8fa896fa5
22501146,513,2026,4,6,22501146,8b3fd5d0-0e60-4a8c-c79f-8d025b8dc20a
22501146,515,2026,4,6,22501146,81448159-e883-8fe6-a061-6ead89bb9ea4
22501146,516,2026,4,6,22501146,34d8e316-b16a-8ac5-0b59-6e4c8084938a
22501146,518,2026,4,6,22501146,cbe3bdea-9cb0-9e1a-dc7f-58255f174b9c
22501146,52,2026,4,6,22501146,7a2c4889-cb45-80cb-3ab8-be6c00a8f799
22501146,525,2026,4,6,22501146,b8f6400b-5bcf-4ce6-1aa8-a3e707c596c8
22501146,530,2026,4,6,22501146,f8211f1c-5369-1f89-2e3f-ff7c33ec8c83
22501146,532,2026,4,6,22501146,62d44495-9e98-e68d-7877-13e78704e552
22501146,550,2026,4,6,22501146,6b5dcaf3-1d0e-72e7-bd74-7cf1c49a2edf
22501146,552,2026,4,6,22501146,60614a6b-2427-d424-8321-de8493526ff1
22501146,553,2026,4,6,22501146,612cf4ed-e562-55a1-a69d-d8964e222dd7
22501146,561,2026,4,6,22501146,11689653-4cb6-051c-be2b-ecc6a23260b3
22501146,567,2026,4,6,22501146,fbfde192-369b-36c8-d577-e2be9ed0c3b6
22501146,569,2026,4,6,22501146,303eef94-976a-d764-81e7-135b1f4a363e
22501146,571,2026,4,6,22501146,5ec3318e-936e-0dd0-3de6-94870b2f8660
22501146,573,2026,4,6,22501146,77aec849-3392-01c9-327f-d532d47d79f0
22501146,577,2026,4,6,22501146,4eec5e86-bedc-1b9e-7ca8-a8af49f2e8b6
22501146,579,2026,4,6,22501146,445b82c8-98f5-88f8-70be-fbecc0a5b9cd
22501146,585,2026,4,6,22501146,958139b6-9d90-aef5-f19e-ccecb2ac8659
22501146,589,2026,4,6,22501146,470ea32c-3cb8-ab9f-890b-9b16f721383b
22501146,591,2026,4,6,22501146,88511891-80eb-97de-d362-aa0d1137077b
22501146,594,2026,4,6,22501146,f132ab21-59dd-be1d-58b2-b9bf192e1069
22501146,613,2026,4,6,22501146,8db25df6-8ab8-79f0-9f24-fa0d841d5220
22501146,614,2026,4,6,22501146,0f47d0e7-07c0-720e-dba1-089cba5e841a
22501146,616,2026,4,6,22501146,533b3f25-bb13-c4c7-6370-6c764b04d311
22501146,620,2026,4,6,22501146,d0386de9-cf84-d22e-4667-87bca4e720de
22501146,626,2026,4,6,22501146,7c7a5c2f-7463-99b8-0507-efc3d70ee52b
22501146,628,2026,4,6,22501146,e25b6da7-8661-dfed-d655-dd593322ca92
22501146,63,2026,4,6,22501146,d115b286-346e-e6e2-c0ba-7e065fb56132
22501146,632,2026,4,6,22501146,a15ec781-c9d0-cbdf-b43c-7dce82e43a44
22501146,637,2026,4,6,22501146,60375021-3f61-7cf8-0f5e-6ba9dc624316
22501146,641,2026,4,6,22501146,2580515b-5d0b-d584-c6ef-29dab6ee0886
22501146,643,2026,4,6,22501146,66b88d9a-7dea-e418-a548-df3ffd6fc168
22501146,65,2026,4,6,22501146,d5fd04c5-0304-414d-794e-03dedf4c22f9
22501146,650,2026,4,6,22501146,50f150b7-1fc9-dbd8-c380-3b65c4993a06
22501146,670,2026,4,6,22501146,2f302997-35bc-5572-501e-0612a082cff9
22501146,672,2026,4,6,22501146,b8038800-3dc4-4a03-b2c0-5586d9ccd532
22501146,676,2026,4,6,22501146,25012a15-c85f-a6e0-fbc8-89498b27840c
22501146,683,2026,4,6,22501146,2df063cc-07e1-8f07-f7ec-7427995c91c0
22501146,690,2026,4,6,22501146,7619d2c3-e8af-626c-5e5b-f7c94f2b6824
22501146,692,2026,4,6,22501146,8bb44df9-2ef9-2123-d83f-468a5d3e1f79
22501146,697,2026,4,6,22501146,580d4cc1-bf07-00d5-8906-b3c31233df75
22501146,698,2026,4,6,22501146,4fbdef3f-9478-398d-82cb-b08367d31ef4
22501146,7,2026,4,6,22501146,07fbe0aa-3ba9-281c-9320-cecc013ebe7a
22501146,88,2026,4,6,22501146,e84ec21e-2980-a44b-e3a6-2b78f2b8daec
22501146,9,2026,4,6,22501146,a2486bde-2e3e-5b94-6866-93eb4d2be406
22501146,94,2026,4,6,22501146,b9a3b995-c811-95ee-9659-a6a0978b338d
22501146,98,2026,4,6,22501146,cfb8ddc6-9001-1c2e-a1f9-bc53d611afce
22501146,10,2026,4,6,22501146,291ecb4b-e9ea-ba91-3ff7-025c2f27ba68
22501146,102,2026,4,6,22501146,e6fd50b9-061c-b273-59c8-6996084b7ce2
22501146,123,2026,4,6,22501146,a855c434-518f-c2f7-651f-08b257862260
22501146,13,2026,4,6,22501146,df66a04a-29f4-de39-b9b7-2a920bf07727
22501146,139,2026,4,6,22501146,fd197317-139d-2eeb-6034-04674c938888
22501146,141,2026,4,6,22501146,1f9ecceb-57b6-fe99-0d4f-29441b9b6cf1
22501146,150,2026,4,6,22501146,19eab19b-6dba-67f6-558f-23930e6a339d
22501146,158,2026,4,6,22501146,1092cc70-28ec-966c-701a-682f91a767ac
22501146,16,2026,4,6,22501146,8d4b0896-6de4-eec5-f65d-be7fb903cd18
22501146,165,2026,4,6,22501146,d8727701-c5fd-79b5-c025-6b39906284cd
22501146,182,2026,4,6,22501146,933cea3a-19f1-9468-b335-9f7c731a8fa5
22501146,189,2026,4,6,22501146,6f89d015-02b6-fec5-ae3d-3cf60fd49e4e
22501146,192,2026,4,6,22501146,07e9420d-61ba-e872-5c84-9a792cbe8a98
22501146,198,2026,4,6,22501146,11ab26ac-ae45-6036-0881-5d9addeb3e7a
22501146,22,2026,4,6,22501146,384760b8-7ee7-b040-f72d-bd6c93a6bf70
22501146,225,2026,4,6,22501146,d092a4a3-f8da-72d4-3b84-dc121e32480b
22501146,230,2026,4,6,22501146,9a604c8c-ec33-f862-b7f6-c1d34f5b5100
22501146,245,2026,4,6,22501146,e3c07af9-9ad7-5b05-54a4-61b614ddb0da
22501146,248,2026,4,6,22501146,51dbaac3-3d36-6d92-d8a2-891f61520a37
22501146,257,2026,4,6,22501146,c6ac1a47-0757-140e-3228-51ca77f31c57
22501146,26,2026,4,6,22501146,a518e403-5d00-6df4-141a-d6b306947b7a
22501146,271,2026,4,6,22501146,7868c137-5b8b-e732-ba1d-aa4b82cef758
22501146,284,2026,4,6,22501146,e63d1ef1-5f91-49ea-c4ae-e393de6b3074
22501146,286,2026,4,6,22501146,f03acc5c-d0a4-1dcc-b3cc-f85de89879b2
22501146,290,2026,4,6,22501146,88b0fd5a-5947-7211-834f-4740dde18afa
22501146,292,2026,4,6,22501146,e3572ff4-c18c-2e06-65ef-0b88e9dbd6be
22501146,295,2026,4,6,22501146,27e08156-9c1b-99da-c954-782639576db1
22501146,299,2026,4,6,22501146,cfba2aaf-5bbe-0a50-6d2b-9115092ce3a6
22501146,301,2026,4,6,22501146,e256c2c5-bed0-5cc5-3932-b241ac9ba229
22501146,309,2026,4,6,22501146,bd75527d-a3e9-7c33-9352-1642d6fe2d48
22501146,311,2026,4,6,22501146,1e87fb59-9676-18af-d617-1c833b6330eb
22501146,313,2026,4,6,22501146,ec96f923-41a9-b456-6cc0-9c73b8ea58f0
22501146,32,2026,4,6,22501146,60f8fed8-ec02-30c2-0308-e9d0950f3d75
22501146,325,2026,4,6,22501146,d92c7849-803e-baa9-f0aa-53124a714fd1
22501146,34,2026,4,6,22501146,413539b9-d827-e934-4b72-6caa97a5d692
22501146,353,2026,4,6,22501146,16a38336-7869-6a02-7de1-494cd16ffe2d
22501146,358,2026,4,6,22501146,9a3d979e-46ca-a0df-4bda-b6b73cfd542f
22501146,383,2026,4,6,22501146,7f9bf6a7-a731-70c4-9195-95cf3837cb55
22501146,387,2026,4,6,22501146,86b14ffa-3851-3e8d-42e3-3957a91bec03
22501146,389,2026,4,6,22501146,1ecf9174-12ab-23a6-80ba-58ca6be2b8ba
22501146,401,2026,4,6,22501146,c3ba748f-1250-04dd-a0eb-d2eb174c6915
22501146,405,2026,4,6,22501146,e880001d-9592-86ff-5840-41c1c933c77a
22501146,413,2026,4,6,22501146,91dd5fc2-259f-1a81-01e0-168b1803fce4
22501146,418,2026,4,6,22501146,977b5823-481b-e0a6-66b7-53df1c3fdc8f
22501146,42,2026,4,6,22501146,1ed21670-1334-3779-0038-1ab05fc65b1d
22501146,432,2026,4,6,22501146,64d2d863-fb49-4e43-7327-4b5b28ab27dd
22501146,434,2026,4,6,22501146,ece2ebab-cdbf-9c5e-552e-3f2df90b1f5c
22501146,45,2026,4,6,22501146,65671ed8-4993-795f-d1fc-c653a61265a6
22501146,459,2026,4,6,22501146,4d4af279-c72e-e243-7392-b433380689f5
22501146,469,2026,4,6,22501146,fe184c95-98b0-dfe7-da34-8a72800c6e97
22501146,47,2026,4,6,22501146,ddf5a47c-5416-5b07-c0f3-496f56ea607b
22501146,471,2026,4,6,22501146,53fe5b51-daf5-c69f-a533-d780b255aa30
22501146,473,2026,4,6,22501146,d07ac87e-4415-6e56-6345-058dded61f47
22501146,485,2026,4,6,22501146,0255db58-140e-bd93-9ba2-1bb388e6a96a
22501146,487,2026,4,6,22501146,059434b9-9aeb-8492-73b9-b3cd40af17cf
22501146,489,2026,4,6,22501146,bc3c1b46-a5a1-a03a-a522-c09fa2fc1a5a
22501146,491,2026,4,6,22501146,9192b2fe-f31c-9b8c-149c-9d9bb90ea489
22501146,505,2026,4,6,22501146,9f528f2a-221a-58bc-f308-1b4820691f8b
22501146,507,2026,4,6,22501146,4e709e1c-c162-5f0a-6c75-fd74a969f3a2
22501146,51,2026,4,6,22501146,998fcb0e-6869-4cdc-fa98-5c2cbe5c5c00
22501146,514,2026,4,6,22501146,f63eff2b-e491-d72b-bafc-b2100dfadea0
22501146,517,2026,4,6,22501146,46bf99fc-7013-b8df-3d01-1fa89a65036f
22501146,531,2026,4,6,22501146,bca328de-ddb4-de00-f7ca-aae2de9b2237
22501146,533,2026,4,6,22501146,34822738-6aec-d826-f320-3f380ac3780a
22501146,562,2026,4,6,22501146,5393b7a8-ce05-02cd-8842-375a020022ff
22501146,568,2026,4,6,22501146,ff05640e-8c07-4f0d-bc61-9a17a2367de1
22501146,570,2026,4,6,22501146,2ba9cb1b-331e-a138-77b6-1e95dac450c4
22501146,572,2026,4,6,22501146,ee111384-0da1-14f1-41b7-13a56a814a7a
22501146,574,2026,4,6,22501146,4372c2a1-3daf-7265-af61-a8ce43736215
22501146,578,2026,4,6,22501146,ee6b61b6-03ef-e6b7-ba8f-a4f9168d079a
22501146,586,2026,4,6,22501146,2f77b8de-d1c4-e40c-6dd7-217aed215e48
22501146,590,2026,4,6,22501146,79717215-93fd-0a73-2d70-dabe2133222f
22501146,615,2026,4,6,22501146,e73d418a-1d4b-b648-ccf3-641c30c17712
22501146,617,2026,4,6,22501146,e8cad743-0905-4713-1657-fec4dfbbf659
22501146,621,2026,4,6,22501146,d9814a01-fba0-a280-6505-d69108bbf20a
22501146,627,2026,4,6,22501146,9b9bc72a-d1ba-1914-2e84-858dcd26e034
22501146,633,2026,4,6,22501146,36ad536f-cc1d-6ca2-4a33-d77f51506bf6
22501146,636,2026,4,6,22501146,4204fbc2-153f-2b23-c373-0ffa37d07a17
22501146,64,2026,4,6,22501146,40e47f05-f84a-56ba-231e-0160d00259cd
22501146,642,2026,4,6,22501146,994ae986-7d6b-137d-0ec6-1edebf2ec2cc
22501146,644,2026,4,6,22501146,c66403ef-0a43-d16e-16c2-1b5da61439e6
22501146,657,2026,4,6,22501146,0004b881-7a35-a5e2-8788-0765ec16d4c3
22501146,66,2026,4,6,22501146,b2e4b38b-0c81-1891-51a6-18e8445d3832
22501146,669,2026,4,6,22501146,d2bda4f3-12cb-44c7-3af5-63be16aafeb4
22501146,671,2026,4,6,22501146,58868a3d-6759-c205-f227-94ca4bafe8c7
22501146,673,2026,4,6,22501146,f017b0a7-1f57-2801-3145-d7cf7ea5a7af
22501146,677,2026,4,6,22501146,415cbb8c-1f40-1826-1cb3-0fde0481495d
22501146,680,2026,4,6,22501146,3136f186-2753-ca6b-8705-5c4aaf4f72dc
22501146,691,2026,4,6,22501146,5a7f5c2d-6903-5ba1-65b4-240cd8d3a895
22501146,693,2026,4,6,22501146,681f2308-af9c-b893-2364-85c4b5576302
22501146,699,2026,4,6,22501146,d3fe3211-ce6c-e751-d31b-5105b7372270
22501146,74,2026,4,6,22501146,d70e9ce9-c2c4-3d0b-84d0-fd6d5970a566
22501146,8,2026,4,6,22501146,64c5e9ca-585c-86b9-5f3a-25c86783a1d2
22501146,95,2026,4,6,22501146,c9e717e6-a68a-6435-79c4-333479230dbf
22501146,99,2026,4,6,22501146,1aa0dcaa-f97b-2818-7eba-34169a0115cf
22501146,134,2026,4,6,22501146,428a6e77-d5e6-88fa-3bed-64c42e8a0341
22501146,153,2026,4,6,22501146,f864b05d-3c9c-f04c-c18e-c3f91635f567
22501146,159,2026,4,6,22501146,2b3592b2-1912-393a-e24d-a451a13c3fa6
22501146,166,2026,4,6,22501146,720d5ed0-e12b-96d9-31f1-9792f39e564b
22501146,169,2026,4,6,22501146,63821bdc-8f4b-04d5-74bb-8752597c6e81
22501146,19,2026,4,6,22501146,b4b2ee01-9af4-2bd2-8d32-0e7137472907
22501146,199,2026,4,6,22501146,54020ff9-f33a-d73e-88c3-9b17f75b2a7a
22501146,241,2026,4,6,22501146,9762a3e3-3bab-8515-0c24-afa0d1a831fc
22501146,336,2026,4,6,22501146,ea63264f-144b-88b9-cc97-8426922bbf81
22501146,374,2026,4,6,22501146,9abc5b3c-3457-4435-dda6-bd275c87bf36
22501146,39,2026,4,6,22501146,ad48c6d8-6476-d121-56b2-eec3480a9b73
22501146,396,2026,4,6,22501146,9232e3e5-f8c6-befc-d12b-9e12a562fa5c
22501146,604,2026,4,6,22501146,4ed6743a-1ad9-b8e1-735e-ca22dd2a40b9
22501146,688,2026,4,6,22501146,762d9c85-a4fd-2671-d1ff-7f1d4b6305fb
22501146,703,2026,4,6,22501146,cca9a6ab-d8fd-eccf-67c5-2d980abc9604
22501146,107,2026,4,6,22501146,807a84e4-f1b4-7f18-7233-3a9f096d0d50
22501146,127,2026,4,6,22501146,b6b749d6-f8c5-d2fb-1f28-9c7298784b01
22501146,264,2026,4,6,22501146,8a1dcb5f-0b40-9ddc-5e38-3586ae89ec3f
22501146,416,2026,4,6,22501146,4e301ffb-0325-a49f-2303-45b31a482d63
22501146,647,2026,4,6,22501146,d2968193-5c74-cc31-8ae4-a12308cacdc1
22501147,100,2026,4,6,22501147,af1acdc9-f18d-ec2d-080e-63e2d78b158f
22501147,115,2026,4,6,22501147,11984006-3e5a-1620-3596-cd4e78b9922d
22501147,140,2026,4,6,22501147,ea2ac951-b7a3-79e9-5dc1-23b6130331a1
22501147,145,2026,4,6,22501147,e9a60081-9478-b4c2-4180-e72486939616
22501147,157,2026,4,6,22501147,650e9dba-d106-ce43-b909-16bbf0a5169e
22501147,16,2026,4,6,22501147,b0f28929-a15d-cdc9-4b8a-671a54b471c9
22501147,164,2026,4,6,22501147,b39f9a98-ded0-fd75-af33-f059a913b029
22501147,18,2026,4,6,22501147,7cd889e4-62b3-5395-10b7-3a4d91edb817
22501147,185,2026,4,6,22501147,b5c4c953-d29c-6ee5-e9b6-ff1977b7bae7
22501147,187,2026,4,6,22501147,2fb0fd4b-35ef-ebcc-0562-1672e2d61827
22501147,206,2026,4,6,22501147,ed1f5d39-fe1b-9b8e-cc19-2ea79977206f
22501147,210,2026,4,6,22501147,3b77a691-286f-9399-0ff5-fd56c02b2a1d
22501147,228,2026,4,6,22501147,7f747cd2-9350-035b-a266-ed464a0b30ed
22501147,24,2026,4,6,22501147,e8ddb22f-2a93-e708-d079-f622df87e54e
22501147,245,2026,4,6,22501147,87b913ae-8804-cd7f-8093-df586df5b631
22501147,250,2026,4,6,22501147,f454e79b-09ef-83e6-c3b3-d539b6bfb554
22501147,254,2026,4,6,22501147,29496bc5-c8cf-bdcc-b4cf-bfe22d97693b
22501147,282,2026,4,6,22501147,9173b681-a909-b5f7-c088-4dbae3447126
22501147,284,2026,4,6,22501147,4f171a31-4b65-f49e-f620-482679e680be
22501147,286,2026,4,6,22501147,8ef6c854-d56b-a06d-1282-7857956f1f51
22501147,302,2026,4,6,22501147,5f03d590-a3a5-2a03-d1c8-f94a45daf9d2
22501147,332,2026,4,6,22501147,49a1d741-2e66-9507-7207-beab80cceb64
22501147,338,2026,4,6,22501147,4a4b5a61-01e8-6ead-ca48-413d0eeaf7e8
22501147,362,2026,4,6,22501147,6b04ec44-e150-3fe2-c341-bfb973b52691
22501147,397,2026,4,6,22501147,67655087-1f66-2697-9387-a4e32f744512
22501147,410,2026,4,6,22501147,ee43408e-bab2-6d87-448b-a07623499ac0
22501147,411,2026,4,6,22501147,c8087818-3135-3f3b-a839-4be05c9236a0
22501147,419,2026,4,6,22501147,a8de5460-250c-6fa9-1e17-9f9c18adeed0
22501147,437,2026,4,6,22501147,2024cfa1-111a-c8aa-ddf0-93e0ec11ab48
22501147,448,2026,4,6,22501147,57f10b89-f1de-91e3-359b-c0f318776e45
22501147,450,2026,4,6,22501147,180c1bea-9c59-a03a-6ea4-2555c388c6db
22501147,461,2026,4,6,22501147,1910e90c-052b-f3bc-4ddf-113faeb64271
22501147,471,2026,4,6,22501147,dcddeaa9-eb38-2ae0-a0b4-d0d6a64eb0c0
22501147,478,2026,4,6,22501147,3c4ea525-459a-9d38-a3c1-99741e4a61c3
22501147,48,2026,4,6,22501147,425286ad-3133-d334-9fa1-533111ae94f2
22501147,482,2026,4,6,22501147,a7a0198d-e9ff-f41b-7e4e-24a4089834ee
22501147,505,2026,4,6,22501147,1284b4e2-b5b2-5977-9413-2c1a9014b58f
22501147,530,2026,4,6,22501147,b0aeb0ac-a51f-39b0-450e-3d217602b209
22501147,559,2026,4,6,22501147,02330652-b294-da4d-0bf8-9bec2a8dce9a
22501147,561,2026,4,6,22501147,8859726b-cf27-0fe5-5cb0-9a059139a5df
22501147,562,2026,4,6,22501147,8320a79f-fc88-81f2-06c3-75e997b5bd84
22501147,564,2026,4,6,22501147,4a55adde-18ea-5ca3-64d8-550adf39dcef
22501147,567,2026,4,6,22501147,6ec78822-8e5c-46a4-f207-06adcc54534d
22501147,576,2026,4,6,22501147,a872a3cb-8b82-4108-3ed1-9306d73f82aa
22501147,58,2026,4,6,22501147,6eaf8e7e-4b8c-fd7c-0b14-a423112b806f
22501147,585,2026,4,6,22501147,2d29fe28-5136-d26d-4e54-e399b7f04bb3
22501147,589,2026,4,6,22501147,4cb53600-be9f-6860-ed08-80159996ebce
22501147,591,2026,4,6,22501147,12ed9737-9af6-8a9d-f1cd-40b062b75845
22501147,62,2026,4,6,22501147,24486b21-5144-f10d-763c-99246000db03
22501147,620,2026,4,6,22501147,0a309037-bb90-aafb-c13e-5c4875fa25a2
22501147,628,2026,4,6,22501147,697238b3-f2b4-bef1-9a7c-a875ae829047
22501147,630,2026,4,6,22501147,0af327b7-a312-53a0-6182-8e269644a67b
22501147,646,2026,4,6,22501147,77eff68d-edcd-5294-bdd8-b53223f77715
22501147,661,2026,4,6,22501147,931057a8-688c-811e-8c76-cbefb90b393b
22501147,665,2026,4,6,22501147,83c1b0ce-24d9-12b6-4246-b620da8dff78
22501147,693,2026,4,6,22501147,82028ff3-b3f5-d973-a71e-d60b5a96188c
22501147,701,2026,4,6,22501147,077bd81f-5ec5-a810-feca-62b1ada1acb1
22501147,722,2026,4,6,22501147,b1db917c-8161-1d61-aafe-495863e3be25
22501147,731,2026,4,6,22501147,c17874bf-2637-3174-119e-f057420d6f29
22501147,733,2026,4,6,22501147,278a45dd-56fe-a22c-b18a-fde1ece09d3c
22501147,748,2026,4,6,22501147,52c85e66-348e-7e76-18f1-c07faf30133b
22501147,751,2026,4,6,22501147,a8162e21-a32d-ab1f-2c25-a11a27bbcf72
22501147,79,2026,4,6,22501147,4de22474-bd06-2039-de2c-d64b2bbc2eee
22501147,84,2026,4,6,22501147,db73f255-2df3-1980-b3b1-ab45466691a4
22501147,87,2026,4,6,22501147,c2255195-509a-04c5-68b9-9774bb4b6d57
22501147,93,2026,4,6,22501147,8efee54b-849a-8e08-389e-431646668c5f
22501147,198,2026,4,6,22501147,5db46947-75c8-bfa4-3e09-ad45f2c96d5c
22501147,265,2026,4,6,22501147,6a6f8540-50a3-abcc-2869-e1858612a4be
22501147,33,2026,4,6,22501147,26d78b8e-2b18-6a87-7c4c-d12908f0a0ff
22501147,364,2026,4,6,22501147,f70e5a50-a0ae-75d5-1242-a1e7f8792d44
22501147,369,2026,4,6,22501147,af317e98-e05f-5a19-9a5e-392eb23fa43b
22501147,427,2026,4,6,22501147,6483299c-9f36-5a30-9e77-1903cd3ee94a
22501147,433,2026,4,6,22501147,2dd39cbd-342a-f796-dffc-ee28dfcea64e
22501147,463,2026,4,6,22501147,a0303dba-0ea9-78ab-cdc9-24c36b5188df
22501147,594,2026,4,6,22501147,871cb06f-8c81-483a-464a-51f4b98308f3
22501147,104,2026,4,6,22501147,464964bd-b6dc-a089-152c-e9ea0bcd80ca
22501147,106,2026,4,6,22501147,782eec1e-91b0-debf-a28c-d49210320238
22501147,108,2026,4,6,22501147,da7b025f-5fde-18c7-70f9-54855bc40f2e
22501147,11,2026,4,6,22501147,01ff9a7d-9dd6-cd47-e920-b224e0834aa7
22501147,113,2026,4,6,22501147,41507099-f9c6-1537-9be2-eeaa36b15571
22501147,117,2026,4,6,22501147,eed67f43-9433-a8a0-3518-2e41448ad557
22501147,122,2026,4,6,22501147,56d136ee-4ba9-ef75-bb75-b99ba9395960
22501147,13,2026,4,6,22501147,f8254b5a-a272-ce8d-76eb-a88a7129a782
22501147,14,2026,4,6,22501147,e804cc01-97c7-2d9e-cdc3-f8d5836e9a3e
22501147,143,2026,4,6,22501147,4cca655b-430f-bbe6-1ca7-78b3c33850ee
22501147,147,2026,4,6,22501147,35752eea-d570-2bcc-a538-6e5c8745d8b0
22501147,149,2026,4,6,22501147,9073bcd4-5a5a-bd8e-a3c6-af5ad3ce1318
22501147,151,2026,4,6,22501147,03c9c49e-aef1-80ff-35a2-91496cdda50d
22501147,154,2026,4,6,22501147,14a540f7-61b6-72ce-8c87-31dfbfaa4c4e
22501147,162,2026,4,6,22501147,b9921906-425a-f13c-08d4-75332ffc9f9a
22501147,172,2026,4,6,22501147,03187bb1-3207-02c5-d486-ed2673642741
22501147,20,2026,4,6,22501147,8e134c4a-0123-e55c-f562-5ca278cbd775
22501147,201,2026,4,6,22501147,ae917da7-38ac-8ac3-5cee-9411a548bb21
22501147,203,2026,4,6,22501147,befe7a5c-cc45-d624-6d5b-bd9323d09cec
22501147,208,2026,4,6,22501147,4675f30c-3c9e-17af-a9c7-485b8e9397a8
22501147,212,2026,4,6,22501147,b8175acd-4232-3f95-0ad6-6551903b972a
22501147,213,2026,4,6,22501147,189cebac-8d46-74f4-c98d-28a8be579822
22501147,22,2026,4,6,22501147,f5928872-3649-6cc5-dca5-efc49c0dac7e
22501147,222,2026,4,6,22501147,1e89b6ba-b8a5-1feb-5628-f4baabdbad3f
22501147,230,2026,4,6,22501147,2dc15b82-d266-873c-f559-d6433f1b8963
22501147,243,2026,4,6,22501147,0c93335d-f56a-9c7c-448d-9b76a6c78494
22501147,252,2026,4,6,22501147,151b8a77-0cd4-747b-d478-3ce468962683
22501147,256,2026,4,6,22501147,9441f97e-9026-cfa4-93ae-c14ee8567217
22501147,258,2026,4,6,22501147,2bf503e5-6490-7247-0902-25a4c67ff3b1
22501147,26,2026,4,6,22501147,a6fbac49-6cef-908c-fdb2-967d1de8ba9a
22501147,260,2026,4,6,22501147,279ee722-d3e0-70a8-1636-94782edec000
22501147,261,2026,4,6,22501147,3cb9aab3-9b26-e904-6296-e85c9a832088
22501147,263,2026,4,6,22501147,ba353728-e76c-1d7d-dcd4-27644fb5a6ca
22501147,27,2026,4,6,22501147,c7be052a-ec8d-2371-788d-7c4099170bf5
22501147,274,2026,4,6,22501147,2cd38acb-c13f-cffb-d679-7d2fd1ef6bd2
22501147,277,2026,4,6,22501147,1df0bbe6-0575-f808-e241-580cb74cf775
22501147,279,2026,4,6,22501147,590710eb-61cd-bc03-47d9-729aa059f25e
22501147,29,2026,4,6,22501147,189c53c4-ca82-b42d-3867-9138a066ce26
22501147,300,2026,4,6,22501147,a1dc47b0-ae92-96f6-caba-87b4780d1181
22501147,304,2026,4,6,22501147,73a6fcbe-a368-2520-98d5-58e0bdda825e
22501147,306,2026,4,6,22501147,ac2e6ed9-20a3-2b64-7ead-bd073145604c
22501147,318,2026,4,6,22501147,0dfb1a80-e6fd-d73c-7c99-0212d0ffc433
22501147,320,2026,4,6,22501147,8a76e2a8-e9d2-855e-15b2-50b855eadcb7
22501147,322,2026,4,6,22501147,d3d413a4-fc21-3cda-a23e-34f5afbbd8c9
22501147,324,2026,4,6,22501147,88c1f65e-008c-1589-0ce8-b84a2662f647
22501147,351,2026,4,6,22501147,c8692503-befc-149b-a388-a1a7f06b90ea
22501147,36,2026,4,6,22501147,79791cc8-a89b-2af0-94ef-b13b88131dba
22501147,367,2026,4,6,22501147,c290d502-12cb-c307-91ba-a9d56f06f759
22501147,37,2026,4,6,22501147,b7e5fd54-2bc5-df74-5030-5ca0e53b7aa3
22501147,386,2026,4,6,22501147,66879faf-84d4-3078-2d56-3fbd421a3b3d
22501147,39,2026,4,6,22501147,5c0ea98d-027f-44a3-ed92-5c933b931035
22501147,393,2026,4,6,22501147,777cd042-fe9a-ecbd-41fa-8b4a0e2830fc
22501147,395,2026,4,6,22501147,ae520d58-1cdb-b81e-899d-0d11b930995f
22501147,399,2026,4,6,22501147,c3d99016-7170-8cec-3b35-b6c3612b6a8a
22501147,408,2026,4,6,22501147,012e68f5-10bc-a3a3-8df4-3254d45958f5
22501147,413,2026,4,6,22501147,d3301951-d553-9aa5-1518-3996b37202f2
22501147,414,2026,4,6,22501147,c068bd1e-42a3-46f1-1da3-981400b0ebe8
22501147,416,2026,4,6,22501147,2023d3a1-3fa5-3d3b-1f8c-55309a10be1f
22501147,418,2026,4,6,22501147,41282ff7-e3b1-4d95-4e5e-bb68fe7ca450
22501147,422,2026,4,6,22501147,24972c11-1be6-188c-c5bf-c13ea89db9bb
22501147,424,2026,4,6,22501147,3a742ce1-1a0e-c91c-754b-a1cfb03334e9
22501147,425,2026,4,6,22501147,89e8c6b1-fab3-a927-e9dc-b01f96d15292
22501147,431,2026,4,6,22501147,37142275-3a61-febd-b8fd-3808f8681ac0
22501147,439,2026,4,6,22501147,051971be-feb3-99c6-e2df-04a159c2283e
22501147,453,2026,4,6,22501147,eaf8770b-9abc-d07d-0ad2-30d0cf7e6974
22501147,455,2026,4,6,22501147,a78527c6-ff30-5a2d-d488-c54e04b4937b
22501147,457,2026,4,6,22501147,e08aea3b-f9af-8b09-e66d-a8bad52db8f9
22501147,459,2026,4,6,22501147,875e243f-5d00-a935-18c9-1485e306dd2a
22501147,466,2026,4,6,22501147,6be6c186-3c3d-d372-275f-a61705b01da1
22501147,484,2026,4,6,22501147,3c32b91c-f080-367b-af1f-65e365baaad7
22501147,486,2026,4,6,22501147,30733122-2158-d033-541e-45c26c9b2c62
22501147,488,2026,4,6,22501147,b94f957f-ef24-ffe5-b9d2-7db1fefa8850
22501147,490,2026,4,6,22501147,fb5e209a-628a-f793-15c0-2efc0d27f92d
22501147,492,2026,4,6,22501147,1e36da52-cc66-73ff-8b9c-14bc1e664a90
22501147,496,2026,4,6,22501147,b86d485b-c7be-f218-0b2b-5f708b01ebbe
22501147,50,2026,4,6,22501147,72cd9fb7-0c06-1a03-5d16-db9cc355a862
22501147,503,2026,4,6,22501147,a35f928e-070c-79ce-cb80-0e7694398117
22501147,52,2026,4,6,22501147,db6ae8f2-d62b-6d45-d9ae-6bd61bc51d95
22501147,532,2026,4,6,22501147,59ef3873-c57e-b84b-0128-1f9dd5322d9b
22501147,533,2026,4,6,22501147,bcc9bc8b-3bcd-a47f-3778-23cf33ed85d1
22501147,54,2026,4,6,22501147,377e327a-4c8f-4b29-737a-037f5180e94d
22501147,542,2026,4,6,22501147,a3c710d9-b9cc-d84c-0a67-6e2cf8c66200
22501147,543,2026,4,6,22501147,d8526725-e74c-c54e-19a3-32bf283b9f86
22501147,545,2026,4,6,22501147,c2219716-da4b-001d-aa1d-376ae031c381
22501147,55,2026,4,6,22501147,be0e05d5-133b-a852-2656-a334f3684b46
22501147,558,2026,4,6,22501147,c060a325-13b6-ae27-5619-767587de7374
22501147,56,2026,4,6,22501147,72b15937-3c55-d307-b523-8cce701cb834
22501147,574,2026,4,6,22501147,67fab16f-3dc9-91e5-90ca-ec0d19765c10
22501147,578,2026,4,6,22501147,71470e04-5691-f578-72d4-b30b0af65c23
22501147,580,2026,4,6,22501147,1aaef544-857b-930a-f712-9f32cfeb5c24
22501147,614,2026,4,6,22501147,f311d228-f4a0-5e86-aef5-b58fb3122f72
22501147,635,2026,4,6,22501147,27810bf2-7fd2-3300-8e40-e8b1929210b5
22501147,642,2026,4,6,22501147,06794891-c76d-59e3-045d-6fc970c4dc51
22501147,644,2026,4,6,22501147,09bd9914-0810-9a25-81ea-da7bf19556a0
22501147,655,2026,4,6,22501147,9ce348bd-64dd-dc41-d158-b8dd66d95e9d
22501147,663,2026,4,6,22501147,5144c546-19ae-83a5-9165-2ee34013b242
22501147,695,2026,4,6,22501147,24faa3c1-92aa-4313-a95e-ae8d36b1bc87
22501147,697,2026,4,6,22501147,f1244a0a-7b3b-25a2-7a22-4b689e0e3465
22501147,7,2026,4,6,22501147,ff4c6345-2fb6-974e-646c-ae3dc8994752
22501147,707,2026,4,6,22501147,90ba5352-d8d1-0f7d-d719-81ed9f5bcf9e
22501147,71,2026,4,6,22501147,66a3cc3b-82fb-762d-2a3c-c36b83220955
22501147,712,2026,4,6,22501147,b1d89a2c-3de4-bbab-6558-4114d35fefa8
22501147,714,2026,4,6,22501147,2ab3afee-38c0-c114-cf2a-c31db75b6af3
22501147,727,2026,4,6,22501147,4df5f912-e2eb-e49e-1348-224afe84d0c2
22501147,729,2026,4,6,22501147,a8414ca2-240b-434f-8b56-f9b241179d58
22501147,73,2026,4,6,22501147,0b6bcb18-3592-98e7-9d0c-3ccb3d38ce16
22501147,750,2026,4,6,22501147,0d40e59e-ff84-d6bb-1b41-ab11fc9e8385
22501147,754,2026,4,6,22501147,d29045a5-f108-0ee2-80eb-68ab9ff17c64
22501147,756,2026,4,6,22501147,7ad7c3de-899b-78d6-a619-cb8ce7b10cd7
22501147,758,2026,4,6,22501147,0ab52a45-6123-c5ca-d90b-0d220845fee4
22501147,759,2026,4,6,22501147,e8a3b02c-2c72-d6aa-4383-d028f28ca466
22501147,761,2026,4,6,22501147,06f25b90-24e3-cbd2-c40c-5fb3bcd63aee
22501147,81,2026,4,6,22501147,2da19a00-f6d1-a48a-8c00-0daa8d7ad4bb
22501147,9,2026,4,6,22501147,6d4c759f-3a5a-493b-a7c0-8a1c8ea44ccb
22501147,105,2026,4,6,22501147,fd250d0f-f1ae-c534-f6a5-b18b31a58818
22501147,107,2026,4,6,22501147,ddf79182-66f4-55fc-d5ee-ef01919dbb1a
22501147,114,2026,4,6,22501147,f46fa8e6-6805-e947-3b78-75fefc723730
22501147,12,2026,4,6,22501147,a566f736-d90f-e129-4b70-69c094d767f1
22501147,123,2026,4,6,22501147,4ca3fea4-0096-06d6-3b48-c8f019212e17
22501147,144,2026,4,6,22501147,34832222-2f36-b448-d30f-f50caea04c03
22501147,15,2026,4,6,22501147,15403eac-eb42-9211-f557-70681d9eb4e8
22501147,150,2026,4,6,22501147,6cb6c5f1-54b7-4f7a-4f76-1ad40e3b0576
22501147,155,2026,4,6,22501147,b95f7975-8500-2894-3d2f-b5842ef75788
22501147,163,2026,4,6,22501147,16b62fba-28fd-ef50-b9b2-020fb2727671
22501147,202,2026,4,6,22501147,86bbe3fa-658d-044e-07b3-e52b718948de
22501147,209,2026,4,6,22501147,aa0a04de-e597-1e59-9927-e88c8d0e4fad
22501147,21,2026,4,6,22501147,23c150ac-a148-a34b-1913-1ea017906a99
22501147,214,2026,4,6,22501147,c7cd007f-caa5-272d-5bbb-fb601717bf24
22501147,23,2026,4,6,22501147,79fc0bc7-4e18-8936-f590-3c2c8950b81c
22501147,231,2026,4,6,22501147,e25c4876-8897-7a62-3e8d-b89c840d4427
22501147,244,2026,4,6,22501147,ea8f214f-4b3f-2ccc-b4fd-1270ea174629
22501147,253,2026,4,6,22501147,2adfce2e-628f-36d0-205d-7f6370d509e3
22501147,257,2026,4,6,22501147,1e6d2ad0-b79b-c55b-1ac8-fb7b81948297
22501147,259,2026,4,6,22501147,094be2d4-8ba2-f37b-939d-06ce41d26fd0
22501147,262,2026,4,6,22501147,dd7979d1-129e-0f65-640e-137edea41d40
22501147,267,2026,4,6,22501147,a6471998-45d7-e76d-f1c5-1624a611797f
22501147,278,2026,4,6,22501147,8d89794b-d6f0-8ed5-142e-b0196b266bc5
22501147,28,2026,4,6,22501147,d2d150a5-c0b8-6f6c-3674-aa477b672a19
22501147,30,2026,4,6,22501147,311ac177-8cc4-3fce-0d06-525226cd7c00
22501147,301,2026,4,6,22501147,208a41a6-4431-e1e2-7150-3f63dc696b08
22501147,305,2026,4,6,22501147,b9a37365-6e56-4399-e354-930131018baf
22501147,307,2026,4,6,22501147,a3a18304-a030-18ca-347a-919856fe770b
22501147,319,2026,4,6,22501147,d3988d5c-e539-39f2-1f39-76d54a8e15ef
22501147,321,2026,4,6,22501147,8b2e66fb-e844-4ee1-29ed-2ccb85e588d3
22501147,323,2026,4,6,22501147,b84e2170-e094-3309-6561-b4fe2649e1d0
22501147,325,2026,4,6,22501147,77ba7168-bbd0-d0f1-f102-f118314854f7
22501147,35,2026,4,6,22501147,f89a7c57-d19a-c52a-7d6a-481801de753b
22501147,352,2026,4,6,22501147,58577775-eca6-f7db-9826-947ff509b3a2
22501147,366,2026,4,6,22501147,b31b3e83-98b1-b192-1b18-013b309e0e1d
22501147,368,2026,4,6,22501147,014a77b0-4edc-a9a8-3dd3-f487684fd8c9
22501147,371,2026,4,6,22501147,185e4ee0-3e2f-ca95-7a0f-ac3fa8dc9aa7
22501147,38,2026,4,6,22501147,8739ca52-2993-8672-85e8-e260942fc3c9
22501147,387,2026,4,6,22501147,ecdd7815-5393-8593-59ff-e561ef1965ad
22501147,394,2026,4,6,22501147,0f2f4440-ca29-3f20-aada-6fa47877d77e
22501147,396,2026,4,6,22501147,08e2c046-7ad0-4976-3ba8-674a7668c873
22501147,40,2026,4,6,22501147,09398065-8c18-bd9e-25a7-98139ca49752
22501147,400,2026,4,6,22501147,93fd8ebf-7bae-dabb-c648-4eb801cc1587
22501147,409,2026,4,6,22501147,d721dbaa-068d-4138-9ac9-a7a0a2da28fd
22501147,415,2026,4,6,22501147,2363f9ff-97ef-5558-b4d5-2e50e2b73299
22501147,417,2026,4,6,22501147,305ae319-4095-1c44-dbe3-8034f203f498
22501147,423,2026,4,6,22501147,7634d84b-0c26-d8a2-bfb0-320fa42f2e4a
22501147,426,2026,4,6,22501147,1820db7c-99fd-8f29-10c2-61490bf5cb0f
22501147,432,2026,4,6,22501147,9f8ad4ce-df82-d0bd-4b02-3bafc39432b1
22501147,454,2026,4,6,22501147,f0a6bbbe-e996-5887-a83a-5b5c479137a9
22501147,456,2026,4,6,22501147,c1bb6b2c-2a5b-6c41-2c39-027e29fc937f
22501147,458,2026,4,6,22501147,27866972-dd78-84b4-0433-6091c1a938e6
22501147,460,2026,4,6,22501147,a86f3220-3c5a-7712-d6ff-c543f4d56dd9
22501147,465,2026,4,6,22501147,a6078f07-dde7-4c44-1f5f-0fd1db8d98e8
22501147,485,2026,4,6,22501147,cfe6f954-fb08-1d3f-3b27-3b3426a4185e
22501147,487,2026,4,6,22501147,cfb699fd-14d5-786c-36b8-d9634020e96c
22501147,489,2026,4,6,22501147,db0c975d-420a-bb31-5cc8-3578d044fdd9
22501147,491,2026,4,6,22501147,7a48cf2b-6703-45dc-d9db-b5d5a6344c39
22501147,504,2026,4,6,22501147,dbba7c30-7a5d-26fa-9072-22520791abf1
22501147,51,2026,4,6,22501147,6cd0de8c-5e09-5fe2-9b78-46ece6aa14de
22501147,53,2026,4,6,22501147,c77422c2-5cea-beb7-1955-411025eba53a
22501147,544,2026,4,6,22501147,d7cf8bdd-63a9-6cbe-312b-5fbeadcda234
22501147,57,2026,4,6,22501147,07714f19-7aeb-a33b-e583-861ec47ad08a
22501147,573,2026,4,6,22501147,f31723be-aa37-fced-ca9a-52a39014f0ef
22501147,575,2026,4,6,22501147,31e2ce81-94cd-c680-d615-37acd71ae39c
22501147,581,2026,4,6,22501147,179e1675-32f2-704c-4a70-6ca10ce2e7ee
22501147,596,2026,4,6,22501147,cc218eb5-b1b3-47da-4aee-8c148235b854
22501147,636,2026,4,6,22501147,c7469b0f-b819-c632-9f50-ad4b8da98d54
22501147,643,2026,4,6,22501147,ddf82a40-f362-6a7e-f454-a34239b38235
22501147,645,2026,4,6,22501147,ab01f95d-d891-7eaa-c0ca-993aa29510dd
22501147,664,2026,4,6,22501147,ab17f06e-99b9-541b-bb97-c7b24882c38b
22501147,671,2026,4,6,22501147,192890a9-a32f-5401-b3d6-e6f74890f9ac
22501147,696,2026,4,6,22501147,8678b2cc-6f47-4ec1-bfcc-e4ea3f7fecff
22501147,713,2026,4,6,22501147,6b1fe901-cba8-d516-c487-568a4382e9ea
22501147,72,2026,4,6,22501147,000980f7-78bd-89dc-e6d2-9347f3245826
22501147,728,2026,4,6,22501147,404d25bd-89b2-8355-e4b6-e049a0e3a507
22501147,730,2026,4,6,22501147,61999824-d5d0-b00a-a95c-1fe8059ea596
22501147,74,2026,4,6,22501147,c060af00-2350-d98e-99f2-fb96643bb0a4
22501147,755,2026,4,6,22501147,081e98f1-ef5d-5ad7-62d4-309c3e407269
22501147,757,2026,4,6,22501147,fc77fc77-f45d-6282-12de-5750100165d3
22501147,760,2026,4,6,22501147,5991d157-12b7-0972-0c81-817bfee50138
22501147,762,2026,4,6,22501147,876d2b66-934f-23ac-0bc2-ae2b4838b665
22501147,8,2026,4,6,22501147,60e2f9fc-6132-dffb-14c1-153c6c7a3781
22501147,82,2026,4,6,22501147,74c9ec19-a21a-430e-b5c2-f942c2f38361
22501147,118,2026,4,6,22501147,a47aa2ee-cd31-104a-1590-a90b3a9aead7
22501147,120,2026,4,6,22501147,435efb33-4c7e-51ff-8e19-9da738d2772f
22501147,141,2026,4,6,22501147,750dc1fc-9644-cdc1-716d-9f02e51f529a
22501147,160,2026,4,6,22501147,41cdbea9-dc60-d2e8-c97a-4c60b5f6f41b
22501147,313,2026,4,6,22501147,fe5af3ef-a248-3b0a-7b6f-e51661691809
22501147,315,2026,4,6,22501147,67a01483-1caa-997d-936e-c374baf67424
22501147,372,2026,4,6,22501147,709607eb-cb33-ed17-7f29-16e15a42042d
22501147,401,2026,4,6,22501147,66556f5d-7f09-9777-fd0d-e211f698de04
22501147,467,2026,4,6,22501147,09125ece-88b6-5eff-998e-ef5a93485f74
22501147,469,2026,4,6,22501147,97219c48-e941-5de0-ff4a-5eedbd8799f2
22501147,508,2026,4,6,22501147,b2b14b90-e689-145a-2c67-9e52730d0172
22501147,510,2026,4,6,22501147,79e7d1be-7103-5818-24b9-e40893287db6
22501147,516,2026,4,6,22501147,3600eebf-e809-59e1-9253-56b861c74ea6
22501147,528,2026,4,6,22501147,59cad0c5-1d1c-5290-5739-17b273d63cac
22501147,534,2026,4,6,22501147,906f1ef4-bf6d-74f4-1c29-e78b6808e8bc
22501147,60,2026,4,6,22501147,24963c9e-1beb-dcfc-9481-56ac3c8e4af8
22501147,612,2026,4,6,22501147,7ca01a9e-96dd-f049-64ab-3eb7766094e9
22501147,85,2026,4,6,22501147,02b60792-75ab-1576-5506-da10b1263e34
22501147,156,2026,4,6,22501147,7db306a4-0b61-efae-8c02-27ed2864022a
22501147,219,2026,4,6,22501147,74373e47-88e8-eb2d-b6fc-3026a363878e
22501147,346,2026,4,6,22501147,07955394-ba28-5a78-8eaa-eb14905c1064
22501147,421,2026,4,6,22501147,a660ecb8-8fb8-abe4-9793-adfc5065dc99
22501147,47,2026,4,6,22501147,adae49da-a012-94f3-b8bf-f463a525f811
22501147,557,2026,4,6,22501147,5cb01169-d434-1496-c3ba-a93305d1c655
22501147,617,2026,4,6,22501147,70b5b7fc-dc72-86a8-0709-595bf113ffc3
22501147,658,2026,4,6,22501147,48894f93-1f3e-9963-c73a-883820c5aa04
22501147,742,2026,4,6,22501147,02de2de7-8c5a-87cc-fe79-71ca2642491f
